cell_type,gene,cov,full,img_unique
Oligodendrocyte,Ptgds,0.04559958,0.25444198,0.2088424
Oligodendrocyte,Apod,-0.13057852,0.015779197,0.015779197
Oligodendrocyte,Serpina3n,-0.35526812,-0.15223074,0.0
Oligodendrocyte,Gfap,0.025446415,0.30128598,0.27583957
Oligodendrocyte,Car2,-0.0009511709,0.12159729,0.12159729
Oligodendrocyte,Klk6,0.05268091,0.30309206,0.25041115
Oligodendrocyte,Aplp1,-0.19404924,0.050508916,0.050508916
Oligodendrocyte,Mbp,0.057985663,0.18085909,0.122873425
Oligodendrocyte,Mt2,-0.08514738,0.13963902,0.13963902
Oligodendrocyte,Cldn11,-0.019978762,0.10448319,0.10448319
Oligodendrocyte,Cnp,-0.087307215,0.11417389,0.11417389
Oligodendrocyte,Selenop,0.01516664,0.16571271,0.15054607
Oligodendrocyte,H2-D1,-0.43320715,-0.36313403,0.0
Oligodendrocyte,Ermn,-0.0048787594,0.23558295,0.23558295
Oligodendrocyte,Qdpr,-0.026035547,0.13947934,0.13947934
Oligodendrocyte,Plin4,-0.09510493,0.009345949,0.009345949
Oligodendrocyte,Mag,0.002026558,0.17880213,0.17677557
Oligodendrocyte,C4b,0.0062059164,0.12927526,0.123069346
Oligodendrocyte,Mal,-0.033281803,0.1208061,0.1208061
Oligodendrocyte,Atp1b2,0.0057275295,0.18552494,0.17979741
Oligodendrocyte,Stmn4,-0.13610637,0.062855005,0.062855005
Oligodendrocyte,Sgk1,-0.15840983,-0.05739534,0.0
Oligodendrocyte,Ckb,0.0074961185,0.20796627,0.20047015
Oligodendrocyte,Sept4,-0.03749931,0.123175025,0.123175025
Oligodendrocyte,Ctss,-0.048838377,0.060689807,0.060689807
Oligodendrocyte,Aldoc,0.027711332,0.22751945,0.19980812
Oligodendrocyte,Mog,-0.0016158819,0.16508502,0.16508502
Oligodendrocyte,Sez6l2,-0.035499215,0.068467855,0.068467855
Oligodendrocyte,Map7,-0.013265848,0.17154926,0.17154926
Oligodendrocyte,Bin1,-0.062363744,0.10720134,0.10720134
Oligodendrocyte,Gnao1,-0.004239917,0.09287149,0.09287149
Oligodendrocyte,Neat1,-0.04076135,0.101261795,0.101261795
Oligodendrocyte,Cryab,-0.13060462,-0.049191833,0.0
Oligodendrocyte,Snap25,0.05777979,0.35674495,0.29896516
Oligodendrocyte,Lbh,-0.003327012,0.12602603,0.12602603
Oligodendrocyte,Ugt8a,-0.12788308,0.00024372339,0.00024372339
Oligodendrocyte,Mapt,-0.026933193,0.0733878,0.0733878
Oligodendrocyte,App,-0.07892263,-0.0009688139,0.0
Oligodendrocyte,Cd74,-0.12905133,-0.020688653,0.0
Oligodendrocyte,Efnb3,-0.009070516,0.08109653,0.08109653
Oligodendrocyte,Cntn2,0.0019235611,0.12106907,0.11914551
Oligodendrocyte,Anln,-0.0009446144,0.15104938,0.15104938
Oligodendrocyte,B2m,-0.36454642,-0.29466128,0.0
Oligodendrocyte,Lamp1,-0.00785327,0.04807192,0.04807192
Oligodendrocyte,Cd81,0.005610287,0.029382885,0.023772597
Oligodendrocyte,Mapk8ip1,0.026057363,0.062937856,0.036880493
Oligodendrocyte,Aldoa,0.04465604,0.19215971,0.14750367
Oligodendrocyte,Ndrg2,0.035919666,0.18434477,0.1484251
Oligodendrocyte,Ppp1r16b,-0.006925702,0.07447481,0.07447481
Oligodendrocyte,Map1b,-0.004009843,0.16948909,0.16948909
Oligodendrocyte,Prr5l,0.0045758486,0.088650346,0.0840745
Oligodendrocyte,H2-K1,-0.3982408,-0.3355888,0.0
Oligodendrocyte,Pllp,-0.044382334,-4.2438507e-05,0.0
Oligodendrocyte,Agpat4,-0.04233849,0.08798957,0.08798957
Oligodendrocyte,Sv2a,0.02273333,0.08144128,0.058707952
Oligodendrocyte,Kif1b,-0.019121528,0.046327412,0.046327412
Oligodendrocyte,Kcnj10,-0.00032281876,0.026160479,0.026160479
Oligodendrocyte,Lgi3,0.017978072,0.07576728,0.057789207
Oligodendrocyte,Uchl1,0.025863707,0.25418925,0.22832555
Oligodendrocyte,Edil3,-0.06820989,0.02249235,0.02249235
Oligodendrocyte,C3,0.09584427,0.27306682,0.17722255
Oligodendrocyte,Gprc5b,-0.120097876,-0.043067217,0.0
Oligodendrocyte,Il33,0.0050041676,0.08527148,0.08026731
Oligodendrocyte,Meg3,-0.01468575,0.05865723,0.05865723
Oligodendrocyte,Ccp110,-0.01157105,0.1259082,0.1259082
Oligodendrocyte,Stxbp1,0.048459113,0.27722865,0.22876954
Oligodendrocyte,Sept8,-0.02442801,0.026989639,0.026989639
Oligodendrocyte,Hexb,-0.012557745,0.048472404,0.048472404
Oligodendrocyte,Dpysl2,0.020260394,0.034244776,0.013984382
Oligodendrocyte,Rsrp1,-0.011704564,0.084772944,0.084772944
Oligodendrocyte,Rab7,0.009404182,0.030486524,0.021082342
Oligodendrocyte,Dst,0.008853078,0.01888287,0.010029793
Oligodendrocyte,Erbin,0.0093227625,0.0960232,0.08670044
Oligodendrocyte,Sncb,0.06367177,0.30047143,0.23679966
Oligodendrocyte,Fgfr2,-0.020256042,0.010996163,0.010996163
Oligodendrocyte,Ddit4,-0.13450217,-0.07888234,0.0
Oligodendrocyte,Ntsr2,-0.030618906,0.086895704,0.086895704
Oligodendrocyte,Eno2,0.030999303,0.26815802,0.23715872
Oligodendrocyte,Rnf13,-0.08158839,-0.007980347,0.0
Oligodendrocyte,Marcksl1,0.043731928,0.2096647,0.16593277
Oligodendrocyte,Cers2,0.01766932,0.076233685,0.058564365
Oligodendrocyte,Hcn2,0.052337945,0.109233916,0.05689597
Oligodendrocyte,Nkx6-2,-0.0069526434,0.068547666,0.068547666
Oligodendrocyte,Ldhb,0.027145147,0.17883158,0.15168643
Oligodendrocyte,Dip2a,-0.033334255,-0.0064897537,0.0
Oligodendrocyte,Rtn4,0.024076104,0.06866461,0.044588506
Oligodendrocyte,Mast3,-0.019992828,0.05493909,0.05493909
Oligodendrocyte,Gabbr1,-0.00818944,0.011365294,0.011365294
Oligodendrocyte,Slc12a2,-0.009903312,0.03550154,0.03550154
Oligodendrocyte,Padi2,0.05123794,0.12558192,0.07434398
Oligodendrocyte,Npc1,-0.026153445,0.027462065,0.027462065
Oligodendrocyte,Map2,0.033530474,0.18580467,0.15227419
Oligodendrocyte,Tubb3,-0.13060093,-0.08940375,0.0
Oligodendrocyte,Scarb2,0.0080554485,0.06376445,0.055709004
Oligodendrocyte,Kndc1,-0.022963643,0.010038137,0.010038137
Oligodendrocyte,Arrdc2,-0.13485682,-0.03062427,0.0
Oligodendrocyte,Ncam1,-0.016647935,0.019485533,0.019485533
Oligodendrocyte,Rtn3,-0.008093238,0.028127074,0.028127074
Oligodendrocyte,Rab37,0.03529477,0.17157966,0.13628489
Oligodendrocyte,Sirt2,0.01055944,0.023418427,0.012858987
Oligodendrocyte,Gpr37l1,0.010843158,0.1087445,0.097901344
Oligodendrocyte,S100b,0.033498943,0.09621966,0.062720716
Oligodendrocyte,Dnm2,-0.031068087,0.021059215,0.021059215
Oligodendrocyte,Sema4d,0.045165777,0.10875493,0.063589156
Oligodendrocyte,Ddr1,0.011711478,0.03397596,0.02226448
Oligodendrocyte,Psmb8,-0.38064814,-0.35511935,0.0
Oligodendrocyte,H2-T23,-0.39676237,-0.36995494,0.0
Oligodendrocyte,Fscn1,-0.0031945705,0.020351946,0.020351946
Oligodendrocyte,Ank,0.021925926,0.042467654,0.020541728
Oligodendrocyte,Ywhae,0.015633404,0.036931455,0.02129805
Oligodendrocyte,Bicd2,-0.020624876,0.04398018,0.04398018
Oligodendrocyte,Ttyh1,-0.0072842836,0.10195345,0.10195345
Oligodendrocyte,Pak1,-0.020354867,0.011958897,0.011958897
Oligodendrocyte,Csf1,0.00034540892,0.06675333,0.06640792
Oligodendrocyte,Atp2a2,0.022779047,0.057842255,0.035063207
Oligodendrocyte,Pdia3,-0.040412903,-0.021032095,0.0
Oligodendrocyte,Slc6a11,0.019353688,0.15181345,0.13245976
Oligodendrocyte,Ywhag,0.025081813,0.17617404,0.15109223
Oligodendrocyte,Arrdc3,-0.020462155,0.016192496,0.016192496
Oligodendrocyte,Trim2,-0.015697598,0.010966003,0.010966003
Oligodendrocyte,Rac1,-0.0011951923,0.01662743,0.01662743
Oligodendrocyte,Pkp4,0.053254843,0.066982806,0.013727963
Oligodendrocyte,Fasn,-0.022859693,0.001521349,0.001521349
Oligodendrocyte,Sort1,-0.036702037,-0.016750455,0.0
Oligodendrocyte,Dnm1,0.04817474,0.258776,0.21060127
Oligodendrocyte,Myrf,0.012500346,0.04769236,0.035192013
Oligodendrocyte,Gng11,-0.031022072,0.028624773,0.028624773
Oligodendrocyte,Cyfip2,0.009941518,0.14185905,0.13191754
Oligodendrocyte,Elmo1,-0.011365533,0.05736649,0.05736649
Oligodendrocyte,Otud7b,0.008684754,0.050799847,0.042115092
Oligodendrocyte,Glra1,0.04086727,0.23779243,0.19692516
Oligodendrocyte,Prkar1a,0.006982863,0.040115356,0.033132493
Oligodendrocyte,Tyro3,-0.011726975,0.013064563,0.013064563
Oligodendrocyte,P4hb,-0.0063613653,0.0033640265,0.0033640265
Oligodendrocyte,Hnrnpa1,-0.0041570663,-0.0022324324,0.0
Oligodendrocyte,Map4k4,-0.007978559,0.015730739,0.015730739
Oligodendrocyte,Rhog,0.025969326,0.03988284,0.013913512
Oligodendrocyte,Gnai2,0.015560806,0.054786623,0.039225817
Oligodendrocyte,Igsf11,-0.017831683,0.010345399,0.010345399
Oligodendrocyte,Nefm,0.038987756,0.22503394,0.18604618
Oligodendrocyte,Rab3a,0.048912525,0.22975022,0.18083769
Oligodendrocyte,Pink1,-0.00289917,0.04450929,0.04450929
Oligodendrocyte,Nsmf,0.001149118,0.035507858,0.03435874
Oligodendrocyte,Nefl,0.06536323,0.23231256,0.16694933
Oligodendrocyte,Gstp1,-0.029399872,-0.0026597977,0.0
Oligodendrocyte,Klk8,-0.072836876,-0.015118122,0.0
Oligodendrocyte,Nefh,0.04302442,0.20251912,0.1594947
Oligodendrocyte,Irgm1,-0.4082662,-0.39283895,0.0
Oligodendrocyte,Dync1h1,0.004612565,0.019677639,0.015065074
Oligodendrocyte,Sept7,0.0069391727,0.03850615,0.031566978
Oligodendrocyte,Sfpq,0.00027906895,0.045616627,0.045337558
Oligodendrocyte,Epb41l3,-0.000492692,0.015858412,0.015858412
Oligodendrocyte,Enpp6,0.034136534,0.1398409,0.10570437
Oligodendrocyte,S100a1,0.003949642,0.04117948,0.037229836
Oligodendrocyte,Jun,-0.007335305,0.0030679703,0.0030679703
Oligodendrocyte,Zbtb16,-0.104742885,-0.030217767,0.0
Oligodendrocyte,Carns1,0.022693515,0.083250046,0.06055653
Oligodendrocyte,Agpat3,0.005146563,0.014802754,0.009656191
Oligodendrocyte,Kif5b,0.038187563,0.065937996,0.027750432
Oligodendrocyte,Aspa,-0.0008302927,0.028990686,0.028990686
Oligodendrocyte,Aqp4,-0.0083066225,0.09400773,0.09400773
Oligodendrocyte,Map4,0.015740931,0.02481687,0.00907594
Oligodendrocyte,Myo6,-0.019652486,0.015690029,0.015690029
Oligodendrocyte,Atp5o,0.030482948,0.096750736,0.06626779
Oligodendrocyte,Picalm,-0.00170362,0.018707216,0.018707216
Oligodendrocyte,Litaf,-0.005108595,0.019952059,0.019952059
Oligodendrocyte,Eps15,0.008392453,0.029159248,0.020766795
Oligodendrocyte,Sqstm1,-0.00019621849,0.00397557,0.00397557
Oligodendrocyte,Tppp,0.00030004978,0.026173294,0.025873244
Oligodendrocyte,Cyp27a1,0.0030043125,0.06467754,0.061673224
Oligodendrocyte,Bcl2l1,-0.03429389,0.010036111,0.010036111
Oligodendrocyte,Slc9a3r2,-0.01877749,0.0014578104,0.0014578104
Oligodendrocyte,Plekha1,-0.007903695,0.011151671,0.011151671
Oligodendrocyte,Amfr,0.016446948,0.02322936,0.0067824125
Oligodendrocyte,Gja1,-0.009892821,0.072297156,0.072297156
Oligodendrocyte,Trappc10,-0.0005142689,0.017189324,0.017189324
Oligodendrocyte,Itgb4,-0.0017502308,0.0568738,0.0568738
Oligodendrocyte,Frmd4a,0.0056059957,0.007179618,0.0015736222
Oligodendrocyte,Kif5a,0.025797665,0.1132015,0.087403834
Oligodendrocyte,Ctnnb1,0.00024992228,0.03521341,0.03496349
Oligodendrocyte,Lrp1,-0.014859796,0.10540396,0.10540396
Oligodendrocyte,Sulf2,0.002080381,0.023373246,0.021292865
Oligodendrocyte,Zeb2,-0.0032804012,0.023522258,0.023522258
Oligodendrocyte,Fgfr3,-0.00908041,0.09795123,0.09795123
Oligodendrocyte,Ppp2ca,-0.0033465624,0.004061401,0.004061401
Oligodendrocyte,Bmp1,-0.062538505,-0.03614819,0.0
Oligodendrocyte,Dctn1,0.004843712,0.011369169,0.006525457
Oligodendrocyte,Rhoa,-0.0030891895,0.01816386,0.01816386
Oligodendrocyte,Gjb1,0.015722215,0.07115984,0.055437624
Oligodendrocyte,Atp6v1b2,0.021909952,0.13377512,0.11186516
Oligodendrocyte,Il1rap,-0.003867507,0.037112176,0.037112176
Oligodendrocyte,Cd9,-0.0045096874,0.03567201,0.03567201
Oligodendrocyte,Abl1,0.0054941177,0.029675722,0.024181604
Oligodendrocyte,Olig2,-0.002383709,0.0476225,0.0476225
Oligodendrocyte,Slc20a2,-0.00046634674,0.020044267,0.020044267
Oligodendrocyte,Sptan1,0.01286757,0.0861423,0.07327473
Oligodendrocyte,Msmo1,-0.09018731,-0.04639542,0.0
Oligodendrocyte,Fam107a,-0.07558334,-0.049441457,0.0
Oligodendrocyte,Klc1,0.0024434924,0.011922002,0.009478509
Oligodendrocyte,Slc6a9,-0.010768771,0.019149244,0.019149244
Oligodendrocyte,Usp54,-0.0072159767,0.047057748,0.047057748
Oligodendrocyte,Ppt1,-0.005663514,-0.0062149763,0.0
Oligodendrocyte,Hipk2,-0.002489686,0.010673165,0.010673165
Oligodendrocyte,Myo1d,0.00085526705,0.043732762,0.042877495
Oligodendrocyte,Sox8,-0.0017367601,0.03616774,0.03616774
Oligodendrocyte,S1pr5,-0.004122615,0.030252993,0.030252993
Oligodendrocyte,Thra,0.002631247,0.006385803,0.0037545562
Oligodendrocyte,Efcab14,-0.006979704,0.051716268,0.051716268
Oligodendrocyte,Acly,-0.011000752,0.0029008389,0.0029008389
Oligodendrocyte,Nedd4,-0.0034275055,0.00057953596,0.00057953596
Oligodendrocyte,Cltc,0.010566771,0.026429713,0.015862942
Oligodendrocyte,Pmp22,0.02797836,0.054338753,0.026360393
Oligodendrocyte,Pkm,0.0063512325,0.073645115,0.06729388
Oligodendrocyte,Tsc22d4,-0.017124414,-0.006793618,0.0
Oligodendrocyte,Atp6v1a,0.01734668,0.06597155,0.048624873
Oligodendrocyte,Dlg1,0.0014865994,0.016164243,0.014677644
Oligodendrocyte,Mlc1,-0.012092471,0.10092145,0.10092145
Oligodendrocyte,Cpox,-0.017799616,0.055974245,0.055974245
Oligodendrocyte,Nlrc5,-0.22825336,-0.20422697,0.0
Oligodendrocyte,Ankrd13a,-0.025299191,-0.0064548254,0.0
Oligodendrocyte,Acox1,-0.0005363226,0.005682528,0.005682528
Oligodendrocyte,Jup,0.009452343,0.02802527,0.018572927
Oligodendrocyte,A2m,0.016725242,0.1152783,0.09855306
Oligodendrocyte,Daam2,-0.028386354,0.023496509,0.023496509
Oligodendrocyte,Gnai1,-0.039486527,0.008468926,0.008468926
Oligodendrocyte,Ppp2r1a,0.018439233,0.060252607,0.041813374
Oligodendrocyte,Clic4,0.008605719,0.020467758,0.01186204
Oligodendrocyte,Gab1,-0.007486582,0.020971358,0.020971358
Oligodendrocyte,Ywhaz,0.010724187,0.025525391,0.014801204
Oligodendrocyte,Srebf2,-0.023324609,-0.008970737,0.0
Oligodendrocyte,Ptpn11,-0.004720688,0.00910151,0.00910151
Oligodendrocyte,Capn2,0.0018001795,0.029417872,0.027617693
Oligodendrocyte,Olig1,-0.0012536049,0.04966575,0.04966575
Oligodendrocyte,Dctn2,0.0035769343,0.005280316,0.0017033815
Oligodendrocyte,Hopx,0.043923736,0.13460672,0.09068298
Oligodendrocyte,Grn,-0.033801198,0.016182423,0.016182423
Oligodendrocyte,Aplp2,-0.017147303,-0.00916183,0.0
Oligodendrocyte,Pde8a,-0.014022827,0.0315184,0.0315184
Oligodendrocyte,Gpd1,-0.069067,-0.064766526,0.0
Oligodendrocyte,Kpnb1,0.001206398,0.0069021583,0.0056957603
Oligodendrocyte,Sdha,0.0042034984,0.023115814,0.018912315
Oligodendrocyte,Epb41l1,0.021068215,0.072883606,0.05181539
Oligodendrocyte,Plpp3,-0.0010893345,0.019377291,0.019377291
Oligodendrocyte,Slc32a1,0.029303432,0.14436126,0.115057826
Oligodendrocyte,Zfp536,-0.00019085407,0.025300264,0.025300264
Oligodendrocyte,Pgk1,0.017568171,0.076187134,0.058618963
Oligodendrocyte,Sox10,-0.005337,0.019961596,0.019961596
Oligodendrocyte,Myo18a,-0.00011694431,0.008567989,0.008567989
Oligodendrocyte,Mprip,-0.0012682676,0.0013260245,0.0013260245
Oligodendrocyte,Sorl1,0.013719678,0.017903686,0.0041840076
Oligodendrocyte,Mcl1,-0.039120913,-0.025629163,0.0
Oligodendrocyte,Nfe2l1,0.006031096,0.051711142,0.045680046
Oligodendrocyte,Adora1,0.00052666664,0.00237149,0.0018448234
Oligodendrocyte,Nsf,0.017965913,0.17236286,0.15439695
Oligodendrocyte,Washc2,-0.010238647,0.0051059127,0.0051059127
Oligodendrocyte,Cmip,0.006026089,0.038915634,0.032889545
Oligodendrocyte,Kif5c,0.022118747,0.093939304,0.07182056
Oligodendrocyte,Impact,0.017346382,0.081362605,0.06401622
Oligodendrocyte,Emc1,0.0040587187,0.0018851161,-0.0021736026
Oligodendrocyte,Srrm1,0.005052328,0.028258026,0.023205698
Oligodendrocyte,Serpine2,0.0021116138,0.087665915,0.0855543
Oligodendrocyte,Nfix,-0.006337285,0.002501011,0.002501011
Oligodendrocyte,Rnd2,0.014267087,0.06633049,0.052063406
Oligodendrocyte,Arnt2,-0.013628364,-0.008792162,0.0
Oligodendrocyte,Sdhb,0.0016801953,0.023042083,0.021361887
Oligodendrocyte,Chd4,-0.00054848194,0.0035278797,0.0035278797
Oligodendrocyte,Hsph1,-0.0356822,-0.015707374,0.0
Oligodendrocyte,Ptk2,-0.010202646,0.03170407,0.03170407
Oligodendrocyte,Emc10,0.0025148988,0.00526309,0.0027481914
Oligodendrocyte,Gtf2i,-0.0043165684,0.0049215555,0.0049215555
Oligodendrocyte,Jam3,0.008166313,0.023551285,0.015384972
Oligodendrocyte,Psat1,0.02930057,0.058180094,0.028879523
Oligodendrocyte,Rdx,-0.012423515,-0.009329796,0.0
Oligodendrocyte,Saraf,-0.00419569,0.007198453,0.007198453
Oligodendrocyte,Spag9,-0.005458951,0.0111147165,0.0111147165
Oligodendrocyte,Smdt1,0.008531451,0.014557302,0.006025851
Oligodendrocyte,Pik3r1,-0.0020543337,-0.00038838387,0.0
Oligodendrocyte,Cct5,0.005233228,0.011600912,0.0063676834
Oligodendrocyte,Oasl2,-0.32322,-0.30296624,0.0
Oligodendrocyte,Irs2,-0.012479782,0.013259888,0.013259888
Oligodendrocyte,Prkaca,0.016329229,0.06985873,0.0535295
Oligodendrocyte,Sema6d,-0.0068967342,0.012739003,0.012739003
Oligodendrocyte,Pltp,-0.005238652,0.059285343,0.059285343
Oligodendrocyte,Abhd4,-0.0035523176,0.01594323,0.01594323
Oligodendrocyte,Ptpa,0.010241628,0.023297966,0.013056338
Oligodendrocyte,Sel1l,0.008091629,0.009685516,0.0015938878
Oligodendrocyte,Map1lc3a,0.016737163,0.06014216,0.043404996
Oligodendrocyte,Slc6a8,-0.017213225,-0.008664489,0.0
Oligodendrocyte,Rnf14,0.0068261623,0.027946055,0.021119893
Oligodendrocyte,Rnf130,-0.0008522272,0.012069106,0.012069106
Oligodendrocyte,Smad7,-0.00029969215,0.008102715,0.008102715
Oligodendrocyte,Bace1,0.014996171,0.048932016,0.033935845
Oligodendrocyte,Ank2,-0.004859686,0.0011357069,0.0011357069
Oligodendrocyte,Sf1,-0.004711032,-0.0017511845,0.0
Oligodendrocyte,Rab6a,0.0021707416,0.023620546,0.021449804
Oligodendrocyte,Cic,-0.03403282,-0.020830274,0.0
Oligodendrocyte,Spock3,-0.058540583,-0.014938951,0.0
Oligodendrocyte,Canx,-0.0017858744,0.00085669756,0.00085669756
Oligodendrocyte,Rab5c,-0.0064777136,0.0058690906,0.0058690906
Oligodendrocyte,Vdac1,0.015013158,0.08832741,0.07331425
Oligodendrocyte,Cct8,0.008352339,0.026793003,0.018440664
Oligodendrocyte,Acaca,0.004180908,0.021892667,0.017711759
Oligodendrocyte,Gna12,-0.028092265,-0.01457572,0.0
Oligodendrocyte,Pard3,-0.0025545359,0.014844716,0.014844716
Oligodendrocyte,Atxn10,-0.0023132563,0.016238391,0.016238391
Oligodendrocyte,Msn,0.02019906,0.0714038,0.05120474
Oligodendrocyte,Csde1,0.009752929,0.021802604,0.012049675
Oligodendrocyte,Gsk3a,0.00036889315,0.0046607256,0.0042918324
Oligodendrocyte,Gnb1,0.007722616,0.041301847,0.03357923
Oligodendrocyte,Epas1,0.0061221123,0.06464696,0.058524847
Oligodendrocyte,Rab10,0.00109905,0.0048004985,0.0037014484
Oligodendrocyte,Klc2,0.034633577,0.17243254,0.13779896
Oligodendrocyte,Grk2,0.0028936863,0.021863401,0.018969715
Oligodendrocyte,Mtch1,0.014383435,0.043102324,0.028718889
Oligodendrocyte,Tardbp,0.0038902164,0.0115145445,0.007624328
Oligodendrocyte,Ncoa2,-0.022133112,-0.0072216988,0.0
Oligodendrocyte,Hspa5,-0.08177078,-0.075089335,0.0
Oligodendrocyte,Rbbp4,0.024981797,0.02955842,0.0045766234
Oligodendrocyte,Mcam,-0.01771009,0.019774795,0.019774795
Oligodendrocyte,Raf1,0.0022289157,0.0023605824,0.00013166666
Oligodendrocyte,Scn4b,0.044964314,0.19853282,0.1535685
Oligodendrocyte,Slc8a1,-0.0057246685,0.007969201,0.007969201
Oligodendrocyte,Spsb1,0.00017184019,0.015740633,0.015568793
Oligodendrocyte,Prkacb,0.0026565194,0.014562488,0.011905968
Oligodendrocyte,Opalin,-0.03580475,0.031458855,0.031458855
Oligodendrocyte,Elavl3,-0.0034998655,0.0058253407,0.0058253407
Oligodendrocyte,Vamp2,-0.004270911,0.0012574792,0.0012574792
Oligodendrocyte,Plod1,-0.00037050247,0.028869867,0.028869867
Oligodendrocyte,Gnaq,0.005938828,0.014281809,0.008342981
Oligodendrocyte,Pja2,0.0022701025,0.021529496,0.019259393
Oligodendrocyte,Coro1c,-0.00030362606,0.004494965,0.004494965
Oligodendrocyte,Echs1,0.0033919811,0.0026647449,-0.0007272363
Oligodendrocyte,Fat1,0.004940927,0.007007003,0.0020660758
Oligodendrocyte,Lamp2,-0.007156849,0.009565353,0.009565353
Oligodendrocyte,Nbr1,3.272295e-05,-0.00044739246,-3.272295e-05
Oligodendrocyte,Ndn,0.002156794,0.08074558,0.078588784
Oligodendrocyte,Shtn1,-0.030626893,0.02115035,0.02115035
Oligodendrocyte,Gbp7,-0.25091553,-0.22730792,0.0
Oligodendrocyte,Prpf8,0.010142684,0.011025429,0.0008827448
Oligodendrocyte,Nde1,-0.017330885,0.006562531,0.006562531
Oligodendrocyte,Syp,0.033409238,0.19016665,0.15675741
Oligodendrocyte,Snrpn,0.021432877,0.1121515,0.09071863
Oligodendrocyte,Sorbs1,0.0019662976,0.028657973,0.026691675
Oligodendrocyte,Gipc1,0.011642218,0.03550154,0.023859322
Oligodendrocyte,Rnf10,0.0032538772,0.009518266,0.0062643886
Oligodendrocyte,Atf4,-0.02199769,-0.016773582,0.0
Oligodendrocyte,Elavl1,0.00884223,0.0074700117,-0.0013722181
Oligodendrocyte,Itch,-0.0025765896,0.0072794557,0.0072794557
Oligodendrocyte,Anapc2,0.0018053651,-0.0008687973,-0.0018053651
Oligodendrocyte,Pafah1b1,-0.010903239,0.018036544,0.018036544
Oligodendrocyte,Ppp2r5c,-0.0035623312,0.0030632615,0.0030632615
Oligodendrocyte,Rnaset2a,-0.015668273,0.03573543,0.03573543
Oligodendrocyte,Itgav,0.0033084154,0.020099401,0.016790986
Oligodendrocyte,Cxxc5,0.002854526,0.009363413,0.006508887
Oligodendrocyte,Serping1,-0.07969475,0.008754969,0.008754969
Oligodendrocyte,Chil1,-0.09021628,-0.04465294,0.0
Oligodendrocyte,Tpi1,0.011234462,0.095624685,0.08439022
Oligodendrocyte,Cpeb4,0.0053271055,0.011366785,0.006039679
Oligodendrocyte,Stmn2,0.03314483,0.15533787,0.12219304
Oligodendrocyte,Kdm4a,-0.012472868,0.009125471,0.009125471
Oligodendrocyte,Fah,-0.00039577484,0.025120914,0.025120914
Oligodendrocyte,Irgm2,-0.26072443,-0.24549103,0.0
Oligodendrocyte,Tjp1,-0.00022172928,0.002256155,0.002256155
Oligodendrocyte,Hsd17b4,0.0012008548,0.0029301047,0.00172925
Oligodendrocyte,Snx30,-0.0047991276,0.012727559,0.012727559
Oligodendrocyte,Grik2,-0.027436495,-0.008003354,0.0
Oligodendrocyte,Actr2,-0.0018422604,0.012026548,0.012026548
Oligodendrocyte,Mllt6,-0.015786648,-0.011709213,0.0
Oligodendrocyte,Syn1,0.02841866,0.14887792,0.12045926
Oligodendrocyte,Prrc2b,0.002335906,0.01159066,0.009254754
Oligodendrocyte,Slco3a1,-0.0063546896,0.009636283,0.009636283
Oligodendrocyte,Stat3,-0.044430375,-0.014013171,0.0
Oligodendrocyte,Pls1,-0.036384106,0.0055927634,0.0055927634
Oligodendrocyte,Acss2,-0.020165563,0.010572314,0.010572314
Oligodendrocyte,Csf1r,-0.032898664,0.016129851,0.016129851
Oligodendrocyte,Gm2a,0.0027855635,0.050783694,0.04799813
Oligodendrocyte,Adam10,0.0010537505,0.004800439,0.0037466884
Oligodendrocyte,Spred1,0.006207049,0.01662743,0.010420382
Oligodendrocyte,Ap2b1,0.0049048066,0.011111319,0.0062065125
Oligodendrocyte,Hist1h2bc,-0.0072842836,0.0013176799,0.0013176799
Oligodendrocyte,Mapre2,-0.011544824,0.012348115,0.012348115
Oligodendrocyte,Cdc37,0.0011066198,0.0029295087,0.0018228889
Oligodendrocyte,Cs,0.0002567172,0.02113843,0.020881712
Oligodendrocyte,Vdac2,0.005785942,0.013010383,0.0072244406
Oligodendrocyte,Myo1e,0.01882863,0.055069268,0.036240637
Oligodendrocyte,Prox1,-0.0015507936,0.013949394,0.013949394
Oligodendrocyte,Vldlr,0.0013586283,0.01641643,0.015057802
Oligodendrocyte,Hip1r,0.004397154,0.012286365,0.007889211
Oligodendrocyte,Gpi1,-0.0018820763,0.010036588,0.010036588
Oligodendrocyte,Sod1,0.013967812,0.045167327,0.031199515
Oligodendrocyte,Scrib,0.0008328557,0.017989993,0.017157137
Oligodendrocyte,Atp2b2,0.037225246,0.18800455,0.1507793
Oligodendrocyte,Stk39,0.00025093555,0.0032538772,0.0030029416
Oligodendrocyte,Etnk1,0.009140015,0.02159673,0.012456715
Oligodendrocyte,Fyn,-0.007807493,0.003988743,0.003988743
Oligodendrocyte,Rph3a,0.030771554,0.13319433,0.102422774
Oligodendrocyte,Camk2b,0.007345259,0.13233554,0.124990284
Oligodendrocyte,Sept2,-0.0015382767,0.0066464543,0.0066464543
Oligodendrocyte,Cercam,-0.050517082,-0.026168704,0.0
Oligodendrocyte,Atp5f1,0.0034321547,0.015498936,0.0120667815
Oligodendrocyte,Kif1c,0.0043352246,0.025006115,0.02067089
Oligodendrocyte,Ctbp1,0.0034031272,0.0025285482,-0.00087457895
Oligodendrocyte,Abcd3,0.0033184886,0.019053817,0.015735328
Oligodendrocyte,Ndufs1,0.010444641,0.022007108,0.011562467
Oligodendrocyte,Vat1,0.039960384,0.079322994,0.03936261
Oligodendrocyte,H2-Ab1,-0.0796026,-0.0110993385,0.0
Oligodendrocyte,Mapk8ip2,0.026417553,0.14207423,0.115656674
Oligodendrocyte,Trim28,0.0041328073,0.004645169,0.0005123615
Oligodendrocyte,Ncoa3,-0.0014847517,0.025829256,0.025829256
Oligodendrocyte,S100a10,-0.018918633,0.030288994,0.030288994
Oligodendrocyte,Ogdh,0.0146048665,0.048681438,0.03407657
Oligodendrocyte,Mta3,-0.0036913157,-0.00034344196,0.0
Oligodendrocyte,Appl2,-0.019768476,-0.010560632,0.0
Oligodendrocyte,Sh3bp5,0.005339682,0.020923674,0.015583992
Oligodendrocyte,Dusp7,0.015899897,0.03774476,0.021844864
Oligodendrocyte,Arhgef12,0.0010453463,0.014348209,0.013302863
Oligodendrocyte,Cct7,0.006916523,0.011903882,0.004987359
Oligodendrocyte,Hspd1,0.0026222467,0.017862856,0.01524061
Oligodendrocyte,Cbx3,0.0066463947,0.017291188,0.0106447935
Oligodendrocyte,Rnh1,-0.0056335926,0.00061011314,0.00061011314
Oligodendrocyte,Cabp1,0.021775663,0.16052341,0.13874775
Oligodendrocyte,Rnf220,0.0034683943,0.011547327,0.008078933
Oligodendrocyte,Ncor1,1.2814999e-05,0.009949088,0.009936273
Oligodendrocyte,Arid5b,-0.048014164,-0.03347802,0.0
Oligodendrocyte,Flnb,-0.00020134449,0.024527788,0.024527788
Oligodendrocyte,Smarcc2,0.00053322315,0.0024721026,0.0019388795
Oligodendrocyte,Acsl6,0.0055862665,0.093126476,0.08754021
Oligodendrocyte,Hnrnpm,-0.00012302399,0.009793162,0.009793162
Oligodendrocyte,Ephb1,-0.0077363253,0.01734531,0.01734531
Oligodendrocyte,Eif4a3,9.983778e-05,-0.00079858303,-9.983778e-05
Oligodendrocyte,Brd2,-0.0030798912,0.0005444288,0.0005444288
Oligodendrocyte,Bmpr2,0.0025600195,0.02409786,0.02153784
Oligodendrocyte,Stat1,-0.18548119,-0.18502009,0.0
Oligodendrocyte,Mapk3,0.005463004,0.008946896,0.0034838915
Oligodendrocyte,Mpp2,-0.006827712,0.0059120655,0.0059120655
Oligodendrocyte,Immt,-0.0012278557,9.047985e-05,9.047985e-05
Oligodendrocyte,Rpn1,-0.0006248951,0.00085264444,0.00085264444
Oligodendrocyte,Slk,-0.0017319918,0.015740812,0.015740812
Oligodendrocyte,Mtus1,0.0008969307,0.01946646,0.018569529
Oligodendrocyte,Araf,0.0010783672,0.0056339502,0.004555583
Oligodendrocyte,Tsc22d3,-0.004029155,0.015605986,0.015605986
Oligodendrocyte,Bcar1,-0.0020058155,0.0094848275,0.0094848275
Oligodendrocyte,Brsk2,-0.0006328821,0.007852316,0.007852316
Oligodendrocyte,Itgb1,0.001557827,0.0067251325,0.0051673055
Oligodendrocyte,Gramd1b,-0.006139159,-0.0042113066,0.0
Oligodendrocyte,Ifit3,-0.024081111,-0.032556772,0.0
Oligodendrocyte,Gps1,0.0059583783,0.010280848,0.0043224692
Oligodendrocyte,Ina,0.038446248,0.17941612,0.14096987
Oligodendrocyte,Atp6ap2,0.0063436627,0.01361227,0.0072686076
Oligodendrocyte,Npepps,0.0028627515,0.0056037903,0.0027410388
Oligodendrocyte,Anapc5,-0.0009571314,0.0009964705,0.0009964705
Oligodendrocyte,H2-Aa,-0.10685718,-0.032256007,0.0
Oligodendrocyte,Slc1a3,-0.0036859512,0.023983955,0.023983955
Oligodendrocyte,Pafah1b2,0.00400275,0.020025134,0.016022384
Oligodendrocyte,Ctnnd1,0.0012684464,0.0039007664,0.00263232
Oligodendrocyte,Hspa9,0.0013082623,0.006420791,0.005112529
Oligodendrocyte,Dpf2,0.00081181526,0.0050418377,0.0042300224
Oligodendrocyte,Slc16a1,-0.0029717684,-0.0006469488,0.0
Oligodendrocyte,Snx5,0.0002091527,0.00296247,0.0027533174
Oligodendrocyte,Clk1,0.0007673502,0.030359328,0.029591978
Oligodendrocyte,Usp22,-7.927418e-05,0.0024129152,0.0024129152
Oligodendrocyte,Ncor2,-0.01787424,-0.011422873,0.0
Oligodendrocyte,Fgf1,0.00040274858,0.01013279,0.009730041
Oligodendrocyte,Polr2a,0.0053645372,0.004081428,-0.0012831092
Oligodendrocyte,Adh5,-0.0009368658,0.00486356,0.00486356
Oligodendrocyte,Tcaf1,0.0112499595,0.030660033,0.019410074
Oligodendrocyte,Park7,0.0073463917,0.016660154,0.009313762
Oligodendrocyte,Itsn2,-0.002460599,0.021947801,0.021947801
Oligodendrocyte,Ndrg4,0.035870075,0.17512786,0.13925779
Oligodendrocyte,Sema6a,0.0032234788,0.024528265,0.021304786
Oligodendrocyte,Glud1,-0.008334994,0.027080417,0.027080417
Oligodendrocyte,Psmd1,0.007211745,0.011080682,0.0038689375
Oligodendrocyte,Hadh,0.0034993887,0.0065118074,0.0030124187
Oligodendrocyte,Zfp281,0.010055184,0.024502873,0.014447689
Oligodendrocyte,Tmem63b,0.007241249,0.01563102,0.008389771
Oligodendrocyte,Psmb6,0.0014605522,0.004950404,0.003489852
Oligodendrocyte,Tssc4,-0.0016664267,0.0038762093,0.0038762093
Oligodendrocyte,Pnpla2,-0.06350219,-0.0681541,0.0
Oligodendrocyte,Nosip,0.001704216,0.0015925765,-0.0001116395
Oligodendrocyte,Slc2a1,0.00014907122,0.010237455,0.010088384
Oligodendrocyte,Tcf12,0.0025231242,0.006122887,0.003599763
Oligodendrocyte,Hmgcr,-0.017455697,-0.0020688772,0.0
Oligodendrocyte,Pak2,-0.0008356571,0.00075262785,0.00075262785
Oligodendrocyte,Sgta,0.0019443631,0.004662156,0.002717793
Oligodendrocyte,Ehmt2,-0.0070818663,-0.0050685406,0.0
Oligodendrocyte,Dixdc1,-0.0018068552,0.0053985715,0.0053985715
Oligodendrocyte,Cntn1,0.0010623932,0.04309815,0.04203576
Oligodendrocyte,Ntrk2,-0.013495684,0.048395038,0.048395038
Oligodendrocyte,Dbp,-0.026829481,-0.016566873,0.0
Oligodendrocyte,Glg1,0.0058758855,0.018994272,0.013118386
Oligodendrocyte,Ighm,-0.012108326,0.011346877,0.011346877
Oligodendrocyte,Hoxb8,-0.0022706985,0.07763505,0.07763505
Oligodendrocyte,Abca1,-0.016087294,0.017221272,0.017221272
Oligodendrocyte,Rap1a,-0.012056589,0.029424012,0.029424012
Oligodendrocyte,Kcnab2,0.040001035,0.14887744,0.10887641
Oligodendrocyte,Kmt2e,0.0022963881,0.010554194,0.008257806
Oligodendrocyte,Caprin1,0.0005521178,0.002015829,0.0014637113
Oligodendrocyte,Pi4ka,0.0054912567,0.0117198825,0.006228626
Oligodendrocyte,Lifr,-0.0023399591,0.0018773079,0.0018773079
Oligodendrocyte,Thrap3,-0.00054073334,0.00023043156,0.00023043156
Myeloid,Cd74,-0.11549032,-0.010877728,0.0
Myeloid,Hexb,-0.6262754,0.024254203,0.024254203
Myeloid,Gfap,-0.16682792,0.17266643,0.17266643
Myeloid,Arg1,-0.42142177,-0.008847952,0.0
Myeloid,Mbp,-0.16765404,0.18705785,0.18705785
Myeloid,Ctss,-0.009526253,0.07761127,0.07761127
Myeloid,Gpnmb,0.0023459196,0.13907528,0.13672936
Myeloid,H2-Ab1,-0.056993365,0.0615108,0.0615108
Myeloid,H2-Aa,-0.0813576,0.08335507,0.08335507
Myeloid,Chil3,-0.3285718,-0.1492747,0.0
Myeloid,H2-D1,-0.3396814,-0.12813878,0.0
Myeloid,Mt2,-0.060912967,0.10820854,0.10820854
Myeloid,Fn1,-0.40677142,-0.09817839,0.0
Myeloid,H2-Eb1,-0.010627508,0.09530586,0.09530586
Myeloid,Grn,-0.019869328,0.058305442,0.058305442
Myeloid,H2-K1,-0.21029866,-0.14031196,0.0
Myeloid,B2m,-0.14240968,-0.08805251,0.0
Myeloid,C3,-0.01099956,0.16603476,0.16603476
Myeloid,Cd14,-0.077276826,0.012976468,0.012976468
Myeloid,Csf1r,-0.16486537,0.13178879,0.13178879
Myeloid,Apod,-0.009636879,0.010789931,0.010789931
Myeloid,Selenop,-0.16264713,-0.020804524,0.0
Myeloid,Aplp1,-0.117103934,0.045936823,0.045936823
Myeloid,Rab7,-0.2670431,0.046338856,0.046338856
Myeloid,Cx3cr1,-0.37504268,0.031955004,0.031955004
Myeloid,Cd300lf,-0.13529766,0.025323868,0.025323868
Myeloid,Cd81,-0.20269847,0.18595934,0.18595934
Myeloid,Aldoa,-0.0668354,0.090703845,0.090703845
Myeloid,Cd68,-0.03653598,0.08035636,0.08035636
Myeloid,Ckb,-0.084620476,0.20575476,0.20575476
Myeloid,Serpina3n,-0.06518936,-0.0071287155,0.0
Myeloid,Acod1,-0.19144905,-0.032561064,0.0
Myeloid,Tgm2,-0.21322775,-0.09404254,0.0
Myeloid,Lamp1,0.011929631,0.095081925,0.083152294
Myeloid,Mcl1,-0.24280798,-0.03971994,0.0
Myeloid,Atp1b2,-0.00071680546,0.13283432,0.13283432
Myeloid,Selplg,-0.24088466,0.07399732,0.07399732
Myeloid,Itgam,-0.14966238,-0.054164052,0.0
Myeloid,Fcgr2b,-0.17597795,0.0050771236,0.0050771236
Myeloid,Lrp1,0.015506744,0.047251463,0.03174472
Myeloid,Neat1,-0.05291283,0.1732459,0.1732459
Myeloid,Thbs1,-0.11346388,-0.016560316,0.0
Myeloid,Pdia3,-0.085075974,-0.063676834,0.0
Myeloid,Trem2,-0.19307625,-0.06872153,0.0
Myeloid,Psmb8,-0.2553351,-0.1620512,0.0
Myeloid,Aldoc,-0.017047405,0.2458288,0.2458288
Myeloid,Rnaset2a,-0.065636635,0.08058441,0.08058441
Myeloid,Cst7,-0.028580189,0.09824991,0.09824991
Myeloid,Msn,-0.12892318,-0.035085678,0.0
Myeloid,Ndrg2,-0.049601316,0.16766244,0.16766244
Myeloid,Gnai2,-0.050026536,0.002597928,0.002597928
Myeloid,Itgb2,-0.17767453,0.010810614,0.010810614
Myeloid,Stab1,0.025028884,0.049143255,0.02411437
Myeloid,Sirpa,-0.0153564215,-0.0176723,0.0
Myeloid,Sgk1,-0.020512104,0.030976892,0.030976892
Myeloid,Cnp,-0.12537646,-0.03206563,0.0
Myeloid,Mafb,0.014673948,0.037713945,0.023039997
Myeloid,Abca1,0.00632149,0.077302456,0.070980966
Myeloid,Gbp2,-0.24168992,-0.14089179,0.0
Myeloid,Itgb5,-0.16154599,0.05284983,0.05284983
Myeloid,Fcgr3,-0.005020499,0.024843097,0.024843097
Myeloid,Rnh1,-0.26278138,-0.05465746,0.0
Myeloid,Tnfrsf1b,-0.04722023,0.048535883,0.048535883
Myeloid,P2ry12,-0.38038933,-0.002313733,0.0
Myeloid,Rsrp1,-0.029317856,0.05068803,0.05068803
Myeloid,Bin1,-0.09164882,0.1303888,0.1303888
Myeloid,Car2,-0.034562826,0.03773254,0.03773254
Myeloid,Plac8,-0.14230096,-0.07616675,0.0
Myeloid,Samhd1,-0.21412873,-0.094040155,0.0
Myeloid,Aif1,0.01955527,0.077209115,0.057653844
Myeloid,Cd274,-0.15238559,0.023715675,0.023715675
Myeloid,Hexa,-0.098178506,-0.040703416,0.0
Myeloid,Frmd4a,-0.08404648,0.0079187155,0.0079187155
Myeloid,Il10ra,-0.0022224188,0.077109456,0.077109456
Myeloid,Plin2,-0.10151863,0.111759424,0.111759424
Myeloid,Sdcbp,-0.023544073,0.054035366,0.054035366
Myeloid,Pkm,-0.2227081,-0.08980334,0.0
Myeloid,App,-0.035857916,0.037508428,0.037508428
Myeloid,Ptgds,-0.06446326,-0.00580585,0.0
Myeloid,Jun,-0.060680866,-0.0054614544,0.0
Myeloid,Ctnnb1,-0.00749135,0.038181424,0.038181424
Myeloid,Syk,-0.06851494,0.07327998,0.07327998
Myeloid,Hmox1,-0.14551067,0.00014549494,0.00014549494
Myeloid,F13a1,-0.1331197,0.0632804,0.0632804
Myeloid,Cd9,-0.0780406,-0.025373697,0.0
Myeloid,C3ar1,0.02415073,0.059681296,0.035530567
Myeloid,Map1b,0.006541431,0.17452002,0.16797858
Myeloid,P4hb,-0.04802704,-0.003746152,0.0
Myeloid,H2-T23,-0.028397083,-0.0042288303,0.0
Myeloid,Gm2a,-0.023093224,0.024055004,0.024055004
Myeloid,Anxa2,-0.13365674,0.017574906,0.017574906
Myeloid,Nlrc5,-0.06507003,-0.017225266,0.0
Myeloid,C4b,-0.040863276,0.0077977777,0.0077977777
Myeloid,Txnip,-0.059211373,0.009968579,0.009968579
Myeloid,Irf1,-0.14972317,-0.07520437,0.0
Myeloid,Tlr2,-0.033259988,-0.008534789,0.0
Myeloid,Ncf1,-0.034874678,-0.01205945,0.0
Myeloid,Rhoa,-0.06217122,-0.01509881,0.0
Myeloid,Csf1,-0.035399675,-0.0011219978,0.0
Myeloid,Chil1,-0.15892684,-0.06255698,0.0
Myeloid,Axl,-0.022127032,0.008057833,0.008057833
Myeloid,Tmem119,-0.20917952,0.071131945,0.071131945
Myeloid,Furin,-0.06749833,0.00086045265,0.00086045265
Myeloid,Prkcd,-0.019637585,0.013411999,0.013411999
Myeloid,Lgals1,-0.07041919,0.0627206,0.0627206
Myeloid,Hnrnpa1,0.0085375905,0.022164464,0.0136268735
Myeloid,Cxcl16,-0.007255316,0.077857256,0.077857256
Myeloid,Unc93b1,-0.02402234,0.037706733,0.037706733
Myeloid,Mertk,-0.067335606,0.020859778,0.020859778
Myeloid,Snap25,0.046905577,0.28203988,0.2351343
Myeloid,Spi1,-0.0010664463,0.022920728,0.022920728
Myeloid,Dst,-0.103428006,0.04343009,0.04343009
Myeloid,Cybb,-0.08333135,0.10319096,0.10319096
Myeloid,Fcgr4,-0.18395746,-0.14513218,0.0
Myeloid,S100a10,-0.1565218,-0.061510563,0.0
Myeloid,Oasl2,-0.15004396,-0.07114935,0.0
Myeloid,Fcgr1,0.010976732,0.04936534,0.03838861
Myeloid,Grk2,-0.006925702,0.007225871,0.007225871
Myeloid,Lpl,-0.02842772,0.012363911,0.012363911
Myeloid,Rac1,0.0007171035,0.02168578,0.020968676
Myeloid,Inpp5d,0.0021701455,0.022742689,0.020572543
Myeloid,Ptpn6,-0.019921541,0.0011842251,0.0011842251
Myeloid,Csf3r,-0.020544767,0.06249535,0.06249535
Myeloid,Ctsl,0.015788198,0.03663695,0.020848751
Myeloid,Ccl3,-0.017127395,0.0019847155,0.0019847155
Myeloid,Fam20c,0.010076106,0.0494352,0.039359093
Myeloid,Marcksl1,-0.05293095,0.008065522,0.008065522
Myeloid,Cryab,-0.043703556,0.022991657,0.022991657
Myeloid,Plau,-0.07847977,-0.038284183,0.0
Myeloid,Ppt1,-0.05733013,0.019337118,0.019337118
Myeloid,Myh9,-0.010325074,0.04817468,0.04817468
Myeloid,Picalm,-0.019462466,-0.013855457,0.0
Myeloid,Plxnb2,-0.0734185,0.003958285,0.003958285
Myeloid,Lag3,-0.014379382,0.11628932,0.11628932
Myeloid,Hspa5,-0.058758378,-0.047866583,0.0
Myeloid,Cldn11,-0.03981912,-0.0022922754,0.0
Myeloid,Slc11a1,-0.0073828697,0.018624008,0.018624008
Myeloid,Fcrls,-0.16598141,-0.009794116,0.0
Myeloid,Flna,-0.11838031,-0.010804892,0.0
Myeloid,Ywhae,0.010170221,0.020931125,0.010760903
Myeloid,Snx5,-0.013102651,0.012268782,0.012268782
Myeloid,Marcks,-0.014498115,0.0026556253,0.0026556253
Myeloid,Rtn3,0.015567422,0.03527701,0.019709587
Myeloid,Dusp6,-0.02189219,0.016423106,0.016423106
Myeloid,Actr2,-0.013744831,-0.0018407106,0.0
Myeloid,Ldhb,-0.026663303,0.16427296,0.16427296
Myeloid,Cfb,-0.16783261,0.032374024,0.032374024
Myeloid,Stat1,-0.12532032,-0.1010592,0.0
Myeloid,Pltp,0.0013206005,0.01266259,0.011341989
Myeloid,Cxcr2,-0.052474856,0.036086082,0.036086082
Myeloid,Lgals9,-0.032083154,-0.026284695,0.0
Myeloid,Vsir,-0.12301314,-0.004373431,0.0
Myeloid,Vav1,-0.008003712,0.019670427,0.019670427
Myeloid,Pgk1,-0.117337584,-0.034904122,0.0
Myeloid,Rab5c,-0.09515011,-0.058514595,0.0
Myeloid,Cxcl10,-0.09777522,-0.05644393,0.0
Myeloid,Dnm2,0.002654314,0.015317321,0.012663007
Myeloid,Mxd1,-0.048647523,0.0817458,0.0817458
Myeloid,Scarb2,-0.03463888,0.0028287768,0.0028287768
Myeloid,Rnase4,-0.1361041,-0.026303172,0.0
Myeloid,Il4ra,-0.05975938,-0.03790474,0.0
Myeloid,Kcnj10,-0.11303973,0.09232396,0.09232396
Myeloid,Tap1,-0.109181285,-0.0722872,0.0
Myeloid,Tmem176a,-0.060682416,-0.035508275,0.0
Myeloid,Atp2a2,0.021709204,0.03691715,0.015207946
Myeloid,Mef2a,-0.016386867,0.04355675,0.04355675
Myeloid,Mmp14,-0.100022554,0.033137918,0.033137918
Myeloid,Gbp7,-0.12967682,-0.13523173,0.0
Myeloid,Cxcr4,-0.04399836,0.05517018,0.05517018
Myeloid,Plec,-0.09513569,0.011184096,0.011184096
Myeloid,Ywhag,0.014591157,0.07774103,0.06314987
Myeloid,Hif1a,-0.024161577,0.012580872,0.012580872
Myeloid,Itgb1,-0.011720657,0.018719792,0.018719792
Myeloid,Adgre1,-0.0066324472,0.014454424,0.014454424
Myeloid,Ccl2,-0.076288104,-0.06904638,0.0
Myeloid,Lyst,0.0041752458,0.032963634,0.028788388
Myeloid,Timp1,-0.12415671,-0.059449792,0.0
Myeloid,Ccl12,-0.0845536,-0.050547957,0.0
Myeloid,Igf2,0.01355505,0.03226638,0.018711329
Myeloid,Atp6v1a,-0.021028519,0.029213846,0.029213846
Myeloid,Socs3,-0.1274035,-0.07204783,0.0
Myeloid,Dock2,-0.018362045,0.02135098,0.02135098
Myeloid,Cltc,-0.017892241,0.013341606,0.013341606
Myeloid,Slc16a3,-0.092357874,0.020851314,0.020851314
Myeloid,Ifngr1,-0.010867596,0.01785332,0.01785332
Myeloid,Cd38,-0.16713643,0.023441494,0.023441494
Myeloid,Mag,-0.04575324,-0.003262043,0.0
Myeloid,P2ry13,-0.17855203,0.0039036274,0.0039036274
Myeloid,Cd84,0.0034410954,0.019255757,0.015814662
Myeloid,Vat1,-0.017484784,0.09890437,0.09890437
Myeloid,Acly,0.00702703,0.014263809,0.0072367787
Myeloid,Sema4d,-0.0055811405,-0.0009407997,0.0
Myeloid,Col1a2,0.01726693,0.066908956,0.049642026
Myeloid,Hal,-0.14629805,-0.046988964,0.0
Myeloid,Rtn4,0.0013824105,0.009917498,0.008535087
Myeloid,Atp6v1b2,-0.0005440712,0.018496513,0.018496513
Myeloid,Raf1,-0.018517852,0.011661887,0.011661887
Myeloid,Sqstm1,-0.018183231,0.0047737956,0.0047737956
Myeloid,Prkar1a,0.010985792,0.022275686,0.011289895
Myeloid,Ptpn1,-0.08183253,-0.034231663,0.0
Myeloid,Tpi1,-0.038809538,0.020000398,0.020000398
Myeloid,Hk2,-0.0076206923,0.0031326413,0.0031326413
Myeloid,Map2,0.049310327,0.25980312,0.21049279
Myeloid,Serping1,0.022771418,0.076657176,0.053885758
Myeloid,Map4,-0.056747556,0.011422873,0.011422873
Myeloid,Nefh,0.03684008,0.22261387,0.18577379
Myeloid,Elmo1,-0.12080383,0.027592123,0.027592123
Myeloid,Fam49b,-0.007941484,-0.0007714033,0.0
Myeloid,Bcl2a1a,-0.05188334,0.044923306,0.044923306
Myeloid,Clcn7,-0.013318658,0.01840502,0.01840502
Myeloid,Ntsr2,-0.08004081,0.028528512,0.028528512
Myeloid,Litaf,-0.026496172,0.03274578,0.03274578
Myeloid,Iqgap1,-0.09167647,0.037178814,0.037178814
Myeloid,Sfpq,0.00068861246,0.011870623,0.01118201
Myeloid,Pfkl,-0.04857993,0.007995009,0.007995009
Myeloid,Nefm,0.049120665,0.22624391,0.17712325
Myeloid,Map4k4,-0.004729271,-0.003332734,0.0
Myeloid,Klk6,-0.0060122013,0.012239397,0.012239397
Myeloid,Amfr,0.002292633,0.009344995,0.007052362
Myeloid,Cyfip1,0.012435734,0.030759037,0.018323302
Myeloid,Ermn,-0.08166039,0.009048581,0.009048581
Myeloid,Serpine2,-0.10848737,0.0013545156,0.0013545156
Myeloid,Npc1,0.0061404705,0.01386869,0.007728219
Myeloid,Maf,-0.061518073,-0.03683853,0.0
Myeloid,Plaur,-0.12436342,-0.031770825,0.0
Myeloid,S100b,-0.07944262,0.022320032,0.022320032
Myeloid,Pkp4,-0.035082698,0.039713383,0.039713383
Myeloid,Ldha,-0.096191406,0.008209646,0.008209646
Myeloid,Olfml3,-0.04956746,0.0985921,0.0985921
Myeloid,Sh3bp2,-0.0033897161,0.021093369,0.021093369
Myeloid,Coro1c,-0.023890734,0.0048956275,0.0048956275
Myeloid,Ccr1,-0.16656888,-0.03348267,0.0
Myeloid,Zeb2,0.022642672,0.028304398,0.005661726
Myeloid,Cmklr1,0.023127675,0.035618663,0.012490988
Myeloid,Lcp2,-0.010133982,0.002739668,0.002739668
Myeloid,A2m,-0.015363693,0.06059259,0.06059259
Myeloid,Qdpr,-0.06367266,0.031161427,0.031161427
Myeloid,Cd53,-0.011694789,0.019150615,0.019150615
Myeloid,Sorl1,-0.010631919,0.0003440976,0.0003440976
Myeloid,Siglech,-0.24198437,0.047142386,0.047142386
Myeloid,Kpnb1,-0.004061818,-0.0026535988,0.0
Myeloid,Tsc22d4,0.0017355084,0.0015172958,-0.0002182126
Myeloid,Canx,-0.012097597,0.0038505197,0.0038505197
Myeloid,Atf4,-0.01188302,-0.0039093494,0.0
Myeloid,Arrb2,0.0043114424,0.026723206,0.022411764
Myeloid,Lbh,-1.4901161e-05,0.008873761,0.008873761
Myeloid,Tgfbr1,-0.08529544,-0.035720468,0.0
Myeloid,Ptprc,-0.0005660057,0.027706087,0.027706087
Myeloid,Nefl,0.056706905,0.247518,0.1908111
Myeloid,Kif5b,-0.02226317,0.041774094,0.041774094
Myeloid,Pink1,-0.06455982,0.021170795,0.021170795
Myeloid,Bcl2l1,-0.009004474,0.009396613,0.009396613
Myeloid,Notch2,0.0021992922,0.02465278,0.022453487
Myeloid,Stxbp1,0.019378066,0.18913758,0.16975951
Myeloid,Evl,0.01798892,0.038000643,0.020011723
Myeloid,Atp6ap2,-0.038059115,0.010101318,0.010101318
Myeloid,Atp5o,0.04191351,0.07577938,0.03386587
Myeloid,Nfe2l1,0.00038468838,0.014198005,0.013813317
Myeloid,Ptgs1,-0.0192914,0.059382617,0.059382617
Myeloid,Lamp2,-0.012542725,0.014950156,0.014950156
Myeloid,Irf8,0.0051441193,0.023763835,0.018619716
Myeloid,Ly86,0.014694214,0.09199381,0.077299595
Myeloid,Icam1,-0.05290854,-0.008718014,0.0
Myeloid,Tardbp,0.006663263,0.01271522,0.0060519576
Myeloid,Adipor1,-0.0026979446,0.011853218,0.011853218
Myeloid,Uchl1,0.035645843,0.18838453,0.15273869
Myeloid,Sptan1,0.0040414333,0.022134364,0.01809293
Myeloid,Pmp22,-0.08647263,0.011841178,0.011841178
Myeloid,Tnfrsf1a,-0.017169237,-0.0011383295,0.0
Myeloid,Cd72,0.034682512,0.059258163,0.02457565
Myeloid,Lamtor4,-0.016632557,0.015217781,0.015217781
Myeloid,Sdhb,0.0077257752,0.0186643,0.010938525
Myeloid,Fpr2,-0.12717795,-0.031959534,0.0
Myeloid,Eno2,0.0339635,0.16969639,0.13573289
Myeloid,Sh3bp1,0.003876567,0.011908352,0.0080317855
Myeloid,Dpysl2,0.0147150755,0.071787715,0.05707264
Myeloid,Pfkp,-0.082603335,-0.021508694,0.0
Myeloid,Isg15,-0.11380017,-0.0955714,0.0
Myeloid,Man2b2,-0.012876749,0.010644138,0.010644138
Myeloid,Mlc1,-0.041716814,0.04639989,0.04639989
Myeloid,Pik3cd,-0.00256598,0.0073518753,0.0073518753
Myeloid,Il1rn,-0.10394001,0.0070693493,0.0070693493
Myeloid,Gpr37l1,0.010743976,0.0805437,0.06979972
Myeloid,Pygl,-0.08940542,0.012150586,0.012150586
Myeloid,Dync1h1,0.009397447,0.01555413,0.006156683
Myeloid,Kif1c,-0.017217517,0.009704769,0.009704769
Myeloid,Mal,-0.04584682,-0.0056272745,0.0
Myeloid,Ttyh1,-0.03759849,0.07129282,0.07129282
Myeloid,Fermt3,-0.005146265,0.00483346,0.00483346
Myeloid,Aqp4,-0.019333601,0.07164937,0.07164937
Myeloid,Capn2,-0.011664271,0.010392666,0.010392666
Myeloid,Chd4,-0.004934907,0.0015543103,0.0015543103
Myeloid,Irgm1,-0.095896006,-0.08766222,0.0
Myeloid,Itga5,-0.04038441,0.017681837,0.017681837
Myeloid,Myo1e,0.00025641918,0.02901119,0.02875477
Myeloid,Arap1,0.0008804798,0.014511764,0.013631284
Myeloid,Bax,-0.043062806,0.01220566,0.01220566
Myeloid,Nfe2l2,-0.006329775,0.004283726,0.004283726
Myeloid,Hnrnpm,-0.01327014,0.002108276,0.002108276
Myeloid,Slc8a1,-0.021342158,0.014625251,0.014625251
Myeloid,Arhgef1,-0.0037692785,0.01611054,0.01611054
Myeloid,Sf1,-0.0019325018,0.005674243,0.005674243
Myeloid,B4galnt1,-0.015480757,0.0072510242,0.0072510242
Myeloid,Stmn4,-0.0757581,-0.009035349,0.0
Myeloid,Cmtm6,-0.017462969,0.00944078,0.00944078
Myeloid,Cct8,-0.0122795105,-0.006072879,0.0
Myeloid,Meg3,-0.005979538,0.039036334,0.039036334
Myeloid,Hck,-0.02534604,-0.014724255,0.0
Myeloid,Rhog,0.014277041,0.028021991,0.01374495
Myeloid,Ank,-0.11432207,-0.065523624,0.0
Myeloid,Nampt,-0.07661688,-0.014397383,0.0
Myeloid,Irf5,-0.005249977,0.013079107,0.013079107
Myeloid,Tgfbr2,-0.11101997,-0.02134192,0.0
Myeloid,Gsdmd,-0.006282449,0.011842251,0.011842251
Myeloid,Ywhaz,0.009124339,0.013340473,0.0042161345
Myeloid,Pnpla2,-0.03873551,0.01187104,0.01187104
Myeloid,Cmip,0.0014175177,0.0034637451,0.0020462275
Myeloid,Lyn,0.0022400022,0.008729875,0.006489873
Myeloid,Ccl5,-0.042225003,-0.017602086,0.0
Myeloid,Adam10,0.001370132,0.0069894195,0.0056192875
Myeloid,Sirt2,-0.018548131,-0.00849247,0.0
Myeloid,Brd2,-0.008661032,0.0011900663,0.0011900663
Myeloid,Cct5,0.005717814,0.011516631,0.0057988167
Myeloid,Csde1,0.007954061,0.021677792,0.013723731
Myeloid,Tnfaip3,-0.04605019,0.005037904,0.005037904
Myeloid,Erbin,-0.011804581,0.0012780428,0.0012780428
Myeloid,Sncb,0.03858304,0.20299786,0.16441482
Myeloid,Mapt,-0.041270256,0.032379568,0.032379568
Myeloid,Fkbp5,-0.018761873,-0.01233983,0.0
Myeloid,Gnao1,-0.031036258,0.039295793,0.039295793
Myeloid,Rpn1,-0.008046508,0.00010406971,0.00010406971
Myeloid,Mapk8ip1,-0.044663668,0.083500504,0.083500504
Myeloid,Gpi1,0.006740153,0.009896457,0.0031563044
Myeloid,Vdac2,0.016957283,0.01519984,-0.001757443
Myeloid,Gnb1,0.013110638,0.018837571,0.0057269335
Myeloid,Kif1b,-0.04942155,0.0347535,0.0347535
Myeloid,Entpd1,-0.0077114105,0.009006381,0.009006381
Myeloid,Cyfip2,0.010767162,0.08353597,0.07276881
Myeloid,Echs1,0.010643363,0.023992658,0.013349295
Myeloid,Csf2rb,-0.09723759,-0.026431441,0.0
Myeloid,Cd33,-0.0062818527,0.015956044,0.015956044
Myeloid,Irgm2,-0.04232359,-0.04377997,0.0
Myeloid,S100a1,-0.019921064,0.031158864,0.031158864
Myeloid,Sall1,-0.071154,0.10014582,0.10014582
Myeloid,Pip5k1c,-0.05147779,-0.010704398,0.0
Myeloid,Pak2,0.000839591,0.0019407272,0.0011011362
Myeloid,Tmem173,-0.0402503,0.01581651,0.01581651
Myeloid,Sorbs1,-0.012146473,0.02519244,0.02519244
Myeloid,Agpat3,-0.05092919,0.042585492,0.042585492
Myeloid,Blnk,-0.099986196,-0.044813514,0.0
Myeloid,Ppp2r1a,0.0035315752,0.015440702,0.011909127
Myeloid,Mllt6,-0.01961112,0.0073856115,0.0073856115
Myeloid,Clec4e,-0.08750272,-0.005538225,0.0
Myeloid,Sept4,-0.053381443,0.02415526,0.02415526
Myeloid,Glra1,0.041173697,0.19288981,0.15171611
Myeloid,Plxdc2,-0.1700437,-0.012606978,0.0
Myeloid,Rnf13,-0.076711535,-0.025464773,0.0
Myeloid,Apobec3,0.016500771,0.016548574,4.7802925e-05
Myeloid,H2-DMa,-0.0004851818,0.0026563406,0.0026563406
Myeloid,Mapkapk2,-0.03140819,0.0008379221,0.0008379221
Myeloid,Pirb,-0.089277625,0.021365583,0.021365583
Myeloid,Csf2rb2,-0.058625817,-0.004388213,0.0
Myeloid,Atxn10,0.003535509,0.0140096545,0.010474145
Myeloid,Sdha,0.0013766289,0.026441276,0.025064647
Myeloid,Plod3,0.0032060146,0.0078108907,0.004604876
Myeloid,Ppp2r5c,-0.0035219193,0.001236856,0.001236856
Myeloid,C5ar1,-0.07518268,-0.033432126,0.0
Myeloid,Crlf2,-0.015446067,0.0046032667,0.0046032667
Myeloid,Cd180,-0.023015738,0.014905691,0.014905691
Myeloid,Rnf10,-0.0038888454,0.0018214583,0.0018214583
Myeloid,Mprip,-0.00015962124,0.0031590462,0.0031590462
Myeloid,Fgr,-0.10908866,-0.017246246,0.0
Myeloid,Cic,0.004566312,0.004024029,-0.00054228306
Myeloid,Mboat7,-0.0006209612,0.0018484592,0.0018484592
Myeloid,Ptpa,0.010250688,0.020434678,0.01018399
Myeloid,Ptk2b,-0.009858012,0.0021944642,0.0021944642
Myeloid,Srrm1,0.0029102564,0.005869329,0.0029590726
Myeloid,Ppp2ca,0.006305039,0.009417295,0.0031122565
Myeloid,Acp2,0.0025891066,0.0012254715,-0.0013636351
Myeloid,Myo1c,-0.014055371,0.011340678,0.011340678
Myeloid,P2rx4,-0.009773374,-5.6028366e-05,0.0
Myeloid,Pkn1,0.004112363,0.007784903,0.0036725402
Myeloid,Cdk9,0.005967438,0.004126191,-0.0018412471
Myeloid,Sel1l,0.0021575093,0.0027931333,0.00063562393
Myeloid,Gsk3a,0.0018523335,0.003809452,0.0019571185
Myeloid,Acox1,-0.0019518137,0.014640331,0.014640331
Myeloid,Sec61a1,0.002046585,0.006934345,0.0048877597
Myeloid,Jak1,-0.0053350925,0.00095158815,0.00095158815
Myeloid,Jpt1,-0.038617373,-0.0033912659,0.0
Myeloid,Myd88,-0.08135033,-0.028695226,0.0
Myeloid,Prr5l,-0.0074043274,0.0024002194,0.0024002194
Myeloid,Gabbr1,-0.008167267,0.091851234,0.091851234
Myeloid,Tlr9,-0.039301753,0.012267947,0.012267947
Myeloid,Washc2,0.00062811375,0.0028511882,0.0022230744
Myeloid,Cdc37,0.0052075386,0.0094899535,0.004282415
Myeloid,Stat3,-0.017826676,-0.0065989494,0.0
Myeloid,Dbnl,-0.0062675476,-0.0031980276,0.0
Myeloid,Cd48,-0.018517613,0.0067070723,0.0067070723
Myeloid,Rnf130,-0.008064866,0.0055326223,0.0055326223
Myeloid,Gnaq,0.007436335,0.00830096,0.000864625
Myeloid,Pik3cg,-0.022690654,0.016903877,0.016903877
Myeloid,Eps15,-0.0035225153,0.007098615,0.007098615
Myeloid,Dctn2,7.814169e-05,0.00062328577,0.0005451441
Myeloid,Cs,-0.0034527779,0.0017086267,0.0017086267
Myeloid,Dnm1,0.027236283,0.16900688,0.1417706
Myeloid,Polr2a,-0.00946784,0.00055372715,0.00055372715
Myeloid,Sod2,-0.06794548,-0.0036196709,0.0
Myeloid,Emc1,0.009303331,0.008487582,-0.00081574917
Myeloid,Caprin1,-0.0016584396,-0.0005829334,0.0
Myeloid,F11r,-0.0647248,0.036057055,0.036057055
Myeloid,Bmpr2,-0.01507771,0.004842758,0.004842758
Myeloid,Rtcb,-0.008852243,0.021319985,0.021319985
Myeloid,Diaph1,-0.031594396,0.008521795,0.008521795
Myeloid,Mknk2,-0.0433861,0.004443407,0.004443407
Myeloid,Bicd2,-0.01606536,0.00048536062,0.00048536062
Myeloid,Cd83,-0.04078543,-0.0023474693,0.0
Myeloid,Saraf,-0.039643884,-0.009330511,0.0
Myeloid,Ncoa3,0.0045594573,0.010031462,0.0054720044
Myeloid,Jak3,-0.026571035,-0.0052883625,0.0
Myeloid,Kif21b,-0.059253573,0.010082662,0.010082662
Myeloid,Akt1,-0.011859417,-0.006385207,0.0
Myeloid,Ldb1,-0.041350245,0.012671053,0.012671053
Myeloid,Psmb6,-0.008648396,0.004293442,0.004293442
Myeloid,Abi1,-0.0021585226,0.00019955635,0.00019955635
Myeloid,Il6ra,-0.0059250593,0.016060889,0.016060889
Myeloid,Slc6a11,-0.015648723,0.12989533,0.12989533
Myeloid,Neu1,-0.0056631565,0.006029427,0.006029427
Myeloid,Dctn1,0.004170537,0.0125924945,0.0084219575
Myeloid,P2rx7,-0.023625255,0.003413558,0.003413558
Myeloid,Kif5a,0.037105978,0.1703645,0.13325852
Myeloid,Nsf,0.013491392,0.045242667,0.031751275
Myeloid,Gprc5b,-0.13357604,-0.018901706,0.0
Myeloid,Elavl1,0.008618653,0.010185182,0.0015665293
Myeloid,Aplp2,-0.025510073,-0.019461632,0.0
Myeloid,Adgre5,-0.059835076,0.037332416,0.037332416
Myeloid,Plpp3,-0.0013309717,0.015014291,0.015014291
Myeloid,Otud5,-0.0010051727,0.0049681664,0.0049681664
Myeloid,Dock8,-0.019366503,0.0005632639,0.0005632639
Myeloid,Hspd1,-0.00044941902,0.013759196,0.013759196
Myeloid,Smdt1,0.007966101,0.016090691,0.00812459
Myeloid,Cyb5r3,-0.0010368824,0.008684218,0.008684218
Myeloid,Eif4g3,0.008883417,0.008626282,-0.00025713444
Myeloid,Csnk1d,0.00060391426,0.0015624762,0.0009585619
Myeloid,Itpkb,-0.02092266,0.00933212,0.00933212
Myeloid,Lfng,-0.032455206,-0.020709395,0.0
Myeloid,Hipk2,-0.0009765625,-0.00045514107,0.0
Myeloid,Ccr5,-0.021811724,-0.011158466,0.0
Myeloid,Mta2,-0.009522796,0.0025245547,0.0025245547
Myeloid,Klc1,-0.014413238,0.026733696,0.026733696
Myeloid,Rab32,-0.04494226,-0.021698356,0.0
Myeloid,Twf2,-7.069111e-05,0.010931611,0.010931611
Myeloid,Ap2b1,0.001357019,0.004675567,0.0033185482
Myeloid,Myo5a,-0.0175699,-0.012803197,0.0
Myeloid,Apobec1,-0.0062847137,0.019348443,0.019348443
Myeloid,Vdac1,0.019734979,0.045270562,0.025535583
Myeloid,Hist2h2bb,-0.020179987,-0.01723504,0.0
Myeloid,Rbpj,-0.015305281,0.0055125356,0.0055125356
Myeloid,Svil,-0.02481234,0.016263604,0.016263604
Myeloid,Havcr2,-0.025220752,0.028873146,0.028873146
Myeloid,Ighm,-0.09438014,-0.0046640635,0.0
Myeloid,Ptbp1,-0.018785954,0.0080115795,0.0080115795
Myeloid,Jak2,-0.050207615,-0.005478859,0.0
Myeloid,Bach1,-0.0015765429,0.0068341494,0.0068341494
Myeloid,Plod1,-0.036642075,0.013106704,0.013106704
Myeloid,Tnfrsf14,-0.017610192,0.009292185,0.009292185
Myeloid,Prpf8,0.010904193,0.016006052,0.0051018596
Myeloid,Slc1a3,-0.0996536,-0.021234155,0.0
Myeloid,Fli1,-0.0047365427,0.0078108907,0.0078108907
Myeloid,Runx1,-0.0003105402,0.00859499,0.00859499
Myeloid,Nrp1,-0.042249084,-0.005523801,0.0
Myeloid,Bcl6,-0.0036671162,-0.0024632215,0.0
Myeloid,Slc9a9,-0.08080733,-0.00731349,0.0
Myeloid,Gja1,-0.025805116,0.041408956,0.041408956
Myeloid,Ncf4,-0.03623438,0.00082319975,0.00082319975
Myeloid,Sell,-0.04302621,-0.004828334,0.0
Myeloid,Nfkb1,0.0005953312,0.0057162046,0.0051208735
Myeloid,Ehmt2,0.0005454421,-0.0013047457,-0.0005454421
Myeloid,Ncor1,-0.0039263964,0.003145814,0.003145814
Myeloid,Plcg2,0.0074929,0.017236888,0.0097439885
Myeloid,Il13ra1,-0.009835243,-0.0018357038,0.0
Myeloid,Cers2,0.005947709,0.00690037,0.00095266104
Myeloid,Mbd2,-0.0035725832,-0.0008506775,0.0
Myeloid,Mast3,-0.03853023,-0.0014535189,0.0
Myeloid,Zfhx3,-0.07856405,0.006964147,0.006964147
Myeloid,Ccnd3,-0.011668682,-0.004450321,0.0
Myeloid,Itih5,-0.036998034,-0.005145669,0.0
Myeloid,Clic4,-0.0017417669,0.010867536,0.010867536
Myeloid,Hnrnph1,-0.03239107,5.185604e-06,5.185604e-06
Myeloid,Rara,-0.061793685,-0.0066275597,0.0
Myeloid,Eif4g1,0.0029172897,0.002403617,-0.0005136728
Myeloid,Asap1,-0.00076556206,0.008452773,0.008452773
Myeloid,Slc2a1,-0.028637648,0.00027662516,0.00027662516
Myeloid,Tln1,-0.004671812,0.006599903,0.006599903
Myeloid,Trim28,0.006801069,0.010016322,0.0032152534
Myeloid,Nlrp3,-0.024879575,-0.00019943714,0.0
Myeloid,Mmp12,-0.032593727,-0.008641005,0.0
Myeloid,Nfatc1,5.441904e-05,0.004722357,0.0046679378
Myeloid,Atp5f1,0.00797838,0.009739637,0.0017612576
Myeloid,Id2,-0.052740335,-0.013591051,0.0
Myeloid,Sept8,-0.03836298,-0.0104471445,0.0
Neuron,Meg3,0.041926265,0.3955291,0.35360283
Neuron,Gfap,-0.2629671,0.07647908,0.07647908
Neuron,Sst,0.07145929,0.13939512,0.067935824
Neuron,Mbp,0.029996872,0.29934257,0.2693457
Neuron,Snap25,0.1932112,0.40903223,0.21582103
Neuron,Slc32a1,0.07447642,0.14634985,0.07187343
Neuron,Glra1,0.13586205,0.26620376,0.13034171
Neuron,Mt2,-0.13844478,0.07386744,0.07386744
Neuron,Aplp1,0.060701072,0.11931324,0.058612168
Neuron,Tac2,0.024937749,0.047908425,0.022970676
Neuron,Nefm,0.20871794,0.4453737,0.23665577
Neuron,Map1b,0.16716975,0.38690066,0.21973091
Neuron,Aldoa,0.10278803,0.29031563,0.1875276
Neuron,Sncb,0.19456512,0.34281087,0.14824575
Neuron,Uchl1,0.14147687,0.27656317,0.1350863
Neuron,Stxbp1,0.12504923,0.3093475,0.18429828
Neuron,Ldhb,0.26117074,0.45703757,0.19586682
Neuron,Nefh,0.192456,0.42096913,0.22851312
Neuron,Calb2,0.015119314,0.058696926,0.04357761
Neuron,Aldoc,0.030273259,0.17573762,0.14546436
Neuron,Atp1b2,-0.0064530373,0.052329242,0.052329242
Neuron,Eno2,0.091979146,0.23039031,0.13841116
Neuron,Scn4b,0.20858371,0.40169358,0.19310987
Neuron,Hoxb8,0.10571873,0.19100714,0.085288405
Neuron,Ckb,0.04248625,0.15553397,0.11304772
Neuron,Dnm1,0.077361465,0.21190321,0.13454175
Neuron,Gria2,0.118278265,0.24329603,0.12501776
Neuron,Rab3a,0.109301865,0.26158452,0.15228266
Neuron,Nefl,0.18439513,0.38606882,0.20167369
Neuron,Sv2a,0.051690876,0.10076463,0.049073756
Neuron,Car2,0.0056194663,0.06914723,0.06352776
Neuron,Ywhag,0.072030604,0.16364187,0.091611266
Neuron,Dner,0.02611357,0.089624524,0.063510954
Neuron,App,0.0058621764,0.038689256,0.03282708
Neuron,Ndrg2,0.011082768,0.16370505,0.15262228
Neuron,Cyfip2,-0.007829666,0.059348702,0.059348702
Neuron,Camk2b,-0.007954955,0.048609138,0.048609138
Neuron,Ndn,0.0044764876,0.03861767,0.034141183
Neuron,Ptprn2,0.038567126,0.08875084,0.050183713
Neuron,Map2,0.0048128366,0.031928957,0.02711612
Neuron,Atp6v1b2,0.118751526,0.24692559,0.12817407
Neuron,Syp,0.07172871,0.17175686,0.10002816
Neuron,Tubb3,0.108005345,0.22471905,0.1167137
Neuron,Tac1,0.028213441,0.054431796,0.026218355
Neuron,Atp2a2,0.024631917,0.07141942,0.0467875
Neuron,Impact,0.029080331,0.07508463,0.046004295
Neuron,Atp2b2,0.11380851,0.21655756,0.10274905
Neuron,Nsf,0.021089911,0.08842021,0.0673303
Neuron,Gabbr1,-0.02078724,0.00833559,0.00833559
Neuron,Cabp1,0.062339246,0.123755276,0.06141603
Neuron,Rtn3,0.039067626,0.12050885,0.08144122
Neuron,Sptan1,0.08351731,0.14358592,0.060068607
Neuron,Ptgds,-0.0010640621,0.043652058,0.043652058
Neuron,Stmn2,0.05107951,0.10794473,0.056865215
Neuron,Klc2,0.15150565,0.27081788,0.11931223
Neuron,Cnp,0.004654944,0.07071245,0.0660575
Neuron,Prkar1a,0.0067567825,0.039125025,0.032368243
Neuron,Gnao1,0.03942758,0.06335318,0.023925602
Neuron,Mapt,0.0008121729,0.019347668,0.018535495
Neuron,Ndrg4,0.14891833,0.25655508,0.10763675
Neuron,Ahi1,0.05248761,0.13086063,0.078373015
Neuron,Ctss,-0.054075122,-0.011422634,0.0
Neuron,Otof,0.076530516,0.11161721,0.03508669
Neuron,Syn1,0.05194223,0.1564042,0.10446197
Neuron,Dst,0.053931534,0.094609916,0.040678382
Neuron,Atp5o,0.13005197,0.23364526,0.10359329
Neuron,Grin1,-0.008530378,0.030437052,0.030437052
Neuron,Camkv,0.14565098,0.23667198,0.091021
Neuron,Ina,0.14756125,0.2508375,0.10327625
Neuron,Slc6a5,0.08300489,0.14461285,0.061607957
Neuron,Slc6a11,-0.0341295,0.02010709,0.02010709
Neuron,Dpysl2,-0.008288264,0.027516127,0.027516127
Neuron,Kif5a,0.023694336,0.07984722,0.05615288
Neuron,H2-D1,-0.14998698,-0.028266788,0.0
Neuron,Serpina3n,-0.22540998,-0.105353,0.0
Neuron,Sez6l2,0.0061689615,0.020307422,0.01413846
Neuron,Atp6v1a,0.03272003,0.07432717,0.04160714
Neuron,Lrp1,0.033484638,0.0800727,0.046588063
Neuron,Ywhaz,-0.0054308176,0.020059466,0.020059466
Neuron,Cd81,-0.00030446053,0.03529626,0.03529626
Neuron,Acly,0.060878754,0.11393225,0.0530535
Neuron,Rap1gap,0.055190384,0.0827319,0.027541518
Neuron,Vdac1,0.08297467,0.18309885,0.10012418
Neuron,Syn2,-0.0016602278,0.012370706,0.012370706
Neuron,Pkm,0.0979324,0.16249645,0.06456405
Neuron,Rasgrf1,-0.0035306215,0.02832371,0.02832371
Neuron,Rab7,0.019969285,0.039500535,0.01953125
Neuron,Ntsr2,-0.037005424,0.021024346,0.021024346
Neuron,Disp2,0.01447171,0.027566314,0.013094604
Neuron,Pgk1,0.09850538,0.21602786,0.11752248
Neuron,Map1lc3a,0.111658275,0.24031854,0.12866026
Neuron,Snrpn,0.021523058,0.06936318,0.04784012
Neuron,Mapk8ip2,0.012193203,0.041047037,0.028853834
Neuron,Hnrnpa1,0.005334437,0.012129426,0.006794989
Neuron,Prkaca,0.087064445,0.15719926,0.07013482
Neuron,Cmip,0.0072730184,0.028862476,0.021589458
Neuron,Bin1,0.0077397823,0.02549529,0.017755508
Neuron,Syt2,0.2059372,0.3324821,0.1265449
Neuron,Ppp2r1a,-0.010206699,0.033954382,0.033954382
Neuron,Qdpr,0.031194746,0.09629023,0.065095484
Neuron,Hap1,0.077257514,0.18585932,0.10860181
Neuron,Gap43,-0.004133582,0.018468857,0.018468857
Neuron,Mapk8ip1,-0.0006314516,0.012638211,0.012638211
Neuron,Cd74,-0.10805452,-0.0416435,0.0
Neuron,Peg3,-0.0048624277,0.021752238,0.021752238
Neuron,Ttyh1,-0.013163686,0.036866724,0.036866724
Neuron,Rsrp1,-0.0029824972,0.05612278,0.05612278
Neuron,Tpi1,0.06453496,0.16178823,0.09725326
Neuron,Slc8a1,-0.00525856,0.016744912,0.016744912
Neuron,Dync1h1,0.03644836,0.06492722,0.02847886
Neuron,Vamp2,0.05600357,0.09607774,0.04007417
Neuron,Stmn4,-0.0019236803,0.013647139,0.013647139
Neuron,Grk2,0.007985532,0.021485507,0.013499975
Neuron,Apod,-0.020587206,0.031787694,0.031787694
Neuron,Kif5c,0.034981012,0.076055884,0.041074872
Neuron,Kcnab2,0.113503635,0.2256,0.11209637
Neuron,Pfkp,0.0005006194,0.02535075,0.02485013
Neuron,Hoxb9,0.06766164,0.115231454,0.04756981
Neuron,Sfpq,0.043775022,0.1341036,0.090328574
Neuron,Rph3a,0.014104247,0.078254044,0.0641498
Neuron,Gria1,0.06719792,0.10245168,0.035253763
Neuron,Cltc,0.044867814,0.0817163,0.036848485
Neuron,Ebf3,0.09300709,0.17887795,0.08587086
Neuron,Nfe2l1,0.03804934,0.08381075,0.045761406
Neuron,Nedd4,0.03470224,0.051963985,0.017261744
Neuron,Ncam1,0.03088361,0.06158805,0.030704439
Neuron,Slc12a5,-0.017250061,0.01866126,0.01866126
Neuron,Hpcal4,0.12873596,0.18288493,0.054148972
Neuron,Kif1b,0.00045663118,0.0141325,0.0136758685
Neuron,Kcnj10,-0.0035893917,0.108976245,0.108976245
Neuron,Mtch1,0.004600227,0.024102569,0.019502342
Neuron,Tcaf1,0.005111873,0.032044113,0.02693224
Neuron,Gad1,0.0018956661,0.035445035,0.03354937
Neuron,Rnf14,0.025222063,0.050955594,0.02573353
Neuron,Bex3,0.011592448,0.04011631,0.028523862
Neuron,Pink1,-0.00079226494,0.055619657,0.055619657
Neuron,Adgrb1,-0.0038380623,0.028381944,0.028381944
Neuron,Sorl1,-0.00017488003,0.009058297,0.009058297
Neuron,Adcyap1,0.03913963,0.07950091,0.040361285
Neuron,Epb41l1,0.00976944,0.02525717,0.0154877305
Neuron,Add2,0.0015052557,0.004612446,0.0031071901
Neuron,Ctnnb1,0.027080715,0.056112945,0.02903223
Neuron,Epb41l3,0.056717575,0.13482112,0.07810354
Neuron,Dctn1,0.009671509,0.021220803,0.011549294
Neuron,Cct8,0.048411608,0.101677656,0.05326605
Neuron,Tceal5,-0.008858919,0.027632356,0.027632356
Neuron,Thra,0.013545215,0.038080454,0.024535239
Neuron,Selenop,-0.0152288675,0.07536584,0.07536584
Neuron,Prrc2b,0.016183913,0.032305777,0.016121864
Neuron,Plec,0.042390287,0.07456118,0.03217089
Neuron,Ighm,0.01185745,0.015469372,0.0036119223
Neuron,Atxn10,-0.0010098219,0.012428045,0.012428045
Neuron,Nts,0.011165857,0.04874879,0.037582934
Neuron,Lgi3,0.16454071,0.26657844,0.10203773
Neuron,Dlg4,0.036162913,0.060298145,0.024135232
Neuron,Rab6a,0.03490722,0.08066547,0.045758247
Neuron,Gfra1,0.0031301975,0.0346756,0.0315454
Neuron,Pja2,-0.0072734356,0.010376096,0.010376096
Neuron,Sptb,0.006558001,0.017706811,0.01114881
Neuron,Pdia3,-0.028888583,-0.026261806,0.0
Neuron,Pak1,0.027995348,0.077982366,0.049987018
Neuron,Dbn1,0.038263917,0.07180828,0.03354436
Neuron,Klc1,-0.020071864,0.00986141,0.00986141
Neuron,Camk2g,0.0036049485,0.04083401,0.03722906
Neuron,Cldn11,-0.0028465986,0.033687294,0.033687294
Neuron,Camk2d,0.080212355,0.12497592,0.044763565
Neuron,Ywhae,0.017941594,0.09097409,0.0730325
Neuron,Trim2,0.005689442,0.022040427,0.016350985
Neuron,Agpat3,0.02082169,0.039432943,0.018611252
Neuron,Lamp1,0.039684117,0.0759663,0.03628218
Neuron,Sdha,0.031362057,0.047805548,0.016443491
Neuron,Sqstm1,0.005438924,0.017785668,0.012346745
Neuron,Rnd2,0.011535525,0.040027022,0.028491497
Neuron,Ptpa,0.0001320839,0.026847184,0.0267151
Neuron,Ntrk2,0.010548472,0.02410996,0.013561487
Neuron,Ly6h,0.069771826,0.14123857,0.071466744
Neuron,Rac1,-0.0009199381,0.010776818,0.010776818
Neuron,Scn8a,0.0674687,0.14001518,0.07254648
Neuron,Amfr,0.0041098,0.008013964,0.0039041638
Neuron,Slc17a6,-0.0063248873,0.01082623,0.01082623
Neuron,Atp6v0a1,-0.0038278103,0.0059761405,0.0059761405
Neuron,H2-K1,-0.1885693,-0.08887446,0.0
Neuron,Gnb1,-0.008114934,0.010501802,0.010501802
Neuron,Cit,0.008007228,0.020075023,0.012067795
Neuron,Camk2a,0.12629843,0.17025036,0.04395193
Neuron,Gpr37l1,0.0038037896,0.05867189,0.054868102
Neuron,Marcksl1,0.08355427,0.13614494,0.05259067
Neuron,Nmu,0.01472342,0.037335873,0.022612453
Neuron,Efnb3,0.052414775,0.10816467,0.055749893
Neuron,Cttnbp2,0.043944836,0.10710508,0.06316024
Neuron,Hsph1,-0.005838752,0.018117785,0.018117785
Neuron,Ppp3cb,-0.0069391727,0.030195594,0.030195594
Neuron,Etnk1,0.0077486634,0.039797902,0.03204924
Neuron,Dcaf7,0.023899019,0.042859137,0.018960118
Neuron,Sept5,0.0025442839,0.004520476,0.001976192
Neuron,Mboat7,0.015401125,0.038906336,0.02350521
Neuron,Kcnab3,0.11485487,0.2119481,0.097093225
Neuron,Pitpnm1,0.015493572,0.044905722,0.02941215
Neuron,Rbfox3,0.0037962794,0.020590007,0.016793728
Neuron,Mafa,0.009637833,0.038615286,0.028977454
Neuron,Acsl6,0.026852727,0.051531434,0.024678707
Neuron,Gaa,0.05385405,0.09624821,0.04239416
Neuron,Zcchc12,0.019455373,0.07168615,0.052230775
Neuron,Cct5,0.016458333,0.054136217,0.037677884
Neuron,Gja1,-0.010510087,0.038793206,0.038793206
Neuron,Sdhb,0.026165783,0.04984337,0.023677588
Neuron,Lamp5,0.043863,0.086401284,0.042538285
Neuron,Adcy1,0.021260202,0.039339304,0.018079102
Neuron,Prkce,0.0076254606,0.019205213,0.011579752
Neuron,Tardbp,0.0036416054,0.036126852,0.032485247
Neuron,Capn2,0.054484606,0.09333432,0.03884971
Neuron,Gabrb3,0.040944993,0.059449255,0.018504262
Neuron,Gnaq,0.011250019,0.018869102,0.007619083
Neuron,Sh3gl2,0.04151094,0.107733905,0.066222966
Neuron,Scn2a,0.035104394,0.079018235,0.04391384
Neuron,Frrs1l,0.004165292,0.024960756,0.020795465
Neuron,Araf,-0.0033636093,0.0025871992,0.0025871992
Neuron,B2m,-0.13913417,-0.023573518,0.0
Neuron,Sod1,0.015109181,0.031759977,0.016650796
Neuron,Ppp2ca,0.007783532,0.026184201,0.01840067
Neuron,Ogdh,0.065874636,0.10594189,0.040067255
Neuron,Sept4,0.028292358,0.0805946,0.05230224
Neuron,Mprip,-0.0018428564,0.0060866475,0.0060866475
Neuron,Ppt1,0.007817149,0.008567095,0.00074994564
Neuron,Srebf2,0.004419565,0.029679596,0.025260031
Neuron,Map4,-0.0011187792,0.029754043,0.029754043
Neuron,Grik2,0.00903374,0.028401375,0.019367635
Neuron,Prkacb,0.017455637,0.026544333,0.009088695
Neuron,Fasn,-2.4676323e-05,0.0115031,0.0115031
Neuron,Ppp3r1,0.009310126,0.062731564,0.053421438
Neuron,Limk1,0.15284723,0.2661733,0.11332607
Neuron,Gnai2,0.052731395,0.13098156,0.07825017
Neuron,Ndufs1,0.036354244,0.07299477,0.036640525
Neuron,Ap2a2,0.014942825,0.033694327,0.018751502
Neuron,Celsr2,0.0031135678,0.018479109,0.015365541
Neuron,Gprc5b,0.0018025637,0.06664389,0.06484133
Neuron,Cdk5r1,0.015855968,0.028637946,0.012781978
Neuron,Gsk3a,0.005679667,0.012696266,0.007016599
Neuron,Brsk2,-5.054474e-05,0.008014202,0.008014202
Neuron,Ank,0.01030606,0.025589287,0.015283227
Neuron,Gars,0.09306866,0.17941982,0.086351156
Neuron,Dctn2,0.0006477833,0.0018054247,0.0011576414
Neuron,Celsr3,0.013597369,0.08821303,0.07461566
Neuron,Scn1a,0.058427095,0.11603832,0.057611227
Neuron,Pdyn,0.022796154,0.036159575,0.013363421
Neuron,Pi4ka,0.022322059,0.026316106,0.0039940476
Neuron,Atp6ap2,-0.0030796528,0.018675745,0.018675745
Neuron,Csde1,0.050313354,0.101076245,0.05076289
Neuron,Cacna2d1,0.064439,0.14009196,0.07565296
Neuron,Caskin1,-0.0024704933,0.0012453198,0.0012453198
Neuron,Kif5b,0.0029084682,0.045882404,0.042973936
Neuron,Gad2,0.018263698,0.043304384,0.025040686
Neuron,Adora1,0.0066423416,0.014736533,0.008094192
Neuron,Arrb1,-0.002085328,0.009609818,0.009609818
Neuron,Grb10,0.015960097,0.043076277,0.02711618
Neuron,Syne1,0.010164678,0.033097506,0.022932827
Neuron,Ank1,0.020416558,0.0587523,0.03833574
Neuron,Arnt2,0.031789005,0.05984336,0.028054357
Neuron,Sorbs1,-0.017860532,0.003304243,0.003304243
Neuron,Cspg5,-0.0013594627,0.014872968,0.014872968
Neuron,Hnrnpm,0.020900548,0.0607903,0.039889753
Neuron,Spock3,0.025123775,0.0413419,0.016218126
Neuron,Hspd1,0.031222701,0.06376612,0.03254342
Neuron,Ap2b1,-0.0062965155,0.011203766,0.011203766
Neuron,Acox1,0.0014897585,0.006795168,0.0053054094
Neuron,Dkk3,0.009871781,0.02006787,0.01019609
Neuron,Gria4,0.027642727,0.046691954,0.019049227
Neuron,Fgfr3,-0.034231067,0.03262782,0.03262782
Neuron,Maf,-0.0017172098,0.04769206,0.04769206
Neuron,Slit1,0.052654266,0.080706656,0.02805239
Neuron,Cpeb4,-0.0020639896,0.012329936,0.012329936
Neuron,Bmpr2,0.007938385,0.026409984,0.018471599
Neuron,Lbh,0.06458157,0.09396583,0.029384255
Neuron,Apc2,0.005737722,0.016512394,0.010774672
Neuron,Hexb,-0.01377511,0.013214111,0.013214111
Neuron,Jun,0.021600425,0.033681512,0.012081087
Neuron,Srrm1,0.019078434,0.05412078,0.035042346
Neuron,Aplp2,0.0012282133,0.00527817,0.004049957
Neuron,Kpnb1,0.003499329,0.005640745,0.002141416
Neuron,Map2k1,0.009602368,0.019444764,0.009842396
Neuron,Aqp4,-0.0081743,0.064709246,0.064709246
Neuron,Eps15,-0.0017642975,0.014943719,0.014943719
Neuron,Cntn1,0.00040084124,0.021278083,0.020877242
Neuron,Tecr,0.049419165,0.10580891,0.05638975
Neuron,Prpf8,-0.009913921,0.0051620603,0.0051620603
Neuron,Tmem63b,0.0029637814,0.0069680214,0.00400424
Neuron,Nptx2,0.021560848,0.044243574,0.022682726
Neuron,Actr2,0.0018030405,0.008476257,0.006673217
Neuron,Atf4,0.007713914,0.027423143,0.01970923
Neuron,Hoxb5,0.02834326,0.048333168,0.019989908
Neuron,Sf1,0.0054421425,0.01206845,0.006626308
Neuron,Dnajc5,-7.927418e-05,0.022392869,0.022392869
Neuron,Nrn1,-0.00930655,0.0030017495,0.0030017495
Neuron,Gpm6a,0.012949944,0.051992238,0.039042294
Neuron,Dnm1l,0.004184425,0.015228331,0.011043906
Neuron,Glg1,0.00022226572,0.03537011,0.035147846
Neuron,Evl,-0.0021471977,0.002393365,0.002393365
Neuron,Ryr2,0.0036757588,0.024870455,0.021194696
Neuron,Kcnt2,0.04943794,0.09263551,0.043197572
Neuron,Adar,0.009506285,0.015356541,0.0058502555
Neuron,Gpi1,0.001055181,0.0067566037,0.0057014227
Neuron,Cbx3,-0.010091186,0.01533252,0.01533252
Neuron,Prpf19,0.06522608,0.12401897,0.05879289
Neuron,Slc25a22,-0.00018966198,0.014172971,0.014172971
Neuron,Dbp,0.043149054,0.060128212,0.016979158
Neuron,Ap1b1,0.01834327,0.030451477,0.012108207
Neuron,Cdk5r2,0.0009851456,0.0076344013,0.0066492558
Neuron,Dgcr2,0.0013310313,0.0038226247,0.0024915934
Neuron,Kcnc1,0.0083242655,0.027199328,0.018875062
Neuron,Atp5f1,0.028297067,0.042619824,0.014322758
Neuron,Fgf12,0.03737527,0.093753636,0.056378365
Neuron,Hivep2,0.016936779,0.0302701,0.013333321
Neuron,B4galnt1,0.0026041865,0.010098994,0.0074948072
Neuron,Itsn1,0.0003400445,0.0036436915,0.003303647
Neuron,Slitrk1,0.00034224987,0.010236144,0.009893894
Neuron,Adcyap1r1,-0.004799485,-0.00088799,0.0
Neuron,Serpine2,0.008763671,0.036673963,0.027910292
Neuron,Grid1,0.016342223,0.043767035,0.027424812
Neuron,Slc9a3r2,0.040359557,0.075203,0.034843445
Neuron,Rbbp4,-0.0038772821,0.020676494,0.020676494
Neuron,Cpsf6,0.013623178,0.041087747,0.027464569
Neuron,Nxph4,0.012426734,0.022952974,0.01052624
Neuron,Emc1,0.0024892688,0.0004543066,-0.0020349622
Neuron,Mapre2,-0.0033898354,0.0008330941,0.0008330941
Neuron,Syt4,-0.0049054623,0.008819997,0.008819997
Neuron,Cct7,0.013155818,0.029959023,0.016803205
Neuron,Ehmt2,0.011213899,0.024393499,0.0131796
Neuron,Smdt1,0.010143399,0.028531611,0.018388212
Neuron,Mag,0.0063732266,0.051767528,0.0453943
Neuron,Cdc37,0.003575027,0.014092267,0.01051724
Neuron,Cntn2,0.0054211617,0.012190819,0.006769657
Neuron,Raf1,0.0032569766,0.004711151,0.0014541745
Neuron,Canx,-0.00078976154,0.0028119683,0.0028119683
Neuron,Kcnc4,0.0018132329,0.013645411,0.011832178
Neuron,Nsmf,0.001227498,0.012052834,0.010825336
Neuron,Emc10,0.003605187,0.006351173,0.002745986
Neuron,Panx2,0.02948749,0.07679492,0.04730743
Neuron,Fyn,0.0026702285,0.013102114,0.010431886
Neuron,Cacna1b,0.036052585,0.074086666,0.03803408
Neuron,Elavl1,-3.9458275e-05,0.0021534562,0.0021534562
Neuron,Gps1,0.0031229854,0.019862413,0.016739428
Neuron,Pafah1b2,0.018996477,0.05995941,0.040962934
Neuron,Sez6,-0.0023236275,0.017871976,0.017871976
Neuron,Park7,0.029958546,0.054096818,0.024138272
Neuron,Mllt6,0.020166337,0.051379263,0.031212926
Neuron,Pkd1,0.0032386184,0.049761295,0.046522677
Neuron,Cpne4,0.006283939,0.009263933,0.0029799938
Neuron,Mapk9,0.025843978,0.048218608,0.02237463
Neuron,Nedd4l,0.043480873,0.07471502,0.031234145
Neuron,Rnf10,-5.9843063e-05,0.0030725002,0.0030725002
Neuron,Pcdh10,0.0012406707,0.0056340694,0.0043933988
Neuron,Asap1,0.024613917,0.044887245,0.020273328
Neuron,Cul3,0.007272005,0.019801676,0.012529671
Neuron,Rad23b,0.0050030947,0.0073774457,0.002374351
Neuron,Syngr3,0.0040754676,0.007162869,0.0030874014
Neuron,Eif4g3,-0.0005069971,0.001260519,0.001260519
Neuron,Adgrl1,0.011837661,0.016079307,0.0042416453
Neuron,Psmd1,0.017835617,0.037462473,0.019626856
Neuron,Chd4,0.0023853183,0.01472646,0.012341142
Neuron,Galnt17,-0.0013606548,0.0064274073,0.0064274073
Neuron,Crmp1,0.031099021,0.0550943,0.02399528
Neuron,Ap3m2,-0.0024977922,0.007596135,0.007596135
Neuron,Arhgap44,0.02086389,0.036324978,0.015461087
Neuron,Enah,0.00023370981,0.0044148564,0.0041811466
Neuron,Saraf,-0.0010424852,0.0055211186,0.0055211186
Neuron,Ermn,0.00612247,0.03710711,0.03098464
Neuron,Mapk10,0.012150407,0.0213027,0.009152293
Neuron,Hspa9,0.019963682,0.031944513,0.011980832
Neuron,Srsf1,0.005282998,0.019121349,0.013838351
Neuron,Cacna1g,0.053799093,0.11020142,0.056402326
Neuron,Kdm5b,0.018354475,0.036542296,0.01818782
Neuron,Myh10,0.023890436,0.050932765,0.02704233
Neuron,Gtf2i,0.022841811,0.051807284,0.028965473
Neuron,Rangap1,0.007112384,0.020586371,0.013473988
Neuron,Mfn2,0.025685012,0.038816273,0.013131261
Neuron,Cartpt,-0.0014879704,0.0034589767,0.0034589767
Neuron,Smyd2,0.046513557,0.08693421,0.04042065
Neuron,Smarcc2,-0.0003657341,0.0044032335,0.0044032335
Neuron,Pde1b,-0.0019487143,0.026576817,0.026576817
Neuron,Coro6,0.02010572,0.055957556,0.035851836
Neuron,Sv2c,0.03020209,0.07552749,0.0453254
Neuron,Frmd4a,-0.010112166,0.0025284886,0.0025284886
Neuron,Fscn1,0.00094795227,0.008428216,0.0074802637
Neuron,Plppr3,0.013059914,0.03414297,0.021083057
Neuron,Gnai1,0.0011150241,0.022595227,0.021480203
Neuron,Ptpn5,0.01532644,0.030180395,0.014853954
Neuron,Mast2,0.011508644,0.011443138,-6.5505505e-05
Neuron,Ppp2r2b,0.004863739,0.018370092,0.013506353
Neuron,Mef2d,0.0088970065,0.019491732,0.010594726
Neuron,Grin2a,0.0015224218,0.032601833,0.031079412
Neuron,Cs,0.009291172,0.022862613,0.013571441
Neuron,Edil3,0.021906793,0.04466659,0.022759795
Neuron,Gnal,-0.0030914545,-0.0037992,0.0
Neuron,Atg13,0.0026304722,0.009358525,0.006728053
Neuron,Grik3,-0.0006748438,0.01137197,0.01137197
Neuron,Mapk1,-0.015657902,0.010363817,0.010363817
Neuron,Grin2d,0.016422749,0.035901904,0.019479156
Neuron,Rtn4,0.0002859831,0.0056145787,0.0053285956
Neuron,Hmgcr,-0.010722399,-4.0888786e-05,0.0
Neuron,Vat1,0.01967454,0.057718158,0.03804362
Neuron,Dpysl3,0.0045181513,0.017619193,0.013101041
Neuron,Cadm1,0.010867,0.014850497,0.0039834976
Neuron,Cryab,0.00015032291,0.044282973,0.04413265
Neuron,Fto,0.000503242,0.003798008,0.003294766
Neuron,Atp2b4,0.023825884,0.040911376,0.017085493
Neuron,Tspyl2,0.0025678277,0.03556031,0.032992482
Neuron,Camsap2,0.0015666485,0.002481699,0.0009150505
Neuron,Hnrnph1,0.012789607,0.040581286,0.027791679
Neuron,Ret,0.021113276,0.06519961,0.044086337
Neuron,Vps28,0.0051249266,0.013906896,0.00878197
Neuron,Nlgn2,0.005284965,0.00589633,0.00061136484
Neuron,Eif4g1,0.0014520288,0.0022510886,0.00079905987
Neuron,Vdac2,0.0146410465,0.02586782,0.011226773
Neuron,Sept8,-0.00028169155,0.0013900399,0.0013900399
Neuron,Plpp3,0.0069230795,0.043520033,0.036596954
Neuron,Slc24a3,0.008907676,0.03474456,0.025836885
Neuron,H2afy,0.01852256,0.03587818,0.01735562
Neuron,Erc2,0.019420385,0.055110335,0.03568995
Neuron,Hspa5,-0.039985657,-0.020243287,0.0
Neuron,Kcnc2,-0.001639843,0.012829661,0.012829661
Neuron,Kcnh1,0.025594056,0.05482638,0.029232323
Neuron,Kmt2e,0.01595658,0.040316164,0.024359584
Neuron,Trim28,0.010679722,0.020043373,0.009363651
Neuron,Cacna2d2,0.005226791,0.01318264,0.007955849
Neuron,Caprin1,-0.0015525818,0.0008110404,0.0008110404
Neuron,Pafah1b1,-0.0028299093,0.016762614,0.016762614
Neuron,Epha5,0.008225501,0.013219357,0.004993856
Neuron,Fam49b,0.008589029,0.015583098,0.0069940686
Neuron,Cd24a,0.04985869,0.0791325,0.029273808
Neuron,Atl1,3.1232834e-05,0.0035720468,0.003540814
Neuron,Dlg1,0.0055013895,0.016164422,0.0106630325
Neuron,Ggnbp2,0.007240653,0.014156342,0.0069156885
Neuron,Marcks,0.058979034,0.10139382,0.042414784
Neuron,Gphn,0.0064341426,0.020073116,0.013638973
Neuron,Gramd1b,0.013941765,0.022365928,0.008424163
Neuron,Mal,-0.0045973063,0.03077674,0.03077674
Neuron,Yars,0.022055626,0.037490726,0.0154351
Neuron,Ache,0.0027811527,0.014018774,0.011237621
Neuron,Slc4a10,0.0056004524,0.017807245,0.012206793
Neuron,Bcr,0.016611516,0.027637422,0.011025906
Neuron,Sel1l,0.003429532,0.0019091368,-0.0015203953
Neuron,Fam107a,-0.016927123,0.032918513,0.032918513
Neuron,Calb1,0.022365212,0.05558741,0.0332222
Neuron,Fstl1,-0.012335777,0.038097322,0.038097322
Neuron,Smarca2,-0.00057065487,0.0065202713,0.0065202713
Neuron,Pcdh8,0.031044126,0.048469603,0.017425478
Neuron,Adgrl3,0.016730487,0.036248147,0.01951766
Neuron,Serpini1,0.022636294,0.037295878,0.014659584
Neuron,Copg1,-0.0070431232,0.0033571124,0.0033571124
Neuron,Nyap2,0.05318731,0.08754295,0.03435564
Neuron,Cxxc5,0.0006611943,0.008469939,0.007808745
Neuron,Ncor2,-0.0013608932,0.005702138,0.005702138
Neuron,Pten,0.0015595555,0.0024861097,0.0009265542
Neuron,Hk1,0.0002476573,0.0075909495,0.0073432922
Neuron,Sod2,0.03904587,0.08185345,0.04280758
Neuron,Abca3,0.012473643,0.015002668,0.002529025
Neuron,Khdrbs1,-0.0023452044,0.006403506,0.006403506
Neuron,Fbxo2,0.07871121,0.14829904,0.06958783
Neuron,Ube2m,0.024460316,0.041649997,0.017189682
Neuron,Sgk1,-0.00905478,0.007183373,0.007183373
Neuron,Flot2,-0.0019273758,-0.00076282024,0.0
Neuron,Ap2a1,0.008738697,0.034180105,0.025441408
Neuron,Anxa6,0.036990523,0.10038245,0.063391924
Neuron,Ap3b2,0.007160902,0.012728095,0.005567193
Neuron,Mlc1,-0.001454711,0.061575115,0.061575115
Neuron,Myo5a,0.0010908246,0.0019923449,0.00090152025
Neuron,Coro1c,0.0009010434,0.002843082,0.0019420385
Neuron,Spag9,-0.006840229,0.019612253,0.019612253
Neuron,Fus,0.0010740757,0.013511002,0.012436926
Neuron,Pkp4,0.004007101,0.026376665,0.022369564
Neuron,Cacna1a,0.004116714,0.019158602,0.015041888
Neuron,Ncor1,0.022487938,0.047144413,0.024656475
Neuron,Ank2,0.0014624596,0.002562821,0.0011003613
Neuron,Got2,0.022735298,0.041879237,0.019143939
Neuron,Ppp2r5c,-0.007986188,0.0061713457,0.0061713457
Neuron,S100a10,-0.039111376,0.008249044,0.008249044
Neuron,Atp2b3,0.02434653,0.043654144,0.019307613
Neuron,Sema5a,0.029600859,0.045587897,0.015987039
Neuron,Kcnh5,0.017088234,0.030052602,0.012964368
Neuron,Glud1,-0.0068739653,0.012035966,0.012035966
Neuron,Hoxb3,0.044145405,0.08590263,0.041757226
Neuron,Tnr,0.033658504,0.051618457,0.017959952
Neuron,Fbxl19,0.011146247,0.033883035,0.022736788
Neuron,Usp22,0.0032780766,0.010098159,0.0068200827
Neuron,Mycbp2,0.007297337,0.010341048,0.0030437112
Neuron,Fbxo3,-0.0005236864,0.011297286,0.011297286
Neuron,Tgfbr3,0.022748113,0.04320228,0.020454168
Neuron,Rims2,0.019876719,0.035774708,0.01589799
Neuron,Pianp,0.016887367,0.03460884,0.017721474
Neuron,Smarca4,0.00034344196,0.0019029379,0.0015594959
Neuron,Anapc2,0.0030204058,0.0042873025,0.0012668967
Neuron,Rpn1,-0.001069665,-0.00029814243,0.0
Neuron,Cntnap1,-0.0013103485,0.008772373,0.008772373
Neuron,Dync1i2,-0.0044578314,0.007149279,0.007149279
Neuron,Pak3,-0.0023795366,0.00643754,0.00643754
Neuron,Rcn2,-0.014318585,0.0021490455,0.0021490455
Neuron,L1cam,0.01935488,0.024728417,0.0053735375
Neuron,Anapc5,0.015489638,0.03348708,0.017997444
Neuron,Cacna1d,0.006661296,0.045882106,0.03922081
Neuron,Flnb,-0.011945128,0.01818508,0.01818508
Fibroblast,Ptgds,0.09687185,0.27422822,0.17735636
Fibroblast,Cd74,-0.04438424,0.054379523,0.054379523
Fibroblast,Gfap,0.04344207,0.24837804,0.20493597
Fibroblast,Igf2,-0.04124677,-0.0024985075,0.0
Fibroblast,Apod,-0.028918982,0.02061838,0.02061838
Fibroblast,Ctss,0.016069233,0.12530452,0.10923529
Fibroblast,Col1a2,0.056415677,0.11042899,0.054013312
Fibroblast,H2-D1,-0.24068749,-0.09174216,0.0
Fibroblast,H2-Ab1,-0.029381394,0.046624303,0.046624303
Fibroblast,Serping1,0.014905274,0.08208102,0.067175746
Fibroblast,Mt2,-0.0073513985,0.029606044,0.029606044
Fibroblast,H2-Aa,-0.0390141,0.048013747,0.048013747
Fibroblast,H2-Eb1,-0.046916366,0.028456748,0.028456748
Fibroblast,Mbp,0.017040968,0.16092855,0.14388758
Fibroblast,C3,-0.012755632,0.049375653,0.049375653
Fibroblast,Fn1,-0.039714217,0.063513815,0.063513815
Fibroblast,Vtn,-0.10766065,-0.07424152,0.0
Fibroblast,Selenop,-0.043152332,0.010868967,0.010868967
Fibroblast,Itih5,-0.081637144,-0.02125597,0.0
Fibroblast,Col6a2,-0.025114775,0.038766563,0.038766563
Fibroblast,Pltp,-0.05507326,-0.021931171,0.0
Fibroblast,Sfrp4,-0.050159693,-0.021886587,0.0
Fibroblast,B2m,-0.14848793,-0.04444778,0.0
Fibroblast,Fstl1,-0.20432413,-0.12006557,0.0
Fibroblast,Thbs1,-0.067545414,-0.022797227,0.0
Fibroblast,Lrp1,-0.023522854,0.027835667,0.027835667
Fibroblast,H2-K1,-0.017212033,0.09907502,0.09907502
Fibroblast,Igfbp3,-0.040083885,0.00092214346,0.00092214346
Fibroblast,Fmod,-0.1262871,-0.09458172,0.0
Fibroblast,Gpnmb,-0.038971663,0.018864095,0.018864095
Fibroblast,Hexb,0.010296106,0.078165114,0.06786901
Fibroblast,C4b,-0.01796484,0.021447003,0.021447003
Fibroblast,Col1a1,0.08479577,0.13169253,0.046896756
Fibroblast,Ccn2,0.020083964,0.05167973,0.031595767
Fibroblast,Tgm2,-0.23259652,-0.19157863,0.0
Fibroblast,Slc47a1,-0.049681544,0.04499775,0.04499775
Fibroblast,Lum,-0.023231268,0.030551076,0.030551076
Fibroblast,Stab1,-0.014089584,0.00029677153,0.00029677153
Fibroblast,Rbp1,0.008783698,0.06319648,0.054412782
Fibroblast,Neat1,0.00815469,0.14219528,0.1340406
Fibroblast,Aldh1a2,0.026055396,0.084804356,0.05874896
Fibroblast,Tgfbr3,-0.007001996,0.049326956,0.049326956
Fibroblast,Fbln1,-0.019115329,-0.0010174513,0.0
Fibroblast,Grn,-0.00768435,0.031418502,0.031418502
Fibroblast,Pdia3,-0.02500987,-0.013402104,0.0
Fibroblast,Col4a1,0.0065446496,0.0640617,0.05751705
Fibroblast,Anxa2,-0.06800485,-0.027389646,0.0
Fibroblast,Igkc,-0.017439008,-0.012229085,0.0
Fibroblast,Cldn11,0.007519543,0.07848984,0.0709703
Fibroblast,Lamb2,-0.01597178,0.045908153,0.045908153
Fibroblast,Timp1,-0.3364581,-0.27413917,0.0
Fibroblast,Fbn1,-0.13029325,-0.059003353,0.0
Fibroblast,Rab7,-0.02173853,0.010242164,0.010242164
Fibroblast,Lamp1,0.02198881,0.06497145,0.042982638
Fibroblast,Hspg2,-0.010531783,0.016394079,0.016394079
Fibroblast,Pdgfrb,-0.017098427,0.005138457,0.005138457
Fibroblast,Lamc1,0.013024569,0.036803007,0.023778439
Fibroblast,Txnip,-0.019439578,0.004932165,0.004932165
Fibroblast,Aldoa,0.018699408,0.058879852,0.040180445
Fibroblast,Ckb,-0.0035444498,0.08049065,0.08049065
Fibroblast,Plpp3,-0.0498631,-0.01022017,0.0
Fibroblast,Bmp1,-0.098673224,-0.03432727,0.0
Fibroblast,Tmem176a,0.01292026,0.052061737,0.039141476
Fibroblast,Cd81,-0.0429101,0.023787558,0.023787558
Fibroblast,Col18a1,0.0010648966,0.027989924,0.026925027
Fibroblast,Gnai2,-0.022559881,0.0077545047,0.0077545047
Fibroblast,Serpina3n,-0.0065528154,0.024070919,0.024070919
Fibroblast,Klf5,0.022578597,0.078983665,0.056405067
Fibroblast,P4hb,-0.056002975,-0.032910585,0.0
Fibroblast,Mcl1,-0.10912526,-0.05675912,0.0
Fibroblast,App,0.01752454,0.027230322,0.009705782
Fibroblast,Atp1b2,-0.017888427,0.022816658,0.022816658
Fibroblast,Nedd4,-0.013997197,0.016414165,0.016414165
Fibroblast,Serpind1,0.043996394,0.13285685,0.08886045
Fibroblast,Plec,-0.023997903,-0.0010801554,0.0
Fibroblast,S100a10,-0.028057694,0.02270323,0.02270323
Fibroblast,Csf1r,0.011599004,0.045109987,0.033510983
Fibroblast,Ctnnb1,0.0053191185,0.047782958,0.04246384
Fibroblast,Jun,-0.027941227,-0.016347885,0.0
Fibroblast,Slc1a3,0.010960102,0.020780802,0.0098207
Fibroblast,Lgals1,-0.047024608,-0.0017232895,0.0
Fibroblast,Nid1,-0.011128187,0.021905065,0.021905065
Fibroblast,Arg1,-0.16933036,-0.13594425,0.0
Fibroblast,Crabp2,0.019632578,0.12249845,0.102865875
Fibroblast,Fcgr2b,0.026790977,0.06998664,0.043195665
Fibroblast,Psmb8,-0.053907037,0.011594534,0.011594534
Fibroblast,Chil3,-0.11775732,-0.08259821,0.0
Fibroblast,Col6a3,0.002225697,0.051387846,0.04916215
Fibroblast,Wnt6,-0.0097693205,0.05477512,0.05477512
Fibroblast,Gjb6,0.006311834,0.059777617,0.053465784
Fibroblast,Cd14,-0.0465523,-0.013389945,0.0
Fibroblast,Sorbs1,-0.00809288,0.04275334,0.04275334
Fibroblast,Ndrg2,-0.01277566,0.08702558,0.08702558
Fibroblast,Igf1,-0.038259268,-0.022432208,0.0
Fibroblast,Adamts1,-0.06373322,-0.03722167,0.0
Fibroblast,Meg3,-0.022829056,0.020993888,0.020993888
Fibroblast,Il34,-0.047315598,-0.019379258,0.0
Fibroblast,Vstm4,-0.008921862,-0.0011948347,0.0
Fibroblast,Pmp22,0.0019716024,0.031124592,0.02915299
Fibroblast,Eln,-0.018977761,0.0031380653,0.0031380653
Fibroblast,Abca1,-0.031231284,-0.012426853,0.0
Fibroblast,Flna,-0.020752907,-0.0014864206,0.0
Fibroblast,Rsrp1,-0.003079772,0.052245677,0.052245677
Fibroblast,Msn,-0.050703168,-0.00750041,0.0
Fibroblast,Lbh,0.009287417,0.015458822,0.0061714053
Fibroblast,Rnaset2a,0.045357466,0.06988633,0.024528861
Fibroblast,Moxd1,0.025932431,0.035888314,0.009955883
Fibroblast,Notch2,0.01424247,0.04269451,0.028452039
Fibroblast,Serpine2,-0.002514124,0.026729822,0.026729822
Fibroblast,Cryab,-0.0051442385,0.040724277,0.040724277
Fibroblast,Hnrnpa1,-0.02178216,-0.008840084,0.0
Fibroblast,Tnxb,-0.015336275,0.04308921,0.04308921
Fibroblast,Maf,-0.020643234,-0.016626835,0.0
Fibroblast,Rhoa,-0.02030611,-0.006927371,0.0
Fibroblast,Bmp6,-0.018198967,0.035196245,0.035196245
Fibroblast,Itgb1,-0.007142782,-0.0014187098,0.0
Fibroblast,Thbs2,-0.01454258,-0.00083088875,0.0
Fibroblast,Gng11,0.015567303,0.052993417,0.037426114
Fibroblast,Sptan1,-0.0018687248,0.011213958,0.011213958
Fibroblast,H2-T23,0.0206151,0.031198382,0.0105832815
Fibroblast,Cd68,0.038520455,0.09451127,0.055990815
Fibroblast,Aplp1,0.005495727,0.041678667,0.03618294
Fibroblast,Fgfr1,0.0014739037,0.054109275,0.05263537
Fibroblast,Itgam,-0.083927155,-0.031201482,0.0
Fibroblast,Cnp,-0.022278786,0.019051969,0.019051969
Fibroblast,Itgb4,-0.01243794,0.031683266,0.031683266
Fibroblast,H19,-0.031057715,0.013401449,0.013401449
Fibroblast,Gjb2,0.012273431,0.035591006,0.023317575
Fibroblast,Sept11,-0.018187642,-0.017910242,0.0
Fibroblast,Cxcl16,0.011960506,0.024920166,0.012959659
Fibroblast,Capn2,-0.022797942,0.0023173094,0.0023173094
Fibroblast,Axl,0.00069636106,0.006660998,0.005964637
Fibroblast,Col4a2,0.01454258,0.06940293,0.054860353
Fibroblast,Nfe2l1,0.002283454,0.032640934,0.03035748
Fibroblast,Gja1,-0.0010312796,0.012260616,0.012260616
Fibroblast,Zic1,-0.0025817156,0.035824835,0.035824835
Fibroblast,Mprip,0.0044680834,0.012983382,0.008515298
Fibroblast,Cxadr,0.012591779,0.06770009,0.05510831
Fibroblast,Dbp,-0.10848796,-0.067756414,0.0
Fibroblast,Myh9,0.006290555,0.04590881,0.039618254
Fibroblast,Sirpa,-0.0108988285,0.02760917,0.02760917
Fibroblast,Hexa,-0.001512289,0.015786767,0.015786767
Fibroblast,Hspa5,-0.08669937,-0.08411193,0.0
Fibroblast,Mmp14,0.02208203,0.03019172,0.008109689
Fibroblast,Cdh5,-0.0020920038,0.02713263,0.02713263
Fibroblast,Pdgfra,-0.00615561,0.006272197,0.006272197
Fibroblast,Amfr,0.0033038259,0.004911542,0.0016077161
Fibroblast,Prelp,-0.015594721,0.03339988,0.03339988
Fibroblast,Cemip,-0.023229003,0.006066978,0.006066978
Fibroblast,Zic2,0.016849458,0.048300862,0.031451404
Fibroblast,Mdk,-0.004340172,0.015547335,0.015547335
Fibroblast,Mafb,0.0228768,0.043722928,0.020846128
Fibroblast,Col15a1,0.039207876,0.10238314,0.06317526
Fibroblast,Rnase4,0.004221797,0.008448482,0.0042266846
Fibroblast,Marcks,0.0014123917,0.029844105,0.028431714
Fibroblast,A2m,0.004727185,0.052922487,0.048195302
Fibroblast,Podxl,-0.017889977,0.028641403,0.028641403
Fibroblast,Tfpi,-0.0044317245,0.027290761,0.027290761
Fibroblast,Cd300lf,-0.08655155,-0.015354872,0.0
Fibroblast,Atf5,-0.04080403,-0.027950168,0.0
Fibroblast,Sfpq,4.7028065e-05,0.021264255,0.021217227
Fibroblast,Spon1,-2.3961067e-05,0.032716393,0.032716393
Fibroblast,Atp2a2,-0.00461483,-0.0020860434,0.0
Fibroblast,Rac1,0.013662159,0.02374202,0.010079861
Fibroblast,Gbp2,-0.13837552,-0.11510563,0.0
Fibroblast,Ccnd3,-0.007301688,0.01043874,0.01043874
Fibroblast,Sdcbp,0.03802997,0.06994927,0.0319193
Fibroblast,Prkar1a,0.010035455,0.014544368,0.0045089126
Fibroblast,Mylk,-0.002393484,0.005459249,0.005459249
Fibroblast,Rhoc,-0.013535023,0.010651767,0.010651767
Fibroblast,Ywhae,0.013010383,0.025571942,0.01256156
Fibroblast,Nr2f2,-0.010255694,0.011394322,0.011394322
Fibroblast,Igfbp2,-0.017507434,-0.007412195,0.0
Fibroblast,Wnt4,0.0042446256,0.023922145,0.01967752
Fibroblast,Slc4a10,-0.04685998,0.018244982,0.018244982
Fibroblast,Gas1,-0.028659344,0.009555221,0.009555221
Fibroblast,Plxnb2,0.005774796,0.007516682,0.0017418861
Fibroblast,Dst,-0.014701486,0.00555861,0.00555861
Fibroblast,Grk2,-0.0070266724,0.032595098,0.032595098
Fibroblast,Epas1,-0.019782543,0.0045847297,0.0045847297
Fibroblast,Pkd1,-0.020109773,0.033419073,0.033419073
Fibroblast,Mfap5,0.009615123,0.048844397,0.039229274
Fibroblast,Fcgrt,-0.01273036,0.0022745132,0.0022745132
Fibroblast,Ccn1,-0.060393333,-0.046859384,0.0
Fibroblast,Rtn4,0.00037771463,0.0061356425,0.005757928
Fibroblast,Lima1,-0.001791954,0.009759784,0.009759784
Fibroblast,Ltbp1,-0.01466465,0.009041905,0.009041905
Fibroblast,Tnfrsf1b,-0.001003623,0.046492457,0.046492457
Fibroblast,Fcgr3,0.0069033504,0.05107689,0.04417354
Fibroblast,Col6a1,-0.023130774,0.00829339,0.00829339
Fibroblast,Rnh1,-0.022207856,-0.012122035,0.0
Fibroblast,Clic4,-0.01588285,0.017051756,0.017051756
Fibroblast,Ddit4,-0.028198242,-0.018223643,0.0
Fibroblast,Csf1,-0.013159633,-0.008275509,0.0
Fibroblast,Cavin1,0.0035933852,0.029695451,0.026102066
Fibroblast,Aldoc,0.014739871,0.07905674,0.06431687
Fibroblast,Svil,-0.0008497238,0.007819474,0.007819474
Fibroblast,Sqstm1,-0.0030691624,-0.00026512146,0.0
Fibroblast,Cd163,-0.00557065,0.004932761,0.004932761
Fibroblast,Tnfrsf1a,-0.004462719,0.0040861964,0.0040861964
Fibroblast,Tjp1,-0.012076616,0.028194368,0.028194368
Fibroblast,Wls,-0.01226151,0.014701247,0.014701247
Fibroblast,Irf1,-0.06260598,-0.024199247,0.0
Fibroblast,Ctsl,0.009951651,0.02544874,0.015497088
Fibroblast,Cltc,0.00519228,0.008206427,0.0030141473
Fibroblast,Oasl2,-0.088519454,-0.06711197,0.0
Fibroblast,Samhd1,-0.06926334,-0.028065324,0.0
Fibroblast,Syk,-0.041630745,0.04051453,0.04051453
Fibroblast,Nr1d1,-0.09666872,-0.053375363,0.0
Fibroblast,Pkm,-0.05523908,-0.03968382,0.0
Fibroblast,Map1b,-0.00046515465,0.015897512,0.015897512
Fibroblast,Lmna,-0.01107955,0.0026256442,0.0026256442
Fibroblast,F13a1,-0.0136499405,0.0044793487,0.0044793487
Fibroblast,Map4k4,-0.010099769,-0.004333377,0.0
Fibroblast,Smoc2,-0.0022565126,0.0661332,0.0661332
Fibroblast,Nlrc5,-0.02278328,0.020665586,0.020665586
Fibroblast,Fat1,0.0016021729,0.0049967766,0.0033946037
Fibroblast,Picalm,-0.009958267,0.0025545359,0.0025545359
Fibroblast,Frmd4a,-0.0035089254,0.011460245,0.011460245
Fibroblast,Gm2a,0.0064589977,0.03166932,0.025210321
Fibroblast,Itgb5,0.018342316,0.0440709,0.025728583
Fibroblast,Foxp1,-0.012193441,0.017179966,0.017179966
Fibroblast,Trem2,-0.017234087,0.020274103,0.020274103
Fibroblast,Rtn3,0.008753598,0.013084173,0.0043305755
Fibroblast,Sec61a1,-0.0035095215,0.006975472,0.006975472
Fibroblast,Rab5c,-0.029490232,-0.0069179535,0.0
Fibroblast,Zbtb16,-0.08045411,-0.0366385,0.0
Fibroblast,Cxcr2,-0.13652825,-0.0804975,0.0
Fibroblast,Kpnb1,-0.00927043,0.00051909685,0.00051909685
Fibroblast,Slc22a8,0.018779993,0.10468906,0.08590907
Fibroblast,Ppt1,0.0144072175,0.017333508,0.00292629
Fibroblast,C3ar1,0.0031055808,0.025883496,0.022777915
Fibroblast,Plac8,-0.09655559,-0.06876719,0.0
Fibroblast,Tardbp,0.005812764,0.018088758,0.012275994
Fibroblast,Hic1,-0.014105439,0.0033627748,0.0033627748
Fibroblast,Lox,-0.09565592,-0.059236288,0.0
Fibroblast,Cx3cr1,0.0073284507,0.037194073,0.029865623
Fibroblast,Foxc2,0.012860775,0.061232388,0.048371613
Fibroblast,Smoc1,0.019626081,0.07762474,0.057998657
Fibroblast,Kif1c,0.0051498413,0.009299874,0.004150033
Fibroblast,Chd4,-0.0042728186,0.0032314658,0.0032314658
Fibroblast,Agpat4,-0.0019198656,0.012002051,0.012002051
Fibroblast,Thbd,0.0032610297,0.035039067,0.031778038
Fibroblast,Tnc,-0.098005176,-0.067626834,0.0
Fibroblast,Cyp1b1,-0.056262255,-0.02549851,0.0
Fibroblast,Cyfip2,0.015180111,0.044344425,0.029164314
Fibroblast,Scarb2,0.0008819103,0.018087089,0.017205179
Fibroblast,Il6st,0.00514096,0.0119434595,0.0068024993
Fibroblast,Raf1,0.00058215857,0.005061984,0.0044798255
Fibroblast,Fscn1,-0.032701492,0.0026285052,0.0026285052
Fibroblast,Dpysl3,-0.026807785,-0.0077638626,0.0
Fibroblast,Ifngr1,0.023099422,0.043825388,0.020725965
Fibroblast,Fkbp5,-0.04386592,-0.024651527,0.0
Fibroblast,Dbn1,-0.049281478,-0.03515458,0.0
Fibroblast,Jchain,-0.012760878,-0.007873774,0.0
Fibroblast,Chil1,-0.10106838,-0.09151816,0.0
Fibroblast,Actr2,0.003011644,0.017809331,0.0147976875
Fibroblast,Myo1c,-0.00079762936,0.0022266507,0.0022266507
Fibroblast,Selplg,-0.053424,0.0042150617,0.0042150617
Fibroblast,Furin,-0.024484873,-0.0099515915,0.0
Fibroblast,Canx,-0.004093051,-0.001851201,0.0
Fibroblast,Fam20c,-0.005102873,5.9187412e-05,5.9187412e-05
Fibroblast,Arap1,0.00203681,0.0068582892,0.0048214793
Fibroblast,Calu,-0.011795163,-0.0055549145,0.0
Fibroblast,Prkcd,-0.00295794,0.029654682,0.029654682
Fibroblast,Vat1,0.001583457,0.012674928,0.011091471
Fibroblast,Aplp2,-0.0026657581,0.01584518,0.01584518
Fibroblast,Dync1h1,0.002532959,0.0004323125,-0.0021006465
Fibroblast,Marcksl1,-0.019366145,0.010215223,0.010215223
Fibroblast,Unc93b1,0.011315584,0.035802126,0.024486542
Fibroblast,Sf1,0.0005557537,0.0050050616,0.004449308
Fibroblast,Itgb2,-0.004612565,0.04378885,0.04378885
Fibroblast,Dnm2,-0.0013307333,0.009705186,0.009705186
Fibroblast,Tsc22d3,-0.03822744,-0.014930487,0.0
Fibroblast,Ntn1,-0.024687886,0.034031928,0.034031928
Fibroblast,Cd9,0.002748847,0.026621222,0.023872375
Fibroblast,Igha,-0.020711184,-0.01796341,0.0
Fibroblast,Col5a1,-0.0041650534,0.004540682,0.004540682
Fibroblast,Cyb5r3,0.0049019456,0.03209573,0.027193785
Fibroblast,Thbs3,-0.020653248,0.018277943,0.018277943
Fibroblast,Ncf1,-0.039553523,0.015494823,0.015494823
Fibroblast,Tpcn1,-0.0062589645,0.016153157,0.016153157
Fibroblast,Map4,-0.003190875,0.026161432,0.026161432
Fibroblast,Osmr,-0.0050537586,0.009469569,0.009469569
Fibroblast,Fzd1,-0.010121226,0.009317458,0.009317458
Fibroblast,Sept8,-0.0026191473,0.0025301576,0.0025301576
Fibroblast,Itga5,-0.07574928,-0.051576495,0.0
Fibroblast,Sgk1,-0.026329517,-0.0015851259,0.0
Fibroblast,Rnf10,-0.0017802715,-0.00045406818,0.0
Fibroblast,Ogn,-0.00016903877,0.026368618,0.026368618
Fibroblast,Spi1,0.008318722,0.051942885,0.043624163
Fibroblast,Arhgef1,0.00023430586,0.015054822,0.014820516
Fibroblast,Il10ra,0.0068569183,0.037335753,0.030478835
Fibroblast,Lgals9,-0.009910703,-0.00091326237,0.0
Fibroblast,Rpn1,-0.010158539,0.001249969,0.001249969
Fibroblast,Socs3,-0.122289896,-0.084025264,0.0
Fibroblast,Agpat3,0.00041347742,0.005853176,0.0054396987
Fibroblast,Gpc4,0.006957233,0.013079405,0.006122172
Fibroblast,Utrn,-0.012800932,0.011511624,0.011511624
Fibroblast,Dag1,-0.0012938976,0.010223031,0.010223031
Fibroblast,Nrp1,0.0014535785,0.0052833557,0.0038297772
Fibroblast,Mmp2,0.0035265684,0.015084088,0.011557519
Fibroblast,Cxcl12,-0.006983876,0.0029366612,0.0029366612
Fibroblast,Sult1a1,-0.014036179,0.009217262,0.009217262
Fibroblast,Gprc5b,0.0023329854,0.027981877,0.025648892
Fibroblast,Zeb2,0.016388834,0.029051721,0.012662888
Fibroblast,Klc1,0.0055351257,0.013927221,0.008392096
Fibroblast,Hlf,-0.001889348,0.033017814,0.033017814
Fibroblast,Atp5o,0.009087741,0.025712848,0.016625106
Fibroblast,Gtf2i,-0.010691404,-0.00046265125,0.0
Fibroblast,Lamp2,0.0014588237,0.0074480176,0.005989194
Fibroblast,Atf4,-0.012427568,-0.0018427372,0.0
Fibroblast,Brd2,-0.004716277,-0.00041639805,0.0
Fibroblast,Hnrnph1,-0.0063079596,0.01669836,0.01669836
Fibroblast,Pink1,-0.000531435,0.047275603,0.047275603
Fibroblast,Ccl5,-0.044536352,-0.0050258636,0.0
Fibroblast,Aif1,0.017197847,0.0450387,0.027840853
Fibroblast,Mtch1,-0.00083458424,0.0046358705,0.0046358705
Fibroblast,Stat1,-0.07982147,-0.054338813,0.0
Fibroblast,Ctdsp1,0.002772212,0.0064166784,0.0036444664
Fibroblast,Vcl,0.0025351644,0.0073909163,0.004855752
Fibroblast,Snx5,-0.005811572,0.014768064,0.014768064
Fibroblast,Ldhb,0.0043696165,0.043036938,0.03866732
Fibroblast,Eng,-0.0050518513,0.006898701,0.006898701
Fibroblast,Ighm,-0.018210411,0.0028775334,0.0028775334
Fibroblast,Ptpru,0.010709107,0.056271136,0.04556203
Fibroblast,Iqgap1,-0.002925396,0.008745074,0.008745074
Fibroblast,Atp6v1a,0.0012310147,0.015647948,0.014416933
Fibroblast,Ptpn6,-0.012466431,0.030950665,0.030950665
Fibroblast,Atxn10,0.00021606684,0.0011423826,0.0009263158
Fibroblast,Ccl8,-0.00660336,0.0043643117,0.0043643117
Fibroblast,Cdh1,0.011201501,0.10253376,0.09133226
Fibroblast,Fbln2,-0.029022217,-0.002982974,0.0
Fibroblast,Dusp6,0.016904056,0.027122915,0.010218859
Fibroblast,Ywhag,-0.012236476,-0.0069179535,0.0
Fibroblast,Adgre1,0.016155005,0.03553599,0.019380987
Fibroblast,Cybb,-0.014495492,0.02085948,0.02085948
Fibroblast,Sdhb,0.0042128563,0.011654019,0.007441163
Fibroblast,Hnrnpm,-0.0025351048,0.0065009,0.0065009
Fibroblast,Polr2a,-0.0030543804,0.0010799766,0.0010799766
Fibroblast,Ldb1,-0.0027964115,0.010718346,0.010718346
Fibroblast,Mrc1,-0.00990057,0.0066763163,0.0066763163
Fibroblast,Eya2,-2.1100044e-05,0.028048158,0.028048158
Fibroblast,Bmpr2,0.001062274,0.00035572052,-0.00070655346
Fibroblast,Acly,-0.00067842007,0.0038477182,0.0038477182
Fibroblast,Dpysl2,-0.0056803226,0.0036694407,0.0036694407
Fibroblast,Saraf,0.003697157,0.0106063485,0.0069091916
Fibroblast,Ncor2,-0.0015772581,0.001578331,0.001578331
Fibroblast,Prrc2b,-0.0033566952,-0.0018206835,0.0
Fibroblast,Ctnnd1,-0.003066063,0.0008249283,0.0008249283
Fibroblast,Col12a1,-0.020937324,0.04380077,0.04380077
Fibroblast,Srrm1,0.0008519292,0.004291296,0.0034393668
Fibroblast,Foxc1,0.0032313466,0.02481258,0.021581233
Fibroblast,Adam10,-0.0056369305,-0.0009765625,0.0
Fibroblast,Csde1,0.009751797,0.0172019,0.0074501038
Fibroblast,Stat3,-0.008749962,-0.0024219751,0.0
Fibroblast,Pkp4,0.0041015744,0.05369878,0.049597204
Fibroblast,Car2,0.008494198,0.022487223,0.013993025
Fibroblast,Srebf2,-0.017980337,-0.007387519,0.0
Fibroblast,Cxcl13,-0.0093925,0.0008612871,0.0008612871
Fibroblast,Sdha,0.00469321,0.011549711,0.006856501
Fibroblast,Ybx3,-0.0138783455,0.0052208304,0.0052208304
Fibroblast,Foxp4,-0.00679183,0.0045304894,0.0045304894
Fibroblast,Sel1l,0.001157105,0.0039072037,0.0027500987
Fibroblast,Cemip2,-0.0063220263,0.0049901605,0.0049901605
Fibroblast,Bcl6,-0.009705424,-0.0036582947,0.0
Fibroblast,Osr1,0.018384635,0.03973365,0.021349013
Fibroblast,Flnb,-0.001633048,0.018194199,0.018194199
Fibroblast,Ank,-0.0142508745,0.0070114136,0.0070114136
Fibroblast,Ywhaz,0.008382738,0.007925868,-0.0004568696
Fibroblast,Pdpn,-0.01946342,0.0038804412,0.0038804412
Fibroblast,Gas6,-0.044163465,-0.025015593,0.0
Fibroblast,Il4ra,-0.05900669,-0.022266746,0.0
Fibroblast,Pkd2,0.00079345703,0.010673642,0.009880185
Fibroblast,Smtn,-0.0045512915,0.0052297115,0.0052297115
Fibroblast,Man2b2,-0.0068986416,-0.003960848,0.0
Fibroblast,Ptch1,-0.01109314,0.021130383,0.021130383
Fibroblast,Cct5,0.005210817,0.008163393,0.0029525757
Fibroblast,Mboat7,-0.0031934977,-0.00036680698,0.0
Fibroblast,Selenof,-0.0007301569,0.008451104,0.008451104
Fibroblast,Plod3,-6.651878e-05,-0.0028926134,0.0
Fibroblast,Irgm2,-0.045437574,-0.042589545,0.0
Fibroblast,Cdc37,0.0031676888,0.0054298043,0.0022621155
Fibroblast,Nid2,0.0014155507,0.006031871,0.00461632
Fibroblast,Itsn1,-0.011413336,-0.0017285347,0.0
Fibroblast,Tns2,-0.015870929,0.005662799,0.005662799
Fibroblast,Rara,-0.025675416,-0.006415367,0.0
Fibroblast,Rbms1,-0.0033221245,0.0037397146,0.0037397146
Fibroblast,Bin1,0.0036622286,0.00948149,0.005819261
Fibroblast,Nfat5,0.004829228,0.021805286,0.016976058
Fibroblast,Lmo4,-0.010459185,0.014476478,0.014476478
Fibroblast,Tsc22d4,0.0007337332,0.0051287413,0.004395008
Fibroblast,Mxd1,-0.09699905,-0.041834474,0.0
Fibroblast,Pik3r1,-0.016891003,-0.00068080425,0.0
Fibroblast,Trim28,0.00271672,0.0030671358,0.0003504157
Fibroblast,Olfml3,-0.0023747683,0.0132418275,0.0132418275
Fibroblast,Lrrk1,0.0004723668,0.009577334,0.009104967
Fibroblast,Gnb1,0.0069969893,0.012012422,0.005015433
Fibroblast,Acox1,0.004758239,0.0088531375,0.0040948987
Fibroblast,Nfix,-0.012718916,0.004421234,0.004421234
Fibroblast,Icam1,-0.024979949,-0.0014942884,0.0
Fibroblast,Anapc5,-0.0023709536,0.006228626,0.006228626
Fibroblast,Adgra2,-0.0077399015,0.006280482,0.006280482
Fibroblast,Ccl2,-0.041528344,-0.03976059,0.0
Fibroblast,Plin2,-0.004072666,0.031115532,0.031115532
Fibroblast,Kif5b,0.0027824044,0.010607541,0.007825136
Fibroblast,Bcl2l1,-0.003635645,0.0042943954,0.0042943954
Fibroblast,Tap1,-0.042181015,-0.0053663254,0.0
Fibroblast,Mef2a,0.010984063,0.009286165,-0.0016978979
Fibroblast,Dctn2,0.00026136637,0.00097310543,0.00071173906
Fibroblast,Fgfr2,-0.0074362755,-0.0024198294,0.0
Fibroblast,Cct8,-0.0040352345,0.002865851,0.002865851
Fibroblast,Ece1,-0.013925433,-0.0009396076,0.0
Fibroblast,Tgfbr2,0.003154397,0.005134344,0.001979947
Fibroblast,Prrx1,-0.027498722,-0.0030238628,0.0
Fibroblast,Ncoa3,0.003211856,0.010320067,0.0071082115
Fibroblast,Sh3bp1,-0.006529808,0.014527142,0.014527142
Fibroblast,Csnk1d,-0.0024895668,0.0026068091,0.0026068091
Fibroblast,Elavl1,0.006916404,0.0092333555,0.0023169518
Fibroblast,Eif4g1,8.028746e-05,0.0009904504,0.0009101629
Fibroblast,Sept2,0.0030344129,0.00457263,0.0015382171
Fibroblast,Hif1a,-0.012672424,0.007482171,0.007482171
Fibroblast,Ap2a2,-0.0025533438,0.0025672317,0.0025672317
Fibroblast,Dab2,-0.0039441586,0.0016685724,0.0016685724
Fibroblast,Sema3d,-0.001552105,0.039438486,0.039438486
Fibroblast,Ppp2ca,0.00183177,0.003235817,0.001404047
Fibroblast,Ppp2r1a,0.0049162507,0.0073338747,0.002417624
Fibroblast,Lamtor4,0.004251778,0.00921756,0.004965782
Fibroblast,Cic,0.0022360682,0.004442513,0.0022064447
Fibroblast,Ptbp1,-0.02850604,-0.01430285,0.0
Fibroblast,Ptpn1,-0.03840661,-0.013798833,0.0
Fibroblast,Tcf12,0.009546936,0.0113863945,0.001839459
Fibroblast,Msln,0.012571752,0.058921516,0.046349764
Fibroblast,Lama2,-0.031250477,-0.004600048,0.0
Fibroblast,Arhgef12,-0.0012435913,0.006321013,0.006321013
Fibroblast,Jak1,-0.0074710846,0.0057302713,0.0057302713
Fibroblast,Kif1b,-0.0021811724,-0.000315547,0.0
Fibroblast,Gnao1,0.00029700994,0.0009316802,0.00063467026
Fibroblast,Cmip,-0.0102626085,-0.0011931658,0.0
Fibroblast,Emc1,0.005369127,0.0044142604,-0.0009548664
Fibroblast,Glg1,2.9623508e-05,0.004853785,0.0048241615
Fibroblast,Plekhg2,0.0004030466,0.012858629,0.012455583
Fibroblast,Mertk,-0.014746189,0.008220732,0.008220732
Fibroblast,Tle1,-0.0060503483,0.006515205,0.006515205
Fibroblast,Nfib,-0.013025284,0.0061493516,0.0061493516
Fibroblast,Prpf8,0.013328075,0.014378488,0.0010504127
Fibroblast,Gbp7,-0.04979062,-0.037276506,0.0
Fibroblast,Emc10,0.00037944317,0.0017032623,0.0013238192
Fibroblast,Baz1b,-0.0008996725,0.0007019043,0.0007019043
Fibroblast,Adipor1,-0.00063562393,0.006522596,0.006522596
Fibroblast,Mknk2,-0.006009817,0.0014961362,0.0014961362
Fibroblast,Ncor1,0.0021979809,0.00279212,0.0005941391
Fibroblast,Plod1,0.0014926791,0.004627764,0.003135085
Fibroblast,Lama4,-0.0040237904,0.007096827,0.007096827
Fibroblast,Sorl1,-0.013060689,0.019560158,0.019560158
Fibroblast,Mta2,-0.001116991,0.0011752248,0.0011752248
Fibroblast,C2,0.0018596053,0.013024271,0.011164665
Fibroblast,Mbd2,0.0047219396,0.0031556487,-0.0015662909
Fibroblast,Cyfip1,0.009364724,0.017323852,0.007959127
Fibroblast,Csf3r,-0.05846989,0.0009165406,0.0009165406
Fibroblast,S100b,0.0026487708,0.074888766,0.072239995
Fibroblast,Pfkp,-0.027746439,-0.021253586,0.0
Fibroblast,Robo1,-0.0030101538,0.0075048804,0.0075048804
Fibroblast,S100a1,0.009653151,0.051645815,0.041992664
Fibroblast,Pten,0.0017219186,0.0056185722,0.0038966537
Fibroblast,Enpp1,0.017372787,0.03565216,0.018279374
Fibroblast,Cers2,0.0027408004,0.003203392,0.00046259165
Fibroblast,Atp6ap2,0.0018217564,0.0030809045,0.0012591481
Fibroblast,Nfe2l2,0.014853656,0.01628369,0.0014300346
Fibroblast,Baiap2,-0.010057926,0.0090177655,0.0090177655
Fibroblast,Acod1,-0.07730031,-0.043165803,0.0
Fibroblast,Mal,-0.0010814667,0.008810818,0.008810818
Fibroblast,Thrap3,0.0022108555,0.0010274053,-0.0011834502
Fibroblast,Sulf2,-0.0049977303,0.0061681867,0.0061681867
Fibroblast,Atp6v1b2,0.00179106,0.009506285,0.007715225
Fibroblast,Inpp5d,0.0015456676,0.031544626,0.029998958
Fibroblast,Abl1,-0.004344821,1.3768673e-05,1.3768673e-05
Fibroblast,Gpc6,-0.0032211542,0.012832582,0.012832582
Fibroblast,Hmox1,-0.021128893,0.006579995,0.006579995
Fibroblast,Pak2,0.005499482,0.009430587,0.003931105
Fibroblast,Egfr,-0.025761962,0.006166458,0.006166458
Fibroblast,Ctsk,-0.003615737,0.009821296,0.009821296
Fibroblast,Lama1,-0.00017690659,0.035518765,0.035518765
Fibroblast,Caprin1,-0.0011020899,0.0020586848,0.0020586848
Fibroblast,Dctn1,0.00097095966,0.0018410087,0.000870049
Fibroblast,Pgk1,-0.017329574,-0.004799366,0.0
Fibroblast,Otud5,-0.0001899004,0.004619777,0.004619777
Fibroblast,Cd38,-0.001532197,0.021173894,0.021173894
Fibroblast,Kmt2d,-0.0027979612,0.0086016655,0.0086016655
Fibroblast,Emilin1,-0.015495181,-0.0027917624,0.0
Fibroblast,Dock2,-0.0049169064,0.031431496,0.031431496
Fibroblast,Ap2b1,0.0019102693,0.003568709,0.0016584396
Fibroblast,Cxcl10,-0.0526886,-0.040227294,0.0
Fibroblast,Cbx3,0.00044620037,0.0032612085,0.0028150082
Fibroblast,Gpi1,0.0009963512,0.006509125,0.005512774
Fibroblast,Mlc1,0.026762307,0.08363783,0.056875527
Fibroblast,Dnm1,-0.012239099,0.0035979152,0.0035979152
Fibroblast,Ppp2r5c,5.8412552e-05,-0.00036096573,-5.8412552e-05
Fibroblast,Mllt6,0.00038832426,0.0057476163,0.005359292
Fibroblast,Gsk3a,-0.0008456707,-0.0010905266,0.0
Astrocyte,Gfap,0.1868946,0.41654843,0.22965384
Astrocyte,C3,0.3030138,0.5890226,0.28600878
Astrocyte,Serpina3n,-0.1969347,0.08224076,0.08224076
Astrocyte,Mt2,0.007840037,0.2516533,0.24381328
Astrocyte,Atp1b2,0.14706367,0.3600552,0.21299154
Astrocyte,Mbp,0.1065374,0.24929994,0.14276254
Astrocyte,Slc6a11,0.15465325,0.48273635,0.3280831
Astrocyte,A2m,0.13138592,0.39415884,0.26277292
Astrocyte,Aldoc,0.010708332,0.2637192,0.25301087
Astrocyte,Ntsr2,-0.2839557,-0.102102876,0.0
Astrocyte,Gja1,-0.0812341,0.109586775,0.109586775
Astrocyte,Gpr37l1,0.09935975,0.284535,0.18517524
Astrocyte,Ckb,-0.13132858,0.043922305,0.043922305
Astrocyte,Fgfr3,0.018622816,0.2826602,0.26403737
Astrocyte,Aplp1,-0.008459449,0.099039316,0.099039316
Astrocyte,H2-D1,-0.17235208,-0.08943999,0.0
Astrocyte,Aqp4,-0.024121165,0.099576354,0.099576354
Astrocyte,Cd74,0.0051089525,0.100045145,0.09493619
Astrocyte,Serping1,-0.0061677694,0.18680954,0.18680954
Astrocyte,Ctss,0.022282362,0.12617606,0.1038937
Astrocyte,Chil1,-0.19188035,-0.15055585,0.0
Astrocyte,Cd81,-0.049634576,0.06471896,0.06471896
Astrocyte,Ndrg2,0.055149376,0.18806672,0.13291734
Astrocyte,Ttyh1,-0.062063575,0.0630188,0.0630188
Astrocyte,Timp1,-0.36821055,-0.21899176,0.0
Astrocyte,Car2,0.005802214,0.073794246,0.06799203
Astrocyte,H2-K1,-0.17902255,-0.13708925,0.0
Astrocyte,Plpp3,-0.027386189,0.059087813,0.059087813
Astrocyte,Lrp1,-0.06181717,-0.006278038,0.0
Astrocyte,Gjb6,0.073381126,0.31106746,0.23768634
Astrocyte,Kcnj10,-0.0012001991,0.16821408,0.16821408
Astrocyte,Agt,-0.11995387,-0.024272442,0.0
Astrocyte,Selenop,0.018266916,0.113646924,0.09538001
Astrocyte,C4b,0.10338813,0.18785924,0.08447111
Astrocyte,Neat1,0.004305482,0.17797804,0.17367256
Astrocyte,B2m,-0.11262596,-0.05041945,0.0
Astrocyte,Apod,0.010802507,0.0704996,0.05969709
Astrocyte,Snap25,0.096889615,0.3744433,0.27755368
Astrocyte,Mlc1,0.034983933,0.09481591,0.059831977
Astrocyte,Cnp,-0.009292364,0.022111177,0.022111177
Astrocyte,Aldoa,0.007855535,0.112781405,0.10492587
Astrocyte,Cxcl10,-0.17237413,-0.123242855,0.0
Astrocyte,Slc1a3,0.01676172,0.090903044,0.07414132
Astrocyte,Cryab,0.08243686,0.2073654,0.124928534
Astrocyte,Ptgds,0.002816677,0.04232067,0.03950399
Astrocyte,Slc6a9,0.13944578,0.32296157,0.18351579
Astrocyte,Ank,-0.029378533,0.007949233,0.007949233
Astrocyte,Sorbs1,-0.13162911,-0.08368242,0.0
Astrocyte,Map1b,-0.0033707619,0.112241924,0.112241924
Astrocyte,Fam107a,-0.04717529,0.01622665,0.01622665
Astrocyte,Acsl6,-0.011064291,0.10393995,0.10393995
Astrocyte,Padi2,0.043805957,0.07984334,0.036037385
Astrocyte,Bmp1,0.0022306442,0.13205725,0.1298266
Astrocyte,Sox9,0.01587826,0.07765472,0.06177646
Astrocyte,Pltp,0.111356676,0.20201564,0.09065896
Astrocyte,Ldhb,0.025259793,0.08981049,0.0645507
Astrocyte,Tmem176a,0.09402937,0.1709156,0.07688624
Astrocyte,Gpam,0.0047605634,0.04484707,0.040086508
Astrocyte,Hexb,0.023539364,0.07942003,0.055880666
Astrocyte,Capn2,0.04437399,0.12364012,0.07926613
Astrocyte,Map2,0.08461332,0.23134518,0.14673185
Astrocyte,Aplnr,0.20132697,0.23616654,0.03483957
Astrocyte,S1pr1,0.06542164,0.17824054,0.1128189
Astrocyte,Ccl2,-0.16205215,-0.12192321,0.0
Astrocyte,Lamp1,0.04512149,0.10665339,0.0615319
Astrocyte,Serpine2,0.000990212,0.015255034,0.014264822
Astrocyte,Atp2a2,0.041672766,0.069378555,0.027705789
Astrocyte,Dst,0.023275971,0.048773825,0.025497854
Astrocyte,Spon1,-0.006222844,0.039309442,0.039309442
Astrocyte,Ccn1,-0.07038319,0.002468288,0.002468288
Astrocyte,Ntrk2,-5.2332878e-05,0.009699225,0.009699225
Astrocyte,Gprc5b,-0.08096886,-0.028610468,0.0
Astrocyte,Slc16a1,0.00014215708,0.16709864,0.16695648
Astrocyte,Id4,0.085641146,0.15224427,0.066603124
Astrocyte,Pdia3,-0.07812619,-0.025723934,0.0
Astrocyte,Jun,-0.0031260252,0.09503949,0.09503949
Astrocyte,Plec,0.11765832,0.21352696,0.09586865
Astrocyte,Gbp2,-0.3005129,-0.21234739,0.0
Astrocyte,Gnai2,0.08807987,0.15098196,0.06290209
Astrocyte,Mt1,-0.07592225,0.047647715,0.047647715
Astrocyte,Stxbp1,0.056459785,0.27966964,0.22320986
Astrocyte,Pfkp,0.057624876,0.09643006,0.038805187
Astrocyte,Ncam1,-0.0076206923,0.016662896,0.016662896
Astrocyte,Anxa2,0.09863192,0.26211715,0.16348523
Astrocyte,Gabbr1,0.04866749,0.11678183,0.06811434
Astrocyte,Camk2g,-0.0571661,0.031622946,0.031622946
Astrocyte,Lfng,0.019153357,0.1602068,0.14105344
Astrocyte,Rab7,0.016335368,0.05377966,0.037444293
Astrocyte,Adgrg1,0.044106364,0.13861644,0.09451008
Astrocyte,Gm2a,0.0016317964,0.094634235,0.09300244
Astrocyte,Itih5,0.07451993,0.14783007,0.07331014
Astrocyte,Meg3,-0.0243963,0.050901055,0.050901055
Astrocyte,Dbp,-0.111487746,-0.088173866,0.0
Astrocyte,Abca1,0.016080022,0.08835155,0.072271526
Astrocyte,Itpkb,-0.025870204,-0.006898284,0.0
Astrocyte,S100a10,0.025844336,0.1507225,0.12487817
Astrocyte,Sncb,0.07254207,0.29532474,0.22278267
Astrocyte,Slc7a10,0.12836468,0.34142345,0.21305877
Astrocyte,Nefl,0.117473006,0.2827044,0.1652314
Astrocyte,Ddr1,0.05346918,0.15546739,0.10199821
Astrocyte,Qdpr,0.0036426187,0.08630031,0.082657695
Astrocyte,Appl2,-0.07070267,0.0537771,0.0537771
Astrocyte,Igsf11,-0.018285751,0.0022615194,0.0022615194
Astrocyte,Eno2,0.03722745,0.23519206,0.19796461
Astrocyte,Nefh,0.07542747,0.22877246,0.15334499
Astrocyte,Cldn11,-0.004241824,0.022858799,0.022858799
Astrocyte,Rtn3,-0.0019996166,0.039954424,0.039954424
Astrocyte,Psd2,-0.008474708,0.1228711,0.1228711
Astrocyte,Msn,-0.0379647,0.10533571,0.10533571
Astrocyte,Luzp2,-0.064252615,-0.017701745,0.0
Astrocyte,Agpat3,-0.012379289,-0.0051751137,0.0
Astrocyte,Thbs2,-0.04439199,0.068677604,0.068677604
Astrocyte,Tssc4,0.025602102,0.058493733,0.03289163
Astrocyte,Kif1b,-0.0058447123,0.019988775,0.019988775
Astrocyte,Slc14a1,0.0010364056,0.049342632,0.048306227
Astrocyte,Txnip,0.11711824,0.21759838,0.10048014
Astrocyte,Tagln,-0.20751786,-0.10508418,0.0
Astrocyte,Uchl1,0.020148218,0.18239838,0.16225016
Astrocyte,Csf1,0.010467052,0.08887726,0.07841021
Astrocyte,Lgals1,0.034208417,0.16877842,0.13457
Astrocyte,Ednrb,0.004118204,0.06776255,0.06364435
Astrocyte,Atp5o,0.03187579,0.08008021,0.048204422
Astrocyte,Sema6d,0.024227262,0.065559804,0.041332543
Astrocyte,App,0.028356731,0.091818154,0.06346142
Astrocyte,Fabp7,0.017131865,0.102460206,0.08532834
Astrocyte,Mapk8ip1,-0.0014337301,0.020931304,0.020931304
Astrocyte,Adcyap1r1,-0.026922107,0.004909575,0.004909575
Astrocyte,Ptprz1,-0.030741334,0.033294916,0.033294916
Astrocyte,Ywhag,0.024192095,0.15225834,0.12806624
Astrocyte,Gnao1,-0.00037026405,0.025289595,0.025289595
Astrocyte,Mylk,-0.02225089,0.071940005,0.071940005
Astrocyte,Tsc22d3,-0.045250654,0.04964292,0.04964292
Astrocyte,Cd38,0.0237512,0.075232446,0.051481247
Astrocyte,Rsrp1,0.0023810267,0.09593254,0.09355152
Astrocyte,Rnaset2a,0.015932083,0.05062008,0.034687996
Astrocyte,Amfr,0.0056561828,0.023635864,0.017979681
Astrocyte,Nefm,0.064465165,0.22922122,0.16475606
Astrocyte,Cldn10,0.030085027,0.16336095,0.13327593
Astrocyte,Col1a2,0.015188932,0.06284082,0.047651887
Astrocyte,Marcksl1,0.08866596,0.16247016,0.0738042
Astrocyte,Ywhae,0.028211474,0.05253911,0.024327636
Astrocyte,Igf2,0.068835616,0.1003747,0.031539083
Astrocyte,Syne1,0.02978295,0.18309402,0.15331107
Astrocyte,Fasn,-0.012301087,0.0003836155,0.0003836155
Astrocyte,Isg15,-0.25482786,-0.22377658,0.0
Astrocyte,Vcl,0.017749071,0.06282765,0.045078576
Astrocyte,Nr1d1,-0.07600677,-0.019893289,0.0
Astrocyte,Pgk1,0.018985212,0.056134284,0.03714907
Astrocyte,Fmod,0.034471154,0.10921508,0.07474393
Astrocyte,Sptan1,0.003477931,0.016048074,0.012570143
Astrocyte,Msmo1,-0.01394546,0.026758373,0.026758373
Astrocyte,Srebf1,-0.024673462,-0.012360215,0.0
Astrocyte,Sorl1,-0.01864922,0.00031811,0.00031811
Astrocyte,Irgm1,-0.31378698,-0.24835968,0.0
Astrocyte,Nedd4,0.014955103,0.035700977,0.020745873
Astrocyte,Glra1,0.059389234,0.25094247,0.19155324
Astrocyte,Hif1a,0.009930193,0.023258686,0.013328493
Astrocyte,Cd9,-0.0039685965,0.07684821,0.07684821
Astrocyte,P4hb,-0.06974077,-0.027267337,0.0
Astrocyte,Mapt,-0.012115955,0.025078654,0.025078654
Astrocyte,Kif5a,0.07723665,0.20509148,0.12785482
Astrocyte,Dnm1,0.060551047,0.25313473,0.19258368
Astrocyte,Plin4,-0.020039678,0.032310307,0.032310307
Astrocyte,Rtn4,-0.028024077,0.043046832,0.043046832
Astrocyte,Pkm,0.026970446,0.07508469,0.04811424
Astrocyte,Glud1,-0.04366088,0.013237536,0.013237536
Astrocyte,Acox1,0.019572139,0.034505844,0.014933705
Astrocyte,Rapgef3,-0.02123785,0.043853223,0.043853223
Astrocyte,Pink1,0.020177543,0.095885396,0.07570785
Astrocyte,Pkp4,0.033100605,0.057234943,0.024134338
Astrocyte,Dpysl2,0.024246752,0.0896734,0.06542665
Astrocyte,Tlcd1,0.027606308,0.16240484,0.13479853
Astrocyte,S100a1,0.033907592,0.073846996,0.039939404
Astrocyte,Flna,-0.0941627,0.014907181,0.014907181
Astrocyte,Id2,-0.013969183,0.0050438643,0.0050438643
Astrocyte,Prkar1a,-0.00093114376,0.0440045,0.0440045
Astrocyte,H2-T23,-0.1530962,-0.1110338,0.0
Astrocyte,Adgrb1,-0.021780252,0.055289447,0.055289447
Astrocyte,Ermn,-0.004469633,0.019936979,0.019936979
Astrocyte,Fat1,0.049580574,0.06572384,0.016143262
Astrocyte,Epas1,0.040767968,0.063470125,0.022702157
Astrocyte,Nsmf,-0.0133116245,0.027322829,0.027322829
Astrocyte,Rac1,0.0009444356,0.014022589,0.013078153
Astrocyte,Nrcam,-0.035566688,-0.0060961246,0.0
Astrocyte,Dner,0.01002425,0.032748222,0.022723973
Astrocyte,Sdhb,0.0040370226,0.015948892,0.011911869
Astrocyte,Rhoa,0.007901311,0.038221598,0.030320287
Astrocyte,Lbh,0.001028955,0.0154742,0.014445245
Astrocyte,Mag,-0.002401948,0.025143981,0.025143981
Astrocyte,Kif5b,0.048436224,0.097670615,0.04923439
Astrocyte,Cyfip2,0.040730298,0.20858818,0.16785789
Astrocyte,Adamts1,-0.09553957,-0.028500676,0.0
Astrocyte,Hopx,0.07158464,0.094644845,0.023060203
Astrocyte,Pygb,-0.02605617,-0.011459231,0.0
Astrocyte,Mfsd2a,0.1073848,0.17616999,0.06878519
Astrocyte,Saraf,0.013041794,0.025456607,0.012414813
Astrocyte,Gpnmb,0.026351392,0.080492616,0.054141223
Astrocyte,Rab3a,0.054124773,0.23171407,0.1775893
Astrocyte,Ctsl,-0.042371154,0.020315707,0.020315707
Astrocyte,Rcn2,-0.037465453,-0.0138248205,0.0
Astrocyte,Cxcl12,0.065844,0.15128821,0.08544421
Astrocyte,Tnfrsf1a,-0.021442652,0.020388246,0.020388246
Astrocyte,Itsn1,-0.013113499,0.01341188,0.01341188
Astrocyte,Prr5l,0.12140846,0.17720759,0.055799127
Astrocyte,Scarb2,0.008544922,0.01868391,0.0101389885
Astrocyte,Cs,0.0285874,0.054535806,0.025948405
Astrocyte,Fzd1,-0.0056728125,0.037209094,0.037209094
Astrocyte,Sqstm1,0.011433125,0.035590827,0.024157703
Astrocyte,Grn,-0.0027107,0.040630817,0.040630817
Astrocyte,Frmd4a,-0.029654622,-0.012125254,0.0
Astrocyte,S100b,0.024749875,0.04924351,0.024493635
Astrocyte,Tpi1,0.008922994,0.041717887,0.032794893
Astrocyte,Stmn4,-0.014029145,0.01850295,0.01850295
Astrocyte,Tnc,-0.07834363,0.02257049,0.02257049
Astrocyte,Itgb8,-0.011278391,0.011961877,0.011961877
Astrocyte,Cxcl14,0.09591627,0.17765015,0.08173388
Astrocyte,H2-Ab1,-0.0056391954,0.061171472,0.061171472
Astrocyte,Sept4,-0.009661198,0.025459528,0.025459528
Astrocyte,Psmb8,-0.16513193,-0.09286821,0.0
Astrocyte,Ctnnb1,0.0032663345,0.053500473,0.05023414
Astrocyte,Spag9,-0.0043770075,0.06652427,0.06652427
Astrocyte,Mcl1,0.0023460984,0.046693623,0.044347525
Astrocyte,Map4,0.0144017935,0.04588604,0.031484246
Astrocyte,Ppt1,-0.0012015104,0.0069411397,0.0069411397
Astrocyte,Hnrnpa1,-0.015316486,-0.0007289648,0.0
Astrocyte,Washc2,0.03773129,0.12223232,0.08450103
Astrocyte,Slc2a1,-0.0055235624,0.022078633,0.022078633
Astrocyte,Ddit4,0.012521803,0.045431197,0.032909393
Astrocyte,Plxnb2,0.056767225,0.13573712,0.078969896
Astrocyte,Etnppl,-0.076862216,-0.0008971691,0.0
Astrocyte,Vstm4,-0.00085532665,0.02476281,0.02476281
Astrocyte,Tsc22d4,0.0034931898,0.016517043,0.013023853
Astrocyte,Sdha,0.011222959,0.036964476,0.025741518
Astrocyte,Eps15,-0.007529497,0.041787863,0.041787863
Astrocyte,Dbx2,0.016126812,0.04979652,0.03366971
Astrocyte,Oasl2,-0.18195295,-0.17201686,0.0
Astrocyte,Lrig1,-0.02720952,0.009833872,0.009833872
Astrocyte,Pcdh10,0.0057137012,0.031613886,0.025900185
Astrocyte,Vdac1,0.02590704,0.07021129,0.04430425
Astrocyte,Mprip,-0.036006927,-0.025895238,0.0
Astrocyte,Celsr2,-0.011343479,-0.007343173,0.0
Astrocyte,Abhd4,0.001367569,0.032030582,0.030663013
Astrocyte,Sfpq,-0.0016261339,0.043564975,0.043564975
Astrocyte,Prelp,0.09537268,0.18417549,0.088802814
Astrocyte,Osmr,-0.021970391,0.086173356,0.086173356
Astrocyte,Gpi1,0.0061311126,0.014766216,0.008635104
Astrocyte,Atp2b2,0.069817126,0.1603837,0.090566576
Astrocyte,H2-Aa,-0.0056067705,0.06065947,0.06065947
Astrocyte,Atp6v1b2,0.026549578,0.12962145,0.10307187
Astrocyte,Fstl1,-0.005530119,0.005028665,0.005028665
Astrocyte,Cltc,0.003933668,0.018562615,0.014628947
Astrocyte,Lamb2,0.06722391,0.13845605,0.07123214
Astrocyte,Emc1,0.0034516454,0.002565384,-0.00088626146
Astrocyte,Caskin1,0.027611017,0.12660939,0.09899837
Astrocyte,Nfe2l1,-0.0028043985,0.021841288,0.021841288
Astrocyte,Marcks,0.018008828,0.090439916,0.07243109
Astrocyte,Kcnip3,0.07368237,0.16123188,0.08754951
Astrocyte,Gpt2,-0.016000152,0.003448248,0.003448248
Astrocyte,Ppp2r1a,0.012804449,0.040231466,0.027427018
Astrocyte,Mal,0.0018538237,0.020477891,0.018624067
Astrocyte,F3,0.0330621,0.08814782,0.05508572
Astrocyte,Irgm2,-0.22538078,-0.16659892,0.0
Astrocyte,Ywhaz,-0.0025205612,0.026205838,0.026205838
Astrocyte,Col23a1,0.14352494,0.16454715,0.0210222
Astrocyte,Mboat7,0.013735354,0.022502542,0.008767188
Astrocyte,Atxn10,0.0012480617,0.008549333,0.007301271
Astrocyte,Nhsl1,0.026735365,0.05917722,0.032441854
Astrocyte,Hspa5,-0.13792753,-0.11117458,0.0
Astrocyte,Bin1,0.0055573583,0.0425725,0.03701514
Astrocyte,Ppp2ca,4.6908855e-05,0.012363493,0.012316585
Astrocyte,Map4k4,-0.0012706518,0.010938942,0.010938942
Astrocyte,Il6st,0.11179423,0.13786316,0.026068926
Astrocyte,Epb41l1,0.084629476,0.19887167,0.114242196
Astrocyte,Gria1,0.049961448,0.07413006,0.02416861
Astrocyte,Sulf2,0.112033665,0.16611147,0.054077804
Astrocyte,Mdk,-0.016328692,-0.0035350323,0.0
Astrocyte,Ptch1,0.03976667,0.15421689,0.11445022
Astrocyte,Kif1c,0.0023477077,0.014454126,0.012106419
Astrocyte,Sdcbp,0.053488433,0.110735774,0.05724734
Astrocyte,Axl,-0.036950827,0.0044729114,0.0044729114
Astrocyte,Tap1,-0.23643517,-0.19947755,0.0
Astrocyte,Angptl4,-0.24603689,-0.19993913,0.0
Astrocyte,Adora1,0.0076155663,0.031284153,0.023668587
Astrocyte,Rnh1,0.0030385256,0.030250013,0.027211487
Astrocyte,Acly,0.008030713,0.023330927,0.015300214
Astrocyte,Sema3b,0.15873015,0.1951614,0.036431253
Astrocyte,Impact,0.0016154051,0.02130282,0.019687414
Astrocyte,Kif5c,0.06557429,0.17096317,0.10538888
Astrocyte,Sirt2,-0.0059434175,0.007625699,0.007625699
Astrocyte,Aplp2,-0.008081317,-0.0030168295,0.0
Astrocyte,Atp6v1a,0.0056310296,0.06053692,0.05490589
Astrocyte,Srebf2,-0.024965644,-0.0037195683,0.0
Astrocyte,Pfkl,-0.0048145056,0.023102582,0.023102582
Astrocyte,Bicd2,0.017444491,0.049646616,0.032202125
Astrocyte,Rnf13,-0.0148870945,-0.0036767721,0.0
Astrocyte,Tgm2,-0.041644692,0.05680436,0.05680436
Astrocyte,Sv2a,0.0024494529,0.11868107,0.11623162
Astrocyte,Cyfip1,0.007340789,0.019272804,0.011932015
Astrocyte,Fgfr1,0.00089907646,0.04412645,0.043227375
Astrocyte,Nsf,0.03408873,0.1778127,0.14372396
Astrocyte,Echs1,0.0006765723,0.007823348,0.0071467757
Astrocyte,Hmox1,-0.12597668,-0.09940314,0.0
Astrocyte,Myo6,-0.001136899,0.03017366,0.03017366
Astrocyte,Rab5c,0.0013162494,0.02624005,0.024923801
Astrocyte,Grk2,-0.0010877848,0.028175473,0.028175473
Astrocyte,Actn1,0.049930215,0.16881633,0.11888611
Astrocyte,Dync1h1,-0.0017729998,0.015324056,0.015324056
Astrocyte,Plin2,0.00042551756,0.045135617,0.0447101
Astrocyte,Lamp2,0.010187745,0.035670757,0.025483012
Astrocyte,Ncan,-0.0047775507,-0.00043535233,0.0
Astrocyte,Hoxb8,-0.0018057823,0.065196395,0.065196395
Astrocyte,Itgav,-0.003482461,0.0076640844,0.0076640844
Astrocyte,Fyn,-0.00060367584,0.0019178987,0.0019178987
Astrocyte,Igdcc4,-0.031820655,-0.0035732985,0.0
Astrocyte,Abcd3,0.00086182356,0.004446149,0.0035843253
Astrocyte,Gbp7,-0.24361312,-0.18552017,0.0
Astrocyte,S1pr3,-0.066266894,0.056762576,0.056762576
Astrocyte,Ank2,0.006208718,0.010600269,0.004391551
Astrocyte,Rbp1,0.075092494,0.13555741,0.06046492
Astrocyte,Cpeb4,0.0050441623,0.02059704,0.015552878
Astrocyte,Rhoc,-0.023046136,0.034122944,0.034122944
Astrocyte,Emc3,0.008218229,0.014581263,0.0063630342
Astrocyte,Prkaca,0.016934335,0.05816406,0.041229725
Astrocyte,Npc1,-0.013203263,-0.0035351515,0.0
Astrocyte,Nfix,0.0002117157,0.009789884,0.009578168
Astrocyte,Daam2,0.006599784,0.056740284,0.0501405
Astrocyte,Vegfa,0.019820452,0.12084943,0.10102898
Astrocyte,Cdh2,0.005543351,0.017648399,0.012105048
Astrocyte,Mfn1,0.002453506,0.054125607,0.0516721
Astrocyte,Klc1,0.010996282,0.047459364,0.03646308
Astrocyte,Nlrc5,-0.10779929,-0.08802593,0.0
Astrocyte,Atp5f1,0.019177854,0.027857542,0.008679688
Astrocyte,Rnd2,0.045264184,0.12971562,0.08445144
Astrocyte,Canx,-0.0026826859,0.0036674142,0.0036674142
Astrocyte,Gtf2i,-0.011916518,0.0016724467,0.0016724467
Astrocyte,Sez6l2,0.008780956,0.071510315,0.06272936
Astrocyte,Pdlim4,0.011336744,0.037287474,0.02595073
Astrocyte,Rpn1,-0.015845895,0.00227499,0.00227499
Astrocyte,Gnb1,0.01353097,0.059165895,0.045634925
Astrocyte,Bdh1,-0.013722181,-0.0035367012,0.0
Astrocyte,Hist1h2bc,0.0024422407,0.01342392,0.010981679
Astrocyte,Klc2,0.05095595,0.18113899,0.13018304
Astrocyte,Eva1a,-0.027094483,0.015983403,0.015983403
Astrocyte,Thra,-0.0039833784,0.008272827,0.008272827
Astrocyte,Hmgcr,-0.013137698,0.0027341843,0.0027341843
Astrocyte,Bcl6,0.001090467,0.012979209,0.011888742
Astrocyte,Tjp1,0.0002502203,0.003530383,0.0032801628
Astrocyte,Hsd17b4,-0.0011504889,0.0036119223,0.0036119223
Astrocyte,Chd4,0.0021635294,0.011138022,0.008974493
Astrocyte,Fos,-0.008411169,0.008612692,0.008612692
Astrocyte,Stmn2,0.049613893,0.14829767,0.098683774
Astrocyte,Notch2,-0.004683733,0.018681765,0.018681765
Astrocyte,Cbs,0.009910405,0.06969434,0.059783936
Astrocyte,Tardbp,0.00221318,0.026648939,0.024435759
Astrocyte,Elavl1,0.001975596,0.0029534698,0.0009778738
Astrocyte,Gpsm1,0.0014611483,0.030923665,0.029462516
Astrocyte,Smdt1,0.00739038,0.024770916,0.017380536
Astrocyte,Pmp22,0.005299926,0.051551223,0.046251297
Astrocyte,Rnf14,0.0135448575,0.038616657,0.0250718
Astrocyte,Sf1,0.0026829243,0.005540669,0.0028577447
Astrocyte,Usp2,-0.023524165,-0.008880019,0.0
Astrocyte,Raf1,0.0003581047,0.0017414689,0.0013833642
Astrocyte,Slc32a1,0.042809606,0.15594721,0.1131376
Astrocyte,C1qtnf5,0.01288563,0.0669204,0.05403477
Astrocyte,Map1lc3a,0.008708477,0.064946115,0.056237638
Astrocyte,Arnt2,0.0046718717,0.0060230494,0.0013511777
Astrocyte,Tpcn1,-0.00773561,0.00019180775,0.00019180775
Astrocyte,Cntn1,-0.017441511,0.009840548,0.009840548
Astrocyte,Erbin,0.017382324,0.024779558,0.0073972344
Astrocyte,Dnm2,-0.0007954836,0.002829492,0.002829492
Astrocyte,Dao,0.039180517,0.059717298,0.02053678
Astrocyte,Abca3,0.0019885898,0.009446263,0.0074576735
Astrocyte,Rph3a,0.066031456,0.1835491,0.11751765
Astrocyte,Dctn2,-0.0029677153,0.002832234,0.002832234
Astrocyte,Lifr,0.01674354,0.04375553,0.02701199
Astrocyte,Cct5,-0.0025299788,0.012952566,0.012952566
Astrocyte,Zbtb16,-0.06309986,-0.016969323,0.0
Astrocyte,Cspg5,0.0019797087,0.014331639,0.01235193
Astrocyte,Nr2f1,0.006988406,0.017362654,0.010374248
Astrocyte,Sirpa,0.03427744,0.038722813,0.004445374
Astrocyte,Kpnb1,-0.01377964,-0.0013605356,0.0
Astrocyte,Trappc10,0.00032037497,0.0056617856,0.0053414106
Astrocyte,Ndufs1,0.009954035,0.025541306,0.01558727
Astrocyte,Adamts20,-0.012067318,0.057680726,0.057680726
Astrocyte,Odc1,-0.07299876,-0.018481612,0.0
Astrocyte,Anxa6,-0.035613656,-0.010756731,0.0
Astrocyte,Smpd1,0.0013741851,0.00834173,0.0069675446
Astrocyte,Slc9a3r1,-0.0020233393,0.009381413,0.009381413
Astrocyte,Ptpa,0.0020052195,0.028850496,0.026845276
Astrocyte,Cmip,0.0038232803,0.032621026,0.028797746
Astrocyte,Spred1,0.011772871,0.01844728,0.006674409
Astrocyte,Ndn,-0.009427547,0.029801011,0.029801011
Astrocyte,Sod1,0.008908272,0.035699725,0.026791453
Astrocyte,Dctn1,0.0020210743,0.032538593,0.030517519
Astrocyte,Dag1,0.0036658049,0.0077587366,0.0040929317
Astrocyte,Dusp6,0.03956765,0.06280714,0.023239493
Astrocyte,Mapk8ip2,0.03759861,0.14199752,0.104398906
Astrocyte,Tubb3,0.034336507,0.15486068,0.12052417
Astrocyte,Cct8,-0.0017659664,0.022382557,0.022382557
Astrocyte,Klk6,0.0068104267,0.028033376,0.021222949
Astrocyte,Rab6a,0.0038021803,0.032750785,0.028948605
Astrocyte,Camk2b,0.025495052,0.1313914,0.10589635
Astrocyte,Slc6a8,0.023605645,0.050071955,0.02646631
Astrocyte,Sgk1,-0.02416253,0.00024706125,0.00024706125
Astrocyte,Itgb1,-0.009293199,0.025054753,0.025054753
Astrocyte,Mertk,-0.04672551,0.017581046,0.017581046
Astrocyte,Dlg4,0.015535653,0.05737567,0.041840017
Astrocyte,Ivd,0.0019687414,0.047672093,0.04570335
Astrocyte,Bmpr2,-0.003254652,0.0117688775,0.0117688775
Astrocyte,Arhgef12,0.007616639,0.02360934,0.015992701
Astrocyte,Ppp1r1b,-0.00914669,0.037958384,0.037958384
Astrocyte,Tubb2b,-0.12521958,-0.10207522,0.0
Astrocyte,Cabp1,0.032657325,0.13321245,0.10055512
Astrocyte,Ubr5,0.0073836446,0.01776433,0.010380685
Astrocyte,Mmp14,-0.019516349,-0.006944895,0.0
Astrocyte,Prpf8,0.00222224,0.006295204,0.004072964
Astrocyte,Fcgr2b,-0.059485435,-0.00028276443,0.0
Astrocyte,Utrn,-0.0017237663,0.01327908,0.01327908
Astrocyte,Hadhb,-0.0067640543,0.012963295,0.012963295
Astrocyte,Bhlhe40,-0.005817175,0.012697101,0.012697101
Astrocyte,Rgs6,0.0020717978,0.030321002,0.028249204
Astrocyte,Hk1,0.002613306,0.005399108,0.002785802
Astrocyte,Sec61a1,-0.036635995,-0.0204072,0.0
Astrocyte,Apc2,0.00066787004,0.024061322,0.023393452
Astrocyte,Cd44,0.024332404,0.14352733,0.119194925
Astrocyte,Srrm1,0.0020662546,0.018278897,0.016212642
Astrocyte,Clic4,-0.030589342,-0.02155149,0.0
Astrocyte,Gatd3a,-0.0102107525,0.0016807318,0.0016807318
Astrocyte,Cdk5rap2,0.005511403,0.025996566,0.020485163
Astrocyte,Lmo4,0.009475827,0.056584716,0.04710889
Astrocyte,Ogdh,0.0037171245,0.041255474,0.03753835
Astrocyte,Stat3,-0.017598629,-0.0019583702,0.0
Astrocyte,Actr2,7.855892e-05,0.022531688,0.02245313
Astrocyte,Prodh,-0.017375112,0.05265969,0.05265969
Astrocyte,Slc8a1,0.008600831,0.02670443,0.0181036
Astrocyte,Wnt7b,0.04725963,0.08217442,0.03491479
Astrocyte,Asap2,0.00595206,0.028080463,0.022128403
Astrocyte,C1ql1,0.079806745,0.10523969,0.025432944
Astrocyte,Sel1l,0.0005892515,0.0043379664,0.003748715
Astrocyte,Ccnd3,0.0011225343,0.019632757,0.018510222
Astrocyte,Fn1,-0.037938237,0.03726673,0.03726673
Astrocyte,Syn2,0.023232222,0.051574826,0.028342605
Astrocyte,Pja2,-0.004158497,0.025628746,0.025628746
Astrocyte,Man2b2,0.017670989,0.034738302,0.017067313
Astrocyte,Cxxc5,-0.0005609989,0.0019634366,0.0019634366
Astrocyte,Mmd2,-0.023434997,-0.004970908,0.0
Astrocyte,Prrc2b,0.0021044016,0.017846942,0.01574254
Astrocyte,Atp6ap2,-0.002778411,0.0017421842,0.0017421842
Astrocyte,Slc2a4,0.01114583,0.07048941,0.059343576
Astrocyte,Atf4,-0.044180274,-0.031781316,0.0
Astrocyte,Arrb1,0.030132711,0.08054453,0.05041182
Astrocyte,Tmem63b,0.005011022,0.005244732,0.00023370981
Astrocyte,Rnf10,0.003817618,0.014477313,0.010659695
Astrocyte,Socs3,-0.086444855,-0.025860786,0.0
Astrocyte,Ap2b1,-0.0024684668,0.005975783,0.005975783
Astrocyte,H2-Eb1,0.0001167655,0.052854598,0.052737832
Astrocyte,Gnaq,1.937151e-05,0.016171277,0.016151905
Astrocyte,Vamp2,-0.0032078028,0.016080797,0.016080797
Astrocyte,Plod1,0.01691699,0.030212104,0.013295114
Astrocyte,Emc10,-0.0023709536,-0.0014277697,0.0
Astrocyte,Rb1,0.01090318,0.022504091,0.011600912
Astrocyte,Por,-0.0059006214,0.012139142,0.012139142
Astrocyte,Csf1r,0.00072824955,0.044805348,0.0440771
Astrocyte,Gng11,0.015991986,0.019602358,0.0036103725
Astrocyte,Kcnab2,0.06701225,0.18478626,0.11777401
Astrocyte,Glis3,0.0712834,0.11498082,0.043697417
Astrocyte,Pdpn,0.043486834,0.09891611,0.05542928
Astrocyte,Notch1,0.0049316287,0.014697909,0.009766281
Astrocyte,Exoc4,-0.00070261955,0.007927895,0.007927895
Astrocyte,Igfbp2,-0.110789895,-0.09215224,0.0
Astrocyte,Lgi3,-0.018013597,-0.008865595,0.0
Astrocyte,Rad23b,-0.0039839745,0.0061581135,0.0061581135
Astrocyte,Snrpn,0.038644493,0.15717793,0.11853343
Astrocyte,Gpm6a,-0.0075621605,0.022076964,0.022076964
Astrocyte,Rdx,0.003128171,0.0077456236,0.0046174526
Astrocyte,Fzd10,0.08838081,0.12289578,0.034514964
Astrocyte,Hexa,0.012251079,0.03578794,0.023536861
Astrocyte,Pi4ka,0.0017783046,0.013251781,0.011473477
Astrocyte,Wls,0.011959076,0.03331709,0.021358013
Astrocyte,Trim2,0.009125769,0.041131973,0.032006204
Astrocyte,Map2k1,0.005638242,0.012266636,0.006628394
Astrocyte,Wnt7a,-0.0058054924,0.020218134,0.020218134
Astrocyte,Ece1,-0.001948595,0.0012073517,0.0012073517
Astrocyte,Vdac2,0.003624916,0.008969784,0.0053448677
Astrocyte,Snx5,0.009899378,0.025570571,0.015671194
Astrocyte,Sept8,0.00012248755,0.004825175,0.0047026873
Astrocyte,Cd151,0.025546968,0.07853603,0.052989066
Astrocyte,Snta1,-0.00206995,0.004292667,0.004292667
Astrocyte,Gdpd2,0.0028133988,0.043417037,0.040603638
Astrocyte,Hipk2,0.0016769767,0.014456987,0.012780011
Astrocyte,Gps1,0.004561007,0.009974539,0.0054135323
Astrocyte,Pik3r1,0.0017914772,0.0019149184,0.00012344122
Astrocyte,Mog,-0.0011845827,0.017776012,0.017776012
Astrocyte,Myo18a,0.005900264,0.01080817,0.004907906
Astrocyte,Mtch1,0.00068074465,0.039610326,0.03892958
Astrocyte,Csde1,0.0032060146,0.022502065,0.01929605
Astrocyte,Zeb1,-0.0048183203,0.013110161,0.013110161
Astrocyte,Sdc2,-0.01868987,-0.0051722527,0.0
Astrocyte,Scn4b,0.05269879,0.19028127,0.13758248
Astrocyte,Nfib,0.0019668937,0.014491022,0.012524128
Endothelial,Gfap,0.08631766,0.2792192,0.19290155
Endothelial,Cd74,0.0662877,0.18470585,0.11841816
Endothelial,Pltp,-0.16642296,0.05866903,0.05866903
Endothelial,Mbp,0.18766946,0.39530063,0.20763117
Endothelial,Vwf,0.26172698,0.39305395,0.13132697
Endothelial,Mt2,0.046778083,0.110898554,0.06412047
Endothelial,H2-D1,0.07475817,0.23783565,0.16307747
Endothelial,Apod,0.08625001,0.19627583,0.11002582
Endothelial,Ctss,-0.039791107,0.05007279,0.05007279
Endothelial,Selenop,-0.09903109,0.0129804015,0.0129804015
Endothelial,Slc2a1,0.006097436,0.16099864,0.1549012
Endothelial,Atp1b2,0.13694203,0.29501998,0.15807796
Endothelial,Aldoc,0.19993824,0.42791086,0.22797263
Endothelial,Ackr1,-0.07316494,0.067804754,0.067804754
Endothelial,Ckb,0.1714657,0.39475065,0.22328496
Endothelial,Epas1,-0.009173512,0.10118574,0.10118574
Endothelial,H2-K1,0.076880634,0.17027736,0.09339672
Endothelial,Podxl,0.011654556,0.14264578,0.13099122
Endothelial,Tgm2,0.030427098,0.18383402,0.15340692
Endothelial,Ndrg2,0.20452374,0.32861096,0.124087214
Endothelial,Igf2,0.07047832,0.1404882,0.07000989
Endothelial,H2-Ab1,0.06222081,0.14317763,0.08095682
Endothelial,Slc9a3r2,0.043648243,0.19294852,0.14930028
Endothelial,H2-Aa,0.051694036,0.1410451,0.08935106
Endothelial,Serping1,0.26436543,0.34920013,0.084834695
Endothelial,B2m,-0.00092852116,0.058888733,0.058888733
Endothelial,Ptgds,0.018702626,0.051927984,0.033225358
Endothelial,Aplp1,0.065167844,0.18316102,0.117993176
Endothelial,Fn1,-0.058108807,-0.019096255,0.0
Endothelial,Itih5,-0.058395624,0.020780206,0.020780206
Endothelial,Cd14,-0.077174544,0.017406762,0.017406762
Endothelial,Col1a2,0.18207532,0.24914706,0.067071736
Endothelial,H2-Eb1,0.057539284,0.13591099,0.0783717
Endothelial,Egfl7,-0.040921926,0.045764685,0.045764685
Endothelial,Flt1,0.0728237,0.25774717,0.18492347
Endothelial,Hexb,-0.022361636,0.033088624,0.033088624
Endothelial,Abcb1a,0.03589958,0.20235842,0.16645885
Endothelial,Ddit4,-0.05661893,-0.04592049,0.0
Endothelial,Kcnj10,0.18141967,0.34368277,0.1622631
Endothelial,Serpina3n,-0.1167773,-0.05363238,0.0
Endothelial,Snap25,0.08828944,0.3791818,0.29089236
Endothelial,Clec14a,0.13763684,0.18226999,0.04463315
Endothelial,Adgrf5,0.005277097,0.12641406,0.12113696
Endothelial,Acvrl1,-0.00889945,0.10582721,0.10582721
Endothelial,Eng,-0.007963777,0.044926286,0.044926286
Endothelial,Gnai2,-0.025733232,0.044642985,0.044642985
Endothelial,C3,0.05082172,0.16729021,0.11646849
Endothelial,Pdia3,-0.04662931,0.036079288,0.036079288
Endothelial,Aldoa,0.03760314,0.15199536,0.11439222
Endothelial,Map1b,0.05647075,0.25688618,0.20041543
Endothelial,Ntsr2,0.08372998,0.19701946,0.113289475
Endothelial,Car2,0.028691053,0.058051288,0.029360235
Endothelial,Ctnnb1,-0.0327183,0.018827021,0.018827021
Endothelial,Vtn,0.07453489,0.123746336,0.049211442
Endothelial,Cd81,0.068591595,0.121086955,0.05249536
Endothelial,Pecam1,-0.058501124,0.020393312,0.020393312
Endothelial,Mal,0.0241189,0.07214123,0.04802233
Endothelial,Sox18,-0.02494669,0.029121757,0.029121757
Endothelial,Col4a1,-0.16899931,-0.04867947,0.0
Endothelial,Cxcl12,0.017328858,0.14070809,0.12337923
Endothelial,Slc6a11,0.085051835,0.23148024,0.1464284
Endothelial,App,-7.748604e-05,0.012737572,0.012737572
Endothelial,Plec,-0.021979928,0.021251023,0.021251023
Endothelial,Stab1,0.061694026,0.09736651,0.035672486
Endothelial,Bmpr2,-0.014938712,0.018123448,0.018123448
Endothelial,Txnip,0.039022923,0.07336229,0.03433937
Endothelial,Anxa2,-0.06308174,0.017589629,0.017589629
Endothelial,Abcg2,-0.015364528,0.07406652,0.07406652
Endothelial,Fam107a,-0.013538122,0.047781587,0.047781587
Endothelial,Ttyh1,0.10202891,0.23789239,0.13586348
Endothelial,Msn,-0.09535146,0.01594305,0.01594305
Endothelial,S1pr1,0.02205944,0.09118891,0.06912947
Endothelial,Ece1,-0.079033494,-0.012631655,0.0
Endothelial,Cdh5,-0.006234169,0.059664547,0.059664547
Endothelial,Cnp,0.007111609,0.046362877,0.039251268
Endothelial,Sptan1,0.0020308495,0.013944507,0.011913657
Endothelial,Tjp1,-0.021927,0.029454112,0.029454112
Endothelial,Myh9,0.05613464,0.11367345,0.057538807
Endothelial,Lrp1,-0.018281937,0.030002177,0.030002177
Endothelial,Meg3,-0.012081981,0.056550205,0.056550205
Endothelial,Tmem176a,0.059449732,0.14026117,0.08081144
Endothelial,Id1,-0.015998006,0.053242445,0.053242445
Endothelial,Rab7,0.0007289052,0.01673162,0.016002715
Endothelial,Map2,0.10748726,0.31638217,0.20889491
Endothelial,Jun,-0.023157358,-0.019633293,0.0
Endothelial,Grn,0.0041121244,0.07598561,0.071873486
Endothelial,Lamp1,-0.010338187,0.016863644,0.016863644
Endothelial,Il6st,0.17784107,0.21017116,0.032330096
Endothelial,Stxbp1,0.056026876,0.24968624,0.19365937
Endothelial,Esam,0.00047200918,0.09216851,0.0916965
Endothelial,Gpr37l1,0.08650589,0.17501748,0.088511586
Endothelial,Mcl1,-0.023554206,0.010153174,0.010153174
Endothelial,Adamts1,-0.11247444,-0.078392506,0.0
Endothelial,Itgb1,-0.010694623,0.042517364,0.042517364
Endothelial,Car4,0.051407993,0.16173995,0.11033195
Endothelial,Psmb8,-0.02926445,0.055174768,0.055174768
Endothelial,Gja1,0.035701454,0.08412951,0.04842806
Endothelial,Sorbs1,-0.00059628487,0.050400317,0.050400317
Endothelial,P4hb,-0.004969597,0.06709468,0.06709468
Endothelial,Selp,-0.1131016,-0.026196599,0.0
Endothelial,Capn2,0.014420629,0.02853012,0.014109492
Endothelial,Hspg2,0.0011792779,0.041669726,0.04049045
Endothelial,Rhoa,-0.011992693,0.011549711,0.011549711
Endothelial,Rac1,-0.0076413155,0.0032824874,0.0032824874
Endothelial,Nefh,0.0663501,0.2549473,0.1885972
Endothelial,Il1r1,0.036201477,0.10008007,0.063878596
Endothelial,Mprip,-0.0018467903,0.008898735,0.008898735
Endothelial,Clic4,-0.023955464,-0.00042402744,0.0
Endothelial,Igf1r,0.046473205,0.15712124,0.110648036
Endothelial,Slc22a8,0.013229251,0.14958578,0.13635653
Endothelial,Nefm,0.065317035,0.26444888,0.19913185
Endothelial,Serpine2,-0.0136476755,0.0504508,0.0504508
Endothelial,Bcam,-0.008013368,0.048924863,0.048924863
Endothelial,Nedd4,0.05623001,0.06938189,0.013151884
Endothelial,H2-T23,0.019984901,0.033596396,0.0136114955
Endothelial,Lamb2,-0.013259411,0.022593915,0.022593915
Endothelial,Ldhb,0.087669015,0.23932034,0.15165132
Endothelial,Hnrnpa1,-0.024420619,0.026620269,0.026620269
Endothelial,Flna,0.07453495,0.12680072,0.052265763
Endothelial,Mylk,0.054391205,0.08290899,0.028517783
Endothelial,Nefl,0.10862386,0.29570448,0.18708062
Endothelial,Sncb,0.071709275,0.288229,0.21651971
Endothelial,Eno2,0.04360223,0.2765231,0.23292089
Endothelial,Utrn,-0.020786166,0.044341862,0.044341862
Endothelial,Nos3,-0.01931727,0.03445989,0.03445989
Endothelial,Atp2a2,0.018620253,0.05862862,0.040008366
Endothelial,Pink1,0.019087851,0.084092736,0.065004885
Endothelial,Csf1r,-0.009688258,0.037633598,0.037633598
Endothelial,Cd200,-0.032095432,0.004989326,0.004989326
Endothelial,Fgfr3,0.051953316,0.1574449,0.10549158
Endothelial,Tgfbr3,0.032435,0.057136297,0.024701297
Endothelial,Gabbr1,0.067922115,0.1569336,0.08901149
Endothelial,Aqp4,0.06383687,0.14371002,0.079873145
Endothelial,Col4a2,-0.112864494,-0.040621996,0.0
Endothelial,Pdgfrb,0.06774086,0.08736253,0.01962167
Endothelial,Dbp,-0.12789524,-0.07493663,0.0
Endothelial,Neat1,0.021977067,0.11692858,0.09495151
Endothelial,Uchl1,0.074650645,0.2640341,0.18938345
Endothelial,Ccn2,0.04738331,0.059275568,0.011892259
Endothelial,Ywhag,0.0446555,0.19227284,0.14761734
Endothelial,Nfe2l1,0.00062173605,0.011976123,0.011354387
Endothelial,Flnb,-0.022945285,0.0183236,0.0183236
Endothelial,Fstl1,0.07262707,0.12684566,0.05421859
Endothelial,Qdpr,0.0338552,0.097032726,0.063177526
Endothelial,Ets1,-0.010861516,0.0154723525,0.0154723525
Endothelial,Prkar1a,0.009116828,0.024894178,0.01577735
Endothelial,Rhoc,-0.05612755,-0.0144068,0.0
Endothelial,Rnaset2a,0.0005002022,0.015314639,0.014814436
Endothelial,Mlc1,0.07739568,0.1613509,0.08395523
Endothelial,Igfbp3,-0.03591168,-0.009049654,0.0
Endothelial,Ywhae,0.015514314,0.027562737,0.012048423
Endothelial,Gng11,-0.012327433,0.016637266,0.016637266
Endothelial,Tsc22d3,-0.058476686,-0.029767275,0.0
Endothelial,Maoa,0.005203128,0.055539787,0.05033666
Endothelial,C4b,0.030241549,0.062457383,0.032215834
Endothelial,Parvb,-0.0054807663,0.034007847,0.034007847
Endothelial,Lamc1,0.04205966,0.06410295,0.022043288
Endothelial,Glra1,0.05740714,0.2606321,0.20322496
Endothelial,Amfr,-0.00030720234,0.0023838282,0.0023838282
Endothelial,Zbtb16,-0.11497748,-0.034962535,0.0
Endothelial,Kif5b,0.051293015,0.08838469,0.037091672
Endothelial,Map4,0.020255446,0.045289278,0.025033832
Endothelial,Lsr,-0.01425612,0.029924035,0.029924035
Endothelial,Vcam1,0.021864891,0.07312912,0.051264226
Endothelial,Kif1c,0.00019669533,0.013667285,0.01347059
Endothelial,Dst,-0.0020827055,0.012190282,0.012190282
Endothelial,Rtn3,0.04247147,0.08358151,0.04111004
Endothelial,Rsrp1,-0.001630187,0.048842847,0.048842847
Endothelial,Insr,-0.009440541,0.010511994,0.010511994
Endothelial,Tie1,-0.003668666,0.030292869,0.030292869
Endothelial,Foxp1,0.014376998,0.040635347,0.02625835
Endothelial,Pkp4,-0.0037105083,0.023772478,0.023772478
Endothelial,Tfrc,0.040015876,0.116428256,0.07641238
Endothelial,Ccn1,-0.037319183,-0.029850721,0.0
Endothelial,Prom1,0.04408306,0.1414473,0.09736425
Endothelial,Atp5o,0.040861487,0.09005892,0.049197435
Endothelial,Adgrg1,0.004435897,0.059467673,0.055031776
Endothelial,Gprc5b,-0.004180312,0.07462239,0.07462239
Endothelial,Cavin1,0.029048502,0.06862211,0.03957361
Endothelial,Ptgs2,-0.0038706064,0.03661281,0.03661281
Endothelial,Cryab,0.01231885,0.04638481,0.03406596
Endothelial,Dnm1,0.046084225,0.23679817,0.19071394
Endothelial,Osmr,-0.008019567,0.026170433,0.026170433
Endothelial,Plpp3,0.008719802,0.024902225,0.016182423
Endothelial,Sgk1,-0.021669388,-0.02019322,0.0
Endothelial,Sdcbp,-0.0067694187,0.017343044,0.017343044
Endothelial,Pkm,-0.0054876804,0.041151643,0.041151643
Endothelial,S100a10,0.00034326315,0.0323323,0.031989038
Endothelial,Cltc,0.0065642,0.011520326,0.004956126
Endothelial,Col18a1,0.08984119,0.12822384,0.03838265
Endothelial,Jak3,-0.00308609,0.03329873,0.03329873
Endothelial,Gpnmb,-0.0397985,-0.005408168,0.0
Endothelial,Tek,-0.00063979626,0.048071682,0.048071682
Endothelial,Smtn,-0.019244194,0.013555229,0.013555229
Endothelial,Dync1h1,0.002659142,0.010896683,0.008237541
Endothelial,Fscn1,-0.020195484,0.024383664,0.024383664
Endothelial,Icam1,-0.033773065,0.0031262636,0.0031262636
Endothelial,Fcgrt,-0.022617102,0.017713726,0.017713726
Endothelial,Tnfrsf1a,0.013896346,0.052726805,0.03883046
Endothelial,Rab5c,-0.019814372,-0.007817745,0.0
Endothelial,Gnb1,0.0075357556,0.016145289,0.008609533
Endothelial,Dpysl2,0.019697309,0.07606077,0.056363463
Endothelial,Agpat3,0.03825742,0.06634951,0.028092086
Endothelial,Bcl2l1,-0.013599634,0.033468544,0.033468544
Endothelial,Acox1,0.010791719,0.014199674,0.0034079552
Endothelial,Sfpq,0.0013103485,0.019639254,0.018328905
Endothelial,Cldn11,-0.00059759617,0.01031673,0.01031673
Endothelial,Grk2,0.0021965504,0.016256928,0.014060378
Endothelial,Myo1c,-0.0009431839,0.017369509,0.017369509
Endothelial,Ctnnd1,-0.0018726587,0.010535181,0.010535181
Endothelial,Sh3bp4,0.010173619,0.04165691,0.031483293
Endothelial,Mfsd2a,0.04881221,0.12883365,0.08002144
Endothelial,Cyfip2,0.011834443,0.16766548,0.15583104
Endothelial,Ccnd3,-0.0071235895,0.0034303665,0.0034303665
Endothelial,Hspa5,-0.06310654,-0.015196204,0.0
Endothelial,Jag2,0.043932617,0.088871956,0.04493934
Endothelial,Ywhaz,-0.009147048,0.0068638325,0.0068638325
Endothelial,Rab3a,0.050568998,0.25028592,0.19971693
Endothelial,Dnm2,0.0025940537,0.0134522915,0.010858238
Endothelial,Lbh,0.0018068552,0.02095306,0.019146204
Endothelial,Picalm,-0.0030937195,0.0024020076,0.0024020076
Endothelial,Mapk8ip1,0.05013174,0.13769817,0.087566435
Endothelial,Kif1b,0.025083184,0.07130116,0.046217978
Endothelial,Entpd1,-0.0073913336,0.01914084,0.01914084
Endothelial,Sept4,-0.006762147,0.01034838,0.01034838
Endothelial,Arhgap31,0.00055742264,0.031232,0.030674577
Endothelial,Gm2a,0.0026077628,0.018256605,0.015648842
Endothelial,Cd93,-0.030260444,-0.0025755167,0.0
Endothelial,Sqstm1,0.00014787912,0.0050449967,0.0048971176
Endothelial,Oasl2,-0.024721146,-0.02057612,0.0
Endothelial,Kpnb1,-0.015703559,0.0033445954,0.0033445954
Endothelial,Iqgap1,0.013066709,0.03177786,0.01871115
Endothelial,S100b,0.05112785,0.10513991,0.05401206
Endothelial,Samhd1,0.006172836,0.030251205,0.02407837
Endothelial,Klc1,-0.0029945374,0.02352357,0.02352357
Endothelial,Aplp2,-0.0063933134,0.011249542,0.011249542
Endothelial,Pdgfb,-0.00045979023,0.04210931,0.04210931
Endothelial,Dusp6,0.002644837,0.011906683,0.009261847
Endothelial,Sept11,0.041478395,0.06471276,0.023234367
Endothelial,Lgals9,-0.0060743093,0.003115654,0.003115654
Endothelial,Kif5a,0.060135663,0.20238984,0.14225417
Endothelial,Actr2,0.0027127266,0.0070279837,0.004315257
Endothelial,Adgre5,-0.0023360252,0.03156215,0.03156215
Endothelial,Abca1,0.018485844,0.058779,0.040293157
Endothelial,Itpkb,0.015576363,0.06049359,0.044917226
Endothelial,Fli1,0.0046690702,0.026450574,0.021781504
Endothelial,Tbx1,-0.0019356012,0.04047185,0.04047185
Endothelial,Map4k4,-0.009705901,-0.0012452602,0.0
Endothelial,Sult1a1,-0.069277406,-0.04089713,0.0
Endothelial,She,-0.0039436817,0.0226112,0.0226112
Endothelial,Ppt1,0.0018818378,0.006388724,0.004506886
Endothelial,Slc16a1,-0.0025480986,0.01706785,0.01706785
Endothelial,Tardbp,0.00033980608,0.016389072,0.016049266
Endothelial,Adam10,-0.00046622753,0.01297617,0.01297617
Endothelial,Lgals1,0.060018897,0.12482637,0.064807475
Endothelial,Rtn4,-0.0026649237,0.0026155114,0.0026155114
Endothelial,Sema3c,0.06427103,0.14833987,0.084068835
Endothelial,Zic2,0.0024639964,0.028064787,0.025600791
Endothelial,Lima1,0.007889092,0.024999917,0.017110825
Endothelial,Vat1,0.0019866824,0.0149508715,0.012964189
Endothelial,Sdha,0.011782229,0.035818994,0.024036765
Endothelial,Atp6v1b2,0.02344811,0.11784971,0.0944016
Endothelial,Rbp1,0.09713447,0.14383101,0.046696544
Endothelial,Palmd,0.045407176,0.10531652,0.059909344
Endothelial,Stom,0.019730926,0.04084617,0.021115243
Endothelial,Mapt,0.03140837,0.10719526,0.07578689
Endothelial,Vcl,0.028939664,0.042604923,0.013665259
Endothelial,Frmd4a,0.008514583,0.02440226,0.015887678
Endothelial,Eln,0.0788365,0.10849339,0.029656887
Endothelial,Fcgr2b,0.022981048,0.0817067,0.058725655
Endothelial,Hif1a,-0.022785902,-0.0008047819,0.0
Endothelial,Ppfibp1,-0.0021615028,0.019471169,0.019471169
Endothelial,Tle1,-0.0033037663,0.0098519325,0.0098519325
Endothelial,Cct5,-0.0037708282,0.013214767,0.013214767
Endothelial,Snrk,-0.0060311556,0.012752593,0.012752593
Endothelial,Gtf2i,-0.007855415,0.0025251508,0.0025251508
Endothelial,Csde1,0.00012743473,0.014610887,0.014483452
Endothelial,Arhgef12,0.0014421344,0.012194157,0.010752022
Endothelial,Ephb4,0.01576811,0.038883924,0.023115814
Endothelial,Mtus1,-0.0057165623,0.018122137,0.018122137
Endothelial,Gbp2,-0.111243844,-0.062383294,0.0
Endothelial,Sox17,0.018375218,0.077447414,0.059072196
Endothelial,Nr1d1,-0.0638175,-0.030810595,0.0
Endothelial,Nsf,0.027577281,0.13127345,0.10369617
Endothelial,Isg15,-0.020326138,-0.017352223,0.0
Endothelial,Ctdsp1,-0.004403591,0.004260421,0.004260421
Endothelial,Sdhb,0.012294412,0.029412806,0.017118394
Endothelial,Tns2,-0.015896916,0.020401299,0.020401299
Endothelial,Scarb2,-0.0011684895,0.016105652,0.016105652
Endothelial,Atp6v1a,0.016055644,0.06049943,0.044443786
Endothelial,Marcksl1,-0.02287507,0.029105127,0.029105127
Endothelial,Atf4,-0.030555606,-0.008358479,0.0
Endothelial,Acly,0.0051234365,0.021722376,0.01659894
Endothelial,Rnh1,-0.019460201,0.0020725727,0.0020725727
Endothelial,Cd34,-0.0057638884,0.044495404,0.044495404
Endothelial,Cyb5r3,-0.00061416626,0.027343094,0.027343094
Endothelial,Pgk1,0.021432936,0.069162786,0.04772985
Endothelial,Syne1,0.033674955,0.11517674,0.08150178
Endothelial,Ank,-0.0044350624,0.03803259,0.03803259
Endothelial,Irf1,-0.016550899,0.010372162,0.010372162
Endothelial,Chil1,-0.07176292,-0.053578734,0.0
Endothelial,Serpine1,-0.11217761,-0.080825806,0.0
Endothelial,Ppp2r1a,0.011944711,0.034088552,0.02214384
Endothelial,Sema6a,-0.009921074,0.011549175,0.011549175
Endothelial,Ctps,0.004117489,0.041866183,0.037748694
Endothelial,Canx,-0.0036398172,0.006330788,0.006330788
Endothelial,Prrc2b,-0.0036605597,0.00710994,0.00710994
Endothelial,Prr5l,-0.0015960932,0.0012270212,0.0012270212
Endothelial,Rnf10,0.0013837814,0.004030347,0.0026465654
Endothelial,Kitl,0.008978546,0.06290668,0.053928137
Endothelial,Sf1,0.0030254126,0.0057116747,0.0026862621
Endothelial,Nr2f2,0.10629463,0.14400494,0.03771031
Endothelial,Lama5,0.0050023794,0.0576486,0.05264622
Endothelial,Esyt2,-0.0087406635,0.031286538,0.031286538
Endothelial,Nlrc5,0.005369842,0.061372817,0.056002975
Endothelial,Plk2,-0.011804581,0.015295625,0.015295625
Endothelial,Pnpla2,-0.004490018,0.001003921,0.001003921
Endothelial,Acsl6,0.07464373,0.15567714,0.08103341
Endothelial,Sod1,0.014268696,0.026814103,0.012545407
Endothelial,Lef1,-0.0019540787,0.04133469,0.04133469
Endothelial,Ppp2ca,0.0090248585,0.015914857,0.006889999
Endothelial,Kdr,-0.017624736,0.024310231,0.024310231
Endothelial,Nhsl1,0.006091416,0.016721964,0.010630548
Endothelial,Irgm2,-0.015744805,-0.010784388,0.0
Endothelial,Gbp7,-0.029428005,-0.010353446,0.0
Endothelial,Bin1,0.0022815466,0.04659748,0.044315934
Endothelial,Actn1,0.0015747547,0.029006124,0.027431369
Endothelial,Il34,0.067947805,0.09217638,0.024228573
Endothelial,Prpf8,-0.00022113323,0.0030802488,0.0030802488
Endothelial,Plxnb2,0.061912894,0.1006217,0.038708806
Endothelial,Rnase4,0.025869489,0.050707877,0.024838388
Endothelial,Cct8,-0.011384964,0.014580727,0.014580727
Endothelial,Saraf,0.0021811128,0.006110549,0.003929436
Endothelial,Socs3,-0.120215535,-0.05171442,0.0
Endothelial,Dctn1,0.00374341,0.0148153305,0.01107192
Endothelial,Raf1,0.004005909,0.0057085752,0.0017026663
Endothelial,Tnfrsf1b,0.04166931,0.084475756,0.042806447
Endothelial,Ap2b1,-0.001306653,0.0035407543,0.0035407543
Endothelial,Nid1,0.056263924,0.08463007,0.028366148
Endothelial,A2m,-0.017407656,0.04116434,0.04116434
Endothelial,Stmn2,0.051451206,0.16550499,0.114053786
Endothelial,Rdx,-0.0017197132,0.0018986464,0.0018986464
Endothelial,Smdt1,0.011782944,0.02151221,0.009729266
Endothelial,Vdac1,0.02107811,0.07714361,0.0560655
Endothelial,Epb41l1,0.066828966,0.18247062,0.11564165
Endothelial,Ighm,-0.008463383,0.011616886,0.011616886
Endothelial,Cntn1,0.04453504,0.08811128,0.04357624
Endothelial,Cemip2,0.0055111647,0.01823175,0.012720585
Endothelial,Apobec3,0.025844693,0.054887414,0.02904272
Endothelial,Gnao1,0.013628662,0.0734939,0.059865236
Endothelial,Spag9,0.0010722876,0.018900335,0.017828047
Endothelial,Arhgef15,-0.002195716,0.040485322,0.040485322
Endothelial,Elavl1,0.0032028556,0.0072229505,0.004020095
Endothelial,Pla2g4a,0.061369836,0.10255396,0.041184127
Endothelial,Slc40a1,0.016628563,0.0696131,0.052984536
Endothelial,Plcg1,-0.005404949,0.017726183,0.017726183
Endothelial,Hnrnpm,-0.005734682,0.012445152,0.012445152
Endothelial,Ermn,0.0070819855,0.029133558,0.022051573
Endothelial,Nrp2,0.085887074,0.11434871,0.028461635
Endothelial,Cx3cr1,-0.024953365,0.0031696558,0.0031696558
Endothelial,Sirpa,-0.004343748,0.036225855,0.036225855
Endothelial,Csf1,0.0074064136,0.018166661,0.010760248
Endothelial,Stat3,0.0018059015,0.014366388,0.012560487
Endothelial,Lfng,0.030470967,0.049930155,0.019459188
Endothelial,Furin,-0.001989007,0.004175365,0.004175365
Endothelial,Eps15,0.0031287074,0.018531442,0.015402734
Endothelial,Gata2,-0.004917383,0.026478052,0.026478052
Endothelial,Igkc,0.0071049333,0.016254008,0.009149075
Endothelial,Slc1a3,0.0070670247,0.025112927,0.018045902
Endothelial,Gnaq,0.0017225742,0.0044638515,0.0027412772
Endothelial,Cs,0.006720543,0.019563437,0.012842894
Endothelial,Mllt6,-0.0034902096,0.001609385,0.001609385
Endothelial,Cyfip1,0.0046363473,0.004462242,-0.00017410517
Endothelial,Rnf14,0.010492623,0.02897793,0.018485308
Endothelial,Sec61a1,-0.0030727386,0.018064678,0.018064678
Endothelial,Chil3,-0.042034507,-0.01217103,0.0
Endothelial,Ctnna1,-0.0069509745,0.0055636764,0.0055636764
Endothelial,Kif5c,0.057686687,0.18402344,0.12633675
Endothelial,Lifr,-0.02022922,-0.007683873,0.0
Endothelial,Adipor1,-0.001385212,0.0026234984,0.0026234984
Endothelial,Tgfbr2,-0.0043109655,0.015771449,0.015771449
Endothelial,Rpn1,-0.016946673,-0.00023770332,0.0
Endothelial,Itga5,-0.0112531185,0.04005456,0.04005456
Endothelial,Slc1a1,0.0487839,0.11436623,0.065582335
Endothelial,Cdc37,0.00073450804,0.003005743,0.002271235
Endothelial,Ntrk2,0.011812031,0.056971252,0.04515922
Endothelial,Ptpa,0.00611645,0.021431208,0.015314758
Endothelial,Axl,0.007894754,0.034941852,0.027047098
Endothelial,Arhgef1,0.0017365217,0.025919795,0.024183273
Endothelial,S100a1,0.025315702,0.05427617,0.028960466
Endothelial,Klc2,0.03924656,0.17272991,0.13348335
Endothelial,Gpi1,0.003998041,0.0063931346,0.0023950934
Endothelial,Ctsl,0.036072433,0.044844627,0.008772194
Endothelial,Galnt15,-0.011022568,0.010210633,0.010210633
Endothelial,Edn1,0.010802209,0.023617506,0.012815297
Endothelial,Map1lc3a,0.03694862,0.096279025,0.059330404
Endothelial,Fryl,-0.0013639927,0.015563905,0.015563905
Endothelial,Glud1,0.011627138,0.039525628,0.02789849
Endothelial,Pard3,-0.0018508434,0.014821231,0.014821231
Endothelial,Qsox1,-0.026646495,-0.0027720928,0.0
Endothelial,Brd2,0.006280899,0.007304907,0.0010240078
Endothelial,Nfib,-0.0031778812,0.010247052,0.010247052
Endothelial,Cd68,0.007028401,0.054520667,0.047492266
Endothelial,Pak2,0.006548822,0.006583512,3.4689903e-05
Endothelial,Thbs1,0.017834961,0.041639924,0.023804963
Endothelial,Tpi1,0.02477485,0.06637609,0.04160124
Endothelial,Jup,0.017769396,0.04816115,0.030391753
Endothelial,Dusp1,-0.030834317,-0.018706799,0.0
Endothelial,Selplg,-0.008074164,0.023268819,0.023268819
Endothelial,Mknk2,0.02025038,0.032851815,0.012601435
Endothelial,Fbln1,0.08532113,0.11707181,0.03175068
Endothelial,Pfkl,-0.0040791035,-0.0053738356,0.0
Endothelial,Cbx3,0.0008468628,0.00796324,0.0071163774
Endothelial,Rab6a,0.017338753,0.0397256,0.022386849
Endothelial,Emc1,0.005254984,0.0040706396,-0.0011843443
Endothelial,Marcks,0.022450924,0.0632022,0.04075128
Endothelial,Svil,0.020687103,0.03672731,0.016040206
Endothelial,Maf,0.007894158,0.040020227,0.03212607
Endothelial,Dctn2,0.002737999,0.0042786,0.0015406013
Endothelial,Chd4,0.009708762,0.015289664,0.005580902
Endothelial,Sirt2,-0.008690238,0.0073598623,0.0073598623
Endothelial,Ccl5,-0.009681344,0.022485852,0.022485852
Endothelial,Hexa,0.0031095147,0.03597802,0.032868505
Endothelial,Prkaca,0.014031768,0.08115649,0.067124724
Endothelial,Itsn1,-0.0068451166,0.0050222278,0.0050222278
Endothelial,Ogdh,0.0150539875,0.0318743,0.016820312
Endothelial,Atxn10,0.0040697455,0.02278167,0.018711925
Endothelial,Fyn,-0.0006686449,0.0038663745,0.0038663745
Endothelial,Gsk3a,0.005428791,0.016772449,0.011343658
Endothelial,Ankrd13a,-0.002455473,0.004257858,0.004257858
Endothelial,Mef2a,-0.00033569336,0.004355073,0.004355073
Endothelial,Rbms1,-0.0021734238,0.008034766,0.008034766
Endothelial,Pllp,0.02435863,0.06641245,0.04205382
Endothelial,Abca3,0.002885282,0.0039724708,0.0010871887
Endothelial,Ppp1r16b,0.0010311007,0.010249436,0.009218335
Endothelial,Sorl1,0.0010543466,0.040016532,0.038962185
Endothelial,Pakap,-0.017236471,-0.0020068884,0.0
Endothelial,Eif4g1,-0.005437255,-0.000115036964,0.0
Endothelial,Tagln,0.019565165,0.04481876,0.025253594
Endothelial,Ybx3,-0.0065259933,0.021076739,0.021076739
Endothelial,Ncor1,0.0013890266,0.005867541,0.004478514
Endothelial,Pja2,0.0023502707,0.023300648,0.020950377
Endothelial,Ppp2r5c,-0.00069117546,0.00086951256,0.00086951256
Endothelial,Cd9,0.025562048,0.053065896,0.027503848
Endothelial,Notch1,0.0037807822,0.028504848,0.024724066
Endothelial,Erbin,-0.00018239021,0.0102748275,0.0102748275
Endothelial,Mag,0.005817592,0.023883522,0.01806593
Endothelial,Lmna,-0.06519544,-0.042076707,0.0
Endothelial,Rnd2,0.06511748,0.14402157,0.07890409
Endothelial,Tcf12,0.012502611,0.019697726,0.007195115
Endothelial,Col1a1,0.095715284,0.12641221,0.030696929
Endothelial,Cmip,0.010250986,0.04343283,0.033181846
Endothelial,B3gnt2,-0.0037286282,0.027340412,0.027340412
Endothelial,Nfat5,0.001635015,0.024303734,0.02266872
Endothelial,Elmo1,-0.0012776852,0.013324976,0.013324976
Endothelial,Ifngr1,0.03171611,0.056893885,0.025177777
Endothelial,Sept2,-7.581711e-05,0.0064977407,0.0064977407
Endothelial,Tubb3,0.05578792,0.19186944,0.13608152
Endothelial,Cd38,0.005934596,0.0194875,0.013552904
Endothelial,Aldh1a2,0.10884094,0.14779401,0.038953066
Endothelial,Ldha,-0.058444023,-0.034096718,0.0
Endothelial,Sel1l,0.0034516454,0.0019859076,-0.0014657378
Endothelial,Fmod,-0.006880522,0.021389127,0.021389127
Endothelial,Mpzl1,0.006898463,0.04363674,0.036738276
Endothelial,Mef2d,0.0021281242,0.006693065,0.004564941
Endothelial,Slc32a1,0.035773873,0.13407916,0.098305285
Endothelial,Agrn,0.008045316,0.029545307,0.021499991
Endothelial,Snx5,-0.00578475,0.0128471255,0.0128471255
Endothelial,Mtch1,0.003341496,0.02184707,0.018505573
Endothelial,Slc12a7,0.04019612,0.07467681,0.03448069
Endothelial,Ehd4,0.044271052,0.07040596,0.026134908
Endothelial,Srrm1,0.006547034,0.01141417,0.0048671365
Endothelial,Polr2a,0.0071656704,0.009005249,0.0018395782
Endothelial,Sv2a,0.033871293,0.1635009,0.12962961
Endothelial,Rcn2,0.029040813,0.068817794,0.03977698
Endothelial,Foxo1,0.012121379,0.020360291,0.008238912
Endothelial,Fcgr3,-0.014511585,0.039186597,0.039186597
Endothelial,Atp5f1,0.0073642135,0.01908803,0.011723816
Endothelial,Flt4,0.01262331,0.047034144,0.034410834
Endothelial,Myo6,0.0134266615,0.041212022,0.02778536
Endothelial,Pfkp,0.008752465,0.037258565,0.0285061
Endothelial,Rph3a,0.056112945,0.18585557,0.12974262
Endothelial,Dgcr2,0.0011934042,0.0030491352,0.001855731
Endothelial,Coro1c,0.012651086,0.03325671,0.020605624
Endothelial,Sptlc2,0.019925356,0.028609276,0.00868392
Endothelial,Nsmf,0.012412429,0.03958106,0.027168632
Endothelial,Pten,0.0034111738,0.0049464107,0.0015352368
Endothelial,Cct7,-0.005758524,0.008177936,0.008177936
Endothelial,Jam2,0.003473401,0.029126585,0.025653183
Endothelial,Jag1,-0.00014460087,0.011340141,0.011340141
Endothelial,Cav1,-0.004782796,0.021032631,0.021032631
Endothelial,Zeb1,-0.0019987822,0.004824877,0.004824877
Endothelial,Itgam,-0.011294007,0.033788502,0.033788502
Endothelial,Nrp1,-0.009369612,0.003271103,0.003271103
Endothelial,Rad23b,-0.0029786825,0.00506711,0.00506711
Endothelial,Rgs3,-0.00018024445,0.020864725,0.020864725
Endothelial,Hip1r,-0.0050553083,0.0060114264,0.0060114264
Endothelial,Trim28,0.0037187338,0.009154558,0.0054358244
Endothelial,Mta2,0.0061962605,0.0134785175,0.007282257
Endothelial,Cxcl16,0.046049476,0.10443181,0.058382332
Schwann cell,Pmp22,-0.06375778,0.28279585,0.28279585
Schwann cell,Apod,-0.017801642,0.10577881,0.10577881
Schwann cell,Mbp,-0.10400081,0.2096557,0.2096557
Schwann cell,Cnp,-0.11314547,0.22637641,0.22637641
Schwann cell,H2-D1,-0.163095,-0.029440641,0.0
Schwann cell,Mt2,-0.18175685,-0.17101026,0.0
Schwann cell,Col1a2,-0.044764876,0.12359208,0.12359208
Schwann cell,Cryab,-0.046124578,0.17903572,0.17903572
Schwann cell,Gfap,-0.014004827,0.06586981,0.06586981
Schwann cell,Serping1,-0.04355693,0.015283108,0.015283108
Schwann cell,B2m,-0.104385376,-0.054290056,0.0
Schwann cell,Cd74,0.004488528,0.09530008,0.09081155
Schwann cell,Neat1,-0.008973241,0.09390396,0.09390396
Schwann cell,Smtn,-0.013904333,0.13893884,0.13893884
Schwann cell,Hspg2,-0.002891302,0.010900974,0.010900974
Schwann cell,Mal,-0.0327363,0.12329739,0.12329739
Schwann cell,Cd9,0.021562219,0.14704251,0.1254803
Schwann cell,Sema3b,0.01707244,0.1253385,0.108266056
Schwann cell,Selenop,-0.00055003166,0.03731668,0.03731668
Schwann cell,Pllp,-0.036600232,0.09670448,0.09670448
Schwann cell,Ogn,0.023043036,0.11543596,0.09239292
Schwann cell,H2-K1,-0.026124716,0.033168375,0.033168375
Schwann cell,Lrp1,-0.0028977394,0.039808035,0.039808035
Schwann cell,Itih5,-0.01556778,0.0057421923,0.0057421923
Schwann cell,Ctss,0.02091819,0.10345,0.08253181
Schwann cell,Utrn,-0.015839934,0.092978895,0.092978895
Schwann cell,Plin4,-0.12577128,-0.10940182,0.0
Schwann cell,Lum,-0.004820347,0.048716307,0.048716307
Schwann cell,Frmd4a,0.035071194,0.062876225,0.02780503
Schwann cell,Ugt8a,-0.030334592,0.10138345,0.10138345
Schwann cell,Mapk8ip1,-0.0024870634,0.06683701,0.06683701
Schwann cell,Itgb4,0.052901924,0.095947325,0.0430454
Schwann cell,Ptgds,-0.021847486,0.021839261,0.021839261
Schwann cell,Sorbs1,0.026588976,0.049681365,0.02309239
Schwann cell,Gldn,0.08307356,0.09586799,0.012794435
Schwann cell,Dst,0.047335148,0.084521234,0.037186086
Schwann cell,Sult1a1,-0.049803853,0.08233982,0.08233982
Schwann cell,Tgfbr3,0.021979988,0.052256882,0.030276895
Schwann cell,Maf,-0.016793013,0.049533725,0.049533725
Schwann cell,Col4a1,-0.018819213,0.022707164,0.022707164
Schwann cell,Pdia3,-0.012246251,0.036289275,0.036289275
Schwann cell,Rab7,-0.0027637482,0.012041867,0.012041867
Schwann cell,C4b,-0.010051727,0.020308435,0.020308435
Schwann cell,Gprc5b,0.0015851259,0.08123833,0.0796532
Schwann cell,Igf2,-0.019849181,0.062505424,0.062505424
Schwann cell,Plec,0.009306133,0.023507178,0.014201045
Schwann cell,Aldoa,0.027927935,0.053861976,0.02593404
Schwann cell,Serpina3n,-0.044911265,-0.0035327673,0.0
Schwann cell,Capn2,0.01623857,0.053718626,0.037480056
Schwann cell,Jun,-0.022295713,0.028793514,0.028793514
Schwann cell,Lamc1,0.021659613,0.044410348,0.022750735
Schwann cell,Abca8a,-0.011130929,0.02611059,0.02611059
Schwann cell,App,0.006226361,0.028662026,0.022435665
Schwann cell,Dag1,0.07694888,0.100505054,0.023556173
Schwann cell,Txnip,-0.029762506,0.0069301724,0.0069301724
Schwann cell,Anxa2,0.04540801,0.07845241,0.033044398
Schwann cell,Plpp3,0.002583623,0.016904652,0.014321029
Schwann cell,Ckb,-0.013585687,0.0006931424,0.0006931424
Schwann cell,Lamp1,0.010557115,0.02363342,0.013076305
Schwann cell,Rsrp1,-0.00022852421,0.027477503,0.027477503
Schwann cell,Cdkn1b,-0.015699625,0.06844419,0.06844419
Schwann cell,Col18a1,-0.008037567,0.07120919,0.07120919
Schwann cell,Ldhb,0.00022357702,0.05564356,0.05541998
Schwann cell,Sptan1,0.021513999,0.020116031,-0.0013979673
Schwann cell,Itgb1,-0.00462842,0.00594151,0.00594151
Schwann cell,Mfap5,-0.01790011,0.09323794,0.09323794
Schwann cell,Gnai2,-0.002241969,0.0046417713,0.0046417713
Schwann cell,Mmp15,0.036546707,0.08712256,0.050575852
Schwann cell,C3,-0.05700016,-0.0005092621,0.0
Schwann cell,Lgals1,0.0022217035,0.069693446,0.06747174
Schwann cell,P4hb,-0.008191228,0.0027201772,0.0027201772
Schwann cell,Mag,-0.0072574615,0.031483352,0.031483352
Schwann cell,Sema6c,-0.0026409626,0.07231557,0.07231557
Schwann cell,Ctnnb1,-0.0367136,0.02102536,0.02102536
Schwann cell,Cd81,0.019250333,0.03902459,0.019774258
Schwann cell,Thbs2,-0.010169387,0.07616615,0.07616615
Schwann cell,Map1b,-0.004373312,0.009456754,0.009456754
Schwann cell,Sostdc1,-0.01309514,0.022813022,0.022813022
Schwann cell,Atp1b2,0.007235825,0.02031976,0.013083935
Schwann cell,Tsc22d3,-0.10710204,-0.055767298,0.0
Schwann cell,Lbh,-0.0051862,0.020458162,0.020458162
Schwann cell,Ddit4,-0.062557936,-0.055093765,0.0
Schwann cell,Sox10,0.0110762715,0.058719754,0.047643483
Schwann cell,Ywhae,0.003048122,0.009888411,0.0068402886
Schwann cell,Col15a1,-0.0006095171,0.0254516,0.0254516
Schwann cell,Tmem176a,-0.016942143,0.0046626925,0.0046626925
Schwann cell,Col1a1,0.0014939904,0.06308031,0.06158632
Schwann cell,Sept11,-0.0015389919,0.0033285022,0.0033285022
Schwann cell,Map4k4,0.00094884634,0.0013017058,0.0003528595
Schwann cell,Patj,0.07692623,0.11294514,0.036018908
Schwann cell,Sgk1,-0.028511047,-0.0029017925,0.0
Schwann cell,Srebf2,-0.0149258375,0.023166895,0.023166895
Schwann cell,Nedd4,0.012471676,0.02297932,0.010507643
Schwann cell,Gfra1,0.043387294,0.063096106,0.019708812
Schwann cell,Ank,0.022002578,0.03126943,0.009266853
Schwann cell,Aplp1,0.020275354,0.08026445,0.059989095
Schwann cell,Adam10,0.01411736,0.043059886,0.028942525
Schwann cell,Mast2,0.012660861,0.04396057,0.03129971
Schwann cell,Ndrg2,-0.006055355,0.011629999,0.011629999
Schwann cell,Nid1,0.005378008,0.03287816,0.027500153
Schwann cell,Scarb2,0.010762453,0.010699213,-6.324053e-05
Schwann cell,Grn,0.0006414652,0.038781345,0.03813988
Schwann cell,Mprip,-0.007825732,-0.0023915768,0.0
Schwann cell,Rhoa,0.0052102804,0.006222546,0.0010122657
Schwann cell,Lmna,-0.011821032,0.00065767765,0.00065767765
Schwann cell,Mcl1,-0.024905205,-8.392334e-05,0.0
Schwann cell,Rtn3,-0.0026490688,0.0076617002,0.0076617002
Schwann cell,Sncg,-0.011713862,0.051734805,0.051734805
Schwann cell,Itgb8,0.036000967,0.05057174,0.014570773
Schwann cell,Sfpq,0.0066412687,0.017166615,0.010525346
Schwann cell,Map4,-0.0033253431,0.028968275,0.028968275
Schwann cell,Erbb3,0.019517839,0.068308294,0.048790455
Schwann cell,Serpine2,0.0068390965,0.05044633,0.043607235
Schwann cell,S100a10,0.001822114,0.014794707,0.012972593
Schwann cell,Rac1,-0.0019408464,0.004563272,0.004563272
Schwann cell,Msn,-0.035971045,-0.0076214075,0.0
Schwann cell,Amfr,0.01778847,0.019484103,0.0016956329
Schwann cell,Fyn,0.012312472,0.029765248,0.017452776
Schwann cell,Cemip2,0.033167064,0.050712824,0.01754576
Schwann cell,Pltp,-0.010808945,0.038455963,0.038455963
Schwann cell,Psmb8,-0.15072334,-0.11713815,0.0
Schwann cell,Sh3bp5,-0.008684278,0.033371985,0.033371985
Schwann cell,H2-Aa,0.00045728683,0.036593795,0.036136508
Schwann cell,Cers2,0.028791904,0.074291885,0.04549998
Schwann cell,Ctnnal1,0.031779945,0.062490225,0.03071028
Schwann cell,Slc2a4,0.046781242,0.07373607,0.02695483
Schwann cell,Sirt2,0.0049512982,0.031050742,0.026099443
Schwann cell,Dusp15,-0.0019831657,0.084519625,0.084519625
Schwann cell,Lamb2,0.0032433271,0.006947756,0.0037044287
Schwann cell,Fstl1,-0.019758344,0.029169679,0.029169679
Schwann cell,Lama2,0.0069543123,0.0090094805,0.0020551682
Schwann cell,Fasn,0.016913474,0.03442681,0.017513335
Schwann cell,Abca1,-0.024160028,0.028027534,0.028027534
Schwann cell,Agpat3,0.01544559,0.021771014,0.0063254237
Schwann cell,Fat1,0.022240043,0.037449837,0.015209794
Schwann cell,Ifit3,0.04248613,0.05979514,0.01730901
Schwann cell,Meg3,-0.0014246702,0.015775204,0.015775204
Schwann cell,Hmgcr,0.008794725,0.04353112,0.034736395
Schwann cell,Flnb,0.021970272,0.033254385,0.011284113
Schwann cell,Fscn1,0.011614025,0.047755063,0.036141038
Schwann cell,Plekhg2,0.021271765,0.04557383,0.024302065
Schwann cell,Tsc22d4,-0.0012768507,0.012254298,0.012254298
Schwann cell,Hnrnpa1,0.0049749017,0.014750838,0.009775937
Schwann cell,Gpr37l1,0.008747041,0.024620116,0.015873075
Schwann cell,Dpysl2,0.002219677,0.004291177,0.0020714998
Schwann cell,Dhh,-0.0021048784,0.021404326,0.021404326
Schwann cell,Jam3,0.011042833,0.063810766,0.052767932
Schwann cell,Afap1l2,0.058735132,0.06111473,0.0023795962
Schwann cell,H2-Ab1,-0.0074483156,0.033283114,0.033283114
Schwann cell,Dync1h1,0.008446872,0.011109412,0.0026625395
Schwann cell,Col6a2,-0.01756227,0.02464223,0.02464223
Schwann cell,Kif19a,0.0038411617,0.07523501,0.07139385
Schwann cell,Flna,0.002643764,0.0080756545,0.0054318905
Schwann cell,Zeb2,0.0066490173,0.023287714,0.016638696
Schwann cell,Sept8,-0.0010471344,0.0063937306,0.0063937306
Schwann cell,Ctnnd1,0.010546148,0.015275061,0.0047289133
Schwann cell,Nsmf,0.02101612,0.043441117,0.022424996
Schwann cell,Bmp1,-0.026333094,0.040610433,0.040610433
Schwann cell,Kif5b,-0.0031923056,0.011356473,0.011356473
Schwann cell,Cxxc1,0.04686725,0.06127709,0.01440984
Schwann cell,Zdhhc8,0.0028944612,0.047706127,0.044811666
Schwann cell,Sesn1,-0.00978148,0.045161247,0.045161247
Schwann cell,Spag9,0.007566631,0.01488328,0.007316649
Schwann cell,Marcks,-0.0033105612,0.02126807,0.02126807
Schwann cell,Hspa5,-0.035832882,0.0009852052,0.0009852052
Schwann cell,H2-T23,-0.07383609,-0.039502025,0.0
Schwann cell,Cdh1,0.016833425,0.05397713,0.037143707
Schwann cell,Msmo1,0.01957959,0.057515264,0.037935674
Schwann cell,Col4a2,-0.0013264418,0.034205675,0.034205675
Schwann cell,Gab1,-0.0004079342,0.024018109,0.024018109
Schwann cell,Prkar1a,0.0026196837,0.0037537813,0.0011340976
Schwann cell,Dbn1,-0.014991999,0.008893788,0.008893788
Schwann cell,Nlrc5,-0.01830256,-0.0043674707,0.0
Schwann cell,Pink1,-0.009058714,0.020616353,0.020616353
Schwann cell,Il34,0.016959012,0.02932316,0.012364149
Schwann cell,Lamb1,0.027439356,0.035263836,0.0078244805
Schwann cell,Pdgfrb,-0.00533545,0.007164061,0.007164061
Schwann cell,Slc9a3r2,0.0004557371,0.013735592,0.013279855
Schwann cell,Pik3r1,0.0020442605,0.0068638325,0.004819572
Schwann cell,Col5a1,-0.0007548332,0.018019736,0.018019736
Schwann cell,Sema6d,-0.004004121,0.029032826,0.029032826
Schwann cell,Tgm2,-0.045161724,-0.0068320036,0.0
Schwann cell,Klc1,0.0036504865,0.012683451,0.009032965
Schwann cell,Acly,0.0025917888,0.0046635866,0.0020717978
Schwann cell,Saraf,0.0038253665,0.01913172,0.015306354
Schwann cell,Cct5,0.008870959,0.01093781,0.0020668507
Schwann cell,Adamts20,0.01029706,0.023940265,0.013643205
Schwann cell,Srrm1,0.008456886,0.015999854,0.007542968
Schwann cell,Gbp2,-0.18789482,-0.1541667,0.0
Schwann cell,Kpnb1,0.0022228956,0.0012784004,-0.0009444952
Schwann cell,Fbn1,-0.020249486,0.006678939,0.006678939
Schwann cell,Dbp,-0.036697984,-0.03368652,0.0
Schwann cell,Nr2f2,0.003977895,0.011818111,0.007840216
Schwann cell,Reln,0.0171538,0.031085432,0.013931632
Schwann cell,Bcl2l1,-0.014082313,0.002426505,0.002426505
Schwann cell,Otud7b,-0.019285917,0.024309456,0.024309456
Schwann cell,Elovl1,0.026957631,0.06394023,0.036982596
Schwann cell,Rtn4,0.011223733,0.021945596,0.010721862
Schwann cell,Picalm,0.0011906624,0.0028755665,0.0016849041
Schwann cell,Sema5a,-0.0014775991,0.03732586,0.03732586
Schwann cell,Ccnd3,0.015716076,0.050743043,0.035026968
Schwann cell,Rhoc,0.0112989545,0.0253582,0.014059246
Schwann cell,Atp2a2,0.00809443,0.0082271695,0.00013273954
Schwann cell,Ppt1,0.0023201704,0.006568849,0.0042486787
Schwann cell,Chd4,0.00019818544,0.0005094409,0.00031125546
Schwann cell,Tardbp,0.004853487,0.009415567,0.00456208
Schwann cell,Rnf13,0.0035987496,0.020309746,0.016710997
Schwann cell,Hexb,-0.0019294024,0.0023786426,0.0023786426
Schwann cell,Kif1b,0.008429229,0.010432541,0.002003312
Schwann cell,Fryl,0.0017938614,0.042846143,0.04105228
Schwann cell,Vat1,-0.007900476,0.0016879439,0.0016879439
Schwann cell,Ctnna1,0.012034357,0.014382899,0.0023485422
Schwann cell,Tjp1,-0.006287575,0.016295671,0.016295671
Schwann cell,Adamts5,-0.017944932,0.042740762,0.042740762
Schwann cell,Slc6a8,-0.010805368,0.0027723908,0.0027723908
Schwann cell,Dctn2,0.005524099,0.008564711,0.0030406117
Schwann cell,Sqstm1,0.004196763,0.004626155,0.00042939186
Schwann cell,Npc1,0.005137384,0.02716279,0.022025406
Schwann cell,S100b,-0.011055589,0.015753329,0.015753329
Schwann cell,Cyfip1,0.011274159,0.017191827,0.0059176683
Schwann cell,Baiap2,0.00040262938,0.014958799,0.0145561695
Schwann cell,Cyb5r3,-0.006039858,0.01946485,0.01946485
Schwann cell,Tnxb,-0.0013164282,0.0611856,0.0611856
Schwann cell,Egr2,0.009983182,0.040503204,0.030520022
Schwann cell,Fbln2,-0.031955123,0.007940292,0.007940292
Schwann cell,Rnaset2a,0.009869635,0.013980985,0.0041113496
Schwann cell,Aplp2,0.002754569,0.0045490265,0.0017944574
Schwann cell,Sptb,-0.0057367086,0.047988772,0.047988772
Schwann cell,Axl,-0.0031802654,0.033021927,0.033021927
Schwann cell,Atf4,-0.005768895,0.0020856261,0.0020856261
Schwann cell,Nr1d1,-0.018719196,-0.011296034,0.0
Schwann cell,Sf1,0.0022355914,0.0049192905,0.0026836991
Schwann cell,Cadm1,-0.0012071133,0.020492673,0.020492673
Schwann cell,H2-Eb1,-0.0039697886,0.019321978,0.019321978
Schwann cell,Tead1,0.020783424,0.021521747,0.00073832273
Schwann cell,Gbp7,-0.1055063,-0.0858655,0.0
Schwann cell,Cavin1,0.0016797781,0.008675218,0.0069954395
Schwann cell,Ctdsp1,0.009107947,0.011610806,0.0025028586
Schwann cell,Rbp1,0.0041808486,0.027790308,0.02360946
Schwann cell,Atxn10,0.005945146,0.007502079,0.0015569329
Schwann cell,Raf1,0.00061661005,0.0012465119,0.0006299019
Schwann cell,Notch2,0.0061998963,0.01356411,0.0073642135
Schwann cell,Pnpla2,-0.040773153,-0.04165852,0.0
Schwann cell,Pja2,0.00095176697,0.006156981,0.005205214
Schwann cell,Snta1,-0.009248018,0.022517622,0.022517622
Schwann cell,Gtf2i,0.0068161488,0.004157841,-0.0026583076
Schwann cell,Fam107a,-0.044888973,-0.012050986,0.0
Schwann cell,Myo1c,0.0064282417,0.0064110756,-1.7166138e-05
Schwann cell,Canx,-0.003712058,-0.0029845238,0.0
Schwann cell,Itpkb,0.00014650822,0.021200538,0.02105403
Schwann cell,Ybx3,0.015004277,0.024822354,0.009818077
Schwann cell,Zbtb16,-0.038785458,-0.019279957,0.0
Schwann cell,Clic4,0.00654459,0.01462853,0.00808394
Schwann cell,Ncam1,0.00475502,0.024430811,0.019675791
Schwann cell,Nfe2l1,-0.00352633,0.0040062666,0.0040062666
Schwann cell,Igsf11,0.024372756,0.03254509,0.008172333
Schwann cell,S1pr3,0.0018892288,0.029385686,0.027496457
Schwann cell,Gnai1,-0.01601255,0.02273351,0.02273351
Schwann cell,Ttyh1,-0.010294557,0.019020498,0.019020498
Schwann cell,Gpt2,0.00017088652,0.009157777,0.00898689
Schwann cell,Cltc,0.0014870167,0.0034182072,0.0019311905
Schwann cell,Mcam,0.011390924,0.026250958,0.014860034
Schwann cell,Scrib,0.005146563,0.012749255,0.0076026917
Schwann cell,Hnrnph1,0.004013121,0.011260569,0.007247448
Schwann cell,Brd2,0.0017896891,0.00072801113,-0.0010616779
Schwann cell,Rnf10,0.0015972257,0.0018082857,0.00021106005
Schwann cell,Mapk3,-0.0005226135,0.013128817,0.013128817
Schwann cell,Itgav,0.014006376,0.02363193,0.009625554
Schwann cell,A2m,-0.0004913807,0.038436413,0.038436413
Schwann cell,Fgf1,-0.020137548,0.032180667,0.032180667
Schwann cell,Timp1,-0.08833265,-0.029046059,0.0
Schwann cell,Mme,0.0030719638,0.037934482,0.03486252
Schwann cell,Carns1,-0.010773301,0.045540273,0.045540273
Schwann cell,Fgfr1,-0.0032799244,0.003408432,0.003408432
Schwann cell,Kif1c,0.002135098,0.005771637,0.003636539
Schwann cell,Hnrnpm,-0.00031757355,0.0054371953,0.0054371953
Schwann cell,Svil,0.002693653,0.0042880177,0.0015943646
Schwann cell,Sept2,0.0019622445,0.0036432147,0.0016809702
Schwann cell,Adcy1,0.004438281,0.05281502,0.04837674
Schwann cell,Irgm2,-0.060007453,-0.05273199,0.0
Schwann cell,Ngfr,-0.00090169907,0.014184475,0.014184475
Schwann cell,Elmo1,0.0058482885,0.024162889,0.0183146
Schwann cell,Myo18a,0.0047404766,0.009379208,0.0046387315
Schwann cell,Arhgef12,0.0019587874,0.0009551048,-0.0010036826
Schwann cell,Slc1a3,-0.0013004541,0.026064515,0.026064515
Schwann cell,Dmd,0.0093153715,0.015052438,0.0057370663
Schwann cell,Rab5c,-0.0029931068,0.0014701486,0.0014701486
Schwann cell,Vcl,0.01670456,0.02337277,0.00666821
Schwann cell,Dnm2,-0.0017284155,-0.0010180473,0.0
Schwann cell,Ywhaz,0.006236553,0.0068982244,0.00066167116
Schwann cell,Tmem173,0.0074495077,0.03458035,0.027130842
Schwann cell,Cacnb1,0.029434204,0.040956497,0.011522293
Schwann cell,Cadm3,-0.005021572,0.046207964,0.046207964
Schwann cell,Slc20a2,0.018236399,0.033606887,0.015370488
Schwann cell,Myh9,-0.001807332,0.009880543,0.009880543
Schwann cell,Kmt2d,0.002821982,0.0067492127,0.003927231
Schwann cell,Anapc5,0.00017297268,0.0014214516,0.0012484789
Schwann cell,Dusp6,0.009349048,0.017438054,0.008089006
Schwann cell,Itpr3,-0.018481493,0.025976002,0.025976002
Schwann cell,Calu,-0.0013010502,0.002109766,0.002109766
Schwann cell,Bicd2,0.008975625,0.011726856,0.0027512312
Schwann cell,Pten,0.007227361,0.010900855,0.0036734939
Schwann cell,Sfrp4,-0.016868472,0.021387756,0.021387756
Schwann cell,Gpc3,-0.00027871132,0.018070757,0.018070757
Schwann cell,Ptch1,-0.00088882446,0.014395595,0.014395595
Schwann cell,Akr1b3,0.014234066,0.073016405,0.05878234
Schwann cell,Sort1,0.004987538,0.01268214,0.007694602
Schwann cell,Caprin1,-0.0018861294,-0.0020682812,0.0
Schwann cell,Per1,-0.019461632,-0.0010889769,0.0
Schwann cell,Vdac2,0.029426336,0.044566154,0.015139818
Schwann cell,Gnaq,0.0012362599,0.0034562945,0.0022200346
Schwann cell,Socs3,-0.12471473,-0.10444462,0.0
Schwann cell,Sept9,0.022393703,0.03820157,0.015807867
Schwann cell,Car2,0.012580276,0.04170078,0.029120505
Schwann cell,Mta2,-0.0002501011,0.0014680028,0.0014680028
Schwann cell,Ppp2ca,0.002814293,0.0014386177,-0.0013756752
Schwann cell,Nid2,0.015091538,0.026242137,0.0111505985
Schwann cell,Acox1,0.002380371,0.0035976768,0.0012173057
Schwann cell,Cic,0.0012093186,0.0047026277,0.003493309
Schwann cell,Vamp2,0.00083589554,0.0067486167,0.005912721
Schwann cell,P2rx7,0.008769989,0.026671708,0.017901719
Schwann cell,Stat1,-0.06690526,-0.06311369,0.0
Schwann cell,Elavl1,0.0058379173,0.0048553944,-0.000982523
Schwann cell,Plod1,0.013479531,0.013073921,-0.0004056096
Schwann cell,Gsk3a,3.248453e-05,-0.00091278553,-3.248453e-05
Schwann cell,Dnajc7,0.0064807534,0.020846307,0.014365554
Schwann cell,Dkk3,0.003668785,0.016447127,0.012778342
Schwann cell,Abhd4,0.0043215156,0.009880722,0.005559206
Schwann cell,Sptlc2,0.0032902956,0.01653266,0.013242364
Schwann cell,Arrdc2,-0.026229024,-0.015213966,0.0
Schwann cell,Emc1,0.0035316348,0.0036200285,8.839369e-05
Schwann cell,Il6st,0.0034521222,0.015790403,0.012338281
Schwann cell,Mmp2,0.009334087,0.021111429,0.011777341
Schwann cell,Rap1gap,0.0053808093,0.010830641,0.0054498315
Schwann cell,Atp5o,0.010010004,0.0122817755,0.0022717714
Schwann cell,Mboat7,0.0034464002,0.0035181642,7.176399e-05
Schwann cell,Vtn,-0.002502799,0.02015245,0.02015245
Schwann cell,Cldn11,0.00038701296,0.013688505,0.013301492
Schwann cell,Atf5,-0.0044982433,0.01064384,0.01064384
Schwann cell,Ncor1,0.0028970838,0.0018236041,-0.0010734797
Schwann cell,Mertk,0.011787534,0.02091068,0.0091231465
Schwann cell,Hadh,-0.0004659891,0.007001281,0.007001281
Schwann cell,Mdk,-0.009438515,0.027063906,0.027063906
Schwann cell,Cab39l,0.0112454295,0.024772406,0.013526976
Schwann cell,Slc12a2,0.018321455,0.027804911,0.009483457
Schwann cell,Adipor1,-0.00035452843,-0.0010938644,0.0
Schwann cell,Sel1l,0.00821203,0.0064050555,-0.0018069744
Schwann cell,Irf1,-0.06643093,-0.055700064,0.0
Schwann cell,Lamp2,-0.01958549,-0.009563565,0.0
Schwann cell,Dctn1,0.00016826391,0.00016158819,-6.67572e-06
Schwann cell,Grk2,-0.0011408329,0.00506866,0.00506866
Schwann cell,Ldb1,0.0028842092,0.0044201016,0.0015358925
Schwann cell,Prrc2b,0.004225433,0.0039187074,-0.0003067255
Schwann cell,Csnk1d,0.00033438206,0.00049060583,0.00015622377
Schwann cell,Rnh1,0.0028316379,0.0041785836,0.0013469458
Schwann cell,Selenof,0.0002516508,0.0029128194,0.0026611686
Schwann cell,Gramd1b,0.005540669,0.006734431,0.0011937618
Schwann cell,Sdha,0.0041817427,0.0028309226,-0.0013508201
Schwann cell,Mbd2,0.0022505522,0.00069892406,-0.0015516281
Schwann cell,Bmpr2,0.00036627054,-8.2969666e-05,-0.00036627054
Schwann cell,Cd82,-0.00206995,0.020709455,0.020709455
Schwann cell,Pkm,-0.004797101,0.0049336553,0.0049336553
Schwann cell,Galnt17,0.017407775,0.026070178,0.008662403
Schwann cell,Gnb1,-0.005402088,0.0029520392,0.0029520392
Schwann cell,Sdhb,0.0017156601,0.001876831,0.00016117096
Schwann cell,Parva,0.00057917833,0.0045340657,0.0039548874
Schwann cell,Col14a1,-0.009752393,0.01490742,0.01490742
Schwann cell,Gng11,-0.0010532141,0.005996704,0.005996704
Schwann cell,Cd151,0.0074680448,0.015480995,0.00801295
Schwann cell,Actr2,-0.00025749207,0.0026654005,0.0026654005
Schwann cell,Nes,0.0067145824,0.019507587,0.0127930045
Schwann cell,Erbin,-0.0001655817,0.0009626746,0.0009626746
Schwann cell,Itga6,0.022236526,0.035296977,0.013060451
Schwann cell,Nr4a1,0.019610107,0.02731824,0.0077081323
Schwann cell,Abcd3,0.0049794912,0.004470229,-0.0005092621
Schwann cell,Stk39,-0.0008109808,0.023798168,0.023798168
Schwann cell,Kdm5b,8.422136e-05,-0.00023293495,-8.422136e-05
Schwann cell,Anxa6,0.0015188456,0.0047191978,0.0032003522
Schwann cell,Pkd1,0.00011867285,0.0007402897,0.00062161684
Schwann cell,Rara,0.0004722476,0.009593427,0.00912118
Schwann cell,Cmtm6,-0.00071787834,0.0010390878,0.0010390878
Schwann cell,Emc10,0.0031825304,0.0025579333,-0.0006245971
Schwann cell,Kmt2e,0.0034042,0.005637288,0.002233088
Schwann cell,Cdc37,0.00057303905,4.684925e-05,-0.0005261898
Schwann cell,Ldlr,0.0025372505,0.028009593,0.025472343
Schwann cell,Fus,-0.0013051033,0.001086235,0.001086235
Schwann cell,Sec61a1,0.0110936165,0.014111102,0.0030174851
Schwann cell,Nr2f1,-0.0020974874,0.0122751,0.0122751
Schwann cell,Thra,-0.0062725544,0.0022126436,0.0022126436
Schwann cell,Arhgef1,-1.8954277e-05,0.01647216,0.01647216
Schwann cell,Mtch1,0.0035793185,0.0036598444,8.0525875e-05
Schwann cell,Lox,-0.026003718,0.043824494,0.043824494
Schwann cell,Ppp2r5c,-0.00047695637,0.0013334751,0.0013334751
Schwann cell,Clk1,-4.8041344e-05,0.009602129,0.009602129
Schwann cell,Cd200,0.012739122,0.019620776,0.0068816543
Schwann cell,Arhgap31,0.013555706,0.026128054,0.012572348
Schwann cell,Itsn1,0.0007349849,-0.0002603531,-0.0007349849
Schwann cell,Col23a1,0.01658523,0.06900686,0.05242163
Schwann cell,Eps15,0.0010024309,1.1622906e-05,-0.000990808
Schwann cell,Spop,-0.0011667013,0.0051190853,0.0051190853
Schwann cell,Tgfbr2,0.00053846836,0.0027381778,0.0021997094
Schwann cell,Rbbp4,0.01000911,0.009928644,-8.046627e-05
Schwann cell,Mmp14,-0.013829231,0.03335309,0.03335309
Schwann cell,Zfp281,0.006660998,0.012690783,0.0060297847
Schwann cell,Furin,-0.004807949,0.0005258322,0.0005258322
Schwann cell,Rpn1,0.007860959,0.009710848,0.0018498898
Schwann cell,Rnf14,0.0016793013,0.0019586682,0.00027936697
Schwann cell,Dvl1,0.0001193285,0.0015725493,0.0014532208
Schwann cell,Echs1,0.004419565,0.0033801794,-0.0010393858
Schwann cell,Vstm4,-0.008647442,0.036378562,0.036378562
Schwann cell,Mylk,0.0056648254,0.0152336955,0.00956887
Schwann cell,Polr2a,-0.0014076233,-0.00012457371,0.0
Schwann cell,Cs,0.0016469359,0.00054079294,-0.001106143
Schwann cell,Cpsf6,0.0018940568,0.0019606352,6.657839e-05
Schwann cell,Srsf1,0.012215078,0.015274107,0.0030590296
Schwann cell,Kdm4a,0.0070699453,0.009449959,0.0023800135
Schwann cell,Immt,0.0010281205,0.0015028715,0.000474751
Schwann cell,Ptpa,0.005500078,0.005722046,0.0002219677
Schwann cell,Eif4g1,0.0052616,0.0030449033,-0.0022166967
Schwann cell,Gm2a,0.0019897223,0.0006952882,-0.0012944341
Schwann cell,Nbr1,-0.00086033344,-0.0011453629,0.0
Schwann cell,Lmo4,0.0039331317,0.0068528056,0.002919674
Schwann cell,Arnt2,-0.001248002,0.0026695132,0.0026695132
Schwann cell,Pak2,0.0036677718,0.0037606955,9.292364e-05
Schwann cell,Ece1,0.002507329,0.007103741,0.004596412
Schwann cell,Stat3,-0.009893537,-0.0013575554,0.0
Schwann cell,L1cam,0.0061291456,0.019726872,0.013597727
Schwann cell,Srsf4,0.0010859966,0.001179874,9.3877316e-05
Schwann cell,Sdcbp,-0.0046116114,0.0076779723,0.0076779723
Schwann cell,Fcgrt,-0.00068199635,-0.0012253523,0.0
Schwann cell,Sun1,0.004348457,0.009268761,0.004920304
Schwann cell,Trim28,0.007129729,0.005725503,-0.0014042258
Schwann cell,Csde1,0.0020918846,0.0032801628,0.0011882782
Schwann cell,Cct8,0.002586186,0.0027694702,0.00018328428
Schwann cell,Cry2,-0.008649588,0.013644636,0.013644636
Schwann cell,Mib1,-4.696846e-05,-0.0005530119,0.0
Schwann cell,Ywhag,-0.00037539005,0.0056726336,0.0056726336
Schwann cell,Araf,0.0010628104,0.0017952919,0.0007324815
Schwann cell,Ppp2r1a,0.0020164847,0.0015429258,-0.0004735589
Schwann cell,Tln1,-0.0009951591,-0.0018100739,0.0
Schwann cell,Bach1,-0.0048000813,0.013120234,0.013120234
Schwann cell,Slc9a9,0.00093084574,0.01473707,0.013806224
Schwann cell,Srebf1,0.0026289225,0.0047156215,0.002086699
Schwann cell,Shh,0.016920686,0.030473053,0.013552368
Schwann cell,Rnf130,0.0035947561,0.007692337,0.004097581
Schwann cell,Serpind1,0.0043458343,0.047159433,0.0428136
Schwann cell,Rbms1,-0.0025148392,0.0041157603,0.0041157603
Schwann cell,Ppfibp1,0.00041484833,0.00060778856,0.00019294024
Schwann cell,Ankrd13b,0.016194224,0.017719567,0.0015253425
Schwann cell,Itga7,0.009269536,0.014671743,0.0054022074
Schwann cell,Bcl6,-0.0003784895,0.0007225275,0.0007225275
Schwann cell,Plxnb2,-0.0028022528,0.0048751235,0.0048751235
Schwann cell,Anapc2,0.004226804,0.0008920431,-0.0033347607
Schwann cell,Ggnbp2,0.003315866,0.0038348436,0.00051897764
Schwann cell,Lima1,0.0029056072,0.009821713,0.0069161057
Schwann cell,Cul3,0.0020050406,0.004090965,0.0020859241
Schwann cell,Sirpa,-0.00071024895,-0.00068485737,0.0
Schwann cell,Prpf8,0.0155313015,0.014326215,-0.0012050867
Schwann cell,Ap2a2,0.0039834976,0.003766656,-0.0002168417
Schwann cell,Otud5,0.00066292286,0.00058305264,-7.9870224e-05
Schwann cell,Arap1,-1.347065e-05,0.0010256767,0.0010256767
Schwann cell,Gpc4,0.004879594,0.0064197183,0.0015401244
Schwann cell,Kcnj10,-0.0081573725,0.024296045,0.024296045
Schwann cell,Jup,0.0027025938,0.010934174,0.00823158
Schwann cell,Fkbp5,-0.026739597,-0.017144084,0.0
Schwann cell,Pafah1b1,0.0014341474,0.0026126504,0.001178503
Schwann cell,Lama4,0.0041465163,0.015104532,0.010958016
Schwann cell,Cbx3,-0.00014138222,0.0029953122,0.0029953122
Schwann cell,Smarcc2,-0.000613451,0.0005276799,0.0005276799
Schwann cell,Ap2b1,0.0006366372,0.0022741556,0.0016375184
Schwann cell,Ogt,0.0021378994,0.0057463646,0.0036084652
Schwann cell,Foxo1,0.0021407604,0.014106631,0.011965871
Schwann cell,Samhd1,-0.031215787,-0.01354146,0.0
Schwann cell,Gmfb,0.009602785,0.016110063,0.0065072775
Schwann cell,Huwe1,0.008666575,0.0066749454,-0.0019916296
Schwann cell,Fn1,0.0078037977,0.022237599,0.014433801
Schwann cell,Itgam,-0.010715842,0.033686697,0.033686697
Schwann cell,Marcksl1,-0.0066258907,-0.005655408,0.0
Schwann cell,Rab5a,0.002777636,0.0066820383,0.0039044023
Schwann cell,Srsf2,0.0005853772,0.0054644346,0.0048790574
Schwann cell,Pdgfra,0.0024383664,0.01680684,0.0143684745
Schwann cell,Rdx,0.0013154745,0.0033049583,0.0019894838
Schwann cell,Baz1b,-0.00034844875,0.002631247,0.002631247
Schwann cell,Dlgap4,0.004013598,0.0053988695,0.0013852715
Schwann cell,Gabbr1,0.0012761354,0.0024522543,0.0011761189
Schwann cell,Ptprf,0.006646514,0.027810633,0.02116412
Schwann cell,Dgcr2,0.0035569072,0.0037335753,0.00017666817
Schwann cell,Glg1,0.013286173,0.014565647,0.0012794733
Schwann cell,Comt,0.003977537,0.014190972,0.010213435
Schwann cell,Camk2d,0.0019119978,0.00156039,-0.0003516078
Schwann cell,Cct3,0.0043028593,0.0027921796,-0.0015106797
Schwann cell,Plod3,-0.0017001629,0.0030799508,0.0030799508
Schwann cell,Ccnd1,-0.0146199465,0.0199188,0.0199188
Schwann cell,Dnm1,-0.0058670044,0.012416303,0.012416303
Schwann cell,Trp53,0.0028649569,0.0028260946,-3.886223e-05
Schwann cell,Smdt1,0.0016123652,0.0010240078,-0.00058835745
Schwann cell,Litaf,0.0036215782,0.004961252,0.001339674
Schwann cell,Map1lc3a,0.0029466748,0.0035489798,0.00060230494
Schwann cell,Ncor2,-0.00048840046,0.00022357702,0.00022357702
Schwann cell,Aspa,0.015948892,0.025180459,0.009231567
DC,Cd74,-0.044384718,0.083982825,0.083982825
DC,Gfap,-0.13763773,0.12591195,0.12591195
DC,Ctss,-0.32770896,-0.11756337,0.0
DC,H2-Ab1,0.011844754,0.08057815,0.068733394
DC,H2-Aa,-0.08073628,0.048897803,0.048897803
DC,Mbp,-0.41983044,0.14021403,0.14021403
DC,H2-Eb1,-0.0028820038,0.06945592,0.06945592
DC,Arg1,-0.40200233,-0.21495831,0.0
DC,H2-D1,-0.83215463,-0.50679266,0.0
DC,Gpnmb,-0.16838491,-0.12373948,0.0
DC,Mt2,-0.052233458,0.07116139,0.07116139
DC,Hexb,-0.08962643,0.057466805,0.057466805
DC,H2-K1,-0.21478081,-0.12873256,0.0
DC,C3,-0.08111107,0.08107364,0.08107364
DC,Grn,-0.1498437,-0.041004777,0.0
DC,Apod,0.011539876,0.02860564,0.017065763
DC,B2m,-0.5869658,-0.3611827,0.0
DC,Fn1,-0.19314075,-0.12126732,0.0
DC,Aplp1,-0.98932743,-0.47227287,0.0
DC,Chil3,-0.20598316,-0.1374911,0.0
DC,Ccl5,-0.19203734,-0.10063398,0.0
DC,Serpina3n,-0.118297935,-0.014106989,0.0
DC,Aldoa,-0.0021375418,0.088324785,0.088324785
DC,Selenop,-0.09605348,-0.05911553,0.0
DC,Rab7,-0.1934309,-0.036501765,0.0
DC,Psmb8,-0.22984421,-0.19593596,0.0
DC,Lamp1,-0.0019830465,0.08983576,0.08983576
DC,Fcgr2b,-0.14801633,-0.02391839,0.0
DC,Cnp,-0.82107115,-0.49462402,0.0
DC,Fscn1,-0.013328791,0.018396795,0.018396795
DC,Cd14,-0.07240379,-0.036479235,0.0
DC,Acod1,-0.16454029,-0.08728886,0.0
DC,Cd68,0.0005902648,0.08743626,0.086845994
DC,Cd300lf,-0.2431674,-0.11187136,0.0
DC,Neat1,0.016019344,0.1519348,0.13591546
DC,Mcl1,-0.18940854,-0.03017342,0.0
DC,Tgm2,-0.21507084,-0.15674627,0.0
DC,Car2,-0.57477176,-0.34357202,0.0
DC,Lrp1,0.004250765,0.03524643,0.030995667
DC,Itgam,-0.17610776,-0.06948507,0.0
DC,Gnai2,-0.053756356,-0.021295428,0.0
DC,Pdia3,-0.04153335,-0.012501955,0.0
DC,Plac8,-0.19992054,-0.15220785,0.0
DC,Csf1r,0.024261355,0.059563696,0.03530234
DC,Ckb,-0.21496165,0.04781115,0.04781115
DC,Msn,-0.14276779,-0.09629166,0.0
DC,Tnfrsf1b,-0.038600564,0.025025725,0.025025725
DC,Rnaset2a,-0.02413559,0.061216295,0.061216295
DC,Cxcl16,0.011190832,0.061070025,0.049879193
DC,Col1a2,0.0061787963,0.040459096,0.0342803
DC,Pltp,-0.036754847,-0.05854273,0.0
DC,Stab1,0.0036098957,0.019334912,0.015725017
DC,Gm2a,0.011703193,0.04261595,0.030912757
DC,Itgb2,-0.117225885,-0.013982058,0.0
DC,Sgk1,0.0015233755,0.021720529,0.020197153
DC,Gbp2,-0.23247528,-0.16246176,0.0
DC,Cldn11,-0.52627444,-0.23383152,0.0
DC,Sirpa,-0.013353705,0.024614692,0.024614692
DC,Fcgr3,-0.041998625,0.033199728,0.033199728
DC,Abca1,-0.0346272,0.05923122,0.05923122
DC,Ccl17,-0.03508687,-0.018534303,0.0
DC,H2-T23,-0.042743564,-0.0037853718,0.0
DC,Hmox1,-0.09452796,-0.02911663,0.0
DC,App,-0.097263336,-0.0005452633,0.0
DC,Nlrc5,-0.10812271,-0.013409257,0.0
DC,Ndrg2,-0.059835196,0.0637992,0.0637992
DC,Ppt1,-0.024249673,0.021670222,0.021670222
DC,Anxa2,-0.02962625,0.005569041,0.005569041
DC,Atp1b2,-0.02382958,0.03156656,0.03156656
DC,Marcksl1,-0.065333486,-0.0055207014,0.0
DC,Samhd1,-0.07726669,-0.018716931,0.0
DC,Mafb,0.0061230063,0.041107774,0.034984767
DC,Irf1,-0.14425111,-0.07439923,0.0
DC,Jun,-0.027198553,-0.011940956,0.0
DC,Siglech,-0.027777433,0.008636355,0.008636355
DC,Syk,-0.0913558,0.03705865,0.03705865
DC,Rsrp1,-0.0065141916,0.04756403,0.04756403
DC,Thbs1,-0.07248843,-0.036126375,0.0
DC,Hnrnpa1,0.016236186,0.028512895,0.012276709
DC,Cybb,-0.099203825,-0.0026718378,0.0
DC,Selplg,-0.030239701,0.013167679,0.013167679
DC,Sdcbp,-0.038369656,0.035440087,0.035440087
DC,Ptgds,-0.550972,-0.33285463,0.0
DC,Cst7,-0.014901161,0.102118194,0.102118194
DC,Prkcd,0.0029429197,0.023649514,0.020706594
DC,Ctnnb1,-0.022440791,0.04300964,0.04300964
DC,Rnh1,-0.12056327,-0.052755833,0.0
DC,Il10ra,0.021179914,0.05620092,0.035021007
DC,Cd274,-0.205683,-0.054431677,0.0
DC,Cd81,-0.1609019,0.030815065,0.030815065
DC,Pkm,-0.194677,-0.09756756,0.0
DC,Txnip,7.0273876e-05,0.023049712,0.022979438
DC,P4hb,-0.043337584,-0.025934935,0.0
DC,Myh9,-0.011862874,0.06253886,0.06253886
DC,Plin2,-0.05531323,0.020241678,0.020241678
DC,Irf8,-0.024256349,0.0070800185,0.0070800185
DC,Tmem176a,0.006991327,0.01983416,0.012842834
DC,Serping1,0.0312683,0.07839459,0.047126293
DC,Cfb,-0.09470928,-0.0039764643,0.0
DC,Rhoa,-0.03929758,-0.011059403,0.0
DC,Trem2,-0.1339345,-0.07854128,0.0
DC,Ncf1,-0.08823824,-0.023859024,0.0
DC,Mag,-0.50449073,-0.23046386,0.0
DC,Aif1,-0.02985692,0.028948665,0.028948665
DC,Hexa,-0.0853225,-0.05379629,0.0
DC,Axl,-0.034708023,-0.0004272461,0.0
DC,Bcl2a1a,-0.08940387,-0.009002328,0.0
DC,Spi1,-0.004765272,0.021947801,0.021947801
DC,Lgals1,-0.06389058,-0.014858127,0.0
DC,Oasl2,-0.10180569,-0.03467679,0.0
DC,Grk2,0.008508205,0.02173978,0.0132315755
DC,Aldoc,-0.030566454,0.082883775,0.082883775
DC,Igf2,0.013410151,0.017867148,0.004456997
DC,C3ar1,0.010439992,0.034432948,0.023992956
DC,S100a10,-0.10054958,-0.076969385,0.0
DC,Tlr2,-0.045185924,-0.01569724,0.0
DC,Cryab,-0.32295573,-0.109912276,0.0
DC,Chil1,-0.052918077,0.012580931,0.012580931
DC,Stat1,-0.11172724,-0.098174214,0.0
DC,Cxcl10,-0.049339652,-0.032073975,0.0
DC,Flna,-0.03100586,0.008045673,0.008045673
DC,Cx3cr1,-0.074661136,-0.005345583,0.0
DC,Ptpn6,-0.03321719,-0.002620101,0.0
DC,C4b,-0.034403205,0.019638717,0.019638717
DC,Frmd4a,-0.005055189,0.007945061,0.007945061
DC,Ighm,-0.044305682,-0.016851783,0.0
DC,Rac1,0.010558248,0.023836374,0.013278127
DC,Timp1,-0.17380738,-0.12597406,0.0
DC,Ywhae,0.010586858,0.017019033,0.0064321756
DC,Actr2,-0.0005694628,0.008156598,0.008156598
DC,Map1b,0.014129698,0.09592593,0.08179623
DC,Unc93b1,-0.002760291,0.015850663,0.015850663
DC,Itgb1,-0.0068713427,0.01562965,0.01562965
DC,Picalm,-0.041661263,-0.010903001,0.0
DC,Cd9,-0.060466766,-0.0053874254,0.0
DC,Tap1,-0.09377885,-0.029432893,0.0
DC,Snx5,-0.022934318,0.0033316612,0.0033316612
DC,Lbh,-0.0027091503,0.005948901,0.005948901
DC,Marcks,-0.010308623,0.010697365,0.010697365
DC,Bin1,-0.27401018,-0.13930619,0.0
DC,Mal,-0.96575093,-0.7203269,0.0
DC,Mmp14,-0.05994594,-0.0035045147,0.0
DC,Map4k4,-0.0024906397,0.002481699,0.002481699
DC,Sh3bp1,0.008113563,0.0242334,0.016119838
DC,Pgk1,-0.088142395,-0.058299303,0.0
DC,Jak2,-0.019668937,0.022252858,0.022252858
DC,Fcgr4,-0.15329003,-0.11858523,0.0
DC,Rab5c,-0.06335485,-0.03413427,0.0
DC,Fam20c,-0.006174326,0.014224887,0.014224887
DC,Ciita,-0.0060716867,0.037656307,0.037656307
DC,Cxcr4,-0.09807801,-0.026956677,0.0
DC,Hspa5,-0.03974235,-0.015602112,0.0
DC,Inpp5d,-0.0039680004,0.005548477,0.005548477
DC,Furin,-0.09094453,-0.042384624,0.0
DC,Ccr7,-0.023090482,0.028973639,0.028973639
DC,Itgb5,-0.08828199,-0.00839293,0.0
DC,Rtn4,-0.01287961,0.0046942234,0.0046942234
DC,Pfkp,-0.08437848,-0.064941764,0.0
DC,Ermn,-0.5664135,-0.24736059,0.0
DC,Hif1a,-0.04768002,-0.018024087,0.0
DC,Sema4d,-0.029701352,-0.013315797,0.0
DC,Rtn3,0.020595253,0.039785802,0.01919055
DC,Stmn4,-1.9040787,-1.3400612,0.0
DC,Dst,-0.02028668,0.003202498,0.003202498
DC,Sqstm1,-0.005842805,0.0033537745,0.0033537745
DC,Apobec3,-0.0070141554,0.028404236,0.028404236
DC,Mxd1,-0.064279556,0.060643554,0.060643554
DC,Vav1,-0.0054711103,0.016233683,0.016233683
DC,Prkar1a,0.00999701,0.016676366,0.006679356
DC,Dnm2,-0.0024535656,0.0025119185,0.0025119185
DC,Relb,-0.01567924,0.024767995,0.024767995
DC,Atp6v1a,-0.0151546,0.023007989,0.023007989
DC,Ifngr1,-0.006601095,0.013134837,0.013134837
DC,Klk6,0.006733656,0.021800876,0.01506722
DC,Vat1,-0.006340742,0.056432784,0.056432784
DC,Tpi1,-0.022556305,0.022880197,0.022880197
DC,Slc11a1,0.0115324855,0.02065301,0.009120524
DC,Plxnb2,-0.017508507,0.005606115,0.005606115
DC,Cd38,-0.15385938,-0.049740434,0.0
DC,Iqgap1,0.002908051,0.026611924,0.023703873
DC,Csf1,-0.0059723854,0.019387424,0.019387424
DC,Ywhag,-0.0029562712,0.01828432,0.01828432
DC,Sfpq,0.00032240152,0.014205158,0.013882756
DC,F13a1,-0.020656586,0.010466754,0.010466754
DC,Ptpn1,-0.10929048,-0.05856061,0.0
DC,Fam49b,-0.011183023,-0.0022673607,0.0
DC,Adgre1,-0.0075315237,0.01868546,0.01868546
DC,Socs3,-0.17646456,-0.13772929,0.0
DC,H2-DMa,0.0072069764,0.028666317,0.021459341
DC,Litaf,0.014374316,0.024010003,0.009635687
DC,Plec,-0.04207313,-0.0042550564,0.0
DC,Clcn7,-0.009177446,0.0052336454,0.0052336454
DC,Raf1,-0.003749013,0.0008598566,0.0008598566
DC,Atp2a2,0.001696825,0.011825204,0.010128379
DC,Ctsl,0.021804333,0.0482772,0.026472867
DC,Il4ra,-0.09326315,-0.03930247,0.0
DC,Gbp7,-0.15890193,-0.13549042,0.0
DC,Cltc,-0.0015038252,0.0036580563,0.0036580563
DC,Cxcl9,-0.05602491,-0.03447759,0.0
DC,Dock2,0.005823493,0.025751352,0.01992786
DC,Lgals9,-0.047896743,-0.007327795,0.0
DC,Amfr,-0.015222669,0.0006699562,0.0006699562
DC,B4galnt1,0.0066836476,0.0180946,0.011410952
DC,Qdpr,-0.2811314,-0.15480828,0.0
DC,Scarb2,-0.0033768415,0.004487574,0.004487574
DC,Ptprc,0.008085489,0.03469485,0.026609361
DC,Notch2,0.004663825,0.028604567,0.023940742
DC,Sept4,-1.5750268,-1.0242682,0.0
DC,Fyn,-0.011346817,0.017015934,0.017015934
DC,Pfkl,-0.0691247,-0.009460449,0.0
DC,Mertk,0.0005622506,0.011299431,0.010737181
DC,Fcgr1,-0.06283939,-0.035646558,0.0
DC,A2m,-0.027824521,0.026459396,0.026459396
DC,Nfe2l1,-0.0015414953,0.0033504367,0.0033504367
DC,Kpnb1,-0.0035722256,-0.0012692213,0.0
DC,Ldha,-0.051599264,-0.02929473,0.0
DC,Csf3r,-0.023180962,0.06221205,0.06221205
DC,Atp6v1b2,0.0028212667,0.011219323,0.008398056
DC,Zeb2,0.0060549974,0.012545943,0.006490946
DC,Sdhb,0.00021862984,0.0056142807,0.005395651
DC,Sorl1,-0.0017557144,0.013222694,0.013222694
DC,Gnao1,-0.18881357,-0.029866219,0.0
DC,Acly,0.0030937195,0.005458653,0.0023649335
DC,Atf4,-0.008923173,-0.0025074482,0.0
DC,Sptan1,-0.02097094,-0.0011575222,0.0
DC,Tardbp,0.0070156455,0.019521475,0.012505829
DC,Isg15,-0.052634,-0.044382334,0.0
DC,Npc1,-0.05468726,0.006372988,0.006372988
DC,Map4,-0.041004896,0.008236527,0.008236527
DC,Cd84,-0.023180962,0.007378638,0.007378638
DC,Lyst,-0.018996239,0.018562138,0.018562138
DC,Atp5o,0.017980754,0.03475231,0.016771555
DC,Atp6ap2,-0.02063775,0.0034929514,0.0034929514
DC,Cxcr2,-0.046531916,0.05139655,0.05139655
DC,Dusp6,-0.020449638,-0.0001386404,0.0
DC,Coro1c,-0.0055497885,-0.0059428215,0.0
DC,Rhog,0.034216046,0.03482288,0.0006068349
DC,Sf1,0.0002629161,0.00397557,0.003712654
DC,Icam1,-0.060918808,0.0004144907,0.0004144907
DC,Chd4,-0.008976221,0.002158761,0.002158761
DC,Tnfaip3,-0.04932952,0.007676065,0.007676065
DC,Kif1c,-0.004809618,0.0021763444,0.0021763444
DC,Pkp4,-0.07091427,0.032882035,0.032882035
DC,Pik3cd,-0.0040091276,0.01196748,0.01196748
DC,Hk2,-0.044578314,-0.014232278,0.0
DC,Dync1h1,0.0011371374,0.0056856275,0.00454849
DC,Csde1,0.014606595,0.019558966,0.004952371
DC,Irgm1,-0.10002124,-0.0917722,0.0
DC,Irf5,0.0009626746,0.007942557,0.0069798827
DC,Naaa,-0.024873137,-0.001724124,0.0
DC,Maf,0.015876114,0.021966994,0.0060908794
DC,Ccl3,-0.010540724,0.0073156953,0.0073156953
DC,Dbnl,0.008093536,0.018697083,0.010603547
DC,Slc16a3,-0.08359742,-0.038775444,0.0
DC,Mllt6,-0.033858776,0.007597208,0.007597208
DC,Cct5,0.008146763,0.010260165,0.002113402
DC,Hnrnpm,-0.008723378,0.004341066,0.004341066
DC,Mef2a,0.0021327734,0.00925535,0.0071225762
DC,Kcnj10,-0.30988348,-0.04664564,0.0
DC,Ldhb,-0.007816434,0.08950734,0.08950734
DC,Csf2rb2,-0.06697261,-0.027879953,0.0
DC,Jaml,0.0030522346,0.048179388,0.045127153
DC,Lamtor4,-0.005307436,0.0063970685,0.0063970685
DC,Ywhaz,-0.0036973953,-0.006336212,0.0
DC,Dpysl2,-0.12177563,-0.010527253,0.0
DC,Tsc22d4,4.9233437e-05,0.005560398,0.0055111647
DC,Evl,0.011620343,0.021072924,0.009452581
DC,Clic4,0.00647223,0.00515759,-0.00131464
DC,Cyfip2,0.0080708265,0.028614342,0.020543516
DC,Fgr,-0.02089715,0.007286668,0.007286668
DC,Canx,-0.0008225441,0.0022794604,0.0022794604
DC,Id2,0.013881922,0.007771671,-0.006110251
DC,Arhgef1,-0.0021543503,0.015440404,0.015440404
DC,Ccr1,-0.106539965,-0.048659444,0.0
DC,Nfe2l2,-0.0034897327,0.0053007007,0.0053007007
DC,Plau,-0.09112501,-0.035107493,0.0
DC,Brd2,-0.0012593269,0.0023777485,0.0023777485
DC,Cd53,-0.005078912,0.013060272,0.013060272
DC,Sh3bp2,0.0016205311,0.009934843,0.0083143115
DC,Elmo1,-0.038773537,0.008950591,0.008950591
DC,Ccnd3,-0.017547846,-0.003548026,0.0
DC,Cct8,-0.0028345585,0.0066122413,0.0066122413
DC,Lcp2,-0.015498638,0.008626878,0.008626878
DC,Arrb2,-0.030752897,0.025361598,0.025361598
DC,Pip5k1c,-0.017007709,0.001095891,0.001095891
DC,Cyfip1,0.013192415,0.019874752,0.0066823363
DC,Capn2,0.00037264824,0.0061000586,0.0057274103
DC,Fpr2,-0.11310542,-0.082564,0.0
DC,Lpl,-0.09247947,-0.06482363,0.0
DC,Sirt2,-0.038343906,0.0011847615,0.0011847615
DC,Clec4e,-0.047472835,-0.01718688,0.0
DC,Tnfrsf1a,-0.024730325,0.0040928125,0.0040928125
DC,Mapt,-0.2562883,-0.069545746,0.0
DC,Cmip,0.009922385,0.009118438,-0.00080394745
DC,Pirb,-0.011974335,0.0246706,0.0246706
DC,Erbin,-0.025494814,0.0045194626,0.0045194626
DC,Itgae,-0.012496114,0.020375729,0.020375729
DC,Pak2,0.0038056374,0.00329566,-0.00050997734
DC,Hck,0.0027811527,0.011229098,0.008447945
DC,Adipor1,-0.0013787746,0.008446276,0.008446276
DC,Pink1,-0.053078413,0.014130652,0.014130652
DC,Nfkb1,0.011694014,0.01966095,0.007966936
DC,Bcl2l1,0.003810227,0.017093062,0.0132828355
DC,Gpi1,0.012663484,0.013613701,0.00095021725
DC,Gnb1,0.009082079,0.010272741,0.0011906624
DC,Kif5b,2.849102e-05,0.015986979,0.015958488
DC,Ddit4,-0.020825267,3.796816e-05,3.796816e-05
DC,Sell,-0.035966873,-0.00956583,0.0
DC,Prr5l,-0.10253632,0.0049515963,0.0049515963
DC,Bax,-0.04380226,-0.006228447,0.0
DC,Fermt3,-0.01716566,-0.006457448,0.0
DC,Lamp2,-0.027397394,0.011422038,0.011422038
DC,S100b,-0.014882088,0.05764216,0.05764216
DC,Snap25,0.040575504,0.14294827,0.102372766
DC,Arap1,0.004885137,0.009091616,0.0042064786
DC,Cmklr1,0.00929004,0.017344177,0.008054137
DC,Plaur,-0.053837538,-0.014978647,0.0
DC,Actn1,-0.0058819056,0.01442343,0.01442343
DC,Ccl2,-0.07951772,-0.07948041,0.0
DC,Stat3,-0.005170226,0.012466252,0.012466252
DC,Jpt1,-0.019596219,-0.0144943,0.0
DC,Il1rn,-0.09272182,-0.020664334,0.0
DC,Myo1c,-0.0018348694,0.0069645047,0.0069645047
DC,Itga5,-0.028357148,0.0029523969,0.0029523969
DC,Gsdmd,-0.021644354,0.01008755,0.01008755
DC,Pygl,-0.07789469,-0.0129390955,0.0
DC,Cd72,-0.03618419,-0.009138465,0.0
DC,Mapk8ip1,-0.27104354,-0.0780853,0.0
DC,Bhlhe40,-0.022894025,0.0018092394,0.0018092394
DC,Vsir,-0.010850549,-0.0019845963,0.0
DC,Mprip,-0.0019699335,-0.0023258924,0.0
DC,Mog,-0.89750004,-0.50260663,0.0
DC,Nampt,-0.07071209,-0.017858148,0.0
DC,Serpine2,-0.043121338,0.012863457,0.012863457
DC,Mapkapk2,-0.025571108,0.0020786524,0.0020786524
DC,Cmtm6,0.0006043911,0.00032174587,-0.00028264523
DC,Eps15,-0.049343586,0.00034195185,0.00034195185
DC,Mknk2,-0.046420097,0.003350675,0.003350675
DC,Pnpla2,-0.04351449,-0.0034643412,0.0
DC,S100a1,-0.011221886,0.033306777,0.033306777
DC,Batf3,-0.0006465912,0.010170758,0.010170758
DC,Vdac2,0.019161642,0.020316005,0.0011543632
DC,Srebf2,-0.030243516,0.0112425685,0.0112425685
DC,Irgm2,-0.047012925,-0.023291945,0.0
DC,Acp5,-0.021169186,0.033165812,0.033165812
DC,Adgre5,0.004676342,0.017622292,0.01294595
DC,Sod2,-0.077590704,-0.0550735,0.0
DC,Cd83,-0.019709468,-0.00640738,0.0
DC,Psmb6,-0.0067361593,0.0017457604,0.0017457604
DC,Ppp2ca,-0.040978193,0.0010055304,0.0010055304
DC,Rnf10,0.0012886524,0.0035501122,0.0022614598
DC,Slc8a1,0.0069293976,0.008475363,0.0015459657
DC,Cic,0.0014226437,0.0013085604,-0.00011408329
DC,Csf2rb,-0.098353386,-0.027511358,0.0
DC,Elavl1,0.005769789,0.007906318,0.0021365285
DC,Rbpj,-0.008805156,0.003152132,0.003152132
DC,Ramp3,-0.032158136,0.009493947,0.009493947
DC,Ptpa,0.0067480803,0.0077427626,0.0009946823
DC,Sept11,0.009165525,0.011788011,0.0026224852
DC,Rpn1,0.0032997131,0.0070379376,0.0037382245
DC,Hal,-0.052474618,-0.036375046,0.0
DC,Echs1,0.008706689,0.017547965,0.008841276
DC,H2afy,0.010885358,0.02142018,0.010534823
DC,Bcl6,0.003178835,0.002227068,-0.00095176697
DC,Il2rg,-0.053117394,0.00047004223,0.00047004223
DC,Itga4,0.006296456,0.024297357,0.0180009
DC,Mta2,-0.002349496,0.004241228,0.004241228
DC,Cs,-0.007105708,-0.0069140196,0.0
DC,Sorbs1,-0.008536816,0.03474176,0.03474176
DC,Cdc37,0.0012267232,0.0023521185,0.0011253953
DC,Rhoc,0.003015101,0.016228974,0.013213873
DC,Pkn1,0.005503416,0.0071326494,0.0016292334
DC,Ptbp1,-0.019635558,0.0012761354,0.0012761354
DC,Kif1b,-0.23059738,-0.060171604,0.0
DC,Rnase4,-0.04447484,-0.026857138,0.0
DC,Smdt1,0.006873548,0.013630033,0.0067564845
DC,Tgfbr1,-0.06122029,-0.04569626,0.0
DC,Uchl1,0.01881063,0.09542692,0.07661629
DC,Adam10,-0.0022232533,-0.0022417307,0.0
DC,Lyn,0.008920193,0.011391342,0.002471149
DC,Cyb5r3,-0.0005415678,0.004634142,0.004634142
DC,Tlr9,-0.036593676,-0.010379672,0.0
DC,Jak1,-0.023059726,0.0015328526,0.0015328526
DC,Mlc1,0.004853606,0.04730141,0.042447805
DC,Ccnd1,-0.0019086599,0.014423728,0.014423728
DC,Acox1,-0.003207922,0.007994413,0.007994413
DC,Agpat4,-0.40321207,-0.24777436,0.0
DC,Ppp2r1a,0.009432077,0.008610904,-0.0008211732
DC,Ppp2r5c,-0.0039407015,0.0015890002,0.0015890002
DC,Tnfrsf14,-0.02463746,0.0101210475,0.0101210475
DC,Polr2a,-0.0004826784,0.0029923916,0.0029923916
DC,Rab32,-0.037984252,-0.00032925606,0.0
DC,Mbd2,0.0019811392,0.00045895576,-0.0015221834
DC,Pmp22,0.008858204,0.029255748,0.020397544
DC,Map7,-0.45343363,-0.20806289,0.0
DC,Myo1e,-0.00546968,0.013925731,0.013925731
DC,Myd88,-0.06402242,-0.040205598,0.0
DC,Hspd1,0.0032711625,0.011237919,0.007966757
DC,Eif4g3,0.0043313503,0.007200539,0.0028691888
DC,Srrm1,0.00720191,0.008676648,0.0014747381
DC,Ap2b1,-0.00058710575,0.0009114146,0.0009114146
DC,Man2b2,0.0022303462,0.016212225,0.013981879
DC,Cdk9,0.00055760145,0.0019060373,0.0013484359
DC,Sec61a1,0.0072569847,0.006642759,-0.00061422586
DC,Atxn10,0.0044950247,0.01000607,0.0055110455
DC,Gnaq,0.0037980676,0.004238665,0.00044059753
DC,Caprin1,-0.00024735928,0.001862824,0.001862824
DC,Crlf2,0.012348354,0.015553415,0.003205061
DC,Dock8,-0.008828998,-2.5629997e-05,0.0
DC,Tmem173,-0.02291894,0.0011169314,0.0011169314
DC,Trim28,0.002331853,0.0006198883,-0.0017119646
DC,Agpat3,0.00080269575,0.024449587,0.023646891
DC,Dctn2,0.00055909157,-0.00020503998,-0.00055909157
DC,Ncoa3,0.0021644235,0.011748195,0.009583771
DC,Itih5,-0.047870636,-0.037650704,0.0
DC,Rnf13,-0.26439345,-0.13528275,0.0
DC,Ikbkb,0.0022124648,0.018285632,0.016073167
DC,Spop,0.00041091442,0.00074893236,0.00033801794
DC,Ehmt2,-0.00013768673,0.0010509491,0.0010509491
DC,Washc2,-0.00033438206,-0.00047433376,0.0
DC,Plod3,0.0011410713,0.0118893385,0.010748267
DC,Pak1,-0.10324538,-0.009284258,0.0
DC,Ptk2b,-0.017083526,0.0014101863,0.0014101863
DC,Ankrd13a,0.0025015473,0.005679846,0.0031782985
DC,Hipk2,-0.00028014183,0.0025296807,0.0025296807
DC,Itgal,-0.02380681,-0.010828495,0.0
DC,Itgb7,0.00084143877,0.026898026,0.026056588
DC,Csnk1d,0.0016906857,0.003189981,0.0014992952
DC,Blnk,-0.076417804,-0.058954716,0.0
DC,Otud5,0.0051949024,0.0075399876,0.0023450851
DC,Dctn1,-0.00012469292,0.0031821728,0.0031821728
DC,Akt1,-0.00068736076,-0.002686739,0.0
DC,Bicd2,-0.023186564,-0.00027251244,0.0
DC,Prpf8,0.0062304735,0.012310326,0.0060798526
DC,Nedd4,-0.001390338,0.010049999,0.010049999
DC,Hist2h2bb,-0.01813817,-0.0062543154,0.0
DC,Anxa6,0.0039842725,0.009626687,0.005642414
DC,Sdha,-0.0023201704,0.011508822,0.011508822
DC,Fkbp5,-0.07069814,-0.05710745,0.0
DC,Gsk3a,-0.0005340576,0.0013676882,0.0013676882
DC,Igkc,0.0064106584,0.0096722245,0.0032615662
DC,Sept2,0.0001193881,0.0013120174,0.0011926293
DC,Cers2,-0.5018058,-0.34444737,0.0
DC,Runx2,-0.009799242,0.016140938,0.016140938
DC,Ank,-0.07838106,-0.027037144,0.0
DC,Kmt2d,0.0007019639,0.0040937066,0.0033917427
DC,Mboat7,0.0012754798,0.0042313337,0.002955854
DC,Sel1l,-0.0049370527,-0.001123786,0.0
DC,Slk,-0.0030727386,0.008304179,0.008304179
DC,P2rx4,0.0042923093,0.008378267,0.004085958
DC,Eif4a3,0.002959907,0.0046363473,0.0016764402
DC,Rnf130,-0.0019512177,0.009334743,0.009334743
DC,Foxp4,-0.009677887,0.018420339,0.018420339
DC,Acp2,0.00019615889,0.006460488,0.006264329
DC,Lfng,-0.019891024,-0.002636075,0.0
DC,Rara,-0.042984962,-0.013096213,0.0
DC,Svil,-0.0005120039,0.0064616203,0.0064616203
DC,Fstl1,-0.00022101402,0.026392162,0.026392162
DC,Aqp4,-0.032963157,0.022934973,0.022934973
DC,Rbp1,0.008472443,0.023671865,0.015199423
DC,Sez6l2,-0.49835193,-0.25113118,0.0
DC,Cct3,0.00015056133,-0.0032048225,-0.00015056133
DC,Map2,0.028478026,0.102038264,0.07356024
DC,Sept8,-0.09037793,0.006383419,0.006383419
DC,Thrap3,-0.0036582947,0.004529476,0.004529476
DC,Abi1,-0.0024209023,0.0047435164,0.0047435164
DC,Jak3,-0.020190716,-0.0031778812,0.0
DC,Cbl,-0.0063420534,0.0070875883,0.0070875883
DC,Mbd3,0.0008971095,0.0022896528,0.0013925433
DC,Cd47,-0.0037511587,0.009785652,0.009785652
DC,Mast3,-0.020108938,-0.000834465,0.0
DC,Plekha1,0.000872612,-5.531311e-05,-0.000872612
DC,Lrrk1,0.0030133724,0.021547914,0.018534541
DC,Twf2,-0.0009816885,0.006383717,0.006383717
DC,Bach1,-0.0004593134,0.006125033,0.006125033
DC,Ccnd2,-0.022279382,-0.01084888,0.0
DC,Efnb3,-0.4545896,-0.2172724,0.0
DC,Saraf,-0.011634231,0.0065103173,0.0065103173
DC,Cd48,-0.010199189,0.010376215,0.010376215
DC,Entpd1,0.004852116,0.0013228059,-0.0035293102
DC,Riok3,-0.0053840876,0.0038188696,0.0038188696
DC,Nefh,0.026519775,0.11438578,0.08786601
DC,Eno2,0.018728912,0.062252283,0.04352337
DC,Ccl12,-0.037570953,-0.026610374,0.0
DC,Trp53,-0.005322337,-0.0020428896,0.0
DC,Ctdsp1,0.00070369244,-0.00040137768,-0.00070369244
DC,Atf5,0.0041477084,0.013314605,0.009166896
DC,Runx1,0.004344225,0.009883523,0.005539298
DC,Ugt8a,-0.8323437,-0.4990611,0.0
DC,Plpp3,1.9788742e-05,0.008743286,0.008723497
DC,Emc1,0.0034181476,0.0046313405,0.0012131929
DC,Nfatc1,-0.0007365942,0.00290668,0.00290668
DC,Sv2a,-0.43986356,-0.24671912,0.0
DC,Cct7,0.002926588,-0.00045359135,-0.002926588
DC,Eif4g1,0.003093958,0.0021107793,-0.0009831786
DC,Pten,-0.0017845631,-0.0016165972,0.0
DC,Ntsr2,-0.040060997,-0.007427454,0.0
DC,Diaph1,-0.019362688,0.008143961,0.008143961
DC,Trpv2,0.0060293674,0.0085481405,0.002518773
DC,Mmp12,-0.011332154,-0.0027862787,0.0
T cell,Gfap,-0.044448614,0.24037063,0.24037063
T cell,Cd74,0.031032205,0.13902837,0.107996166
T cell,Mbp,0.0480963,0.32042116,0.27232486
T cell,Ctss,-0.015969992,0.06899035,0.06899035
T cell,Mt2,-0.036708117,0.10348189,0.10348189
T cell,Apod,-0.02367282,0.037672162,0.037672162
T cell,H2-D1,0.09072459,0.25021452,0.15948993
T cell,Igf2,-0.04999602,0.016929984,0.016929984
T cell,H2-K1,0.015401483,0.095737755,0.08033627
T cell,Col1a2,0.099852026,0.17417711,0.074325085
T cell,Serping1,0.07948226,0.15913773,0.07965547
T cell,Ccl5,-0.024484158,0.0019968152,0.0019968152
T cell,H2-Ab1,0.030030906,0.1055761,0.07554519
T cell,B2m,0.005669236,0.09461558,0.08894634
T cell,H2-Aa,0.032039404,0.10715294,0.075113535
T cell,Trbc1,0.012075126,0.10539162,0.093316495
T cell,C3,-0.009607673,0.14690405,0.14690405
T cell,Ptgds,-0.04994178,-0.026476383,0.0
T cell,Lat,-0.036447883,0.074786544,0.074786544
T cell,Serpina3n,-0.07653892,-0.021309018,0.0
T cell,H2-Eb1,0.039328992,0.09581226,0.05648327
T cell,S100a10,0.004126191,0.08779609,0.0836699
T cell,Hexb,-0.010883331,0.05963564,0.05963564
T cell,Selenop,-0.11112559,-0.06304991,0.0
T cell,Psmb8,-0.04720354,-0.03630936,0.0
T cell,Ifngr1,-0.0900749,-0.005577445,0.0
T cell,Il2rb,-0.015483618,0.04269713,0.04269713
T cell,Gimap4,0.007435024,0.056051075,0.04861605
T cell,Aplp1,0.017601907,0.086494386,0.06889248
T cell,Ets1,0.01151371,0.061850786,0.050337076
T cell,Aldoa,0.042652547,0.08586651,0.043213964
T cell,Arg1,-0.20105481,-0.15471983,0.0
T cell,Gpnmb,-0.027188897,0.015090108,0.015090108
T cell,Tmem176a,0.008883357,0.041254938,0.03237158
T cell,Itgb1,-0.011061072,0.015464187,0.015464187
T cell,Nlrc5,-0.04112506,0.008592069,0.008592069
T cell,Txnip,-0.047167778,-0.00095665455,0.0
T cell,Grn,-0.038237095,0.042952538,0.042952538
T cell,Lgals1,-0.056939363,-0.007699251,0.0
T cell,Selplg,-0.018485904,0.03766316,0.03766316
T cell,Gnai2,-0.0391376,-0.020420432,0.0
T cell,Pltp,-0.0129565,0.05045843,0.05045843
T cell,Itgb7,-0.013202906,0.048205674,0.048205674
T cell,Pdia3,-0.01610434,-0.011353016,0.0
T cell,Myh9,0.0073035955,0.04440707,0.037103474
T cell,Ckb,-0.07495272,0.09187633,0.09187633
T cell,Il7r,-0.09226203,0.048209965,0.048209965
T cell,Msn,-0.075541615,-0.0644778,0.0
T cell,Lbh,-0.023285031,-0.004452944,0.0
T cell,Rab7,-0.05115211,0.0024356246,0.0024356246
T cell,Rnaset2a,0.0039485693,0.01968962,0.01574105
T cell,Furin,-0.10699093,-0.07282007,0.0
T cell,Tgm2,-0.103557944,-0.036085248,0.0
T cell,Mcl1,-0.088038325,-0.032317042,0.0
T cell,Atp1b2,-0.022545934,0.057668388,0.057668388
T cell,Tnfrsf1b,-0.030664563,-0.00075638294,0.0
T cell,Itgal,0.0019280314,0.0510599,0.04913187
T cell,Hnrnpa1,-0.035204172,0.004127085,0.004127085
T cell,Samhd1,-0.048963904,-0.015710473,0.0
T cell,Ddit4,-0.048384428,-0.0042101145,0.0
T cell,Dock2,0.0018924475,0.052168787,0.05027634
T cell,B4galnt1,0.0014591813,0.021853805,0.020394623
T cell,Ndrg2,-0.03616965,0.09597713,0.09597713
T cell,H2-T23,0.07208139,0.07217771,9.6321106e-05
T cell,Lamp1,-0.00327909,0.06875664,0.06875664
T cell,Cd14,-0.084502935,-0.012715578,0.0
T cell,Cxcr6,-0.0054454803,0.06689942,0.06689942
T cell,Cd4,-0.04617119,-0.00053465366,0.0
T cell,Ptprc,-0.00098598,0.043635845,0.043635845
T cell,Neat1,-0.017846584,0.09603351,0.09603351
T cell,Cnp,-0.022107601,0.017336845,0.017336845
T cell,Il2ra,-0.015032411,-0.0015150309,0.0
T cell,Hist2h2bb,-0.037429214,-0.0074231625,0.0
T cell,Rsrp1,-0.0044310093,0.061383903,0.061383903
T cell,Cd3d,-0.0010638237,0.057763636,0.057763636
T cell,Tnfrsf4,-0.014441371,-0.00282228,0.0
T cell,Vtn,-0.0920912,-0.054534435,0.0
T cell,Anxa2,-0.03758204,-0.010719061,0.0
T cell,Cd2,-0.0068079233,0.035355747,0.035355747
T cell,Tnfrsf9,-0.06851065,-0.047161102,0.0
T cell,Itih5,-0.14036465,-0.07000327,0.0
T cell,Plec,-0.009863138,0.003920138,0.003920138
T cell,Arhgef1,-0.0017198324,0.040993154,0.040993154
T cell,Grk2,-0.002974987,0.02063328,0.02063328
T cell,Fn1,-0.08524907,0.0060976148,0.0060976148
T cell,Lck,-0.014408946,0.03406763,0.03406763
T cell,Ighm,-0.018901348,-0.0066149235,0.0
T cell,Flna,-0.030048132,-0.018207073,0.0
T cell,Lrp1,0.010873079,0.08352864,0.07265556
T cell,Tcf7,-0.13885725,-0.0843184,0.0
T cell,Aldoc,0.02057463,0.13721287,0.11663824
T cell,Cd6,-0.008252859,0.024297237,0.024297237
T cell,Cyfip2,0.008814514,0.036326528,0.027512014
T cell,Prkar1a,-0.004365325,0.01816547,0.01816547
T cell,C4b,-0.03458798,0.008871853,0.008871853
T cell,Ctnnb1,-0.022794962,0.02236867,0.02236867
T cell,Timp1,-0.19325888,-0.1768738,0.0
T cell,Maf,-0.007718444,-0.005437851,0.0
T cell,Itgb2,-0.014302254,0.0149050355,0.0149050355
T cell,Rhoa,-0.020518422,-0.012080431,0.0
T cell,Hif1a,-0.086910605,-0.0768199,0.0
T cell,Stat1,-0.06296873,-0.04104936,0.0
T cell,Il18rap,-0.047993183,-0.029626489,0.0
T cell,Irf1,-0.10030198,-0.07132995,0.0
T cell,P4hb,-0.0075469017,0.015114963,0.015114963
T cell,Fyn,-0.010740876,0.01902616,0.01902616
T cell,Inpp4b,-0.04048252,-0.012106657,0.0
T cell,Cd8b1,-0.026731133,-0.0013109446,0.0
T cell,Cd3g,-0.01972711,0.03708601,0.03708601
T cell,Jak3,-0.016028523,0.017776012,0.017776012
T cell,Ccnd3,-0.0070751905,0.022091568,0.022091568
T cell,Gbp2,-0.15816855,-0.15955603,0.0
T cell,Capn2,-0.024065018,-0.020433903,0.0
T cell,Pkm,-0.11400759,-0.07682407,0.0
T cell,Pik3cd,-0.010323167,0.014459908,0.014459908
T cell,Lcp2,0.0032258034,0.023865461,0.020639658
T cell,Actr2,-0.02474296,0.021948755,0.021948755
T cell,Ikzf2,0.0018039346,0.008412182,0.0066082478
T cell,Fstl1,0.024901152,0.05894023,0.03403908
T cell,Tap1,-0.07078457,-0.018524528,0.0
T cell,Rac1,-0.0028976202,0.006722212,0.006722212
T cell,Igkc,-0.034778118,-0.04334414,0.0
T cell,Car2,0.0050922036,0.029372692,0.024280488
T cell,Il2rg,-0.017309189,0.021532953,0.021532953
T cell,Anxa6,0.00947243,0.026657104,0.017184675
T cell,Jak1,0.0017607212,0.015341163,0.0135804415
T cell,Izumo1r,-0.013689518,0.0014492273,0.0014492273
T cell,Cd81,-0.04330778,0.04300821,0.04300821
T cell,Plac8,-0.058523774,-0.029747605,0.0
T cell,Icos,-0.024566531,0.01608026,0.01608026
T cell,Ywhae,0.023118496,0.025423229,0.0023047328
T cell,Apobec3,0.035107195,0.04851675,0.013409555
T cell,Sema4d,0.014210522,0.03203398,0.017823458
T cell,Gm2a,-0.0056511164,0.0059288144,0.0059288144
T cell,Csf1r,-0.022718072,0.04903996,0.04903996
T cell,Saraf,0.0006608963,0.027253032,0.026592135
T cell,Itga4,-0.15401864,0.005365193,0.005365193
T cell,A2m,-0.036642432,0.04063821,0.04063821
T cell,Sorl1,-0.007454276,0.0049322844,0.0049322844
T cell,Pfkp,-0.020226121,0.0015524626,0.0015524626
T cell,Cd68,-0.020823002,0.06241685,0.06241685
T cell,Adgre5,-0.0018996,0.014475703,0.014475703
T cell,Pdcd4,-0.006663561,0.025997639,0.025997639
T cell,Mllt6,-0.018723011,0.0033569932,0.0033569932
T cell,Lfng,-0.06946576,0.023036659,0.023036659
T cell,Sdcbp,0.013759911,0.030002356,0.016242445
T cell,Gbp7,-0.07033324,-0.04577768,0.0
T cell,Sept9,-0.0027297735,0.021160483,0.021160483
T cell,Sfpq,-0.0012613535,0.009815037,0.009815037
T cell,Cst7,-0.012338638,0.0324288,0.0324288
T cell,Mknk2,-0.032867193,-0.013507605,0.0
T cell,Id2,0.0114482045,0.022623837,0.0111756325
T cell,Fcgr2b,0.016380131,0.086634815,0.07025468
T cell,Tardbp,0.0018724203,0.015072584,0.013200164
T cell,Mbd2,-0.04649794,0.011066973,0.011066973
T cell,Cryab,-0.0147538185,0.060848475,0.060848475
T cell,Amfr,0.0025111437,0.0020046234,-0.0005065203
T cell,Dnm2,-0.0019277334,0.005452335,0.005452335
T cell,Rnh1,-0.02844143,-0.009987712,0.0
T cell,Lag3,-0.025907993,-0.021816134,0.0
T cell,Cd3e,0.001008153,0.043494105,0.042485952
T cell,Tigit,-0.016517282,-0.0077724457,0.0
T cell,Kpnb1,-0.00667572,-0.0071184635,0.0
T cell,Sptan1,-0.00018811226,0.0036671758,0.0036671758
T cell,Rab5c,-0.042717576,-0.028862715,0.0
T cell,App,0.011303186,0.05633962,0.045036435
T cell,Tsc22d4,0.0020728111,0.008119643,0.0060468316
T cell,Atp2a2,0.0053356886,0.00933975,0.004004061
T cell,Ppp1r16b,-0.0034230947,0.019992411,0.019992411
T cell,Nfatc1,-0.0025619268,0.0053256154,0.0053256154
T cell,Map1b,-0.010623932,0.06749511,0.06749511
T cell,Spn,-0.0016071796,0.035630167,0.035630167
T cell,Chil3,-0.10006487,-0.07146871,0.0
T cell,Ywhaz,0.010528922,0.021243334,0.010714412
T cell,Chd4,-0.026770115,-0.0052632093,0.0
T cell,Pgk1,-0.05914998,-0.018671274,0.0
T cell,Kif21b,-0.004285693,0.025968134,0.025968134
T cell,Il10ra,-0.005289912,0.015205264,0.015205264
T cell,Evl,-0.02862811,-0.01696515,0.0
T cell,Socs3,-0.17716539,-0.13052595,0.0
T cell,Sf1,0.0005134344,0.004694879,0.0041814446
T cell,Fscn1,-0.022755265,0.019433558,0.019433558
T cell,Tnfaip3,-0.08670986,-0.05128777,0.0
T cell,Cldn11,0.0039536953,0.016656816,0.012703121
T cell,Elmo1,0.00032806396,0.019470215,0.01914215
T cell,Marcksl1,-0.018330932,0.01498282,0.01498282
T cell,Cd53,-0.010774016,0.013491631,0.013491631
T cell,Rbp1,0.068686664,0.1161505,0.047463834
T cell,Ctla4,-0.044847727,-0.01654613,0.0
T cell,Ncor1,-0.0036582947,0.016600072,0.016600072
T cell,Acod1,-0.1068759,-0.06555247,0.0
T cell,Lamc1,0.014237106,0.019734502,0.005497396
T cell,Sh3bp1,-0.004345417,0.0049362183,0.0049362183
T cell,Pak2,0.0029656887,0.006238997,0.0032733083
T cell,Nfe2l1,-0.0031597614,0.01500392,0.01500392
T cell,Sept11,0.010963559,0.01962918,0.008665621
T cell,Mbnl1,0.0011722445,0.018588305,0.01741606
T cell,Cct5,0.00124228,0.008793473,0.0075511932
T cell,Ccnd2,-0.0076645613,0.010563791,0.010563791
T cell,Dgat1,-0.15864658,-0.120183825,0.0
T cell,Vwf,0.013914764,0.03799522,0.024080455
T cell,Picalm,-0.010721207,-0.004399061,0.0
T cell,Lgals9,-0.0030276775,-0.001816988,0.0
T cell,Inpp5d,-0.008085132,0.0024632812,0.0024632812
T cell,Ermn,-0.0045306683,0.010221779,0.010221779
T cell,Nfkb1,-0.0077033043,0.0051229596,0.0051229596
T cell,Agpat3,0.0041903853,0.009088695,0.0048983097
T cell,Map4,-0.020593882,0.02391529,0.02391529
T cell,Ptpn6,-0.0061352253,-0.008043528,0.0
T cell,Cxcr4,-0.026890635,0.015344024,0.015344024
T cell,Map4k4,-0.0047990084,0.00031763315,0.00031763315
T cell,Jpt1,-0.016866565,-0.012996197,0.0
T cell,Prrc2b,-0.0011758804,0.0070393085,0.0070393085
T cell,Atp2a3,-0.0010968447,0.022568822,0.022568822
T cell,Iqgap1,0.0060848594,0.014238477,0.008153617
T cell,Itgam,-0.07841337,-0.029974103,0.0
T cell,Gramd1a,0.007332742,0.028997183,0.02166444
T cell,Klk6,0.008961201,0.02384448,0.01488328
T cell,Raf1,-0.0010980368,0.007868648,0.007868648
T cell,Stab1,0.014938593,0.033605635,0.018667042
T cell,Cd8a,-0.030425906,-0.0029929876,0.0
T cell,Bcl2a1a,-0.018961549,0.011509061,0.011509061
T cell,Traf3ip3,0.0018512607,0.028939664,0.027088404
T cell,Hnrnpm,-0.011007071,0.004415393,0.004415393
T cell,Ldha,-0.04926014,-0.028421283,0.0
T cell,Hspa5,-0.026839137,0.00059854984,0.00059854984
T cell,Atp5o,0.01887685,0.03639859,0.017521739
T cell,Fcgr3,0.0051382184,0.03552735,0.03038913
T cell,Ppp2r5c,-0.0035998821,0.007915735,0.007915735
T cell,Ldb1,-0.0036474466,0.01711142,0.01711142
T cell,Acly,0.00040316582,0.004967749,0.0045645833
T cell,Irgm2,-0.05213368,-0.04451275,0.0
T cell,H2afy,-0.0022341013,0.008477807,0.008477807
T cell,Bin1,0.0061962605,0.017618299,0.011422038
T cell,Aldh1a2,0.079086006,0.10618776,0.027101755
T cell,Mta2,-0.004840374,0.00596869,0.00596869
T cell,Ptpn1,-0.11692679,-0.06910181,0.0
T cell,Rbpj,-0.015082359,0.004508853,0.004508853
T cell,Il18r1,-0.004267931,0.026428163,0.026428163
T cell,Cd82,-0.0022393465,0.011456549,0.011456549
T cell,Cltc,0.0035639405,0.005417049,0.0018531084
T cell,Lmnb1,-0.035108685,-0.021803737,0.0
T cell,Pkp4,-0.010665417,0.055775285,0.055775285
T cell,Sgk1,-0.032202005,0.007552862,0.007552862
T cell,Cxcl10,-0.060085535,-0.04943645,0.0
T cell,Fbln1,0.0073408484,0.046387672,0.039046824
T cell,Dync1h1,-0.03983617,-0.003489375,0.0
T cell,Pink1,-0.029227614,0.026869416,0.026869416
T cell,Polr2a,0.0019042492,0.0057614446,0.0038571954
T cell,Kmt2d,0.0032125711,0.02150625,0.018293679
T cell,Odc1,-0.028933048,-0.028775811,0.0
T cell,Brd2,-0.00019407272,0.00076037645,0.00076037645
T cell,S1pr1,-0.01099813,0.00927794,0.00927794
T cell,Nedd4,0.005860567,0.04609716,0.040236592
T cell,Dock8,-0.0057715178,0.011557162,0.011557162
T cell,Lum,0.023200333,0.04873848,0.025538146
T cell,Cct8,-0.006014943,0.005657077,0.005657077
T cell,Kif5b,0.0042689443,0.028095782,0.023826838
T cell,Cmip,-0.0083658695,-0.0038138628,0.0
T cell,Ikzf1,0.0017111897,0.028536022,0.026824832
T cell,Fermt3,-0.0049194098,-0.0005711317,0.0
T cell,Sdhb,0.00912714,0.013717413,0.004590273
T cell,Cxcl16,0.026633382,0.0760535,0.04942012
T cell,Csde1,0.00799948,0.008340895,0.0003414154
T cell,Epas1,0.0012236238,0.023896635,0.02267301
T cell,Sqstm1,-0.0036350489,0.00043928623,0.00043928623
T cell,Col4a1,0.0039719343,0.054041445,0.05006951
T cell,Jun,-0.00055742264,0.015982449,0.015982449
T cell,Rtn3,0.008616984,0.015556097,0.006939113
T cell,Stat3,-0.017090917,-0.0019148588,0.0
T cell,Sfrp4,-0.11492741,-0.054715633,0.0
T cell,Plcg1,-0.004520893,0.01723814,0.01723814
T cell,Prpf8,-0.0048897266,0.0063521266,0.0063521266
T cell,Cd247,0.004745424,0.036510885,0.03176546
T cell,Itgae,-0.024146318,-0.017183185,0.0
T cell,Cdc37,0.0022880435,0.006255269,0.0039672256
T cell,Hmox1,-0.042190194,-0.02010417,0.0
T cell,Ywhag,-0.0029462576,0.016547203,0.016547203
T cell,Cish,-0.019576907,0.0047113895,0.0047113895
T cell,Hexa,-0.043830752,-0.0076749325,0.0
T cell,Serpine2,-0.052776575,-0.016237736,0.0
T cell,Elavl1,0.0037816763,0.008316159,0.004534483
T cell,Itpkb,-0.020926356,-0.010066748,0.0
T cell,Vav1,0.0055856705,0.009719431,0.004133761
T cell,Aif1,-0.006526351,0.049565136,0.049565136
T cell,Rtn4,0.005775571,0.013496697,0.007721126
T cell,Sirpa,-0.030839682,0.024870098,0.024870098
T cell,Cd5,0.00060266256,0.023247898,0.022645235
T cell,Snx5,0.00026714802,0.0053865314,0.0051193833
T cell,Lamtor4,0.0004813671,-0.0031679869,-0.0004813671
T cell,Tgfbr2,-0.0056985617,0.0057879686,0.0057879686
T cell,Trp53,-0.0010310411,0.0050058365,0.0050058365
T cell,Col1a1,0.070858896,0.084165215,0.01330632
T cell,Mprip,0.0018665195,0.0056368113,0.0037702918
T cell,Rnf10,0.0019643307,0.0008804202,-0.0010839105
T cell,Fmod,-0.1791985,-0.11633599,0.0
T cell,Kcnn4,-0.0005965233,0.010896325,0.010896325
T cell,S100b,-0.01397717,0.079637945,0.079637945
T cell,Kif1c,-0.0011491776,0.008179486,0.008179486
T cell,Sec61a1,0.011452138,0.016651273,0.0051991343
T cell,Fam49b,-0.04085219,-0.0014605522,0.0
T cell,Mafb,-0.015215397,0.026273012,0.026273012
T cell,Atf4,-0.0014363527,0.0041441917,0.0041441917
T cell,Trpv2,0.002061367,0.011612356,0.009550989
T cell,Ppt1,-0.013879776,0.0016746521,0.0016746521
T cell,Rassf5,0.0031074882,0.024187803,0.021080315
T cell,Axl,-0.033396244,0.025574565,0.025574565
T cell,Ackr1,-0.02368772,0.0026598573,0.0026598573
T cell,Erbin,-0.0014277697,0.0048813224,0.0048813224
T cell,Abca1,-0.015200734,0.033288717,0.033288717
T cell,Gtf2i,0.0020929575,-0.00020933151,-0.0020929575
T cell,Marcks,-0.013396263,0.028654397,0.028654397
T cell,Frmd4a,-0.0021214485,0.0062870383,0.0062870383
T cell,Diaph1,-0.004412174,0.00938791,0.00938791
T cell,Def6,-0.005961895,0.010586739,0.010586739
T cell,Thrap3,0.0015385151,0.0015020967,-3.6418438e-05
T cell,Cbx3,-0.059120297,0.0030725002,0.0030725002
T cell,Dpysl2,0.0044573545,0.018255949,0.0137985945
T cell,Prkcq,-0.007499695,0.022115469,0.022115469
T cell,Dbnl,-0.003886342,0.005327165,0.005327165
T cell,Mxd1,-0.112027645,-0.06318426,0.0
T cell,Cmtm6,-0.0092179775,0.004327655,0.004327655
T cell,Prkcd,0.0112223625,0.03815943,0.026937068
T cell,Gpi1,0.006710291,0.012337387,0.0056270957
T cell,Nt5e,-0.0026215315,0.0086839795,0.0086839795
T cell,Cd48,0.010257006,0.020178378,0.009921372
T cell,Fam107b,-0.035455823,-0.009328008,0.0
T cell,Cxcl13,-0.02217257,-0.0043953657,0.0
T cell,Kcnj10,-0.07509613,0.039229155,0.039229155
T cell,Utrn,-0.004164815,0.0052713156,0.0052713156
T cell,Gnb1,0.0148566365,0.017166674,0.0023100376
T cell,Ptbp1,-0.044825077,-0.013961434,0.0
T cell,Khdrbs1,0.0033341646,0.0050848126,0.001750648
T cell,Gabbr1,-0.0028612614,0.007914245,0.007914245
T cell,Notch2,0.010423541,0.012182057,0.0017585158
T cell,Themis,-0.00043201447,0.024868608,0.024868608
T cell,Plin2,-0.037455082,0.019800842,0.019800842
T cell,Cd47,-0.03653252,-0.0031830072,0.0
T cell,Nfatc2,-0.00059497356,0.020073116,0.020073116
T cell,Mast3,-0.0094178915,0.009379208,0.009379208
T cell,Chil1,-0.043652534,-0.031233668,0.0
T cell,Spi1,0.010582328,0.046016097,0.03543377
T cell,Pkn1,0.0011852384,0.0073959827,0.0062107444
T cell,Ehmt2,0.00041085482,-5.7458878e-05,-0.00041085482
T cell,Srsf1,-0.054164648,0.012705803,0.012705803
T cell,Rara,-0.018176556,-0.003979206,0.0
T cell,Ppp2ca,0.009046435,0.009431243,0.0003848076
T cell,Ptk2b,0.004319966,0.010166824,0.005846858
T cell,Col18a1,0.014491558,0.043371975,0.028880417
T cell,Pitpnm1,2.8550625e-05,0.009653509,0.009624958
T cell,Canx,-0.000844717,0.00068598986,0.00068598986
T cell,Cs,-0.008905411,-0.00399673,0.0
T cell,Srrm1,-0.0015845299,0.0057460666,0.0057460666
T cell,Rhog,0.029070795,0.03080213,0.0017313361
T cell,Fam129a,-0.0008074045,0.000759542,0.000759542
T cell,Gsk3a,6.747246e-05,-0.0013839006,-6.747246e-05
T cell,Irgm1,-0.08063531,-0.06278694,0.0
T cell,Syk,-0.018853664,0.057120442,0.057120442
T cell,Tpi1,0.0111602545,0.038729727,0.027569473
T cell,Fli1,0.00030875206,0.006491542,0.00618279
T cell,Trim28,0.0016332865,0.002252996,0.0006197095
T cell,Coro1c,-0.006138563,-0.0016747713,0.0
T cell,Ppp2r1a,0.008207858,0.009211421,0.0010035634
T cell,Ncoa3,0.003977418,0.0046570897,0.00067967176
T cell,Sorbs1,-0.014289498,0.025387824,0.025387824
T cell,Srebf2,-0.014279246,-0.0049990416,0.0
T cell,Fbn1,0.002667129,0.046206355,0.043539226
T cell,Lbr,-0.0060460567,0.015156388,0.015156388
T cell,Il4ra,-0.04848814,-0.023325205,0.0
T cell,Hspd1,0.002934754,0.0057821274,0.0028473735
T cell,Tnf,-0.0045580864,-3.027916e-05,0.0
T cell,Pfkl,-0.0032941103,-0.0013887882,0.0
T cell,Twf2,-0.00013267994,0.0054746866,0.0054746866
T cell,Hivep2,0.00068867207,0.0033970475,0.0027083755
T cell,Ptpa,0.0037944913,0.009515822,0.0057213306
T cell,Csnk1d,-0.005561352,0.00048810244,0.00048810244
T cell,Eif4a3,0.0021270514,0.0060922503,0.003965199
T cell,Kmt2e,-0.0042761564,0.0060209036,0.0060209036
T cell,Cd300lf,-0.09151864,-0.03647232,0.0
T cell,Zap70,0.0028444529,0.01976329,0.016918838
T cell,Smarca4,-0.007494211,0.0012865663,0.0012865663
T cell,Mef2d,-0.003088355,0.0021483898,0.0021483898
T cell,Cdkn1b,-0.0021270514,0.009337068,0.009337068
T cell,Cyld,-0.001116991,0.009396434,0.009396434
T cell,Sdha,-0.0026905537,0.004835844,0.004835844
T cell,Arrb2,-0.0055730343,0.0049399734,0.0049399734
T cell,Ctdsp1,-0.0018984079,-0.0014673471,0.0
T cell,Mag,0.008554399,0.024502158,0.01594776
T cell,Cd274,-0.08072889,-0.041395187,0.0
T cell,Mapkapk2,-0.019310355,-0.008311629,0.0
T cell,Srsf4,-0.010835767,0.0006031394,0.0006031394
T cell,Cx3cr1,-0.004053116,0.022208989,0.022208989
T cell,Sell,-0.03597951,0.0082915425,0.0082915425
T cell,Mki67,-0.0738436,0.0015841126,0.0015841126
T cell,Oasl2,-0.06568384,-0.027094603,0.0
T cell,Dst,-0.0034292936,0.0075079203,0.0075079203
T cell,Stk4,0.0007414818,0.008227348,0.0074858665
T cell,Trem2,-0.0203681,0.011595547,0.011595547
T cell,Vps28,0.00014966726,0.00025618076,0.0001065135
T cell,Otud5,0.00012713671,0.005799055,0.0056719184
T cell,Itk,-0.010990858,0.027340174,0.027340174
T cell,Slc1a3,-0.0092173815,0.01675117,0.01675117
T cell,Ap2b1,-0.0008212328,0.00037020445,0.00037020445
T cell,Rpn1,0.0043995976,0.008605063,0.0042054653
T cell,Rgs3,-0.0070741177,0.007802546,0.007802546
T cell,Atp2b4,-0.010968208,0.015125394,0.015125394
T cell,Cct7,-0.0020779371,-0.001023531,0.0
T cell,Clic4,0.020912826,0.0351066,0.014193773
T cell,Sept6,0.0010535717,0.012248814,0.011195242
T cell,Mlc1,-0.014331341,0.06862432,0.06862432
T cell,Cct3,-0.01592338,-0.0050832033,0.0
T cell,Sec24c,-0.0028378963,0.00062948465,0.00062948465
T cell,Eif4g3,0.0008147359,0.0028840303,0.0020692945
T cell,Vsir,-0.0021227598,-0.0019500256,0.0
T cell,Ldhb,-0.009099364,0.073064625,0.073064625
T cell,Nfatc3,0.00018239021,0.0132033825,0.013020992
T cell,Sirt2,-0.020268798,0.00725317,0.00725317
T cell,Tln1,-0.006985426,0.0030358434,0.0030358434
T cell,Hnrnph1,-0.034628868,0.00897783,0.00897783
T cell,Bax,-0.009534717,-0.010657787,0.0
T cell,Eif4g1,0.0026521683,0.002578199,-7.3969364e-05
T cell,Isg15,-0.030535936,-0.025637269,0.0
T cell,Scarb2,-0.009589791,0.010536909,0.010536909
T cell,Atp6v1a,0.0029549599,0.016491234,0.013536274
T cell,Nosip,-0.0018723011,0.0033447742,0.0033447742
T cell,Bhlhe40,-0.043020844,-0.015307903,0.0
T cell,Sod1,0.0026996136,0.0043652058,0.0016655922
T cell,Aqp4,-0.004700303,0.06462854,0.06462854
T cell,Plpp3,0.011652708,0.031051636,0.019398928
T cell,Cd84,-0.0016790628,-0.0008583069,0.0
T cell,Ntsr2,-0.06268811,-0.00054228306,0.0
T cell,Icam1,-0.017431498,0.012453556,0.012453556
T cell,Rad23b,0.0007715225,0.0018632412,0.0010917187
T cell,Jak2,-0.01713574,0.0009830594,0.0009830594
T cell,Klc1,-0.0073245764,0.0031465888,0.0031465888
T cell,Kmt2b,-0.009830117,0.011507869,0.011507869
T cell,Ramp3,-0.054375768,-0.025411844,0.0
T cell,Ank,-0.05839777,-0.025330544,0.0
T cell,Csf1,0.0041877627,0.009963989,0.0057762265
T cell,Pdgfrb,0.036865532,0.063236,0.026370466
T cell,Hip1r,-0.007030368,0.0062426925,0.0062426925
T cell,Gramd1b,-0.002360344,-0.00080895424,0.0
T cell,Cdipt,-0.014451265,-0.001529336,0.0
T cell,Atxn10,0.000428617,0.003316462,0.002887845
T cell,Tnfrsf14,0.0049410462,0.011826634,0.006885588
T cell,Top2b,-0.002990365,0.0039067864,0.0039067864
T cell,Ggnbp2,-0.00038194656,0.003531158,0.003531158
T cell,Tmem173,-0.003715992,0.0048775077,0.0048775077
T cell,Dctn2,-0.005595565,-0.0012017488,0.0
T cell,Kmt2a,-0.0008062124,0.010754049,0.010754049
T cell,Dusp6,0.008215606,0.005753398,-0.0024622083
T cell,Mta3,-0.0038808584,0.006992817,0.006992817
T cell,Hspg2,0.036685824,0.07200843,0.035322607
T cell,Caprin1,0.0015349388,0.0020970702,0.0005621314
T cell,Runx2,-0.016617894,0.01202482,0.01202482
T cell,Ncf1,-0.023008108,0.021444261,0.021444261
T cell,Foxp1,0.004922092,0.010230482,0.0053083897
T cell,Fkbp5,-0.027939439,-0.009742975,0.0
T cell,Rhoc,0.013162494,0.029239714,0.01607722
T cell,Hsph1,-0.012168646,-0.032670975,0.0
T cell,Smdt1,0.0059075356,0.0126565695,0.006749034
T cell,Supt5,-0.00073480606,0.001814127,0.001814127
T cell,Cyb5r3,0.0011948943,0.014526308,0.013331413
T cell,Ogt,-0.0004951954,0.014410496,0.014410496
T cell,Ctsl,0.020699382,0.055181623,0.03448224
T cell,Adam10,-0.00013256073,0.0011985898,0.0011985898
T cell,Tsc22d3,-0.02637875,-0.006511092,0.0
T cell,P2rx7,-0.008521199,0.00043451786,0.00043451786
T cell,Pik3r1,-0.013197541,0.00095039606,0.00095039606
T cell,Setd1b,-0.00069355965,0.0031824112,0.0031824112
T cell,Ikbkb,-0.00021731853,0.0058148503,0.0058148503
T cell,Ece1,-0.016299129,-0.011633158,0.0
T cell,Lamb2,-0.02186966,0.022094011,0.022094011
T cell,Litaf,0.0075336695,0.030388594,0.022854924
T cell,Gzmb,-0.032156467,-0.022739768,0.0
T cell,Foxp4,-0.0044175386,0.003486991,0.003486991
T cell,Qdpr,-0.032217145,0.007428348,0.007428348
T cell,Ddx6,-0.00067043304,0.0063510537,0.0063510537
T cell,Kcnab2,0.0041813254,0.011758566,0.0075772405
T cell,Il1r1,-0.015491843,0.004172325,0.004172325
T cell,Rab37,-0.00017917156,0.009195924,0.009195924
T cell,Vat1,-0.0044664145,0.030134201,0.030134201
T cell,S100a1,0.0062535405,0.05572301,0.04946947
T cell,Dctn1,0.00066542625,0.00088614225,0.000220716
T cell,Col6a2,0.02231884,0.048861742,0.026542902
T cell,Svil,0.008212686,0.008863926,0.00065124035
T cell,Ncoa2,-0.00029289722,0.005976975,0.005976975
T cell,Cxcr3,-0.004428506,0.016614258,0.016614258
T cell,Snap25,0.03363192,0.09428984,0.06065792
T cell,Rbbp4,-0.08445299,0.017068446,0.017068446
T cell,Rab8a,-0.013551235,-0.00020158291,0.0
T cell,Eps15,-0.07480061,0.0030713677,0.0030713677
T cell,Ybx3,-0.029991388,0.0056215525,0.0056215525
T cell,Padi2,-0.049470425,0.00407815,0.00407815
T cell,Crlf2,0.0025532246,0.0019351244,-0.00061810017
T cell,Slc9a3r1,-0.002318263,0.006950021,0.006950021
T cell,Nrp1,-0.0015888214,-0.0032714605,0.0
T cell,Tgfbr3,-0.0068597794,0.0008326173,0.0008326173
T cell,Ubtf,0.0024439692,0.0023220181,-0.0001219511
T cell,Abca7,-0.0010466576,0.0070070624,0.0070070624
OPC,Mbp,0.06937218,0.1473208,0.07794863
OPC,Cnp,-0.023475647,0.12595063,0.12595063
OPC,Gfap,-0.01917994,0.2697587,0.2697587
OPC,Gpr17,-0.036602736,-0.020228863,0.0
OPC,Aplp1,-0.032856345,0.04000014,0.04000014
OPC,Mt2,-0.10843539,0.050786197,0.050786197
OPC,H2-D1,-0.38717043,-0.25251818,0.0
OPC,Cspg5,-0.0153461695,0.10437298,0.10437298
OPC,Cldn11,-0.003479004,0.10744065,0.10744065
OPC,Tnr,-0.055004597,0.035807252,0.035807252
OPC,Frmd4a,-0.014885545,0.05102563,0.05102563
OPC,Fyn,-0.010180235,0.083940566,0.083940566
OPC,Serpina3n,-0.3705958,-0.22754812,0.0
OPC,Ctss,-0.0147663355,0.103043556,0.103043556
OPC,Atp1b2,-0.02449882,0.037497878,0.037497878
OPC,Sirt2,-0.013805747,0.08684945,0.08684945
OPC,Lrp1,-0.025112748,0.093153894,0.093153894
OPC,Lbh,-0.07080591,-0.04082668,0.0
OPC,Vcan,-0.024476409,0.11848557,0.11848557
OPC,Car2,0.0039542913,0.053586245,0.049631953
OPC,Ckb,0.028005362,0.07720554,0.049200177
OPC,Cd74,-0.053743362,0.055075347,0.055075347
OPC,Pdgfra,-0.052908182,0.09436095,0.09436095
OPC,Apod,-0.03175223,0.02537781,0.02537781
OPC,Ptprz1,-0.042871237,0.09776354,0.09776354
OPC,H2-K1,-0.41345716,-0.34880793,0.0
OPC,B2m,-0.27642405,-0.1818757,0.0
OPC,Mag,0.0070431232,0.09505427,0.088011146
OPC,Sh3bp4,-0.063094854,-0.024141192,0.0
OPC,Aldoc,0.03649646,0.24741495,0.21091849
OPC,Map1b,0.0051223636,0.14894497,0.14382261
OPC,Ptgds,1.1503696e-05,0.027276576,0.027265072
OPC,C1ql1,-0.07537687,0.0288077,0.0288077
OPC,Olig2,-0.035850883,0.07083976,0.07083976
OPC,Cd81,0.008084416,0.041118026,0.03303361
OPC,Enpp6,-0.006516814,0.09821963,0.09821963
OPC,Serpine2,-0.043037772,0.08302325,0.08302325
OPC,Ccnd1,-0.035114646,0.052821934,0.052821934
OPC,Hexb,-0.014391184,0.06215638,0.06215638
OPC,Myt1,-0.0050109625,0.16201878,0.16201878
OPC,Gpr37l1,-0.035798073,0.014456272,0.014456272
OPC,Kcnip3,-0.072221756,0.04426682,0.04426682
OPC,C4b,-0.053916335,0.06571329,0.06571329
OPC,Olig1,0.0015640259,0.098590255,0.09702623
OPC,Cyfip2,0.009664655,0.08016837,0.07050371
OPC,Ndrg2,0.012674034,0.13097656,0.118302524
OPC,Cd9,-0.019064188,0.057214737,0.057214737
OPC,Meg3,0.005163312,0.07621968,0.071056366
OPC,Gnao1,0.020222068,0.04321742,0.022995353
OPC,Map2,-0.0053486824,0.044074476,0.044074476
OPC,Pllp,-0.033967137,0.015895665,0.015895665
OPC,Parvb,0.0021193624,0.105810285,0.10369092
OPC,Snap25,0.062375963,0.30964893,0.24727297
OPC,Ppfibp1,-0.016089916,0.05908531,0.05908531
OPC,Cspg4,-0.021745801,0.04456228,0.04456228
OPC,Rnd2,-0.0025086403,0.10557604,0.10557604
OPC,Mmp15,0.037911773,0.08907229,0.051160514
OPC,Tmem176a,-0.10641992,-0.01527226,0.0
OPC,Aldoa,0.05790752,0.1999178,0.14201027
OPC,Mapt,0.018624365,0.03984028,0.021215916
OPC,Rap1gap,-0.0135958195,0.02285391,0.02285391
OPC,Pdia3,-0.01595831,0.019460917,0.019460917
OPC,C3,0.048216105,0.20103663,0.15282053
OPC,Selenop,-0.019503951,0.044767857,0.044767857
OPC,Hnrnpa1,-0.029704452,0.018866956,0.018866956
OPC,Cryab,-0.008590937,0.01639682,0.01639682
OPC,App,0.01834613,0.06452596,0.04617983
OPC,Dpysl2,0.0056996346,0.08921492,0.08351529
OPC,Spon1,-0.01808703,0.049995244,0.049995244
OPC,Sulf2,-0.0016924143,0.036333025,0.036333025
OPC,Lamp1,0.009140372,0.056434095,0.047293723
OPC,Dst,0.01281178,0.029508173,0.016696393
OPC,Pcdh15,-0.028858542,0.11674005,0.11674005
OPC,Mpzl1,-0.00453341,0.065255344,0.065255344
OPC,Sema3d,-0.017947555,0.04393953,0.04393953
OPC,Ermn,-0.0066843033,0.03199655,0.03199655
OPC,Stmn4,-0.0033921003,0.01960963,0.01960963
OPC,Cntn1,-0.047338247,0.036547422,0.036547422
OPC,Jun,-0.062233686,-0.0403322,0.0
OPC,Ugt8a,-0.019201517,0.046987236,0.046987236
OPC,Marcks,-0.015080571,0.025021791,0.025021791
OPC,Sox8,-0.061961055,-0.03632891,0.0
OPC,Bin1,0.007964134,0.035066605,0.02710247
OPC,Ncam1,-0.0046983957,0.008712113,0.008712113
OPC,Kcnj10,-0.02541089,0.0428105,0.0428105
OPC,Igsf9b,-0.0079211,0.05094999,0.05094999
OPC,Neat1,-0.08629918,-0.043290257,0.0
OPC,Map4k4,0.0015078187,0.0124620795,0.010954261
OPC,Sgk1,-0.0070667267,0.010424793,0.010424793
OPC,Klk6,0.006347537,0.04619366,0.039846122
OPC,9630013A20Rik,0.0097206235,0.07613605,0.06641543
OPC,Rab7,0.002932191,0.03333479,0.0304026
OPC,Ywhae,0.027266622,0.05065006,0.023383439
OPC,Gria2,0.0021713376,0.037620187,0.03544885
OPC,Sept8,-0.00058197975,0.026661515,0.026661515
OPC,Uchl1,0.04556912,0.14865118,0.10308206
OPC,Stxbp1,0.05804181,0.22544831,0.1674065
OPC,Atp2a2,0.006548047,0.008397162,0.0018491149
OPC,Pdcd4,0.0033284426,0.071201384,0.06787294
OPC,Marcksl1,-0.001512289,0.040580213,0.040580213
OPC,Col9a3,-0.015325904,0.011462748,0.011462748
OPC,Rac1,-0.00075376034,0.04194665,0.04194665
OPC,Sfpq,0.001367867,0.05355966,0.052191794
OPC,Qdpr,0.0044392943,0.060875952,0.056436658
OPC,Sept4,0.003289938,0.030067027,0.026777089
OPC,Gnai2,0.018448055,0.039512932,0.021064878
OPC,Lgi3,0.014547348,0.1109432,0.09639585
OPC,Col20a1,-0.060907483,0.015332997,0.015332997
OPC,Epas1,-0.016346097,0.04822564,0.04822564
OPC,Fscn1,-0.0073974133,0.06032729,0.06032729
OPC,Ttyh1,-0.007032156,0.07326156,0.07326156
OPC,Adgrb1,-0.01866424,0.03822261,0.03822261
OPC,Mapk8ip1,0.0047816634,0.03381586,0.029034197
OPC,Ppp1r16b,-0.0017296076,0.044082582,0.044082582
OPC,Sept5,-0.016380548,0.02540195,0.02540195
OPC,Gipc1,0.0005478263,0.074097276,0.07354945
OPC,Vxn,-0.038951874,-0.0011755228,0.0
OPC,Psmb8,-0.3009143,-0.23112464,0.0
OPC,Ctnnb1,0.0037947893,0.030890465,0.027095675
OPC,Agpat4,0.009732604,0.062032163,0.05229956
OPC,Sema4d,0.0021860003,0.06425017,0.06206417
OPC,Sox10,0.00067180395,0.026498139,0.025826335
OPC,Mal,-0.0051101446,0.022247076,0.022247076
OPC,Luzp2,-0.03348887,-9.441376e-05,0.0
OPC,Sptan1,0.0024062395,0.0021191835,-0.00028705597
OPC,Mog,-0.006392002,0.046437263,0.046437263
OPC,Itgav,-0.018589377,0.0063973665,0.0063973665
OPC,Gria4,-0.059380293,0.02589029,0.02589029
OPC,Ldhb,0.0298177,0.13533735,0.10551965
OPC,Gpt2,-0.013576508,0.03362447,0.03362447
OPC,Ntsr2,-0.017421126,0.07165122,0.07165122
OPC,Hist2h2bb,-0.019330263,-0.0044356585,0.0
OPC,Gabbr1,-0.0033807755,0.04288262,0.04288262
OPC,Ntrk2,-0.020949721,0.0136502385,0.0136502385
OPC,Hip1r,-0.040601015,0.0037157536,0.0037157536
OPC,Plpp3,-0.009123445,0.0022971034,0.0022971034
OPC,Sox6,-0.0014725924,0.03572297,0.03572297
OPC,Eno2,0.03971839,0.2261656,0.1864472
OPC,Irgm1,-0.39196038,-0.35697126,0.0
OPC,S100a1,0.0033817887,0.022720575,0.019338787
OPC,Kif1b,-0.006942868,0.010869801,0.010869801
OPC,Rtn3,0.0003939867,0.024664938,0.024270952
OPC,Grn,-0.019486666,0.04703468,0.04703468
OPC,Prkar1a,0.0073511004,0.026014745,0.018663645
OPC,Dnm1,0.032147467,0.15695697,0.1248095
OPC,S100b,0.014573276,0.032811582,0.018238306
OPC,Sncb,0.06074518,0.26106238,0.2003172
OPC,Pcdh10,-0.0065146685,0.022373617,0.022373617
OPC,Acox1,0.00039035082,0.014267623,0.013877273
OPC,Nedd4,0.0040497184,0.011902928,0.00785321
OPC,Pkp4,0.038000643,0.046670556,0.008669913
OPC,Ywhag,0.03382486,0.1491381,0.11531323
OPC,Map7,0.006411314,0.02884686,0.022435546
OPC,Rtn4,0.001667738,0.048867464,0.047199726
OPC,Ncan,-0.0131253,0.02880317,0.02880317
OPC,Dpysl3,-0.00054323673,0.022546053,0.022546053
OPC,Bmp1,-0.05978608,-0.021356463,0.0
OPC,Afap1l2,-0.0014232397,0.030231714,0.030231714
OPC,Acly,-0.004916072,0.006355107,0.006355107
OPC,Slc1a1,0.008279681,0.05132729,0.043047607
OPC,Fasn,0.0029900074,0.01627183,0.013281822
OPC,Hmgcr,-0.003968239,0.021890283,0.021890283
OPC,Itgb1,0.0017802119,0.02367419,0.021893978
OPC,Nefh,0.034248292,0.20417565,0.16992736
OPC,Sv2a,0.02339691,0.093548,0.07015109
OPC,Atp5o,0.016899109,0.037601173,0.020702064
OPC,Gtf2i,-0.002716422,0.01906854,0.01906854
OPC,Gap43,-0.013269186,0.004875064,0.004875064
OPC,Thra,0.0038688183,0.02801925,0.024150431
OPC,Amfr,0.011520684,0.015122116,0.0036014318
OPC,Hspa5,-0.12726772,-0.10418916,0.0
OPC,Rhoa,0.002546668,0.013010919,0.010464251
OPC,P4hb,0.0006224513,0.0123874545,0.011765003
OPC,Agpat3,0.0011091828,0.006821394,0.005712211
OPC,Cct5,-0.0014801025,0.0067902207,0.0067902207
OPC,Dync1h1,0.0066487193,0.011524379,0.00487566
OPC,Dnm2,-0.0043150187,0.024598897,0.024598897
OPC,Gm2a,-0.0035606623,0.015180588,0.015180588
OPC,Kpnb1,-0.012443066,0.0024655461,0.0024655461
OPC,Scarb2,-0.0018492937,0.010559261,0.010559261
OPC,Dscam,-0.007918835,0.03199613,0.03199613
OPC,Ppt1,-0.011123657,-0.0007545948,0.0
OPC,Edil3,-0.030844092,0.0049723983,0.0049723983
OPC,Fat1,0.0026551485,0.0118021965,0.009147048
OPC,Nefm,0.037888706,0.21058828,0.17269957
OPC,Tssc4,-0.02548182,-0.01774323,0.0
OPC,Nefl,0.050516784,0.22032994,0.16981316
OPC,Pik3r1,-0.018531322,0.006371498,0.006371498
OPC,Rsrp1,0.012862623,0.04032564,0.027463019
OPC,Arhgap31,-0.012374282,0.021899998,0.021899998
OPC,Gfra1,-0.0063940287,-0.0037372112,0.0
OPC,Lima1,-0.0044158697,0.00906539,0.00906539
OPC,Dner,-0.010691524,0.01307416,0.01307416
OPC,Igsf11,0.006331086,0.04970169,0.043370605
OPC,Fabp7,-0.019634008,0.014821172,0.014821172
OPC,Pink1,-0.0027970076,0.05536282,0.05536282
OPC,Ppp2r1a,0.009129107,0.036157966,0.027028859
OPC,Npc1,-0.013132691,0.004337013,0.004337013
OPC,Slc6a11,0.0026726127,0.12687266,0.124200046
OPC,Canx,-0.0061308146,0.005833864,0.005833864
OPC,Ppp2ca,-0.00046527386,0.013338208,0.013338208
OPC,Tubb3,-0.0037094355,0.051562905,0.051562905
OPC,Tardbp,-0.0027097464,0.019238949,0.019238949
OPC,Tmem63b,-0.004371524,0.0084988475,0.0084988475
OPC,Zeb2,0.0040613413,0.015669823,0.011608481
OPC,Nsmf,-0.015643835,0.023858309,0.023858309
OPC,Sema5a,-0.013531089,0.012547791,0.012547791
OPC,Fgfr3,-0.01255846,0.064588904,0.064588904
OPC,Kif5b,0.016394079,0.049476504,0.033082426
OPC,Zbtb16,-0.061606526,0.021705389,0.021705389
OPC,Sez6l2,0.008256853,0.06425184,0.055994987
OPC,Nrcam,-0.029685855,-0.017846346,0.0
OPC,Cct8,-0.0020151138,0.010663629,0.010663629
OPC,Atxn10,-0.0004081726,0.0008278489,0.0008278489
OPC,Pkm,0.010691762,0.045102894,0.034411132
OPC,Rab3a,0.04271698,0.17925668,0.1365397
OPC,Gprc5b,-0.026380777,0.022799432,0.022799432
OPC,Cltc,0.0049759746,0.011622667,0.0066466928
OPC,Srebf2,-0.013932109,-0.0031186342,0.0
OPC,Nlgn3,-0.006182909,0.01732546,0.01732546
OPC,Raf1,0.0001718998,0.006534755,0.0063628554
OPC,Grik3,-0.00030207634,0.019175768,0.019175768
OPC,Mki67,-0.025080562,0.011004031,0.011004031
OPC,Map4,0.011125445,0.032968044,0.021842599
OPC,Efnb3,-0.0037636757,0.022980511,0.022980511
OPC,Elavl1,-0.0010788441,0.00354743,0.00354743
OPC,Emc1,0.0012639165,-0.001434803,-0.0012639165
OPC,Ptpa,0.006125748,0.009663224,0.003537476
OPC,Rnaset2a,-0.0004016161,0.028983355,0.028983355
OPC,Il1rap,-0.047790647,-0.02589953,0.0
OPC,Sdhb,-6.4373016e-05,0.008311808,0.008311808
OPC,Etv5,-0.016399741,0.030457377,0.030457377
OPC,Spred1,-0.009285569,0.00949806,0.00949806
OPC,Trim28,0.0013626218,0.011716664,0.010354042
OPC,Pik3r2,-0.0047346354,0.0061272383,0.0061272383
OPC,Spag9,-0.0007119179,0.025278568,0.025278568
OPC,Glra1,0.043938756,0.23003066,0.1860919
OPC,Camsap2,-0.0025452375,0.00586015,0.00586015
OPC,Ccnd3,-0.0065324306,0.0040463805,0.0040463805
OPC,Cadm1,0.0011252761,0.010040164,0.008914888
OPC,Nfix,0.00016152859,0.0063604116,0.006198883
OPC,Cmip,0.014604807,0.04403776,0.029432952
OPC,Adcyap1r1,-0.018342257,0.011060774,0.011060774
OPC,Aqp4,-0.0032627583,0.08068526,0.08068526
OPC,Ank,-0.0115031,0.008431137,0.008431137
OPC,Mylk,-0.03408122,0.01311332,0.01311332
OPC,Kif21b,-0.008520484,0.0126187205,0.0126187205
OPC,Gpnmb,-0.0010945797,0.03357631,0.03357631
OPC,Zeb1,-0.01467514,0.024068236,0.024068236
OPC,Kif5a,0.025111854,0.11069274,0.085580885
OPC,Ddit4,0.0013055205,0.0029470325,0.0016415119
OPC,Sept7,-0.007994175,0.0132446885,0.0132446885
OPC,Hsph1,-0.010338783,0.004274726,0.004274726
OPC,Capn2,0.007120073,0.01519531,0.008075237
OPC,Msn,-0.03579998,0.018515646,0.018515646
OPC,Gnb1,0.006325662,0.025421977,0.019096315
OPC,H2-Ab1,-0.06495762,0.013777137,0.013777137
OPC,Adamts1,-0.110375404,-0.09638083,0.0
OPC,Nlrc5,-0.21016514,-0.16383839,0.0
OPC,Sel1l,-0.0050239563,0.0050833225,0.0050833225
OPC,Atp6v1b2,0.025589466,0.08890265,0.063313186
OPC,Arhgap35,-0.00050377846,0.020828009,0.020828009
OPC,Klc1,-0.0028932095,0.0046796203,0.0046796203
OPC,Lmnb1,-0.03175497,-0.0010870695,0.0
OPC,Caskin1,-0.028319001,0.022152543,0.022152543
OPC,Rab5c,-0.010145545,0.005094409,0.005094409
OPC,Chd4,-0.0031101704,0.0057981014,0.0057981014
OPC,Hnrnpm,1.579523e-05,0.0126745105,0.012658715
OPC,Vat1,-0.003134489,0.048012733,0.048012733
OPC,Lgals1,-0.117063165,-0.053993225,0.0
OPC,Ddr1,0.008271098,0.013248026,0.0049769282
OPC,Sf1,-0.0012353659,0.0012892485,0.0012892485
OPC,Itpr2,0.0026594996,0.008777261,0.006117761
OPC,Atp6v1a,0.013426423,0.046751082,0.03332466
OPC,Ywhaz,0.009245217,0.014343202,0.0050979853
OPC,Adora1,-0.009998679,0.01952517,0.01952517
OPC,Cntn2,0.00481987,0.028514624,0.023694754
OPC,Epb41l1,0.028799832,0.08846623,0.059666395
OPC,Prrc2b,0.0016328692,0.0015813112,-5.1558018e-05
OPC,Nfe2l1,0.0061948895,0.024329841,0.018134952
OPC,Atf4,-0.0036227703,0.00930208,0.00930208
OPC,Mmp16,-0.016195178,0.02048719,0.02048719
OPC,Exoc4,-0.0013861656,0.01537019,0.01537019
OPC,Rdx,-0.0046339035,0.0013165474,0.0013165474
OPC,Ncor2,-0.003296852,0.007856905,0.007856905
OPC,Pgk1,0.018991828,0.054870903,0.035879076
OPC,Sdha,0.0079161525,0.025004089,0.017087936
OPC,Prpf8,0.0014212132,0.0041122437,0.0026910305
OPC,Mprip,-0.00092840195,0.002747476,0.002747476
OPC,Apc2,-0.006639123,0.0036894083,0.0036894083
OPC,Dctn1,0.0030926466,0.0068685412,0.0037758946
OPC,H2-Aa,-0.05217886,0.016126573,0.016126573
OPC,Rgcc,-0.019678235,-0.00021672249,0.0
OPC,Rhoc,-0.020641208,-0.009714842,0.0
OPC,Irs2,-0.012748599,0.012679338,0.012679338
OPC,Csf1r,-0.015090346,0.03396213,0.03396213
OPC,Anxa6,-0.0015825033,0.000890851,0.000890851
OPC,Igsf21,-0.0016658306,0.020543575,0.020543575
OPC,Tsc22d4,0.00038069487,0.004059732,0.003679037
OPC,Cbx3,0.00078588724,0.0040145516,0.0032286644
OPC,Dctn2,0.0021927357,0.0036586523,0.0014659166
OPC,Cpsf6,0.00027400255,0.015381634,0.015107632
OPC,Ndn,0.0034262538,0.028641105,0.02521485
OPC,Bmpr2,-0.00033187866,0.0009263158,0.0009263158
OPC,Sorbs1,0.0012746453,0.021995127,0.020720482
OPC,Hipk2,-0.0034211874,-0.00039076805,0.0
OPC,S100a10,-0.069388986,-0.018998384,0.0
OPC,Aplp2,-0.007585168,-0.00053298473,0.0
OPC,Rbbp4,-0.0034273863,0.01436168,0.01436168
OPC,A2m,0.0060403943,0.08019471,0.07415432
OPC,Abcd3,-0.0031261444,0.010458708,0.010458708
OPC,Prkcq,-0.015765548,0.0013257265,0.0013257265
OPC,Myrf,0.012021601,0.080385685,0.068364084
OPC,Polg,-0.005319953,0.026602447,0.026602447
OPC,Vdac1,0.012357533,0.035072505,0.022714972
OPC,Actr2,9.250641e-05,0.002509594,0.0024170876
OPC,Srrm1,0.0034541488,0.013190687,0.009736538
OPC,Mapk8ip2,0.010611713,0.051458776,0.040847063
OPC,Smdt1,0.0008535385,0.007709861,0.0068563223
OPC,Rapgef1,0.007063389,0.017148018,0.010084629
OPC,Tmem163,-0.002479434,0.0420233,0.0420233
OPC,H2-T23,-0.18253231,-0.15990281,0.0
OPC,Rnf10,0.0016451478,0.0020629168,0.00041776896
OPC,Csde1,0.0059759617,0.01350379,0.007527828
OPC,Prkaca,0.014775932,0.0409289,0.026152968
OPC,Hnrnph1,-0.004791975,0.023551524,0.023551524
OPC,Nlgn2,-0.0033468008,0.0068306327,0.0068306327
OPC,Grk2,0.007225454,0.015554845,0.0083293915
OPC,Erbin,0.005810976,0.009760499,0.003949523
OPC,Dgcr2,-0.0012249947,-0.0010415316,0.0
OPC,Padi2,-0.00760746,0.000420928,0.000420928
OPC,Hspd1,-0.008533478,0.0084190965,0.0084190965
OPC,Nsf,0.016292274,0.09677124,0.080478966
OPC,Mlc1,-0.0064433813,0.07499415,0.07499415
OPC,Camk2b,0.005834043,0.060384452,0.05455041
OPC,Eif4g3,-0.0014109612,0.013960183,0.013960183
OPC,Elmo1,-0.014303565,0.008458495,0.008458495
OPC,Ap2b1,-0.0022377968,0.0013064146,0.0013064146
OPC,Myo5a,-0.0006234646,0.004984319,0.004984319
OPC,Sema6a,-0.003271699,0.023769557,0.023769557
OPC,Tppp,-0.0011276007,0.070277214,0.070277214
OPC,Rab10,-0.004178047,0.019605875,0.019605875
OPC,Grid1,-0.0028983355,0.013637245,0.013637245
OPC,Itga9,-0.020627856,0.02700609,0.02700609
OPC,Cemip2,-0.0002619028,0.020013869,0.020013869
OPC,Col18a1,-0.08135247,-0.045711994,0.0
OPC,Rpn1,-0.004687071,-0.0023043156,0.0
OPC,Gja1,-0.006542325,0.058131933,0.058131933
OPC,Bicd2,-0.000207901,0.0061353445,0.0061353445
OPC,Emc10,-0.0016368628,-0.0022748709,0.0
OPC,Rad23b,-0.0011734962,-0.0011466742,0.0
OPC,Tubb2b,0.005563855,0.021487653,0.015923798
OPC,Tcaf1,0.003718257,0.012603879,0.008885622
OPC,Cct7,0.0011193752,0.0066508055,0.0055314302
OPC,Cers2,0.004223764,0.013039768,0.008816004
OPC,Arhgef7,0.0011677146,0.009083748,0.007916033
OPC,Ncor1,0.000116705894,0.00899744,0.008880734
OPC,Hsd17b4,-0.0014797449,0.001539588,0.001539588
OPC,Bex3,-0.0035340786,0.013392687,0.013392687
OPC,Sox4,-0.0025874376,0.021399856,0.021399856
OPC,Top2a,-0.02894795,-0.0046287775,0.0
OPC,Gria3,-0.008907795,0.029936075,0.029936075
OPC,Rnf14,0.01034385,0.019180298,0.008836448
OPC,Cct3,-0.003135085,0.0018059611,0.0018059611
OPC,Sqstm1,-0.001937151,0.0090786815,0.0090786815
OPC,Adgrg1,-0.0016887188,0.007188499,0.007188499
OPC,Mcl1,-0.0009816885,0.013049662,0.013049662
OPC,Spsb1,0.0099233985,0.025084198,0.015160799
OPC,Grik2,0.0020985603,0.014272213,0.012173653
OPC,Trappc10,-0.0008261204,0.0019967556,0.0019967556
OPC,Smarca4,-0.0006945133,0.0016513467,0.0016513467
OPC,Dvl1,1.013279e-06,0.017273605,0.017272592
OPC,Supt6,0.0026224256,0.0074321628,0.004809737
OPC,Eif4a3,0.00038331747,0.008234322,0.007851005
OPC,Pak1,0.010653257,0.020798624,0.010145366
OPC,Bax,0.0044207573,0.01648283,0.012062073
OPC,Rab6a,0.0052173734,0.01827401,0.013056636
OPC,Pja2,0.00025951862,0.010317206,0.010057688
OPC,Sept2,-0.0020891428,0.0050101876,0.0050101876
OPC,Rnf13,-0.019982815,0.003403604,0.003403604
OPC,Idh1,-0.004795909,0.030867457,0.030867457
OPC,Saraf,-0.0028131008,0.00011944771,0.00011944771
OPC,Msmo1,-0.03293109,-0.005466938,0.0
OPC,Gsk3a,0.0014258027,0.0031306148,0.001704812
OPC,Pltp,-0.0054301023,0.03591788,0.03591788
OPC,Gab1,-0.0011951923,0.0061610937,0.0061610937
OPC,Kif5c,0.021908343,0.09747082,0.07556248
OPC,Tcf12,-0.0030852556,0.0053136945,0.0053136945
OPC,Pcmtd2,-0.00782001,0.026914835,0.026914835
OPC,Sec61a1,-0.0024456978,0.0057070255,0.0057070255
OPC,Dusp6,-0.010724664,0.0015988946,0.0015988946
OPC,Svil,-0.002562642,0.009720027,0.009720027
OPC,Gnaq,-0.00023579597,0.006875038,0.006875038
OPC,Megf11,-0.018120766,0.033662617,0.033662617
OPC,Csnk1d,0.0021030903,0.00492543,0.0028223395
OPC,Srgap1,-0.019485831,0.021036625,0.021036625
OPC,Cttnbp2,-0.015576482,0.02694273,0.02694273
OPC,Abhd4,0.0009461045,0.00810045,0.0071543455
OPC,Srsf4,0.0012137294,0.0068350434,0.005621314
OPC,Csf1,-0.01221168,0.007307768,0.007307768
OPC,Ntn1,-0.0028265715,0.013643265,0.013643265
OPC,Itpkb,-0.019038916,-0.0009073019,0.0
OPC,Top2b,0.00081306696,0.009332597,0.00851953
OPC,Gps1,0.0017077327,0.0016319156,-7.581711e-05
OPC,Arnt2,-0.0025138855,-0.001644969,0.0
OPC,Lamc1,0.004140377,0.005889237,0.0017488599
OPC,Impact,0.028625846,0.08020258,0.051576734
OPC,Syn2,0.003613472,0.02851522,0.024901748
OPC,Mast2,-0.0043256283,0.0024940968,0.0024940968
OPC,Mtch1,0.011988401,0.03559202,0.023603618
OPC,Khdrbs1,0.0013806224,0.0047492385,0.003368616
OPC,Gng11,0.003032267,0.006207168,0.003174901
OPC,Kif1c,-0.0001257658,0.0090354085,0.0090354085
OPC,Atp5f1,-0.00036263466,0.0029187799,0.0029187799
OPC,Cdh20,-0.0013356209,0.00957191,0.00957191
OPC,Dlg1,0.007813692,0.012843072,0.0050293803
OPC,Mbd3,-0.0014863014,0.0010274053,0.0010274053
OPC,Ncam2,-0.003185153,0.0066323876,0.0066323876
OPC,Atp2b2,0.020830989,0.10826558,0.08743459
OPC,Map1lc3a,0.021570385,0.06635994,0.044789553
OPC,Cpeb4,0.0077923536,0.009118736,0.0013263822
OPC,Selenof,0.0009111166,0.00074124336,-0.00016987324
OPC,Caprin1,-0.0035672188,0.0035179257,0.0035179257
OPC,Bcar1,0.0015829206,0.016924739,0.015341818
OPC,Smarcc2,-0.00048339367,0.0006802082,0.0006802082
OPC,Limd1,-0.0025504827,0.013165534,0.013165534
OPC,Sdcbp,-0.00058591366,0.016926348,0.016926348
OPC,Tpi1,0.018477023,0.05632198,0.037844956
OPC,Nbr1,-0.0023788214,-0.0019081831,0.0
OPC,Mycl,-0.008141756,0.015780926,0.015780926
OPC,Eif4g1,0.00016772747,0.0011002421,0.00093251467
OPC,Slc1a3,0.0007122159,0.01736033,0.016648114
OPC,Ppp2r5c,-0.0028926134,0.0015367866,0.0015367866
OPC,Jam3,0.011456668,0.020956397,0.009499729
OPC,Dlg4,-0.0015950203,0.02271676,0.02271676
OPC,Dbn1,-0.002367258,0.012880981,0.012880981
OPC,Anln,-0.0015588999,0.027419329,0.027419329
OPC,Plekha1,0.00925535,0.038823307,0.029567957
OPC,Cs,-0.00021576881,0.0067507625,0.0067507625
OPC,Brd2,0.0005283356,0.0022710562,0.0017427206
OPC,Srsf1,-0.001413703,0.005620539,0.005620539
OPC,Tceal5,0.0016998649,0.017596185,0.01589632
OPC,Fam107a,-0.002137065,0.055513203,0.055513203
OPC,Trim2,0.0068324804,0.036477506,0.029645026
OPC,Anapc2,0.00017952919,-0.0008240938,-0.00017952919
OPC,Tyro3,-0.0043207407,0.019688189,0.019688189
OPC,Plin4,-0.011148691,0.0067713857,0.0067713857
OPC,Picalm,0.0064668655,0.00966692,0.0032000542
OPC,Yars,-0.0008096695,0.008360207,0.008360207
OPC,Cyfip1,0.0038762689,0.0023895502,-0.0014867187
OPC,Snx5,-0.00076651573,0.011157572,0.011157572
OPC,Acsl6,0.00021141768,0.050658584,0.050447166
OPC,Scn8a,0.0007805228,0.0148022175,0.014021695
OPC,Sod1,0.01157099,0.02927798,0.01770699
OPC,Cdc37,0.0019232035,0.0019619465,3.874302e-05
OPC,Tnfrsf1a,-0.07791674,-0.066287756,0.0
OPC,Vegfa,-0.04412651,0.029696584,0.029696584
OPC,Ptpn11,-0.0068758726,0.0077976584,0.0077976584
OPC,Il33,-0.09057593,-0.09856224,0.0
OPC,Abca3,-0.00069880486,0.0021021366,0.0021021366
OPC,Pmp22,0.030433476,0.04480219,0.014368713
OPC,Luc7l3,0.00066018105,0.028504789,0.027844608
OPC,Ehmt2,-0.0023223162,0.0036233664,0.0036233664
OPC,Ptk2,0.00025635958,0.010195553,0.009939194
OPC,Dlgap4,-0.0018697977,-0.0008649826,0.0
OPC,Adgrl3,-0.0011065006,0.0067982674,0.0067982674
OPC,Pfkp,0.00083619356,0.012744248,0.011908054
OPC,Vamp2,-0.00067555904,0.0055386424,0.0055386424
OPC,Enah,0.00084012747,0.0058318377,0.00499171
OPC,Bcl6,-0.0071362257,0.008058071,0.008058071
OPC,Dip2a,-0.0027205944,0.0066385865,0.0066385865
OPC,Lamtor4,0.0007958412,0.003861785,0.0030659437
OPC,Glg1,0.00075930357,0.0040305853,0.0032712817
OPC,Spast,-0.0005065203,0.0005799532,0.0005799532
OPC,Cic,-0.0019391775,0.003994465,0.003994465
OPC,Plxnb2,0.002612412,0.01947862,0.016866207
OPC,Coro1c,0.00074738264,0.0068229437,0.006075561
OPC,Klc2,0.029759228,0.13073999,0.10098076
OPC,Ndufs1,0.007541418,0.017887115,0.010345697
OPC,Ctsl,0.011362135,0.042764008,0.031401873
OPC,Etnk1,0.0016181469,0.01472491,0.013106763
OPC,Syn1,0.019429386,0.10761434,0.08818495
OPC,Park7,0.0005597472,0.008338869,0.0077791214
OPC,Cd68,0.001282692,0.060168743,0.05888605
OPC,Scrib,0.006456971,0.013722956,0.007265985
OPC,Epb41l3,-0.0005581379,0.02043569,0.02043569
OPC,Cst7,-0.023452878,0.024682462,0.024682462
OPC,Hif1a,0.0050741434,0.0028318167,-0.0022423267
OPC,Prr5l,0.004678607,0.021070063,0.016391456
OPC,Kndc1,0.0071454644,0.041450918,0.034305453
OPC,Eps15,-0.0010478497,0.033202052,0.033202052
OPC,Thrap3,0.0008073449,-0.0002810955,-0.0008073449
OPC,Flna,-0.01267457,0.018055975,0.018055975
OPC,Ctnnd1,-0.0005400181,0.001883626,0.001883626
OPC,Ptprn2,-0.0040506124,0.03136921,0.03136921
OPC,Prpf19,0.0038979053,0.008840144,0.0049422383
OPC,Slc12a2,0.0033681989,0.018379807,0.015011609
OPC,Bace1,0.0037831664,0.04319489,0.039411724
OPC,Sox3,-0.002336502,0.008028984,0.008028984
OPC,Cabp1,0.021663845,0.105793715,0.08412987
VSMC,Gfap,0.054510117,0.17414236,0.119632244
VSMC,Vtn,0.073215306,0.423424,0.3502087
VSMC,Apod,0.022159994,0.1856358,0.16347581
VSMC,Mbp,0.04233873,0.27917266,0.23683393
VSMC,Mt2,-0.011128783,0.07456499,0.07456499
VSMC,Pdgfrb,0.060752213,0.35249352,0.2917413
VSMC,Atp1b2,0.114358604,0.25649005,0.14213145
VSMC,Mylk,0.14175725,0.2793265,0.13756925
VSMC,Epas1,-0.027242184,0.1459558,0.1459558
VSMC,Pltp,-0.106432915,-0.0063391924,0.0
VSMC,Aldoc,0.11690378,0.33854008,0.2216363
VSMC,Flna,0.08289415,0.19713473,0.11424059
VSMC,Itih5,-0.018714428,0.04031527,0.04031527
VSMC,Cd74,-0.008598924,0.025014639,0.025014639
VSMC,Myh11,0.14109802,0.31007737,0.16897935
VSMC,H2-D1,-0.025856018,0.107427776,0.107427776
VSMC,Ckb,0.058067024,0.24800181,0.18993479
VSMC,Igf2,-0.07380366,0.003975451,0.003975451
VSMC,Tagln,0.14099264,0.30977267,0.16878003
VSMC,Podxl,0.0022076964,0.15090656,0.14869887
VSMC,Serping1,-0.038244605,0.08557612,0.08557612
VSMC,Vwf,0.06621021,0.20993781,0.1437276
VSMC,Aplp1,0.015105128,0.13180405,0.11669892
VSMC,Selenop,0.018376589,0.057237446,0.038860857
VSMC,Ndrg2,0.087521374,0.2136693,0.12614793
VSMC,Notch3,0.025134683,0.19921142,0.17407674
VSMC,Ctss,-0.009008646,0.03413874,0.03413874
VSMC,Slc9a3r2,-0.023882627,0.03208381,0.03208381
VSMC,Lbh,-0.03545642,0.010898173,0.010898173
VSMC,Kcnj10,0.094056785,0.2675956,0.1735388
VSMC,Col1a2,-0.0020878315,0.06911439,0.06911439
VSMC,Slc2a1,0.013270378,0.062719345,0.049448967
VSMC,Smtn,0.090373576,0.16685295,0.076479375
VSMC,Eln,0.16159952,0.3012727,0.13967317
VSMC,Lrp1,0.0236336,0.053518295,0.029884696
VSMC,B2m,-0.04759693,-0.00070512295,0.0
VSMC,Ntsr2,0.03166139,0.13831317,0.10665178
VSMC,Tgm2,0.073663175,0.21701008,0.1433469
VSMC,Il34,0.040043116,0.1796357,0.13959259
VSMC,Slc6a11,0.039181292,0.17270297,0.13352168
VSMC,H2-K1,-0.04000604,0.045239806,0.045239806
VSMC,Fn1,0.056109726,0.14574671,0.08963698
VSMC,Ptgds,-4.005432e-05,0.017589629,0.017589629
VSMC,Pecam1,0.067533135,0.1842556,0.116722465
VSMC,Aldoa,0.010075748,0.079411745,0.069336
VSMC,Sept4,0.024831116,0.1962719,0.17144078
VSMC,Cd81,0.017334819,0.031678498,0.014343679
VSMC,Car2,0.025223315,0.08821267,0.062989354
VSMC,Itgb1,0.027894497,0.092588544,0.06469405
VSMC,Snap25,0.018009067,0.2628761,0.24486703
VSMC,Lamc1,0.012167752,0.06239885,0.0502311
VSMC,Lamb2,0.012560487,0.082850456,0.07028997
VSMC,Col4a1,-0.2451365,-0.15526795,0.0
VSMC,Plec,0.026547372,0.15906292,0.13251555
VSMC,Bcam,0.033373356,0.11689824,0.08352488
VSMC,Map1b,-0.0003556013,0.12862623,0.12862623
VSMC,Acvrl1,-0.0017335415,0.087343216,0.087343216
VSMC,Adamts1,-0.37831187,-0.277313,0.0
VSMC,Ctnnb1,-0.0037685633,0.05026573,0.05026573
VSMC,Col18a1,0.049991727,0.17746705,0.12747532
VSMC,Mcam,-0.021610498,0.023572922,0.023572922
VSMC,Eng,-0.03010416,0.03630781,0.03630781
VSMC,Kcnj8,0.028731644,0.22639954,0.1976679
VSMC,Ttyh1,0.04854417,0.18030477,0.1317606
VSMC,Cspg4,-0.0302279,0.093123555,0.093123555
VSMC,Atp2a2,0.008940518,0.028883517,0.019942999
VSMC,Dbp,-0.12887228,-0.08117008,0.0
VSMC,Gpr37l1,0.058586836,0.1464647,0.08787787
VSMC,Gnai2,-0.015241504,0.028655708,0.028655708
VSMC,Serpina3n,-0.11247957,-0.054895163,0.0
VSMC,Utrn,-0.025006056,0.033955395,0.033955395
VSMC,Pln,0.0821715,0.19988894,0.117717445
VSMC,Fstl1,-0.30097437,-0.18659937,0.0
VSMC,Cnp,0.010586798,0.049959064,0.039372265
VSMC,Plin4,0.10918957,0.1784457,0.06925613
VSMC,Ece1,-0.07135522,-0.025675774,0.0
VSMC,Myh9,-0.0034474134,0.03999144,0.03999144
VSMC,Gja1,0.022501945,0.094088376,0.07158643
VSMC,Mprip,-0.015967488,0.018526673,0.018526673
VSMC,Fam107a,-0.020289898,0.0400815,0.0400815
VSMC,Adgrf5,0.0089674,0.07310724,0.06413984
VSMC,Pdia3,-0.041048527,-0.010078788,0.0
VSMC,Fgfr3,-0.006431699,0.073957026,0.073957026
VSMC,Inpp4b,-0.022945523,0.12306982,0.12306982
VSMC,App,0.0045543313,0.0151425,0.010588169
VSMC,Serpine2,0.003979504,0.025149047,0.021169543
VSMC,Uchl1,0.004240632,0.13084531,0.12660468
VSMC,Atp2a3,-0.019875169,0.019354522,0.019354522
VSMC,Map2,0.038628936,0.21278739,0.17415845
VSMC,Egfl7,0.00471586,0.07016599,0.06545013
VSMC,Cemip2,-0.0036720037,0.034038484,0.034038484
VSMC,Car4,0.035101235,0.19835842,0.16325718
VSMC,Hexb,-0.003635168,0.033981025,0.033981025
VSMC,Meg3,-0.005298376,0.045125067,0.045125067
VSMC,Ccn2,0.029715419,0.058671236,0.028955817
VSMC,Vcl,0.0056613684,0.0394727,0.03381133
VSMC,Lamp1,0.0067827106,0.0138065815,0.007023871
VSMC,Flt1,0.014605105,0.066479266,0.05187416
VSMC,Nedd4,-0.00022828579,0.008389413,0.008389413
VSMC,Stxbp1,-0.00016129017,0.1505937,0.1505937
VSMC,Cavin1,0.06840706,0.1969133,0.12850624
VSMC,Rab7,0.0034034848,0.0075223446,0.00411886
VSMC,Jag1,0.016163588,0.09257084,0.076407254
VSMC,Prkar1a,0.001644969,0.0062383413,0.0045933723
VSMC,Gucy1a1,-0.005225301,0.044947803,0.044947803
VSMC,Msn,-0.10102403,-0.012553334,0.0
VSMC,Anxa2,-0.028600812,0.049670935,0.049670935
VSMC,Sptan1,0.006495714,0.01514411,0.008648396
VSMC,Col4a2,-0.10208738,-0.021048903,0.0
VSMC,Txnip,0.037844002,0.084083974,0.046239972
VSMC,Sox18,-0.012706637,0.063857615,0.063857615
VSMC,S1pr1,0.0015723109,0.051265895,0.049693584
VSMC,Actn1,0.06482625,0.15732336,0.09249711
VSMC,Capn2,0.0021972656,0.010754526,0.00855726
VSMC,Tbx2,0.0029393435,0.07876414,0.0758248
VSMC,C3,0.018171549,0.08391118,0.06573963
VSMC,Hspg2,0.04831642,0.071281254,0.022964835
VSMC,Aqp4,0.04949534,0.117904246,0.06840891
VSMC,Ano1,0.034378767,0.119418085,0.08503932
VSMC,Gng11,0.0019970536,0.05724156,0.055244505
VSMC,Ldhb,0.058806896,0.17847782,0.11967093
VSMC,Fmod,-0.018271685,0.051851034,0.051851034
VSMC,Tjp1,-0.008171082,0.0123515725,0.0123515725
VSMC,Axl,0.0175578,0.06384301,0.046285212
VSMC,Plekhg2,0.0081499815,0.07227743,0.064127445
VSMC,Pink1,0.018990695,0.07059693,0.051606238
VSMC,Abcc9,0.013546884,0.1906426,0.17709571
VSMC,Ddit4,-0.062259674,-0.041464686,0.0
VSMC,Mlc1,0.034340203,0.12359458,0.08925438
VSMC,Ace2,0.03358686,0.16559535,0.1320085
VSMC,P4hb,-0.042048693,0.01842469,0.01842469
VSMC,Qdpr,0.014895856,0.0743981,0.059502244
VSMC,Rhoc,-0.10622358,-0.045768976,0.0
VSMC,Rhoa,-0.03954947,-0.018607855,0.0
VSMC,Nid1,0.0034942627,0.02393967,0.020445406
VSMC,Bmpr2,-0.00599432,0.0065723658,0.0065723658
VSMC,Clic4,-0.015777826,0.037676513,0.037676513
VSMC,Rac1,-0.00021469593,0.0011211634,0.0011211634
VSMC,Nfe2l1,0.012658119,0.031182826,0.018524706
VSMC,Sept11,-0.018548965,0.032537818,0.032537818
VSMC,Sorbs1,0.011239409,0.016656756,0.005417347
VSMC,Cd248,0.018684387,0.1200909,0.101406515
VSMC,Nr1d1,-0.049276233,-0.023905277,0.0
VSMC,Myo1c,0.027236462,0.06749737,0.04026091
VSMC,Dpysl2,0.009426594,0.05720389,0.047777295
VSMC,Plpp3,-0.00535357,0.009915948,0.009915948
VSMC,Thbs1,0.061255157,0.100060225,0.038805068
VSMC,Hnrnpa1,-0.019310474,-0.011267066,0.0
VSMC,Vstm4,-0.011059165,0.0683316,0.0683316
VSMC,Lgals1,-0.018842936,0.049021423,0.049021423
VSMC,Gabbr1,0.018204033,0.101353884,0.08314985
VSMC,Mal,-0.082748294,-0.07533836,0.0
VSMC,Lama5,0.027602851,0.12259704,0.09499419
VSMC,Kif1c,0.012727559,0.036394775,0.023667216
VSMC,Amfr,0.005369246,0.00870198,0.003332734
VSMC,Tns2,0.0006878972,0.039440632,0.038752735
VSMC,Mcl1,-0.03360653,0.003707707,0.003707707
VSMC,Sncb,0.028265119,0.20601398,0.17774886
VSMC,Nefl,0.048982322,0.20078182,0.1517995
VSMC,Eno2,-0.0020513535,0.17315376,0.17315376
VSMC,H2-Ab1,-0.00083076954,0.021570146,0.021570146
VSMC,Rnaset2a,0.0063104033,0.013433158,0.007122755
VSMC,Gprc5b,-0.028018594,0.052677393,0.052677393
VSMC,Neat1,0.005440712,0.062622726,0.057182014
VSMC,Jag2,-0.0018372536,0.082431614,0.082431614
VSMC,Dst,0.00074470043,0.0073429346,0.006598234
VSMC,Cdh5,0.009609222,0.07356799,0.063958764
VSMC,Nefh,0.028994799,0.1756764,0.1466816
VSMC,Map4,0.014459908,0.033179045,0.018719137
VSMC,H2-Aa,-0.0056062937,0.020608544,0.020608544
VSMC,Ywhag,0.017913759,0.13999784,0.12208408
VSMC,Atp5o,0.021516085,0.056245565,0.03472948
VSMC,Jun,-0.0039838552,0.008537412,0.008537412
VSMC,Rsrp1,-0.006498456,0.041514397,0.041514397
VSMC,Cryab,-0.0031962395,0.010540962,0.010540962
VSMC,Abcb1a,-0.007174492,0.034811616,0.034811616
VSMC,Tsc22d3,-0.059205532,-0.027133942,0.0
VSMC,Zic1,0.0038469434,0.07625908,0.07241213
VSMC,Sept8,-0.0012295246,0.021722198,0.021722198
VSMC,Ywhae,-0.0077958107,0.010714471,0.010714471
VSMC,Tnxb,0.0030639768,0.094585955,0.09152198
VSMC,Tgfbr3,0.0024202466,0.012973309,0.010553062
VSMC,Kif5b,0.015879095,0.038380682,0.022501588
VSMC,Rtn3,0.008774042,0.040679812,0.03190577
VSMC,Pde8b,0.019621551,0.1550762,0.13545465
VSMC,Gja4,-0.006431937,0.027343273,0.027343273
VSMC,Lum,-0.00019276142,0.04090035,0.04090035
VSMC,Agpat3,0.024971426,0.04029739,0.0153259635
VSMC,Slc30a10,0.030910075,0.17041081,0.13950074
VSMC,Pten,0.0077689886,0.041620135,0.033851147
VSMC,Bmp1,-0.15502,-0.10326576,0.0
VSMC,Gper1,0.02095151,0.10418552,0.08323401
VSMC,Slc19a1,0.02211696,0.13074833,0.10863137
VSMC,Ywhaz,-0.014965415,0.0049592853,0.0049592853
VSMC,S1pr3,0.00760448,0.09630251,0.08869803
VSMC,Nefm,0.021978438,0.16666818,0.14468974
VSMC,Des,0.032488286,0.040783644,0.008295357
VSMC,Cabp1,0.008682609,0.050227284,0.041544676
VSMC,Ets1,0.004232466,0.028514504,0.024282038
VSMC,Alpl,0.0015252829,0.083245635,0.08172035
VSMC,Esam,0.0023550391,0.03408265,0.031727612
VSMC,Psmb8,-0.18434322,-0.11883259,0.0
VSMC,Grn,0.004926324,0.033711553,0.028785229
VSMC,Mapk8ip1,0.01933223,0.089392066,0.070059836
VSMC,Sfpq,0.0048669577,0.029529274,0.024662316
VSMC,Nr2f2,0.0017615557,0.024639904,0.022878349
VSMC,Dnm1,0.0008828044,0.14853686,0.14765406
VSMC,Slc22a8,-0.006180048,0.11280024,0.11280024
VSMC,Rab3a,0.008557141,0.12229121,0.11373407
VSMC,Atf5,0.0026253462,0.045033038,0.04240769
VSMC,Slc12a2,0.001023531,0.115730405,0.114706874
VSMC,Arhgef7,0.021960258,0.067097306,0.045137048
VSMC,Cltc,0.0037660599,0.010988355,0.007222295
VSMC,Picalm,0.00032150745,0.0064023137,0.0060808063
VSMC,Gnb1,0.0013068914,0.009636998,0.008330107
VSMC,Glra1,0.024301589,0.18439662,0.16009504
VSMC,Map1lc3a,0.015276372,0.038549304,0.023272932
VSMC,H2-Eb1,-0.008015633,0.008286655,0.008286655
VSMC,Ppp2r1a,0.0043444633,0.022894979,0.018550515
VSMC,Csde1,0.0050703287,0.016593158,0.0115228295
VSMC,Dync1h1,-0.002777934,0.0009561181,0.0009561181
VSMC,Hic1,0.008674204,0.11093241,0.102258205
VSMC,Zbtb16,-0.059878707,-0.015006781,0.0
VSMC,Nos3,0.02558875,0.10499072,0.07940197
VSMC,Fat1,0.013504326,0.022077858,0.008573532
VSMC,Itpkb,0.01699692,0.049548686,0.032551765
VSMC,Sdha,-0.004717469,0.024473071,0.024473071
VSMC,Pkm,0.006247103,0.04616493,0.039917827
VSMC,Tmem176a,-0.03446734,0.022516489,0.022516489
VSMC,Cyb5r3,0.018571496,0.040263236,0.02169174
VSMC,Arhgef12,0.0018674731,0.006970346,0.005102873
VSMC,Osmr,-0.025188684,0.012860954,0.012860954
VSMC,Itga1,0.0011969209,0.062258184,0.061061263
VSMC,Sept7,-0.009834766,0.0360201,0.0360201
VSMC,Snrk,-0.0035015345,0.029815972,0.029815972
VSMC,Dmd,0.007980108,0.07979661,0.071816504
VSMC,Id1,-0.012335777,0.036541283,0.036541283
VSMC,Pkp4,0.0015912652,0.01288569,0.0112944245
VSMC,Tnfrsf1a,-0.044469953,-0.00777936,0.0
VSMC,Plxdc2,0.019037426,0.11782575,0.09878832
VSMC,Cldn11,0.0052021146,0.03176707,0.026564956
VSMC,Frmd4a,0.0023101568,0.009656787,0.00734663
VSMC,Sqstm1,-0.000213027,0.0012629628,0.0012629628
VSMC,Limd1,-0.0003453493,0.035081625,0.035081625
VSMC,Stmn2,-0.004495263,0.054280877,0.054280877
VSMC,Kif1b,0.004843116,0.042412877,0.03756976
VSMC,Ctdsp1,-0.0033729076,0.002603054,0.002603054
VSMC,Aplp2,-0.012931585,0.002631247,0.002631247
VSMC,Ppt1,-0.0016889572,0.008296728,0.008296728
VSMC,Camk2g,-0.0047619343,0.02082473,0.02082473
VSMC,Serpini1,-0.017153382,0.029655457,0.029655457
VSMC,Ltbp1,0.030401409,0.0757916,0.04539019
VSMC,Pkd1,0.010941386,0.029824555,0.018883169
VSMC,Rnf10,-0.00048720837,-0.0006786585,0.0
VSMC,Rab5c,-0.018523693,-0.0002746582,0.0
VSMC,Gm2a,0.028702796,0.04504931,0.016346514
VSMC,S100b,0.018090844,0.055836916,0.03774607
VSMC,She,-0.011042476,0.06572503,0.06572503
VSMC,Klc1,-0.003931761,0.009868681,0.009868681
VSMC,Gnao1,0.012115359,0.04101026,0.028894901
VSMC,Sf1,9.095669e-05,0.008466184,0.008375227
VSMC,Ccnd3,-0.014475942,0.0069743395,0.0069743395
VSMC,Slc1a3,0.0010364652,0.021787345,0.02075088
VSMC,Plxnb2,0.0017033219,0.019882798,0.018179476
VSMC,Lmna,0.011510432,0.03847325,0.026962817
VSMC,Tardbp,0.0049205422,0.016813159,0.011892617
VSMC,Cyfip2,-0.0031610727,0.14127016,0.14127016
VSMC,Lpp,0.03562194,0.06992406,0.034302115
VSMC,Itgb5,-0.0036693811,0.011037707,0.011037707
VSMC,Kpnb1,-0.011738062,0.002143085,0.002143085
VSMC,Actr2,0.0017914176,0.0012593865,-0.00053203106
VSMC,Gjc1,0.008096695,0.062419415,0.05432272
VSMC,Cd200,0.016269565,0.025945544,0.00967598
VSMC,Prpf8,-0.002162218,-0.0015972853,0.0
VSMC,Rtn4,-0.0026655197,0.0035568476,0.0035568476
VSMC,Ctnnd1,-0.0006803274,0.011725128,0.011725128
VSMC,Lama2,0.005947888,0.081169784,0.075221896
VSMC,Sdhb,-0.0017287731,0.019165397,0.019165397
VSMC,Ccn1,-0.0021851063,0.024944961,0.024944961
VSMC,Dpysl3,0.07135779,0.13588136,0.06452358
VSMC,Grk2,0.0051976442,0.0049775243,-0.00022011995
VSMC,Raf1,-0.0017008781,0.0008739829,0.0008739829
VSMC,H2-T23,-0.042566776,-0.013094902,0.0
VSMC,Flnb,0.014757216,0.05320406,0.038446844
VSMC,Wtip,-0.0072369576,0.029041588,0.029041588
VSMC,Scarb2,0.0006893873,0.0050700903,0.004380703
VSMC,Acsl6,0.037687123,0.12090582,0.083218694
VSMC,Stom,0.015820563,0.085051775,0.06923121
VSMC,Vdac1,0.0054733753,0.046859026,0.04138565
VSMC,Cemip,0.015810192,0.035063326,0.019253135
VSMC,Clec14a,0.065993786,0.11671239,0.050718606
VSMC,Notch1,0.00846833,0.02675134,0.01828301
VSMC,Map4k4,-0.0033129454,0.0033658147,0.0033658147
VSMC,Cacna1c,0.007176578,0.04142791,0.034251332
VSMC,Prrc2b,-0.0013667345,0.0013880134,0.0013880134
VSMC,Sema6d,0.016587436,0.070571125,0.05398369
VSMC,Acox1,0.005136788,0.007916868,0.0027800798
VSMC,Kif5a,0.020573676,0.13743734,0.11686367
VSMC,Bicd2,0.0010498166,0.03639126,0.03534144
VSMC,C4b,0.00328511,0.004849255,0.0015641451
VSMC,Lima1,-0.0055264235,0.024284184,0.024284184
VSMC,Cct5,-0.0105781555,8.195639e-05,8.195639e-05
VSMC,Il6st,-0.0044065714,0.02091664,0.02091664
VSMC,Mob2,0.013377845,0.06031722,0.046939373
VSMC,Emc1,-5.9723854e-05,8.952618e-05,8.952618e-05
VSMC,Prelp,-0.020740867,0.01014632,0.01014632
VSMC,Bin1,0.0026729703,0.037044585,0.034371614
VSMC,Entpd1,0.020480514,0.10132241,0.0808419
VSMC,Ptprk,0.008982599,0.067555726,0.058573127
VSMC,Mapt,0.0010882616,0.092552125,0.091463864
VSMC,Mllt6,-0.0016018152,0.0059524775,0.0059524775
VSMC,Dctn1,0.0006045699,0.004529178,0.003924608
VSMC,Stab1,0.011395037,0.0388726,0.027477562
VSMC,Cmip,0.02513063,0.07122505,0.046094418
VSMC,Iqgap1,0.036536634,0.07369679,0.03716016
VSMC,Dnm2,0.0034236908,0.008366168,0.0049424767
VSMC,Dusp6,-0.0013308525,0.005565405,0.005565405
VSMC,Ppp2ca,0.002811432,0.006886065,0.004074633
VSMC,Foxp1,0.014488757,0.048686564,0.034197807
VSMC,Hspa5,-0.038185835,-0.018347383,0.0
VSMC,Afap1l2,-0.0033638477,0.017605782,0.017605782
VSMC,Atf4,-0.042551517,-0.011287332,0.0
VSMC,Svil,0.0051579475,0.015272558,0.01011461
VSMC,Hspa1b,-0.2356497,-0.23976362,0.0
VSMC,Glud1,-0.011330843,0.037875116,0.037875116
VSMC,Elavl1,-0.0019534826,-0.0012536049,0.0
VSMC,Marcks,-0.01677692,0.033714652,0.033714652
VSMC,Enah,0.026230335,0.047530413,0.021300077
VSMC,Ntrk2,-0.007990956,0.048226774,0.048226774
VSMC,Pgk1,0.015248179,0.053780317,0.038532138
VSMC,Chd4,0.0014882088,0.0026888251,0.0012006164
VSMC,Col15a1,-0.009268165,0.01707691,0.01707691
VSMC,Rnf14,0.009734869,0.020133376,0.010398507
VSMC,Acly,0.0027225614,0.011306345,0.008583784
VSMC,Trpc3,0.0042294264,0.1101976,0.10596818
VSMC,Furin,-0.012603402,0.0070619583,0.0070619583
VSMC,Sdcbp,-0.0008722544,0.006687641,0.006687641
VSMC,Tmem109,-0.004453063,0.009974241,0.009974241
VSMC,Epb41l1,0.034407318,0.12045586,0.08604854
VSMC,Cdc42ep4,0.010289967,0.04496622,0.034676254
VSMC,Atp6v1b2,0.012467146,0.10329163,0.090824485
VSMC,Cdc37,-0.0002002716,-0.00077581406,0.0
VSMC,Pja2,0.00095421076,0.0057521462,0.0047979355
VSMC,Ntn4,0.03839594,0.108923376,0.070527434
VSMC,S100a10,0.0019007325,0.02588898,0.023988247
VSMC,Rnd2,0.03203225,0.10024047,0.06820822
VSMC,Fcgrt,0.0020226836,0.020300388,0.018277705
VSMC,Lifr,-0.006489992,0.023008108,0.023008108
VSMC,Ank,-0.0035316944,0.03323096,0.03323096
VSMC,Ermn,0.0071906447,0.024457872,0.017267227
VSMC,Spred1,0.008366883,0.02770567,0.019338787
VSMC,Zeb1,0.0026891232,-0.002031207,-0.0026891232
VSMC,Myo1d,0.018390656,0.050777435,0.03238678
VSMC,Atp6v1a,0.008318722,0.04470253,0.036383808
VSMC,Gtf2i,-0.025428176,-0.004075289,0.0
VSMC,Adgre5,0.005894184,0.015299141,0.009404957
VSMC,Canx,0.001455903,0.0024061203,0.00095021725
VSMC,Smdt1,0.007789314,0.010815859,0.003026545
VSMC,Edn1,-0.010350823,0.03768748,0.03768748
VSMC,Tle1,0.00035130978,0.013317704,0.012966394
VSMC,Srebf2,-0.032331347,-0.0077382326,0.0
VSMC,Cntn1,0.011566877,0.059520066,0.04795319
VSMC,Sult1a1,-0.021921992,0.003410697,0.003410697
VSMC,Calu,-0.017127752,0.0099336505,0.0099336505
VSMC,Sod1,0.011267304,0.017097414,0.005830109
VSMC,Rdx,-0.0030078888,0.0054507256,0.0054507256
VSMC,Dag1,0.0024994016,0.0036233664,0.0011239648
VSMC,Rcn2,0.023265898,0.050396264,0.027130365
VSMC,Rnh1,-0.02848053,-0.012811065,0.0
VSMC,Ldb1,0.003737688,0.020922244,0.017184556
VSMC,Sgk1,-0.07127869,-0.052351236,0.0
VSMC,Sox17,-0.0026091337,0.063591,0.063591
VSMC,Eps15,0.00998795,0.031009197,0.021021247
VSMC,Ogdh,0.0056450367,0.016911447,0.01126641
VSMC,Cs,0.0065029263,0.01695329,0.010450363
VSMC,Pfkp,0.0021030903,0.010382056,0.008278966
VSMC,Nsf,-0.006750822,0.0870496,0.0870496
VSMC,Oasl2,-0.07022202,-0.065383434,0.0
VSMC,Tie1,0.007857323,0.054041326,0.046184003
VSMC,Prkaca,0.0011947155,0.032346547,0.031151831
VSMC,Gpc4,0.004277706,0.01142323,0.007145524
VSMC,Mtch1,0.01010859,0.025758982,0.015650392
VSMC,Hsph1,-0.07510543,-0.06442821,0.0
VSMC,Isg15,-0.21826112,-0.19518924,0.0
VSMC,Sh3bp4,-0.0032811165,0.0083883405,0.0083883405
VSMC,Vcam1,0.0035417676,0.058593154,0.055051386
VSMC,Ptpa,0.0042063,0.014018238,0.009811938
VSMC,Col1a1,-0.0006572008,0.04228282,0.04228282
VSMC,Sort1,-0.013995528,-0.0013295412,0.0
VSMC,Brd2,0.00029367208,-0.00021123886,-0.00029367208
VSMC,Sept2,0.0013526082,0.0057665706,0.0044139624
VSMC,Mef2d,-0.0012772083,0.0050131083,0.0050131083
VSMC,Cct8,-0.0040516853,0.012353718,0.012353718
VSMC,B3gnt2,0.01018554,0.042463124,0.032277584
VSMC,Spag9,-0.0050446987,0.0074515343,0.0074515343
VSMC,Mag,0.004867375,0.03033179,0.025464416
VSMC,Thra,0.0018822551,0.007969379,0.0060871243
VSMC,Ccnd2,0.014607549,0.09287697,0.07826942
VSMC,Hnrnpm,-0.0010097027,0.0073648095,0.0073648095
VSMC,Cbx3,0.001426518,0.004949808,0.0035232902
VSMC,Gsk3a,0.00047576427,0.0054272413,0.004951477
VSMC,Bcl2l1,-0.0081733465,0.0018483996,0.0018483996
VSMC,Col6a2,0.009962976,0.024649203,0.014686227
VSMC,Dctn2,0.0006220341,-2.4080276e-05,-0.0006220341
VSMC,Cnn1,0.048282087,0.09912503,0.05084294
VSMC,Mtus1,-0.0032719374,0.004443109,0.004443109
VSMC,Glg1,-0.00031888485,0.0004749894,0.0004749894
VSMC,Ap2b1,0.0029070377,0.004342556,0.0014355183
VSMC,Eif4g1,-0.0029666424,0.0010541081,0.0010541081
VSMC,Fyn,0.0032730699,0.0060391426,0.0027660728
VSMC,Tpi1,0.009106815,0.03948438,0.030377567
VSMC,Srrm1,0.000690639,0.006661892,0.005971253
VSMC,Prr5l,0.0052930713,0.019708991,0.01441592
VSMC,Impact,0.006483853,0.03459692,0.028113067
VSMC,Stat3,-0.01743865,-0.0015854836,0.0
VSMC,Casq2,0.011180937,0.0562039,0.045022964
VSMC,Hnrnph1,-0.009264827,0.018996358,0.018996358
VSMC,Mertk,-0.0019940138,0.025621712,0.025621712
VSMC,Kif5c,0.010412455,0.12517476,0.114762306
VSMC,Agrn,0.005967915,0.022333562,0.016365647
VSMC,Abcg2,0.003155589,0.019710839,0.01655525
VSMC,Csf1r,-0.009349942,0.019442022,0.019442022
VSMC,Scn4b,0.0126312375,0.061894715,0.049263477
VSMC,Tpcn1,-0.00208807,0.0042773485,0.0042773485
VSMC,Rbms1,-0.00634706,0.01660049,0.01660049
VSMC,Jup,-0.0020862818,0.0033689141,0.0033689141
VSMC,Itga7,-0.0023469925,0.01623094,0.01623094
VSMC,Esyt2,0.014161468,0.038624525,0.024463058
VSMC,A2m,-0.021851659,0.028090537,0.028090537
VSMC,Cap2,-0.0113681555,0.0010445118,0.0010445118
VSMC,Tssc4,0.004175663,0.0050159693,0.0008403063
VSMC,Sncg,0.055963755,0.07807672,0.022112966
VSMC,Spop,0.0028767586,0.010834932,0.007958174
VSMC,Cd9,0.015723407,0.06296772,0.04724431
VSMC,Ctnna1,0.000792861,0.012934089,0.012141228
VSMC,Itsn1,-0.004093528,0.0043017864,0.0043017864
VSMC,Pth1r,0.001644671,0.053723395,0.052078724
VSMC,Ctsl,0.006029606,0.016335785,0.0103061795
VSMC,Atxn10,0.005564153,0.016750991,0.011186838
VSMC,Saraf,-0.0011423826,0.0043102503,0.0043102503
VSMC,Sel1l,0.0013452172,-0.0015423298,-0.0013452172
VSMC,Hlf,-0.018681169,0.008023024,0.008023024
VSMC,Trim28,3.71933e-05,-0.0018856525,-3.71933e-05
VSMC,Mef2a,-0.0020018816,0.004134536,0.004134536
VSMC,Ybx3,-0.012284756,0.003959894,0.003959894
VSMC,Atp5f1,0.0041993856,0.012896121,0.008696735
VSMC,Gpi1,-4.887581e-05,0.007360518,0.007360518
VSMC,Lama1,0.0068698525,0.03141141,0.024541557
VSMC,Pnpla2,-0.0092276335,0.0075318813,0.0075318813
VSMC,Coro1c,0.012257576,0.016615748,0.0043581724
VSMC,Mapre2,-0.0045856237,0.00194484,0.00194484
VSMC,Zfhx3,0.0068265796,0.018067598,0.011241019
VSMC,Adgra2,-0.006170869,0.007994294,0.007994294
VSMC,Adam10,0.0016642213,0.0075235963,0.005859375
VSMC,Rab6a,0.0033550262,0.014349341,0.010994315
VSMC,Vat1,-0.0108418465,0.0085481405,0.0085481405
VSMC,Slc6a9,0.016979754,0.05690682,0.039927065
VSMC,Sv2a,0.007260561,0.086197376,0.078936815
VSMC,Sirt2,-0.0049329996,0.006208241,0.006208241
VSMC,Ace,0.020374775,0.0828976,0.06252283
VSMC,Heyl,-0.0031875372,0.052240193,0.052240193
VSMC,Hif1a,-0.00554955,0.0062050223,0.0062050223
VSMC,Cd151,-0.0021646023,0.0046983957,0.0046983957
VSMC,Maoa,0.004673779,0.011534572,0.0068607926
VSMC,Syne1,0.0032535195,0.015423894,0.012170374
VSMC,Notch2,0.0034059286,0.001290381,-0.0021155477
VSMC,Anapc5,0.0013401508,0.0012242794,-0.00011587143
VSMC,Gnaq,0.0007340312,0.0049660206,0.0042319894
VSMC,Klc2,0.0031931996,0.0959388,0.0927456
VSMC,Chil1,-0.049826026,-0.03404975,0.0
VSMC,Anxa6,-0.0038622618,0.0015926361,0.0015926361
VSMC,Myo6,0.0055909753,0.030153453,0.024562478
VSMC,Parvb,0.0018923283,0.019397557,0.017505229
VSMC,Nsmf,-0.0006171465,0.00566262,0.00566262
VSMC,Ppfibp1,-0.0033156872,0.011282384,0.011282384
VSMC,Vamp2,-0.0038256645,0.0032459497,0.0032459497
VSMC,Pik3r1,-0.0010039806,0.0068722963,0.0068722963
VSMC,Srsf4,0.0022329688,0.0048499107,0.002616942
VSMC,Rpn1,-0.0038274527,-2.2768974e-05,0.0
VSMC,Bcl6,-0.00055480003,0.0021053553,0.0021053553
VSMC,Ets2,0.008665919,0.016765594,0.008099675
VSMC,Pakap,-0.011315346,0.004214227,0.004214227
VSMC,Hspd1,-0.008098245,0.00032770634,0.00032770634
VSMC,Tek,-0.004970908,0.034159243,0.034159243
VSMC,Zic2,-0.0010246038,0.0029649734,0.0029649734
VSMC,Selenof,0.0012041926,0.0029098392,0.0017056465
VSMC,Eif4a3,0.00027668476,-0.0004274845,-0.00027668476
VSMC,Atp2b4,0.014481723,0.04560113,0.031119406
VSMC,Adcyap1r1,-0.009483814,0.03834766,0.03834766
VSMC,Cyfip1,0.007224381,0.0087432265,0.0015188456
VSMC,Arhgap31,-0.0024528503,0.0059321523,0.0059321523
VSMC,Rbbp4,-0.00032866,0.005200267,0.005200267
VSMC,Polr2a,-0.001054883,0.00017410517,0.00017410517
VSMC,Pkd2,-0.0003720522,0.007694423,0.007694423
VSMC,Sdhc,0.008772314,0.005952537,-0.0028197765
VSMC,Wls,-0.002056837,0.015640616,0.015640616
VSMC,Ndufs1,0.0050934553,0.011052847,0.0059593916
VSMC,Smarcd3,-0.00013518333,0.009635568,0.009635568
VSMC,Cct7,-0.00031375885,-0.0009241104,0.0
VSMC,Pygb,-0.0008325577,0.0190171,0.0190171
B cell,Igkc,-0.1099962,0.21232396,0.21232396
B cell,Ighm,-0.11466694,-0.04460132,0.0
B cell,Jchain,-0.122436404,0.34907246,0.34907246
B cell,Cd74,0.061760962,0.13828802,0.07652706
B cell,Gfap,0.033454537,0.2362895,0.20283496
B cell,Igf2,-0.23105514,0.058763683,0.058763683
B cell,H2-Aa,-0.031834245,0.16242969,0.16242969
B cell,Apod,0.061861813,0.13593525,0.074073434
B cell,H2-Ab1,-0.09530032,0.16162342,0.16162342
B cell,Col1a2,-0.065808654,-0.024361134,0.0
B cell,Ctss,-0.13290131,-0.068750024,0.0
B cell,H2-Eb1,0.019300103,0.17974919,0.16044909
B cell,Igha,-0.110830545,-0.046805263,0.0
B cell,Serping1,-0.013012648,0.09196329,0.09196329
B cell,H2-D1,-0.33397543,0.06397462,0.06397462
B cell,C3,-0.031082392,0.058850467,0.058850467
B cell,B2m,0.012743354,0.10410035,0.09135699
B cell,Ptgds,0.017301977,0.043388307,0.02608633
B cell,H2-K1,0.06128651,0.059028983,-0.002257526
B cell,Cd79b,0.041326046,0.14016646,0.098840415
B cell,Mt2,-0.06294024,-0.0133423805,0.0
B cell,Selenop,-0.20048642,-0.11636758,0.0
B cell,Cd79a,-0.0038039684,0.071477175,0.071477175
B cell,Mbp,0.077861786,0.15580463,0.07794285
B cell,Tmem176a,-0.0999192,0.1784445,0.1784445
B cell,Pltp,0.04718554,0.074867845,0.027682304
B cell,Cxcl13,-0.04768455,-0.0040131807,0.0
B cell,Vtn,-0.041076303,0.014168978,0.014168978
B cell,Syk,-0.041312456,0.09923422,0.09923422
B cell,Mzb1,-0.12442279,0.19122905,0.19122905
B cell,Neat1,0.0006830096,0.047842383,0.047159374
B cell,Mcl1,-0.025343657,0.001532495,0.001532495
B cell,C4b,0.011660695,0.07988685,0.06822616
B cell,Grn,-0.033992052,0.067744434,0.067744434
B cell,Lbh,-0.012648344,0.038788855,0.038788855
B cell,Gnai2,0.0026394725,0.028208852,0.02556938
B cell,Psmb8,0.022509575,0.023383379,0.0008738041
B cell,Pdia3,-0.0062856674,0.04793662,0.04793662
B cell,Grk2,0.040908933,0.06783193,0.026923
B cell,Ighd,-0.036936402,0.12437731,0.12437731
B cell,Sfrp4,-0.07971573,-0.011092782,0.0
B cell,Ets1,0.03445548,0.15049869,0.11604321
B cell,Txnip,-0.04160309,-0.024169683,0.0
B cell,Aldoa,0.022555232,0.031571865,0.009016633
B cell,Lrp1,0.027383626,0.064594924,0.0372113
B cell,Pou2af1,-0.075674176,0.1581636,0.1581636
B cell,Ms4a1,-0.057463408,0.038813174,0.038813174
B cell,Rab7,-0.013906717,0.018831372,0.018831372
B cell,Gpnmb,-0.15602076,-0.17926717,0.0
B cell,Atp2a3,-0.06758797,-0.022070765,0.0
B cell,Itih5,-0.07620168,0.014084637,0.014084637
B cell,Lamp1,-0.066553354,0.022263646,0.022263646
B cell,Apobec3,-0.009634018,0.10705519,0.10705519
B cell,Serpina3n,-0.010720134,0.0041241646,0.0041241646
B cell,Irf4,-0.04597807,0.17735922,0.17735922
B cell,Sorl1,-0.009135723,0.10736579,0.10736579
B cell,Fcmr,-0.044804096,0.06410998,0.06410998
B cell,Hnrnpa1,0.015494704,0.000104010105,-0.015390694
B cell,Gimap4,0.046934128,0.12956136,0.08262724
B cell,Hspa5,-0.048796177,0.09488052,0.09488052
B cell,Msn,-0.018031001,0.027664661,0.027664661
B cell,Myh9,0.04007989,0.044408202,0.0043283105
B cell,Rsrp1,-0.010417104,0.015752733,0.015752733
B cell,Ptpn6,-0.05363834,0.01681745,0.01681745
B cell,H2-T23,-0.0016880035,0.019712925,0.019712925
B cell,Stab1,-0.0098006725,0.03128141,0.03128141
B cell,P4hb,0.005127907,0.07472283,0.06959492
B cell,Hexb,-0.028228045,0.029744506,0.029744506
B cell,Cxcr4,-0.07888353,-0.0139706135,0.0
B cell,Fcgr2b,-0.027133942,0.0055677295,0.0055677295
B cell,Sel1l,-0.033847213,0.20729512,0.20729512
B cell,Cd72,0.011083484,0.07050419,0.059420705
B cell,Ciita,0.01706928,0.11837536,0.10130608
B cell,Dock2,0.03287983,0.08050728,0.04762745
B cell,Col1a1,0.020569623,0.026664138,0.0060945153
B cell,Arhgef1,-0.010051489,0.09133077,0.09133077
B cell,Fbln1,-0.03597176,0.035520375,0.035520375
B cell,Nlrc5,-0.10347366,-0.03412175,0.0
B cell,Ctnnb1,-0.0007132292,0.03170824,0.03170824
B cell,Rnaset2a,0.030499458,0.03062594,0.00012648106
B cell,Samhd1,-0.12949336,-0.020701408,0.0
B cell,Cd37,-0.00533998,0.13522261,0.13522261
B cell,Cyfip2,-0.04048395,0.0396657,0.0396657
B cell,Fstl1,-0.082247496,-0.10121882,0.0
B cell,Spib,-0.0497905,0.05748874,0.05748874
B cell,Lum,0.008846223,0.030197144,0.02135092
B cell,Abca1,-0.072506785,-0.054867625,0.0
B cell,Fmod,-0.1195817,-0.102537274,0.0
B cell,Ptprc,0.019217968,0.058318853,0.039100885
B cell,App,0.021614313,0.043220103,0.02160579
B cell,Anxa2,-0.024135947,-0.018714428,0.0
B cell,Csf1r,-0.0091894865,0.030727565,0.030727565
B cell,Flna,0.014453232,0.014765799,0.00031256676
B cell,Rhoa,-0.005132556,0.0024535656,0.0024535656
B cell,Blnk,-0.019833207,0.03516388,0.03516388
B cell,Cnp,0.005269885,0.009166479,0.003896594
B cell,B4galnt1,0.0035285354,0.068556786,0.06502825
B cell,Sec61a1,-0.03207767,0.15458143,0.15458143
B cell,Cd22,0.011409104,0.102035284,0.09062618
B cell,Ndrg2,0.015633643,0.08100408,0.06537044
B cell,Lgals1,-0.058878064,-0.01122117,0.0
B cell,Jun,-0.024347305,-0.017598748,0.0
B cell,Ccl5,-0.04205358,-0.033026338,0.0
B cell,S100a10,-0.009498119,-0.011195898,0.0
B cell,Pax5,-0.025992036,0.12833971,0.12833971
B cell,Sell,-0.06830788,0.049870968,0.049870968
B cell,Cd81,-0.010790706,0.0325222,0.0325222
B cell,Tgm2,-0.11352277,-0.13497102,0.0
B cell,Atp1b2,-0.0104647875,0.026476502,0.026476502
B cell,Itgb1,0.0006657243,0.0002567172,-0.00040900707
B cell,Actr2,0.005429089,0.00899601,0.0035669208
B cell,Notch2,-0.020290494,0.051189184,0.051189184
B cell,Tardbp,0.011643112,0.029760659,0.018117547
B cell,Rbp1,0.020351052,0.038321495,0.017970443
B cell,Col18a1,-0.0120334625,-0.008182049,0.0
B cell,Foxp1,-0.008814812,0.059157073,0.059157073
B cell,Vwf,0.0047746897,0.0020363927,-0.002738297
B cell,Aldh1a2,0.028660715,0.059033692,0.030372977
B cell,Sfpq,0.017344832,0.034274936,0.016930103
B cell,Ckb,0.005026996,0.058868527,0.05384153
B cell,Plec,-0.0030910969,-0.004345417,0.0
B cell,Nedd4,0.015230119,0.025735736,0.010505617
B cell,Myo1c,0.010902405,0.016140401,0.0052379966
B cell,Sirpa,-0.045130968,0.0011846423,0.0011846423
B cell,Unc93b1,-0.0011677742,0.03445244,0.03445244
B cell,Gm2a,-0.00033330917,0.0024072528,0.0024072528
B cell,Nfatc1,-0.023736238,0.025161564,0.025161564
B cell,Bin1,0.023109853,0.037504554,0.0143947005
B cell,Maf,-0.19929028,0.0267936,0.0267936
B cell,Prkar1a,0.014970779,0.0050529838,-0.009917796
B cell,Fscn1,-0.007704735,0.004743278,0.004743278
B cell,Nfe2l1,-0.0050623417,0.004944861,0.004944861
B cell,Il10ra,-0.0047154427,0.015478432,0.015478432
B cell,Sptan1,-0.0070080757,-0.0062716007,0.0
B cell,Inpp5d,-0.0062197447,0.014547169,0.014547169
B cell,Sf1,-0.0015342236,0.009559035,0.009559035
B cell,Ifngr1,0.0030398965,0.0014204383,-0.0016194582
B cell,Stat1,-0.19080317,-0.09009063,0.0
B cell,Pdgfrb,-0.018981695,-0.00045466423,0.0
B cell,Atp2a2,-0.005542755,0.01377064,0.01377064
B cell,Ywhae,-0.0013053417,0.0055794716,0.0055794716
B cell,Slc1a3,0.011548102,0.0044730306,-0.0070750713
B cell,Sema4d,0.025856853,0.05120927,0.025352418
B cell,Plac8,-0.07020402,-0.06595695,0.0
B cell,Hspg2,-0.031970024,0.00442791,0.00442791
B cell,Ddit4,-0.08366251,-0.050259948,0.0
B cell,Snx5,0.0028634071,0.0013406873,-0.0015227199
B cell,Irf1,-0.18381095,-0.0996567,0.0
B cell,Elmo1,-0.0069413185,0.066298366,0.066298366
B cell,Iqgap1,0.023463905,0.02602458,0.0025606751
B cell,Cd68,-0.026154637,0.043983698,0.043983698
B cell,Pik3cd,0.012771666,0.031172931,0.018401265
B cell,Prkcd,0.001455903,0.00097197294,-0.0004839301
B cell,Sept11,-0.00076305866,-0.00028717518,0.0
B cell,Fn1,0.0061731935,-0.0067932606,-0.0061731935
B cell,Selplg,-0.01930952,-0.017166018,0.0
B cell,Pml,-0.012711763,0.039571524,0.039571524
B cell,Cd38,-0.0072050095,0.01281172,0.01281172
B cell,Tap1,-0.11205065,-0.01309526,0.0
B cell,Jak3,0.036702156,0.02377373,-0.012928426
B cell,Tgfbr3,-0.01479888,0.016353965,0.016353965
B cell,Rac1,-0.00071907043,0.0022667646,0.0022667646
B cell,Amfr,0.0018472075,-0.0049921274,-0.0018472075
B cell,Mknk2,0.014419556,0.04208249,0.027662933
B cell,Dnm2,-0.005914569,-0.0011898279,0.0
B cell,Lamb2,-0.025776982,0.019575179,0.019575179
B cell,Jak1,0.0027287602,0.022049904,0.019321144
B cell,Rpn1,-0.0066998005,0.088888645,0.088888645
B cell,Myo1e,0.018645585,0.049241066,0.030595481
B cell,Tnfrsf1b,-0.014918685,0.0037630796,0.0037630796
B cell,Itga4,-0.0026175976,0.0047885776,0.0047885776
B cell,Kpnb1,-0.0033842325,0.0025202632,0.0025202632
B cell,Chd4,-0.003572464,0.008037865,0.008037865
B cell,Atf4,-0.045223355,-0.008348942,0.0
B cell,Igf1,-0.044396162,-0.006900072,0.0
B cell,Evl,0.01722002,0.03920406,0.02198404
B cell,Trbc1,-0.0067869425,0.0052571893,0.0052571893
B cell,Kmt2d,-0.0055212975,0.012323737,0.012323737
B cell,Prpf8,-0.00067198277,0.0018952489,0.0018952489
B cell,Cltc,-0.0032132864,-0.0017927885,0.0
B cell,Ncf1,-0.014897466,-0.0102620125,0.0
B cell,Fbn1,-0.08692658,-0.092271686,0.0
B cell,Cd19,0.017230868,0.09185827,0.0746274
B cell,Hexa,-0.044702172,-0.0069803,0.0
B cell,Csde1,-0.002809167,0.012675166,0.012675166
B cell,Sdcbp,0.003968358,0.0137838125,0.0098154545
B cell,Il34,-0.02472949,-0.017587185,0.0
B cell,Fcgr3,-0.042752266,0.02492553,0.02492553
B cell,Spi1,-0.00047886372,-0.011490464,0.0
B cell,Mprip,-0.007131338,0.0028395653,0.0028395653
B cell,Cxcl16,0.012721896,0.026201665,0.013479769
B cell,Vav1,0.017312407,0.014173865,-0.0031385422
B cell,Chil3,-0.07929289,-0.036096096,0.0
B cell,Ywhaz,-0.0099362135,-0.0012848377,0.0
B cell,Nid1,-0.041054964,-0.032972217,0.0
B cell,Mllt6,-0.009569049,0.012680054,0.012680054
B cell,Dock8,0.0051873326,0.01797247,0.012785137
B cell,Ppt1,-0.0042146444,0.023340046,0.023340046
B cell,Mylk,-0.008318782,0.008146644,0.008146644
B cell,Aplp1,0.006526828,0.008709788,0.0021829605
B cell,Cd300lf,-0.079053044,-0.07673514,0.0
B cell,Rnh1,0.0022386909,0.00796628,0.005727589
B cell,Brd2,-3.182888e-05,0.0023823977,0.0023823977
B cell,Pik3cg,-0.009926081,0.064573586,0.064573586
B cell,Mdk,-0.0010724068,0.025056183,0.025056183
B cell,Cct5,0.013280809,0.037349343,0.024068534
B cell,Rab5c,-0.002998352,-0.0019729137,0.0
B cell,Moxd1,-0.010092497,0.007866681,0.007866681
B cell,Ppp1r16b,-0.010322332,0.016519845,0.016519845
B cell,Raf1,0.0066471696,0.010009408,0.0033622384
B cell,Itgal,-0.049872756,0.00092053413,0.00092053413
B cell,Picalm,-0.0026745796,-0.00015211105,0.0
B cell,Itgb7,0.0016002059,0.03569013,0.034089923
B cell,Map4k4,-0.0042784214,-0.00019609928,0.0
B cell,Dync1h1,-0.0042328835,-0.004170656,0.0
B cell,Ccnd3,-0.004037738,-0.0033260584,0.0
B cell,Tlr9,0.0065997243,0.031748474,0.02514875
B cell,Itgam,-0.004898429,-0.0072826147,0.0
B cell,Polr2a,-0.0027076006,0.010432541,0.010432541
B cell,Cybb,-0.0041730404,-0.001363039,0.0
B cell,Capn2,0.0018084049,0.006954372,0.005145967
B cell,Traf3ip3,0.007836759,0.058792412,0.050955653
B cell,Marcks,-0.009757996,0.0006843209,0.0006843209
B cell,Pkm,-0.014589429,-0.014125943,0.0
B cell,Plpp3,-0.006852746,0.004134357,0.004134357
B cell,Cd83,0.027547002,0.025532901,-0.0020141006
B cell,Dbnl,0.02438885,0.0196836,-0.0047052503
B cell,Hnrnpm,0.007925928,0.01895541,0.011029482
B cell,Axl,-0.07266128,-0.017941356,0.0
B cell,Epas1,-0.5927279,0.0058716536,0.0058716536
B cell,Mafb,-0.040044546,0.01603067,0.01603067
B cell,Itgb2,-0.016192913,0.001126647,0.001126647
B cell,Lamc1,0.0112167,0.013253748,0.0020370483
B cell,Mef2d,0.014523447,0.019955575,0.005432129
B cell,Cd55,-0.00085520744,0.050607264,0.050607264
B cell,Hist2h2bb,-0.009315848,-0.008674383,0.0
B cell,Thrap3,0.006391585,0.006203592,-0.00018799305
B cell,Atp5o,-0.00054705143,0.061814368,0.061814368
B cell,Cct8,0.007336855,-0.0012863874,-0.007336855
B cell,Spon1,-0.021177411,-0.031484008,0.0
B cell,Bmp1,-0.03565657,-0.02565229,0.0
B cell,Mmp14,-0.021607518,0.02187711,0.02187711
B cell,Rtn4,-0.004196763,0.0081986785,0.0081986785
B cell,Srsf1,0.014042616,0.006248057,-0.007794559
B cell,Stat3,-0.00823617,0.0053800344,0.0053800344
B cell,Elavl1,0.010404825,0.009877384,-0.0005274415
B cell,Aif1,-0.0063238144,0.008793414,0.008793414
B cell,H2-DMa,0.019523501,0.029951692,0.01042819
B cell,Col4a1,-0.029744983,-0.022176385,0.0
B cell,Plxnb2,-0.025580764,0.0057967305,0.0057967305
B cell,Srebf2,-0.0013629198,0.0032677054,0.0032677054
B cell,Srrm1,-0.0005583763,0.00305897,0.00305897
B cell,Cd24a,-0.055873156,-0.0040802956,0.0
B cell,Fam49b,0.011654079,0.009394109,-0.0022599697
B cell,Irf8,0.026820302,0.024640858,-0.0021794438
B cell,Clic4,0.008734584,0.011899352,0.0031647682
B cell,Arap1,-0.00789237,0.014823973,0.014823973
B cell,Il2rg,-0.0117970705,0.012642801,0.012642801
B cell,Kif21b,0.004135251,0.053907692,0.04977244
B cell,Marcksl1,0.0028731823,-0.008638144,-0.0028731823
B cell,Tsc22d3,-0.07876718,-0.030304074,0.0
B cell,Cd14,-0.019532919,-0.022409558,0.0
B cell,Ldb1,-0.00048148632,0.020802796,0.020802796
B cell,Plcg2,0.03306794,0.037981153,0.004913211
B cell,Pten,-0.0023268461,0.0069714785,0.0069714785
B cell,Birc3,-0.010640025,0.047212303,0.047212303
B cell,Rtn3,-0.010998011,-0.00060868263,0.0
B cell,Pak2,0.011551678,0.013664782,0.0021131039
B cell,Rnf10,0.0053934455,0.020406008,0.015012562
B cell,Serpine2,-0.026666999,0.035435796,0.035435796
B cell,Mta2,0.0002452135,0.0065563917,0.006311178
B cell,Jpt1,-0.0045808554,-0.0014846325,0.0
B cell,Nfkb1,0.02426213,0.030065358,0.0058032274
B cell,Ccnd2,-0.08492148,0.05953771,0.05953771
B cell,Hnrnph1,0.0017484426,0.008298039,0.006549597
B cell,Timp1,-0.16602206,-0.18138313,0.0
B cell,Icosl,-0.010487556,0.06497425,0.06497425
B cell,Sqstm1,-0.0039020777,0.0014774203,0.0014774203
B cell,Col6a2,0.009472907,0.013531029,0.0040581226
B cell,Canx,-0.005375266,0.006414771,0.006414771
B cell,Hif1a,-0.00014948845,-0.010579348,0.0
B cell,Ptpn1,-0.03135991,-0.027416945,0.0
B cell,Ptk2b,0.0055105686,0.018616617,0.013106048
B cell,Kmt2e,0.012503505,0.024517,0.012013495
B cell,Mbd2,0.0025065541,0.0007497072,-0.0017568469
B cell,Pdcd4,-0.016230226,0.011001408,0.011001408
B cell,Hip1r,-0.01713407,0.026803076,0.026803076
B cell,Vstm4,0.007941246,0.011125088,0.0031838417
B cell,Sdc1,-0.086390495,0.12870902,0.12870902
B cell,Socs3,-0.14400351,-0.12281239,0.0
B cell,Pkn1,-0.002090335,0.009626329,0.009626329
B cell,Ccn2,-0.0127824545,-0.0027941465,0.0
B cell,Tsc22d4,-0.003860116,0.0012067556,0.0012067556
B cell,Tgfbr2,-0.0016283989,0.016827464,0.016827464
B cell,Cdc37,-0.0018244982,-0.0029292107,0.0
B cell,Agpat3,0.00361979,-0.0014672279,-0.00361979
B cell,Lyn,0.01374191,0.017054379,0.0033124685
B cell,Sh3bp1,0.010288596,0.0026457906,-0.0076428056
B cell,Il4ra,-0.022086143,0.003749311,0.003749311
B cell,Mdm4,4.1127205e-05,0.014100075,0.014058948
B cell,Cd53,0.02770859,0.022273839,-0.0054347515
B cell,Trim28,0.00044333935,0.00025993586,-0.00018340349
B cell,Fli1,-0.0040872097,0.014140308,0.014140308
B cell,Cbx3,0.0013526678,-0.0028473139,-0.0013526678
B cell,Prrc2b,-0.0033191442,-0.0028887987,0.0
B cell,S1pr1,0.00788331,0.06321961,0.055336297
B cell,Ppp2r5c,-0.0013291836,0.00017523766,0.00017523766
B cell,Lcp2,0.0004529357,-9.202957e-05,-0.0004529357
B cell,Etnk1,-0.02017665,0.01059711,0.01059711
B cell,Lima1,0.0015943646,0.0055805445,0.00398618
B cell,Trp53,0.0055297613,0.005973518,0.00044375658
B cell,Ccr6,0.02832061,0.02350837,-0.0048122406
B cell,Lrrk2,-0.016821384,0.058522463,0.058522463
B cell,Acly,-0.00038266182,-0.00084483624,0.0
B cell,Ptpa,-0.0016573668,0.004692197,0.004692197
B cell,Eif4g3,0.005157411,0.0093563795,0.0041989684
B cell,Ehmt2,0.0074585676,0.00496459,-0.0024939775
B cell,Rara,-0.0025521517,0.0077784657,0.0077784657
B cell,Frmd4a,0.020066679,0.012574196,-0.0074924827
B cell,Arg1,-0.11023283,-0.111748815,0.0
B cell,Cs,-0.006747842,-0.0014742613,0.0
B cell,Map1b,0.005298555,0.02105856,0.015760005
B cell,Ctdsp1,0.0048392415,0.0012711883,-0.0035680532
B cell,Ncor1,0.002944529,0.009254396,0.006309867
B cell,Man2b2,-0.0046465397,0.0025689602,0.0025689602
B cell,Lamtor4,-0.0007485151,0.0019249916,0.0019249916
B cell,Furin,-0.0051585436,-0.0034338236,0.0
B cell,Zeb2,0.0029056072,0.004915476,0.0020098686
B cell,A2m,-0.009901643,0.02214557,0.02214557
B cell,Dnajc7,-0.0041280985,0.008123219,0.008123219
B cell,Cr2,-0.00786531,-0.0058469772,0.0
B cell,Map4,-0.0019327402,0.009504616,0.009504616
B cell,Nfkb2,0.01039654,0.013323188,0.0029266477
B cell,Kmt2a,0.0027396083,0.034588575,0.031848967
B cell,Khdrbs1,-0.00061023235,0.0017226934,0.0017226934
B cell,Ncoa3,0.014042854,0.0069403052,-0.007102549
B cell,Ddx6,-0.0021896362,0.0032083392,0.0032083392
B cell,Fermt3,0.01016891,0.0045908093,-0.0055781007
B cell,Atf5,-0.0013507605,0.023990035,0.023990035
B cell,Ptbp1,-0.009618163,-0.005720854,0.0
B cell,Pon3,-0.08196819,0.121818185,0.121818185
B cell,Aldoc,0.0048210025,0.031306326,0.026485324
B cell,Cryab,0.013736188,0.04947871,0.03574252
B cell,Csnk1d,-0.0002965927,0.0015385151,0.0015385151
B cell,Dpysl2,-0.002531767,0.0025072694,0.0025072694
B cell,Cpsf6,0.005325377,0.024657547,0.01933217
B cell,Cyld,0.0026437044,0.014439583,0.011795878
B cell,Sdha,-0.004645705,-0.0007328987,0.0
B cell,Sdhb,-0.0018502474,-0.0011178255,0.0
B cell,Rhog,0.016869068,0.0009810925,-0.015887976
B cell,Tent5c,-0.06903446,0.19312441,0.19312441
B cell,Ywhag,-0.001110673,0.0033802986,0.0033802986
B cell,Ero1lb,-0.06841326,0.016315043,0.016315043
B cell,Ap2b1,0.0019235611,0.0013942719,-0.00052928925
B cell,Gnb1,0.0037093759,0.0031886697,-0.0005207062
B cell,Lgals9,-0.0032037497,0.0037139654,0.0037139654
B cell,Arid1a,0.0029219985,0.014221489,0.011299491
B cell,H2-DMb2,-0.012443185,0.05692774,0.05692774
B cell,Ccl8,0.024046838,0.020973504,-0.0030733347
B cell,Pink1,0.0050141215,0.009287834,0.0042737126
B cell,Car2,0.0016231537,-0.002470374,-0.0016231537
B cell,Gpi1,0.0023052692,0.0007991791,-0.0015060902
B cell,Bach2,-0.024365067,0.042633772,0.042633772
B cell,Saraf,-0.00024998188,0.039188266,0.039188266
B cell,Anxa6,0.005468726,0.0032302141,-0.002238512
B cell,Itsn2,0.012359738,0.033185303,0.020825565
B cell,Pfkp,-0.0036678314,0.0011661649,0.0011661649
B cell,Kif1c,3.3915043e-05,0.0020022988,0.0019683838
B cell,Mbnl1,0.000787735,0.0010614991,0.00027376413
B cell,Gsk3a,-0.0013773441,-0.0025211573,0.0
B cell,Map2k1,0.003983557,0.0012865663,-0.002696991
B cell,Eln,-0.0069043636,-0.013587713,0.0
B cell,Lyst,-0.02764237,0.0094233155,0.0094233155
B cell,Sh3bp5,-0.012656689,0.03167659,0.03167659
B cell,Baz1b,-0.0011161566,-0.005077243,0.0
B cell,Cic,0.00060486794,0.003145337,0.0025404692
B cell,Ogt,-0.0020109415,0.0038083196,0.0038083196
B cell,F13a1,0.008561134,-0.012926817,-0.008561134
B cell,Eps15,-0.00096428394,0.0013911724,0.0013911724
B cell,Ppp2ca,-0.0015459061,0.0029910207,0.0029910207
B cell,Tnfrsf1a,-0.0027877092,0.0031587481,0.0031587481
B cell,Dst,-0.001814723,0.0015588403,0.0015588403
B cell,Otud5,0.008185923,0.014312029,0.006126106
B cell,Ikzf1,-0.006693244,0.011677921,0.011677921
B cell,Atp6v1a,0.0013234019,0.0037890673,0.0024656653
B cell,Tnfaip3,-0.009824395,0.005792439,0.005792439
B cell,H2afy,0.015683472,0.013023078,-0.0026603937
B cell,Eif4a3,0.002558589,0.0025631785,4.5895576e-06
B cell,Caprin1,0.00028061867,-0.005470991,-0.00028061867
B cell,Setd1b,-0.0062401295,-0.0008239746,0.0
B cell,Bcl6,-0.00010871887,-0.0007915497,0.0
B cell,Svil,0.0077833533,0.0024352074,-0.005348146
B cell,Cmip,0.0014857054,-0.0020143986,-0.0014857054
B cell,Eif4g1,0.00811553,0.007603407,-0.0005121231
B cell,Adipor1,0.00062966347,0.0030612946,0.002431631
B cell,Limd1,0.0054541826,0.0129265785,0.007472396
B cell,Adgre1,-0.019740462,-0.00055372715,0.0
B cell,Abca3,-0.0009560585,0.00019079447,0.00019079447
B cell,Supt5,-0.0029187202,-0.0008032322,0.0
B cell,Bcl11a,0.005052924,0.032957137,0.027904212
B cell,Gjb2,-0.01002562,0.0077525973,0.0077525973
B cell,Rad23b,-0.00076937675,0.015553772,0.015553772
B cell,Meg3,-0.014397979,-0.004287958,0.0
B cell,Mast3,-0.0019440651,0.011329412,0.011329412
B cell,Kif5b,-0.0029364824,0.0032233,0.0032233
B cell,Parp1,0.005066812,0.011942863,0.0068760514
B cell,Lat,-0.011393666,0.0016933084,0.0016933084
B cell,Adgre5,-0.006282687,0.0029538274,0.0029538274
B cell,Cmtm6,0.0010116696,0.0037975907,0.002785921
B cell,Kmt2b,-0.0018268824,0.013741493,0.013741493
B cell,Mboat7,-0.0015679598,0.00013494492,0.00013494492
B cell,Atxn10,-0.0013976097,-0.0007234812,0.0
B cell,Ppp2r1a,0.002933383,-0.0022771358,-0.002933383
B cell,Calu,-0.009217262,0.0119024515,0.0119024515
B cell,Pdgfra,-0.0058014393,-0.012506843,0.0
B cell,Ggnbp2,0.0056793094,0.0071115494,0.00143224
B cell,Ikbkb,-0.0019079447,0.018608212,0.018608212
B cell,Cd84,-0.0018337965,-0.0026643276,0.0
B cell,Hspd1,0.010547757,-0.01422894,-0.010547757
B cell,Anapc5,-0.0037927628,-0.0030640364,0.0
B cell,Fkbp5,-0.031090021,-0.037644386,0.0
B cell,Bax,-0.0020056963,-0.0030251741,0.0
B cell,Mbd3,-0.0107584,0.00039362907,0.00039362907
B cell,Sorbs1,0.0010860562,0.043427765,0.04234171
B cell,Sgk1,0.0044962764,0.004558444,6.2167645e-05
B cell,Smap2,0.010789335,0.018299282,0.007509947
B cell,Cdk9,0.002120316,0.0058208704,0.0037005544
B cell,Smarcc2,-0.005813837,-0.0058994293,0.0
B cell,Clk1,-0.0005567074,0.023634195,0.023634195
B cell,Il6st,0.0070836544,0.0035705566,-0.0035130978
B cell,Pgk1,-0.0074629784,-0.0010697842,0.0
B cell,Scarb2,0.006198406,0.01239574,0.0061973333
B cell,Dpysl3,-0.0072118044,-0.0051773787,0.0
B cell,Foxp4,0.005113125,0.00013387203,-0.004979253
B cell,Tcf3,0.0009766221,0.0016503334,0.0006737113
B cell,Emc10,-0.00304842,-0.0059119463,0.0
B cell,Sec24c,0.005848825,0.013759911,0.007911086
B cell,Adam10,-0.000860095,0.00026637316,0.00026637316
B cell,Lamp2,-0.009773612,0.016448379,0.016448379
B cell,Cx3cr1,-0.0025349855,0.02481544,0.02481544
B cell,Tmem173,-0.008304715,-0.006853342,0.0
B cell,Cyfip1,-4.029274e-05,-0.00114429,0.0
B cell,Egln2,0.009382427,0.0022740364,-0.0071083903
B cell,Gbp7,-0.12135625,-0.0678699,0.0
B cell,Crlf2,0.008284986,0.004607618,-0.0036773682
B cell,Ctsl,0.009271264,0.018796384,0.00952512
B cell,Rbbp4,0.012904048,0.0109811425,-0.0019229054
B cell,Smarca4,0.00010985136,0.0056198835,0.005510032
B cell,Rnase4,-0.0002721548,0.037350535,0.037350535
B cell,Erbin,-0.0008943081,-0.00319314,0.0
B cell,C3ar1,0.00076776743,0.02938348,0.028615713
B cell,Huwe1,0.0066992044,0.0076113343,0.0009121299
B cell,Grb2,0.014044404,0.012745321,-0.0012990832
B cell,Ncf4,-0.0035380125,0.004036486,0.004036486
B cell,Relb,-0.0017466545,0.0006773472,0.0006773472
B cell,Nr2f2,-0.0039969683,0.0045642853,0.0045642853
B cell,Zc3h11a,-0.0051356554,-0.0037964582,0.0
B cell,Akr1b3,-0.0022597313,0.0042278767,0.0042278767
B cell,Gng11,0.0049364567,0.030195713,0.025259256
B cell,Fyn,-0.0011218786,-0.0010271072,0.0
B cell,Irf5,0.0023319721,0.0053785443,0.0030465722
B cell,Dgcr2,-0.0016676188,-0.0016064644,0.0
B cell,Pbrm1,-0.009857774,-0.0010441542,0.0
B cell,Trpv2,0.003593266,0.008911788,0.0053185225
B cell,Arrb2,-0.003786683,0.005134344,0.005134344
B cell,Cyb5r3,-0.00047659874,0.015109956,0.015109956
B cell,Il7r,-0.008868337,-0.0017516613,0.0
B cell,Tnfrsf13b,-0.03209734,-0.0070158243,0.0
B cell,Cers2,-0.0045700073,0.010252476,0.010252476
B cell,Cd180,0.008418679,0.023862004,0.015443325
B cell,Cxcr2,-0.07493973,-0.06828356,0.0
B cell,Plekha2,0.006614566,0.024069667,0.017455101
B cell,Inpp4b,-0.0004608631,0.0011417866,0.0011417866
B cell,Stk4,-0.0043432713,-0.0026654005,0.0
B cell,Lrrk1,-0.0014244318,-0.001085639,0.0
B cell,Irf3,0.008774817,0.009703279,0.00092846155
B cell,Thbs1,0.0067590475,-0.008972049,-0.0067590475
B cell,Tln1,-0.0017881393,0.0030091405,0.0030091405
B cell,Atp6v1b2,0.0015393496,0.0040234923,0.0024841428
B cell,Dctn2,-0.00067973137,-0.0013921261,0.0
B cell,Eif2ak3,-0.025902152,-0.016558647,0.0
B cell,Ash1l,0.005448699,0.013010621,0.007561922
B cell,Cbx7,-0.010122061,0.003719449,0.003719449
B cell,Cdkn1b,0.0027033687,0.010791421,0.008088052
B cell,Spop,0.0010086894,0.002278626,0.0012699366
B cell,Nsf,-0.0033361912,0.010741591,0.010741591
B cell,Cdh5,-0.00045716763,0.002028644,0.002028644
B cell,Dctn1,-0.0014672279,-0.001965046,0.0
B cell,Pik3r1,-0.00072193146,-0.0003669262,0.0
B cell,Tnfrsf14,0.0010654926,0.0024318695,0.0013663769
B cell,Icam1,0.008035004,-0.002008915,-0.008035004
B cell,Selenof,-0.0109725,0.017070234,0.017070234
B cell,Pip5k1c,0.0023905039,-0.0021574497,-0.0023905039
B cell,Irs2,-0.028611064,0.031616032,0.031616032
B cell,Klc1,-0.0019359589,0.0012022853,0.0012022853
B cell,Atp6v0a1,-0.00042295456,-0.005196452,0.0
B cell,Wnt6,0.0065327883,0.007264316,0.0007315278
B cell,Nfat5,0.004419327,0.020346165,0.015926838
B cell,Cct3,0.008152425,-0.0020780563,-0.008152425
B cell,Adar,0.002960205,0.007646799,0.004686594
Ependymal cell,Gfap,-0.3635527,-0.12121916,0.0
Ependymal cell,Mt2,-0.12955225,-0.051318884,0.0
Ependymal cell,Serpina3n,-0.53285813,-0.38128126,0.0
Ependymal cell,Mbp,0.15543234,0.32273084,0.1672985
Ependymal cell,Pltp,-0.14966118,-0.050866485,0.0
Ependymal cell,H2-D1,-0.42894375,-0.4596492,0.0
Ependymal cell,H2-K1,-0.40853584,-0.41782534,0.0
Ependymal cell,Atp1b2,-0.2482022,-0.13705409,0.0
Ependymal cell,C3,-0.15100849,-0.03215897,0.0
Ependymal cell,Aldoc,-0.21841192,-0.09036946,0.0
Ependymal cell,Syne1,-0.0002475977,0.11850679,0.11850679
Ependymal cell,Ckb,-0.010918856,0.023422956,0.023422956
Ependymal cell,Meg3,-0.035539627,0.009072065,0.009072065
Ependymal cell,Ndrg2,-0.07459867,0.037388265,0.037388265
Ependymal cell,Sptan1,-0.0058293343,0.047679365,0.047679365
Ependymal cell,Foxj1,0.07173842,0.13612467,0.06438625
Ependymal cell,Serping1,-0.48667073,-0.41849566,0.0
Ependymal cell,Dner,-0.06919265,0.063263714,0.063263714
Ependymal cell,Atp2a2,0.04184878,0.07481891,0.03297013
Ependymal cell,Aldoa,0.0745188,0.07283622,-0.0016825795
Ependymal cell,Gja1,-0.04144323,-0.026819825,0.0
Ependymal cell,Mlc1,-0.018001437,0.012292206,0.012292206
Ependymal cell,B2m,-0.14342344,-0.12840569,0.0
Ependymal cell,Aplp1,0.053210795,0.10795891,0.054748118
Ependymal cell,Ctss,-0.082442045,0.0024965405,0.0024965405
Ependymal cell,Sox9,0.059305847,0.074142635,0.014836788
Ependymal cell,Hsph1,-0.052771688,-0.028537273,0.0
Ependymal cell,Cd74,-0.10404098,-0.06841791,0.0
Ependymal cell,Sorbs1,-0.043925643,-0.049864173,0.0
Ependymal cell,Anxa2,-0.053159952,0.008074641,0.008074641
Ependymal cell,Cd81,-0.014995813,-0.006616831,0.0
Ependymal cell,Itpkb,0.046349168,0.07828027,0.031931102
Ependymal cell,Ctnnb1,0.014280319,0.07646942,0.062189102
Ependymal cell,Ntrk2,-0.019529581,-0.030431986,0.0
Ependymal cell,Kcnj10,-0.050185084,-0.040432453,0.0
Ependymal cell,Hspa1b,-0.32307398,-0.39141178,0.0
Ependymal cell,Gnai2,-0.004699588,0.01511246,0.01511246
Ependymal cell,Cd24a,-0.12025571,-0.040731072,0.0
Ependymal cell,Fat1,0.026466846,0.05887109,0.032404244
Ependymal cell,Map1b,-0.0011060238,0.004601598,0.004601598
Ependymal cell,Adamts20,0.0141426325,0.13374907,0.119606435
Ependymal cell,Gpr37l1,-0.022170424,-0.003873825,0.0
Ependymal cell,Ddr1,0.058359325,0.07717919,0.018819869
Ependymal cell,Plec,-0.019153714,0.087233424,0.087233424
Ependymal cell,Amfr,0.011520505,0.08740544,0.07588494
Ependymal cell,Pdia3,-0.07975972,0.019040942,0.019040942
Ependymal cell,Ttyh1,-0.006290674,0.047962844,0.047962844
Ependymal cell,Neat1,-0.116748214,-0.051239014,0.0
Ependymal cell,Rsph1,-0.015539885,0.07858837,0.07858837
Ependymal cell,Hnrnpa1,-0.0022236109,0.00056678057,0.00056678057
Ependymal cell,Cnp,-0.0036594868,0.0012853146,0.0012853146
Ependymal cell,Dst,0.014752805,0.020691574,0.0059387684
Ependymal cell,Crocc,-0.098133564,0.008497298,0.008497298
Ependymal cell,Rab7,0.0022796988,-0.0010299683,-0.0022796988
Ependymal cell,Dbp,-0.16487372,-0.09343755,0.0
Ependymal cell,Plxnb2,0.04286474,0.077311635,0.034446895
Ependymal cell,Prelp,-0.004903674,0.04383695,0.04383695
Ependymal cell,Serpine2,-0.023096323,-0.012832522,0.0
Ependymal cell,Rnase4,0.07491988,0.11267388,0.037754
Ependymal cell,C4b,-0.21943021,-0.106874585,0.0
Ependymal cell,Lrp1,0.00050359964,0.0461424,0.0456388
Ependymal cell,Pink1,-0.080656886,0.0035458803,0.0035458803
Ependymal cell,Rsrp1,-0.01121068,0.06317234,0.06317234
Ependymal cell,Map2,-0.016613722,0.020002723,0.020002723
Ependymal cell,Cd9,-0.08543563,-0.038807034,0.0
Ependymal cell,Slc1a3,-0.0084548,-0.010564446,0.0
Ependymal cell,Lamb2,0.018960476,0.06316298,0.044202507
Ependymal cell,Jun,-0.018891811,0.0076729655,0.0076729655
Ependymal cell,Ntsr2,0.009534657,0.050526857,0.0409922
Ependymal cell,Igsf11,0.04458314,0.06049031,0.015907168
Ependymal cell,Sorl1,-0.035459995,-0.012171984,0.0
Ependymal cell,Uchl1,-0.08408332,-0.01263082,0.0
Ependymal cell,Lamp1,-0.006497979,0.0047613382,0.0047613382
Ependymal cell,Pdlim4,-0.061341643,-0.03333521,0.0
Ependymal cell,Rbp1,-0.20477223,-0.12199092,0.0
Ependymal cell,Gbp2,-0.24252582,-0.1553148,0.0
Ependymal cell,Cfap44,0.031876206,0.09832293,0.06644672
Ependymal cell,Ywhae,3.504753e-05,0.025847375,0.025812328
Ependymal cell,Nedd4,0.022855878,0.03038764,0.007531762
Ependymal cell,Ank,0.0024994016,-0.0023485422,-0.0024994016
Ependymal cell,Selenop,0.027936637,0.066719055,0.038782418
Ependymal cell,Slc14a1,-0.0022109747,-0.0072466135,0.0
Ependymal cell,Nfix,0.022294283,0.025896847,0.0036025643
Ependymal cell,Slc2a1,-0.029561043,-0.015046716,0.0
Ependymal cell,Id4,-0.035478234,-0.02047956,0.0
Ependymal cell,Agpat4,0.025665164,0.03880596,0.013140798
Ependymal cell,Celsr1,0.010106802,0.059877694,0.04977089
Ependymal cell,Gprc5b,-0.05355084,-0.057667494,0.0
Ependymal cell,Nr2f1,0.051959455,0.03753209,-0.014427364
Ependymal cell,Baiap2,-0.058252454,0.044795275,0.044795275
Ependymal cell,Prkar1a,-0.007664323,0.00012075901,0.00012075901
Ependymal cell,Myo7a,0.031639993,0.050778866,0.019138873
Ependymal cell,Ptprn2,0.021938086,0.016449034,-0.0054890513
Ependymal cell,Dpysl2,0.00031518936,0.008956671,0.008641481
Ependymal cell,Idh2,0.03074056,0.054801404,0.024060845
Ependymal cell,Slc6a11,-0.017154336,-0.012674689,0.0
Ependymal cell,Ldhb,-0.031942606,0.005232811,0.005232811
Ependymal cell,Pgk1,0.023524165,0.01424557,-0.009278595
Ependymal cell,Bmp1,-0.0032571554,0.024245799,0.024245799
Ependymal cell,S100a10,-0.12235379,-0.098649144,0.0
Ependymal cell,Kif1b,-0.061931014,-0.0020389557,0.0
Ependymal cell,Bex3,0.015048981,0.024775445,0.009726465
Ependymal cell,Apod,0.055618167,0.053865135,-0.0017530322
Ependymal cell,Ndn,-0.0004067421,0.0055553913,0.0055553913
Ependymal cell,Mapk8ip1,-0.0126104355,-0.0020700693,0.0
Ependymal cell,Rac1,-0.0050899982,-0.004646778,0.0
Ependymal cell,Nr4a3,0.009664118,0.049413025,0.039748907
Ependymal cell,Srebf1,0.012698472,0.01792723,0.005228758
Ependymal cell,App,-0.0029076338,0.00057566166,0.00057566166
Ependymal cell,Cyb5r3,-0.071131825,-0.041037917,0.0
Ependymal cell,Clcn4,-0.055314183,-0.026055336,0.0
Ependymal cell,A2m,-0.01603806,0.04365182,0.04365182
Ependymal cell,Nfe2l1,-0.0024122,0.0037941337,0.0037941337
Ependymal cell,H2-T23,-0.105410695,-0.11857307,0.0
Ependymal cell,Crb2,-0.01787746,0.035680115,0.035680115
Ependymal cell,Efnb3,-0.025933504,-0.01253891,0.0
Ependymal cell,Gpc4,0.006665528,0.038348258,0.03168273
Ependymal cell,Hexb,-0.016656041,0.005379379,0.005379379
Ependymal cell,Drc7,0.021040916,0.021129608,8.869171e-05
Ependymal cell,Rb1,0.022154272,0.019744039,-0.002410233
Ependymal cell,Atp5o,-0.0018610954,0.0073294044,0.0073294044
Ependymal cell,Gabbr1,-0.010874987,0.012495875,0.012495875
Ependymal cell,Sf1,-0.0028823614,0.0064274073,0.0064274073
Ependymal cell,Rhoa,0.004632175,0.0078009963,0.0031688213
Ependymal cell,Tmem176a,-0.24496174,-0.16843069,0.0
Ependymal cell,Pkm,-0.0015374422,0.0057882667,0.0057882667
Ependymal cell,Plpp3,0.0012487173,-0.0012100935,-0.0012487173
Ependymal cell,Sqstm1,0.0021899939,-0.005200982,-0.0021899939
Ependymal cell,Sod1,0.0039929748,0.016938567,0.012945592
Ependymal cell,Sfpq,-0.030522704,-0.00077426434,0.0
Ependymal cell,Hist1h2bc,-0.004493952,0.021788716,0.021788716
Ependymal cell,Gtf2i,0.009834111,0.0036289096,-0.006205201
Ependymal cell,Ncam1,-0.024161577,-0.015683532,0.0
Ependymal cell,Rnh1,0.012332201,0.02221948,0.009887278
Ependymal cell,P4hb,-0.002617836,0.011513472,0.011513472
Ependymal cell,Tgfbr3,0.011866391,0.028392136,0.016525745
Ependymal cell,Mprip,0.0009355545,0.0040494204,0.0031138659
Ependymal cell,Map4,-0.0010790825,0.017095923,0.017095923
Ependymal cell,Cct8,0.006568432,0.010114491,0.0035460591
Ependymal cell,Hspa5,-0.08576918,-0.045302987,0.0
Ependymal cell,Flna,0.023782432,0.018804073,-0.0049783587
Ependymal cell,Ywhaz,-0.0012710094,-0.0028710365,0.0
Ependymal cell,Prpf8,0.010672331,0.041234136,0.030561805
Ependymal cell,Lmo4,0.012698829,0.0037478805,-0.008950949
Ependymal cell,Tardbp,0.00471586,0.009597659,0.004881799
Ependymal cell,Aqp4,0.007036984,0.04336226,0.036325276
Ependymal cell,Cxcr4,-0.0036334991,0.02210629,0.02210629
Ependymal cell,Saraf,-0.014973283,-0.0078110695,0.0
Ependymal cell,Ednrb,-0.03740716,-0.00085937977,0.0
Ependymal cell,Sdha,-0.010896683,-0.0027329922,0.0
Ependymal cell,Padi2,0.01335156,0.0064311624,-0.0069203973
Ependymal cell,Rcn2,-0.073515296,-0.03844905,0.0
Ependymal cell,Car2,0.018907726,0.035838783,0.016931057
Ependymal cell,Cct5,-0.0016493797,0.023010492,0.023010492
Ependymal cell,Rtn3,0.0014676452,0.00091838837,-0.0005492568
Ependymal cell,Fgfr3,-0.010941148,-0.0025547743,0.0
Ependymal cell,Msn,-0.101190805,-0.059298158,0.0
Ependymal cell,Dnah5,0.031805515,0.055953324,0.024147809
Ependymal cell,Thra,-0.008430123,-0.011675596,0.0
Ependymal cell,Cfap299,0.010385931,0.0726158,0.06222987
Ependymal cell,Ppt1,-0.010732532,-0.0041228533,0.0
Ependymal cell,Rnaset2a,-0.017228007,-0.0037999153,0.0
Ependymal cell,Odc1,0.009568155,0.028430581,0.018862426
Ependymal cell,Celsr2,-0.03325212,0.0055403113,0.0055403113
Ependymal cell,Capn2,-0.0021477938,0.020917118,0.020917118
Ependymal cell,Lrp2,-0.018488646,0.006561756,0.006561756
Ependymal cell,Hoxb8,0.009822369,-0.0036299229,-0.009822369
Ependymal cell,Rnf10,0.016638815,0.013415396,-0.0032234192
Ependymal cell,Snap25,-0.05503261,0.013836563,0.013836563
Ependymal cell,Agpat3,-0.006339669,-0.0031855106,0.0
Ependymal cell,Cbx3,-0.009607911,0.0006133318,0.0006133318
Ependymal cell,Lama5,-0.005609989,0.029278338,0.029278338
Ependymal cell,Atxn10,-0.0052570105,-0.004114747,0.0
Ependymal cell,Igsf9b,0.010551453,0.06685865,0.056307197
Ependymal cell,Ppp2r1a,0.01207757,0.0021210313,-0.009956539
Ependymal cell,Gnao1,-0.012475133,-0.0013020039,0.0
Ependymal cell,Scarb2,-0.0069549084,-0.013564229,0.0
Ependymal cell,Hspd1,-0.064961076,-0.031258106,0.0
Ependymal cell,Srebf2,-0.009393811,-0.00015568733,0.0
Ependymal cell,Ttll6,0.008905649,0.09095466,0.08204901
Ependymal cell,Kpnb1,-0.0045593977,0.0016347766,0.0016347766
Ependymal cell,Usp2,0.005440116,0.0011361837,-0.004303932
Ependymal cell,Ap3m2,0.0117173195,0.015796185,0.004078865
Ependymal cell,Pygb,-0.031210661,-0.033857226,0.0
Ependymal cell,Glis3,0.019202054,0.027831614,0.0086295605
Ependymal cell,Sulf2,-0.0062385798,0.03281325,0.03281325
Ependymal cell,Ezr,0.011941791,0.020520449,0.008578658
Ependymal cell,Rpn1,0.022751749,0.02761203,0.004860282
Ependymal cell,Txnip,-0.06474078,-0.020880222,0.0
Ependymal cell,Shroom3,0.032527745,0.039777756,0.007250011
Ependymal cell,Mcl1,-0.004324436,-0.0025231838,0.0
Ependymal cell,Frmd4a,0.03572166,0.013318062,-0.022403598
Ependymal cell,Park7,0.0065481663,0.014393508,0.007845342
Ependymal cell,Gm2a,-0.022789717,-0.007980585,0.0
Ependymal cell,Rnf14,-0.013434887,-0.00097334385,0.0
Ependymal cell,Map4k4,0.022007465,0.02310282,0.0010953546
Ependymal cell,Ttll3,-0.0033910275,0.054707706,0.054707706
Ependymal cell,Ppp2ca,0.005261481,0.0050816536,-0.00017982721
Ependymal cell,Impact,-0.016022682,-0.015189648,0.0
Ependymal cell,Spag9,-0.0005797148,0.0036439896,0.0036439896
Ependymal cell,Qdpr,-0.00998342,0.009550273,0.009550273
Ependymal cell,Itsn1,-0.002983451,-0.0013155937,0.0
Ependymal cell,Srsf1,-0.0026545525,0.0037801266,0.0037801266
Ependymal cell,Stxbp1,-0.011207938,0.033631086,0.033631086
Ependymal cell,Mapt,-0.00032651424,0.030234694,0.030234694
Ependymal cell,Sema6d,-0.009860873,-0.02980864,0.0
Ependymal cell,Irgm2,-0.28579533,-0.24137568,0.0
Ependymal cell,Raf1,0.026102483,0.027223825,0.0011213422
Ependymal cell,Mt1,-0.026087403,-0.021301866,0.0
Ependymal cell,Enah,0.0013763309,0.007548988,0.006172657
Ependymal cell,Cct7,0.00770545,0.009282351,0.0015769005
Ependymal cell,Dync1h1,-0.0033712387,0.0015112758,0.0015112758
Ependymal cell,Elavl1,0.009194195,0.010433257,0.0012390614
Ependymal cell,Sall1,0.01850003,0.03356254,0.015062511
Ependymal cell,Stoml3,0.013083756,0.052573204,0.039489448
Ependymal cell,Pkp4,-0.00091814995,0.017529547,0.017529547
Ependymal cell,Aplp2,-0.06802511,-0.013317466,0.0
Ependymal cell,Lamp2,-0.035627246,-0.02527368,0.0
Ependymal cell,Wls,-0.02446413,0.01603198,0.01603198
Ependymal cell,Sdcbp,0.0025675297,0.001452744,-0.0011147857
Ependymal cell,Dnah12,0.010172963,0.063283265,0.0531103
Ependymal cell,Cryab,0.013887942,0.0604077,0.046519756
Ependymal cell,Ccnd2,-0.035203338,-0.0036691427,0.0
Ependymal cell,Map1lc3a,-0.0042009354,-0.0035163164,0.0
Ependymal cell,S100b,-0.00972116,0.022014558,0.022014558
Ependymal cell,Sirt2,-0.0010528564,0.0014911294,0.0014911294
Ependymal cell,Luzp2,-0.01355648,-0.014317155,0.0
Ependymal cell,Ywhag,-0.03418207,-0.013075352,0.0
Ependymal cell,Rnf13,-0.012679338,0.00064748526,0.00064748526
Ependymal cell,Acox1,-0.006060481,0.00010693073,0.00010693073
Ependymal cell,Rab5c,-0.0024205446,-0.0013260841,0.0
Ependymal cell,Cfap52,0.023091137,0.024830759,0.0017396212
Ependymal cell,Prrc2b,-0.002067566,-0.003793478,0.0
Ependymal cell,Abca1,-0.009535551,-0.030194044,0.0
Ependymal cell,Cavin1,-0.023661375,0.009701669,0.009701669
Ependymal cell,Rtn4,-0.0069487095,-0.005938649,0.0
Ependymal cell,Sox2,0.005991161,0.008816838,0.0028256774
Ependymal cell,Ogdh,0.0066050887,0.005454004,-0.0011510849
Ependymal cell,Pdcd4,0.015877247,0.012819171,-0.003058076
Ependymal cell,Selenof,-0.00032377243,0.007259488,0.007259488
Ependymal cell,Slc26a3,-0.07125473,0.0010639429,0.0010639429
Ependymal cell,Appl2,-0.019780636,-0.0030333996,0.0
Ependymal cell,Cmip,-0.0043183565,0.0062994957,0.0062994957
Ependymal cell,Trim28,0.012157202,0.018322706,0.0061655045
Ependymal cell,Gnb1,0.0036242604,-0.004351616,-0.0036242604
Ependymal cell,Ap2b1,-0.00083863735,0.004807055,0.004807055
Ependymal cell,Canx,-0.007639885,0.007653713,0.007653713
Ependymal cell,Pitpnm1,-0.0062627792,0.001244545,0.001244545
Ependymal cell,Marcksl1,-0.05850196,-0.03020382,0.0
Ependymal cell,Rbbp4,-0.0049254894,0.008509994,0.008509994
Ependymal cell,Smarcc2,-0.0029251575,-0.005289197,0.0
Ependymal cell,H2afy,0.0055649877,0.009105802,0.003540814
Ependymal cell,Thrap3,0.0063508153,0.008884907,0.0025340915
Ependymal cell,Fzd3,0.017188072,0.022286296,0.0050982237
Ependymal cell,Chd4,-0.00975585,0.005631745,0.005631745
Ependymal cell,Psd2,-0.041075706,-0.019554496,0.0
Ependymal cell,Mdk,-0.008984804,-0.010746956,0.0
Ependymal cell,Ptpa,-0.0015200377,0.004716158,0.004716158
Ependymal cell,Pkd2l1,-0.014596581,0.0028520823,0.0028520823
Ependymal cell,Cntn1,-0.015859246,0.020676076,0.020676076
Ependymal cell,Csde1,0.007563114,0.0076296926,6.657839e-05
Ependymal cell,Hap1,-0.021432161,0.002038598,0.002038598
Ependymal cell,Psmb8,-0.113809705,-0.09421849,0.0
Ependymal cell,Ruvbl2,0.012663603,0.020451069,0.007787466
Ependymal cell,Oasl2,-0.42920983,-0.4529165,0.0
Ependymal cell,Srrm1,0.007999063,0.0074193478,-0.0005797148
Ependymal cell,Cd55,0.02818209,0.044424415,0.016242325
Ependymal cell,Actr2,-0.008061767,-0.003805399,0.0
Ependymal cell,Nfia,-0.002571702,-0.0043076277,0.0
Ependymal cell,Tpi1,-0.000988841,0.006076336,0.006076336
Ependymal cell,Rad23b,0.004535377,0.0042553544,-0.00028002262
Ependymal cell,Smdt1,0.0054404736,0.0020314455,-0.003409028
Ependymal cell,Hnrnpm,-0.005364418,0.0028755665,0.0028755665
Ependymal cell,Myo10,0.026089013,0.024617136,-0.0014718771
Ependymal cell,Grn,-0.039036393,-0.00010597706,0.0
Ependymal cell,Marcks,-0.014734149,-0.0070114136,0.0
Ependymal cell,Ctdsp1,-0.0013840199,0.0033066869,0.0033066869
Ependymal cell,Atp2b4,0.0092430115,0.012581587,0.0033385754
Ependymal cell,Ptbp1,-0.0074654818,0.010862827,0.010862827
Ependymal cell,Ly6h,0.0023813844,0.02055031,0.018168926
Ependymal cell,Rdx,0.007225275,0.0069186687,-0.0003066063
Ependymal cell,Pja2,-0.007589221,0.00016701221,0.00016701221
Ependymal cell,Pifo,0.022728622,0.012586713,-0.010141909
Ependymal cell,Ogt,-0.00943768,0.029874146,0.029874146
Ependymal cell,Hopx,0.012648523,0.004429102,-0.008219421
Ependymal cell,Cltc,-0.0038756132,-0.0014181137,0.0
Ependymal cell,Acot6,0.005360961,0.022206426,0.016845465
Ependymal cell,Cct3,0.0076543093,0.021023095,0.013368785
Ependymal cell,Nfib,-0.0023343563,0.0014280677,0.0014280677
Ependymal cell,Emc1,0.02324593,0.027441978,0.004196048
Ependymal cell,Tsc22d4,-0.032610774,-0.0022878647,0.0
Ependymal cell,Kif5b,-0.0023667812,0.00017935038,0.00017935038
Ependymal cell,Fgfr2,-0.017553806,-0.0072216988,0.0
Ependymal cell,Nbr1,-0.00766778,-3.0636787e-05,0.0
Ependymal cell,Sdhb,-0.00070106983,-0.002619028,0.0
Ependymal cell,Dnajb1,0.01205802,-0.00855577,-0.01205802
Ependymal cell,Acly,-0.0006378889,0.00046628714,0.00046628714
Ependymal cell,Itgb4,-0.11459339,-0.06961441,0.0
Ependymal cell,Hipk2,-0.0034840107,-0.009328842,0.0
Ependymal cell,Stat3,-0.08789265,-0.036003947,0.0
Ependymal cell,Il6st,-0.00094902515,-0.0032387972,0.0
Ependymal cell,Kif1c,-0.0033329725,0.0053218603,0.0053218603
Ependymal cell,Mib1,0.004281938,0.00458622,0.0003042817
Ependymal cell,Fasn,0.00070756674,0.024374366,0.023666799
Ependymal cell,Vdac1,0.00040346384,-0.0017924309,-0.00040346384
Ependymal cell,Myo18a,0.0029959679,-0.0005993843,-0.0029959679
Ependymal cell,Socs3,-0.24683642,-0.15966213,0.0
Ependymal cell,Stmn2,-0.04004085,-0.022265315,0.0
Ependymal cell,Nr1d1,-0.09692371,-0.08032131,0.0
Ependymal cell,Echs1,-0.004111767,0.0013545752,0.0013545752
Ependymal cell,Itgb1,-0.0042122602,-0.0013328791,0.0
Ependymal cell,Stom,-0.0006092787,0.010138333,0.010138333
Ependymal cell,Abhd4,-0.007331133,0.01038909,0.01038909
Ependymal cell,Dctn1,-0.0032260418,-0.0034036636,0.0
Ependymal cell,Hsd17b4,-0.0063996315,-0.006393194,0.0
Ependymal cell,Grk2,-0.004215479,-0.0015624762,0.0
Ependymal cell,Cyfip2,-0.012133837,-0.0018051863,0.0
Ependymal cell,Esyt2,0.016751051,0.026153982,0.009402931
Ependymal cell,Gria1,0.00023591518,0.021368861,0.021132946
Ependymal cell,Eno2,-0.010865927,0.013845146,0.013845146
Ependymal cell,Nsmf,-0.00829494,-0.0040050745,0.0
Ependymal cell,Csnk1d,0.0012432337,0.0031659007,0.001922667
Ependymal cell,Cfap65,-0.05109489,0.017573535,0.017573535
Ependymal cell,Clic4,0.0054599047,0.0034929514,-0.0019669533
Ependymal cell,Ift88,0.009068549,0.036218643,0.027150095
Ependymal cell,Flnb,0.0015425682,-0.0017040968,-0.0015425682
Ependymal cell,Tssc4,-0.00063216686,-0.0005964041,0.0
Ependymal cell,Kmt2e,-0.0021750927,-0.0010024309,0.0
Ependymal cell,Ctnna1,-0.0019807816,0.009957433,0.009957433
Ependymal cell,Bbs9,0.008506596,0.010825515,0.0023189187
Ependymal cell,Bbox1,0.024528027,0.029478312,0.004950285
Ependymal cell,Gas6,-0.035143495,0.009680629,0.009680629
Ependymal cell,Ank2,-0.0021358728,-0.006125927,0.0
Ependymal cell,Atp6v1a,-0.0046340227,-0.008237481,0.0
Ependymal cell,Brd2,-0.0026265383,0.0009558201,0.0009558201
Ependymal cell,Gatd3a,0.0017089844,-0.0021214485,-0.0017089844
Ependymal cell,Asna1,-0.0021862984,-0.00445807,0.0
Ependymal cell,Anxa6,-0.0037893057,-0.0023448467,0.0
Ependymal cell,Folr1,0.011447191,0.036067605,0.024620414
Ependymal cell,Fgfr1,0.0013872385,0.012479067,0.011091828
Ependymal cell,Cxxc5,0.01123172,0.0125386715,0.001306951
Ependymal cell,Actn1,0.014610887,0.01263845,-0.001972437
Ependymal cell,Vstm4,-0.003354907,0.0013045669,0.0013045669
Ependymal cell,Meis2,0.010862589,0.02249974,0.011637151
Ependymal cell,Vamp2,-0.009570837,0.005266607,0.005266607
Ependymal cell,Luc7l3,-0.0019488335,0.017909527,0.017909527
Ependymal cell,Ehmt2,0.008584738,0.006735146,-0.0018495917
Ependymal cell,Smad1,-0.05924058,-0.03973818,0.0
Ependymal cell,Mia,-0.064407706,-0.002242446,0.0
Ependymal cell,Dctn2,-0.0025715828,-0.003990054,0.0
Ependymal cell,Nedd4l,0.020617247,0.007559836,-0.013057411
Ependymal cell,Caprin1,-0.0066548586,-0.0061274767,0.0
Ependymal cell,Klc1,-0.013487697,0.013677239,0.013677239
Ependymal cell,Bin1,-0.01058197,0.021526575,0.021526575
Ependymal cell,Synpo2,-0.017357945,0.0020899773,0.0020899773
Ependymal cell,Mal,0.0056968927,0.013593376,0.007896483
Ependymal cell,Eps15,0.00011140108,0.004633546,0.004522145
Ependymal cell,Fundc1,0.0014781356,0.011960268,0.010482132
Ependymal cell,Notch2,-0.004322171,-0.0020350218,0.0
Ependymal cell,Erbin,-0.0050640106,-0.0012193918,0.0
Ependymal cell,Dcaf7,0.0018944144,0.0031196475,0.0012252331
Ependymal cell,Prkaca,-0.0003528595,0.00422889,0.00422889
Ependymal cell,Adgrb1,-0.0014595985,-0.00032567978,0.0
Ependymal cell,Sel1l,0.0062390566,0.007359743,0.0011206865
Ependymal cell,Plin4,-0.012270451,-0.0025103092,0.0
Ependymal cell,Sox21,0.013754964,0.017712831,0.0039578676
Ependymal cell,Mboat7,0.0066298842,-0.006828308,-0.0066298842
Ependymal cell,Hspa9,-0.00073349476,0.00092607737,0.00092607737
Ependymal cell,Ift122,-0.004290819,0.019412935,0.019412935
Ependymal cell,Notch1,0.017377555,0.02439189,0.007014334
Ependymal cell,Spop,-0.0069328547,-0.0039851665,0.0
Ependymal cell,Ahi1,-0.00673151,-0.0030601025,0.0
Ependymal cell,Atn1,0.019111574,0.019731104,0.0006195307
Ependymal cell,Ptpn11,-0.0005296469,-0.002593875,0.0
Ependymal cell,Rgcc,-0.0056558847,0.026030779,0.026030779
Ependymal cell,Utrn,-0.008311868,-0.005117655,0.0
Ependymal cell,Ubr5,-0.0026146173,-0.0056370497,0.0
Ependymal cell,Fus,0.016506374,0.019647837,0.0031414628
Ependymal cell,Pak2,-0.007272005,-0.012565851,0.0
Ependymal cell,Gfra1,-0.0790751,-0.02071178,0.0
Ependymal cell,Ewsr1,0.0020419955,0.001412034,-0.0006299615
Ependymal cell,Kdm5b,0.00064867735,0.004735887,0.0040872097
Ependymal cell,Acsl6,0.008062065,0.02169633,0.0136342645
Ependymal cell,Man2b2,-0.0035569668,0.009920239,0.009920239
Ependymal cell,Vcl,0.0012200475,0.0011601448,-5.9902668e-05
Ependymal cell,Ddit4,-0.00010073185,-0.010294676,0.0
Ependymal cell,Tpcn1,-0.0011541843,0.0001219511,0.0001219511
Ependymal cell,Pkd2,-0.004646778,0.010316372,0.010316372
Ependymal cell,Dlg1,-0.0028765202,-0.0005059242,0.0
Ependymal cell,Plppr3,0.008723021,0.015616775,0.006893754
Ependymal cell,Eif4g3,0.0053026676,0.0063391924,0.0010365248
Ependymal cell,Dpy30,0.005720675,0.0082938075,0.0025731325
Ependymal cell,Pkd1,-0.0014230013,0.0057397485,0.0057397485
Ependymal cell,Slc32a1,-0.016221166,-0.008735657,0.0
Ependymal cell,Gnal,-0.004505515,0.0106951,0.0106951
Ependymal cell,Rnd2,-0.006314993,-0.000238657,0.0
Ependymal cell,Picalm,-0.0015541315,-0.0023201704,0.0
Ependymal cell,Glg1,0.013903141,0.050379276,0.036476135
Ependymal cell,Cdc37,0.0034794211,-0.00069606304,-0.0034794211
Ependymal cell,Cdk5rap2,-0.0018439293,-0.0066452026,0.0
Ependymal cell,Irs1,0.02745682,0.025512338,-0.0019444823
Ependymal cell,H2-Ab1,-0.110301614,-0.10259378,0.0
Ependymal cell,Otof,-0.0035438538,0.008176744,0.008176744
Ependymal cell,Fam107a,-0.011128783,0.031211495,0.031211495
Ependymal cell,Mlf1,0.032999694,0.028627872,-0.004371822
Ependymal cell,Paxbp1,0.0040826797,0.03312272,0.029040039
Ependymal cell,Pfkl,-0.0016800165,-0.004527211,0.0
Ependymal cell,Arhgef12,0.0010470748,-0.00054359436,-0.0010470748
Ependymal cell,Rab6a,-0.0012177229,-0.0019937754,0.0
Ependymal cell,Anapc2,0.003761351,0.004049659,0.00028830767
Ependymal cell,Nhsl1,0.0027008653,0.0027565956,5.5730343e-05
Ependymal cell,Mbd3,-0.0036336184,-0.010150552,0.0
Ependymal cell,Slc8a1,0.00084376335,-0.006637454,-0.00084376335
Ependymal cell,Ppp5c,0.012321472,0.009682775,-0.0026386976
Ependymal cell,Trim2,-0.0020787716,0.0035550594,0.0035550594
Ependymal cell,Stip1,-0.06250191,-0.022065401,0.0
Ependymal cell,Tsc22d3,-0.0187366,-0.007769823,0.0
Ependymal cell,Emc10,-0.0053454638,-9.8347664e-05,0.0
Ependymal cell,Rfx3,0.020174503,0.003332138,-0.016842365
Ependymal cell,Cldn11,0.02487129,0.035956204,0.011084914
Ependymal cell,Khdrbs1,0.00598979,0.0017372966,-0.0042524934
Ependymal cell,Sv2a,0.0076446533,0.032601357,0.024956703
Ependymal cell,Coro2b,-0.01208806,-0.009316206,0.0
Ependymal cell,Gnaq,-0.02066493,-0.0061371326,0.0
Ependymal cell,Ttc8,0.027145743,0.03808391,0.010938168
Ependymal cell,Fos,-0.10115111,-0.08346033,0.0
Ependymal cell,Atp6ap2,-0.0012549162,0.00035709143,0.00035709143
Ependymal cell,Akap9,0.0246194,0.021273315,-0.0033460855
Ependymal cell,Furin,0.010189772,0.014269412,0.00407964
Ependymal cell,Rab3a,-0.065497994,0.0040392876,0.0040392876
Ependymal cell,Rpa1,0.015623331,0.011017621,-0.0046057105
Ependymal cell,Dmd,-0.012704015,-0.00089490414,0.0
Ependymal cell,Dnah11,0.011711955,0.058806658,0.047094703
Ependymal cell,Cs,-0.0058808327,-0.0007485151,0.0
Ependymal cell,Bmpr2,-0.0033591986,-0.003035307,0.0
Ependymal cell,Srsf4,0.0015349984,0.0033649206,0.0018299222
Ependymal cell,Cry2,-0.005829215,-0.0033688545,0.0
Ependymal cell,Ccnd3,-0.0051908493,-0.004930496,0.0
Ependymal cell,Paip1,-0.0014300346,-0.0036673546,0.0
Ependymal cell,Atp6v1b2,-0.007990718,0.0045628548,0.0045628548
Ependymal cell,Tjp1,-0.0028256178,-0.0025777817,0.0
Ependymal cell,Mtus1,0.0021525025,0.009179354,0.007026851
Ependymal cell,Abcd3,0.010086775,0.011334121,0.0012473464
Ependymal cell,Gbp7,-0.18585801,-0.115474224,0.0
Ependymal cell,Sec61a1,0.003338635,0.01748699,0.0141483545
Ependymal cell,Ndufs1,-0.0024501085,-0.005354047,0.0
Ependymal cell,Sox6,0.0011610389,0.0010412931,-0.00011974573
Ependymal cell,Myo1e,0.011896908,0.009607315,-0.0022895932
Ependymal cell,Epb41l1,-0.012929559,0.00046026707,0.00046026707
Ependymal cell,Sncb,-0.038016915,0.015212953,0.015212953
Ependymal cell,Myo6,0.006365061,0.018513024,0.012147963
Ependymal cell,Bbs1,0.0133292675,0.024804175,0.011474907
Ependymal cell,Nme5,-0.00062823296,0.008480549,0.008480549
Ependymal cell,Bace2,-0.033439994,-0.01015234,0.0
Ependymal cell,Arid1a,-0.00050377846,0.0002541542,0.0002541542
Ependymal cell,Cfap45,1.7046928e-05,0.009468973,0.009451926
Ependymal cell,Ctnnd1,0.0014438033,0.0007739663,-0.000669837
Ependymal cell,Col23a1,-0.009144902,-0.0038952827,0.0
Ependymal cell,Hspa1a,-0.03063345,-0.059901476,0.0
Ependymal cell,Cpsf6,0.0020006895,0.0156210065,0.013620317
Ependymal cell,Slc16a1,-0.0152897835,0.018958509,0.018958509
Ependymal cell,Adh5,0.0010028481,0.009988368,0.008985519
Ependymal cell,Myb,-0.0041012764,0.00440675,0.00440675
Ependymal cell,Psmb6,0.01271522,0.013466597,0.00075137615
Ependymal cell,Rab10,-0.001313448,-0.00019037724,0.0
Ependymal cell,Npc1,-0.0009379387,0.007763982,0.007763982
Ependymal cell,Trrap,0.003758967,0.0010163784,-0.0027425885
Ependymal cell,Kndc1,-7.259846e-05,-0.00091457367,0.0
Ependymal cell,Csnk1a1,0.0073893666,0.006465137,-0.0009242296
Ependymal cell,Cops8,-0.0036617517,-0.002502799,0.0
Ependymal cell,Mtch1,-0.004448056,0.0058405995,0.0058405995
Ependymal cell,Ring1,-0.004655838,0.0013101101,0.0013101101
Ependymal cell,Cdk9,0.011891067,0.014859557,0.0029684901
Ependymal cell,Dixdc1,0.01951319,0.013993144,-0.0055200458
Ependymal cell,Pard3,-0.0020014048,-0.00010764599,0.0
Ependymal cell,Itgb5,0.00018626451,0.00040489435,0.00021862984
Ependymal cell,Camk2g,-0.013363123,-0.006450057,0.0
Ependymal cell,Pafah1b2,0.01578015,0.014891207,-0.0008889437
Ependymal cell,Dgcr2,0.012514472,0.013749599,0.0012351274
Ependymal cell,Ncor1,0.011342764,0.0053282976,-0.0060144663
Ependymal cell,Peg3,-0.045189142,-0.0078930855,0.0
Ependymal cell,Anapc5,-0.0030127764,0.0053552985,0.0053552985
Ependymal cell,Atp5f1,-0.0012081861,-0.00044858456,0.0
Ependymal cell,Araf,-0.0032861233,-0.0043634176,0.0
Ependymal cell,Fyn,-0.0063689947,-0.004362583,0.0
Ependymal cell,Dnm1,-0.0034390688,0.020105124,0.020105124
Ependymal cell,Vat1,-0.0027718544,0.008039176,0.008039176
Ependymal cell,Adora1,-0.01281929,-0.03131771,0.0
Ependymal cell,Ash2l,0.004378438,0.0051653385,0.0007869005
Ependymal cell,Stk11,-0.0030555725,-0.0008420944,0.0
Ependymal cell,Hexa,-0.002749443,-0.0063192844,0.0
Ependymal cell,Lamtor4,-0.002371192,-0.007447839,0.0
Ependymal cell,Gsk3a,-0.00038528442,-0.002184987,0.0
Ependymal cell,Sept4,0.0003618598,0.0082912445,0.007929385
Ependymal cell,Eif4a3,0.0029478073,-0.00063431263,-0.0029478073
Ependymal cell,Ptprk,0.020842195,0.016732633,-0.0041095614
Ependymal cell,Cul3,-0.00072169304,0.0027691722,0.0027691722
Ependymal cell,Ap2a2,-0.0010515451,-0.0024405718,0.0
Ependymal cell,S100a1,-0.023341656,-0.0005347729,0.0
Ependymal cell,Pias2,0.0014214516,0.0012068748,-0.00021457672
NK/DC,Cd74,0.0032756329,0.17188072,0.16860509
NK/DC,Gfap,0.04545474,0.3009479,0.25549316
NK/DC,Fscn1,-0.12357056,0.15593022,0.15593022
NK/DC,Ccl5,0.022628963,0.047959328,0.025330365
NK/DC,Mbp,0.13968295,0.46977323,0.33009028
NK/DC,Ctss,-0.017103195,0.04020822,0.04020822
NK/DC,H2-D1,0.13830888,0.29911047,0.16080159
NK/DC,Mt2,-0.001762867,0.034900784,0.034900784
NK/DC,H2-Aa,0.026397407,0.08589393,0.059496522
NK/DC,H2-Ab1,0.041523933,0.09303033,0.0515064
NK/DC,Il2rb,-0.027751446,0.24791509,0.24791509
NK/DC,Ccr7,-0.07160652,0.15520167,0.15520167
NK/DC,Col1a2,0.10832626,0.15891701,0.050590754
NK/DC,B2m,-0.007810831,0.10871673,0.10871673
NK/DC,H2-Eb1,0.053767383,0.10376996,0.050002575
NK/DC,H2-K1,-0.010528803,-0.0003502369,0.0
NK/DC,Apod,-0.058365107,0.0036633015,0.0036633015
NK/DC,Serping1,0.09076923,0.17078257,0.080013335
NK/DC,C3,0.049670935,0.061107576,0.011436641
NK/DC,Ramp3,-0.17279255,-0.040202737,0.0
NK/DC,Trbc1,-0.018261075,0.10106003,0.10106003
NK/DC,Xcl1,-0.12658656,0.04290682,0.04290682
NK/DC,Gimap4,-0.015242934,0.14418799,0.14418799
NK/DC,Psmb8,-0.19042742,-0.018481016,0.0
NK/DC,Serpina3n,-0.023630023,0.023818135,0.023818135
NK/DC,Ifngr1,-0.055422902,0.022530198,0.022530198
NK/DC,Selplg,0.04672104,0.07555854,0.028837502
NK/DC,Ets1,-0.0072511435,0.054555535,0.054555535
NK/DC,Marcksl1,0.0050735474,0.09720194,0.092128396
NK/DC,Nlrc5,-0.025389194,-0.006937504,0.0
NK/DC,Ccl17,-0.16393185,-0.014207721,0.0
NK/DC,Rnaset2a,-0.15075862,0.012172997,0.012172997
NK/DC,S100a10,-0.01885295,0.027510047,0.027510047
NK/DC,Anxa2,-0.1560359,0.018826544,0.018826544
NK/DC,Igf2,-0.11498511,-0.047274828,0.0
NK/DC,Myh9,-0.0041404963,0.0050697923,0.0050697923
NK/DC,Tmem176a,0.04657018,0.083188534,0.036618352
NK/DC,Itgb1,0.031515837,0.032926083,0.0014102459
NK/DC,Aldoa,0.04722351,0.09226328,0.045039773
NK/DC,Cxcl16,-0.11752856,0.032580435,0.032580435
NK/DC,Txnip,-0.06999147,0.0013406873,0.0013406873
NK/DC,Ptprc,0.026744306,0.119214475,0.09247017
NK/DC,B4galnt1,-0.048101902,0.017885208,0.017885208
NK/DC,Map4k4,-0.021173,0.011859,0.011859
NK/DC,Lat,0.06369859,0.12932992,0.06563133
NK/DC,Gnai2,-0.022688985,-0.02192974,0.0
NK/DC,Irf1,-0.06934667,-0.0056661367,0.0
NK/DC,Aplp1,0.037234247,0.11549276,0.078258514
NK/DC,Pdia3,0.00450176,-0.011123538,-0.00450176
NK/DC,Gzma,0.023568511,0.046550393,0.022981882
NK/DC,Car2,0.068764746,0.13448697,0.06572223
NK/DC,H2-T23,0.033974826,0.012466669,-0.021508157
NK/DC,Relb,-0.009423971,0.073427856,0.073427856
NK/DC,Cxcl13,0.08252168,0.088338494,0.0058168173
NK/DC,Hexb,-0.027802587,0.029347897,0.029347897
NK/DC,Selenop,-0.1081326,-0.038474083,0.0
NK/DC,Mmp25,-0.0063142776,0.059120715,0.059120715
NK/DC,Neat1,-0.023729205,0.058487356,0.058487356
NK/DC,Mcl1,-0.11860621,0.05305338,0.05305338
NK/DC,Msn,-0.075793505,-0.0502131,0.0
NK/DC,Hnrnpa1,-0.035447717,0.0055163503,0.0055163503
NK/DC,Bcl2a1a,-0.015419722,0.06825739,0.06825739
NK/DC,Samhd1,-0.054816127,-0.016271591,0.0
NK/DC,Il7r,0.01738447,0.03627163,0.018887162
NK/DC,Tgm2,-0.09168327,0.010947406,0.010947406
NK/DC,Dock2,-0.0023665428,0.06578374,0.06578374
NK/DC,Fstl1,-0.053946376,-0.005482197,0.0
NK/DC,Tnfrsf1b,-0.053940535,-0.009387255,0.0
NK/DC,Rab7,-0.10263872,-0.030835629,0.0
NK/DC,Lgals1,-0.03023386,0.019367635,0.019367635
NK/DC,Ncr1,-0.20272315,0.12713784,0.12713784
NK/DC,Lamp1,-0.049807668,0.03712815,0.03712815
NK/DC,Tcf7,-0.018933177,0.030408502,0.030408502
NK/DC,Ighm,-0.06646991,0.010012507,0.010012507
NK/DC,Rsrp1,-0.021936655,0.06934625,0.06934625
NK/DC,Itgb7,-0.016662002,0.017484426,0.017484426
NK/DC,Grk2,-0.016067028,0.017320156,0.017320156
NK/DC,Grn,0.000764668,0.026282132,0.025517464
NK/DC,Apobec3,0.007777691,0.011436045,0.0036583543
NK/DC,Actn1,0.0015394688,0.057234228,0.05569476
NK/DC,Cyfip2,-0.004318714,0.04226458,0.04226458
NK/DC,Sell,-0.028803706,0.015598357,0.015598357
NK/DC,Cd83,-0.011269569,0.014719546,0.014719546
NK/DC,Jak2,-0.002125144,0.030133069,0.030133069
NK/DC,Flna,-0.03488207,0.052821636,0.052821636
NK/DC,Pltp,0.060215533,0.05779314,-0.0024223924
NK/DC,Lbh,-0.03448069,-0.010864854,0.0
NK/DC,Timp1,-0.27189636,-0.22401118,0.0
NK/DC,Cd274,-0.14227676,0.005982816,0.005982816
NK/DC,Itgal,0.02197504,0.058495104,0.036520064
NK/DC,Fyn,-0.0048024654,0.0038380623,0.0038380623
NK/DC,Jak1,0.015252233,0.073385835,0.058133602
NK/DC,Il10ra,-0.0032960176,0.0017338991,0.0017338991
NK/DC,Il18rap,0.06370485,0.107351184,0.043646336
NK/DC,Rhoa,-0.01062119,-0.013719916,0.0
NK/DC,Evl,-0.033464193,0.11444348,0.11444348
NK/DC,Cd14,-0.076581,0.0026896596,0.0026896596
NK/DC,Itga4,-0.022157669,0.00885427,0.00885427
NK/DC,Arhgef1,-0.0040801764,0.046394885,0.046394885
NK/DC,Ckb,-0.03615141,0.11385679,0.11385679
NK/DC,Tnfaip3,-0.15052593,-0.027811408,0.0
NK/DC,Tap1,-0.14864028,-0.035841346,0.0
NK/DC,Tnfrsf9,-0.051042557,0.007848859,0.007848859
NK/DC,Tnfrsf4,0.055618405,0.07687569,0.021257281
NK/DC,Cxcr4,-0.04855275,0.005209863,0.005209863
NK/DC,Ndrg2,0.05695069,0.1444102,0.087459505
NK/DC,Mllt6,-0.027725458,-0.020141482,0.0
NK/DC,Prkar1a,0.013943732,0.012419999,-0.0015237331
NK/DC,Ncf1,-0.030884862,0.046894312,0.046894312
NK/DC,Gbp2,-0.15238619,-0.03335166,0.0
NK/DC,Hist2h2bb,-0.04068756,-0.030794024,0.0
NK/DC,Gpnmb,-0.09392929,-0.06636655,0.0
NK/DC,Marcks,-0.011319399,0.08171171,0.08171171
NK/DC,Clic4,0.007848144,0.049571395,0.04172325
NK/DC,Pik3cd,0.0012248158,0.028648198,0.027423382
NK/DC,Stat1,-0.055909276,-0.042812943,0.0
NK/DC,Arg1,-0.112781405,-0.048115015,0.0
NK/DC,Ddit4,-0.11150551,-0.07167649,0.0
NK/DC,Atp1b2,-0.020908952,0.009037495,0.009037495
NK/DC,Sh3bp1,0.0033561587,-0.004619837,-0.0033561587
NK/DC,Stat3,-0.044138193,-0.01723063,0.0
NK/DC,Ctnnb1,-0.004457712,0.0017722845,0.0017722845
NK/DC,Klrk1,-5.3941164,0.1694963,0.1694963
NK/DC,Id2,-0.01593697,-0.005534172,0.0
NK/DC,P4hb,-0.0027105808,-0.0089485645,0.0
NK/DC,Batf3,-0.016755342,0.05024731,0.05024731
NK/DC,Mknk2,-0.023529291,-0.038024783,0.0
NK/DC,Plec,-0.015844464,-0.0032019615,0.0
NK/DC,Actr2,0.0050216317,-0.0026426315,-0.0050216317
NK/DC,Cnp,-0.0029467344,0.036169052,0.036169052
NK/DC,Furin,-0.0770241,-0.005986333,0.0
NK/DC,Ly75,0.0009883642,0.042600393,0.04161203
NK/DC,Syk,-0.016965628,0.025615036,0.025615036
NK/DC,Jak3,0.027267873,0.022672951,-0.004594922
NK/DC,Cemip2,0.03187549,0.07023668,0.03836119
NK/DC,Ccnd3,-0.01345253,-4.9829483e-05,0.0
NK/DC,Pdcd4,-0.002105832,0.025376618,0.025376618
NK/DC,Kif21b,-0.011590838,0.028623164,0.028623164
NK/DC,Lck,-0.037774324,0.025349557,0.025349557
NK/DC,Fn1,-0.034828424,0.026176572,0.026176572
NK/DC,Foxp4,-0.023143888,0.02147001,0.02147001
NK/DC,Rac1,-0.008869886,0.0064514875,0.0064514875
NK/DC,Icam1,-0.016078234,0.035253346,0.035253346
NK/DC,Cd2,0.008896589,0.04157996,0.032683372
NK/DC,Tardbp,0.005275309,0.0054127574,0.00013744831
NK/DC,Cd3d,0.054709196,0.10255873,0.047849536
NK/DC,Nfkb1,-0.011762381,-0.00068068504,0.0
NK/DC,Itgb2,-0.002239585,0.012116611,0.012116611
NK/DC,Irf8,-0.02436173,-0.019337296,0.0
NK/DC,Sfpq,-0.002236247,0.008417547,0.008417547
NK/DC,Nfe2l1,-0.0012341738,0.016974926,0.016974926
NK/DC,Hif1a,0.047827244,0.06314117,0.015313923
NK/DC,Ptpn6,-0.043381095,0.0026171207,0.0026171207
NK/DC,Mxd1,-0.068278074,-0.0047495365,0.0
NK/DC,Aldoc,0.02625537,0.0907709,0.06451553
NK/DC,Ptgds,-0.0269593,-0.0076469183,0.0
NK/DC,Gramd1a,0.018511415,0.07631695,0.05780554
NK/DC,Iqgap1,0.00040113926,-0.0126645565,-0.00040113926
NK/DC,Lrrk1,-0.012207627,0.015937626,0.015937626
NK/DC,Capn2,-0.0094537735,-0.008287549,0.0
NK/DC,Il2ra,0.010730445,0.035871446,0.025141
NK/DC,Ywhae,0.00011968613,-0.02090156,-0.00011968613
NK/DC,Kpnb1,-0.011697292,-0.01015687,0.0
NK/DC,Il2rg,-0.0028483868,0.0032317638,0.0032317638
NK/DC,Sorl1,-0.017140746,0.021442473,0.021442473
NK/DC,Map3k14,-0.19520533,0.009864628,0.009864628
NK/DC,Cct5,-0.0015131235,0.0012788773,0.0012788773
NK/DC,Socs3,-0.21855855,-0.057787895,0.0
NK/DC,Stat4,0.0012415051,0.013808966,0.012567461
NK/DC,Col4a1,-0.015862346,0.025383234,0.025383234
NK/DC,Pik3r1,-0.009439707,-0.008713603,0.0
NK/DC,Nfatc1,-0.008719325,0.014685214,0.014685214
NK/DC,Dnm2,-0.0054318905,0.0018404722,0.0018404722
NK/DC,Pkm,-0.016212463,0.0027568936,0.0027568936
NK/DC,Ccnd2,-0.039683104,-0.010078549,0.0
NK/DC,Lfng,-0.008746028,0.032482266,0.032482266
NK/DC,Anxa6,-0.0042835474,0.00961715,0.00961715
NK/DC,Lcp2,0.0012100935,0.033825755,0.03261566
NK/DC,Chd4,-0.03626156,-0.033958435,0.0
NK/DC,Inpp4b,-0.05213189,-0.018323064,0.0
NK/DC,Sept11,-0.00010609627,-0.004508853,0.0
NK/DC,Plac8,-0.06979787,-0.049127102,0.0
NK/DC,Jun,-0.015133381,-0.0030764341,0.0
NK/DC,Il4ra,-0.0160743,-0.025484681,0.0
NK/DC,Ppp1r16b,-0.0040661097,0.013017535,0.013017535
NK/DC,Sf1,-0.004028797,-0.0017068386,0.0
NK/DC,Fbn1,-0.04351616,0.010767758,0.010767758
NK/DC,Adgre5,-0.0054814816,0.00685066,0.00685066
NK/DC,Tigit,0.0007401705,-0.0051944256,-0.0007401705
NK/DC,Dock8,-0.003406763,0.0016250014,0.0016250014
NK/DC,Lrp1,0.022035658,0.032596946,0.010561287
NK/DC,Ikbkb,-0.011320949,-0.000936985,0.0
NK/DC,Rnh1,0.00093370676,0.00096809864,3.439188e-05
NK/DC,Saraf,-0.00482893,0.0064241886,0.0064241886
NK/DC,Prkcd,0.023368955,0.0462538,0.022884846
NK/DC,Sema4d,0.006809652,0.024353266,0.017543614
NK/DC,Frmd4a,-0.0008164644,0.017519057,0.017519057
NK/DC,Cd81,-0.034365892,0.017603993,0.017603993
NK/DC,Spi1,0.0167377,0.0427168,0.025979102
NK/DC,Amfr,-0.0087201595,-0.013270378,0.0
NK/DC,Vtn,-0.121705055,-0.07153237,0.0
NK/DC,Rhog,0.035053372,0.032331824,-0.002721548
NK/DC,Elmo1,-0.0128132105,-0.00038027763,0.0
NK/DC,Sdcbp,0.005344987,0.010051668,0.004706681
NK/DC,Sptan1,0.0011090636,0.0032298565,0.0021207929
NK/DC,Col1a1,0.02684766,0.08670771,0.05986005
NK/DC,Rab5c,-0.008128166,0.0007881522,0.0007881522
NK/DC,Atp5o,-0.0050492287,0.00881815,0.00881815
NK/DC,Hnrnpm,-0.0056244135,-0.0035842657,0.0
NK/DC,Dgat1,-0.12074244,-0.12166989,0.0
NK/DC,Gbp7,-0.097993255,-0.033953667,0.0
NK/DC,Nfkb2,0.016798198,0.033377886,0.016579688
NK/DC,Inpp5d,-0.01796949,-0.008453727,0.0
NK/DC,Etv3,-0.025352597,0.015214324,0.015214324
NK/DC,Pfkp,-0.007872105,-0.0051118135,0.0
NK/DC,Ywhaz,-0.030629277,-0.0058858395,0.0
NK/DC,Cryab,0.048345625,0.108629465,0.06028384
NK/DC,Csf1r,-0.0044742823,0.012317538,0.012317538
NK/DC,Cdc37,0.0015215874,0.0038568974,0.00233531
NK/DC,Hmox1,-0.015252709,-0.017810464,0.0
NK/DC,Mbnl1,-0.0039235353,0.0251714,0.0251714
NK/DC,Cmip,-0.01321435,-0.0017163754,0.0
NK/DC,Prrc2b,-0.0021512508,-0.0016144514,0.0
NK/DC,Fcgr2b,0.02981788,0.045056164,0.015238285
NK/DC,Vwf,0.005803585,0.030473113,0.024669528
NK/DC,Itgam,-0.018490434,0.008642912,0.008642912
NK/DC,Cst7,-0.02786231,0.04270327,0.04270327
NK/DC,Agpat3,0.010471463,0.008342743,-0.0021287203
NK/DC,Rtn4,-0.012685418,0.016657114,0.016657114
NK/DC,Pak2,0.0021466613,-0.0027143955,-0.0021466613
NK/DC,Rel,-0.04348278,0.01714623,0.01714623
NK/DC,Il21r,0.0049168468,0.017955363,0.013038516
NK/DC,Lgals9,0.004337013,0.01358676,0.009249747
NK/DC,Ptpn1,-0.19585705,0.007160604,0.007160604
NK/DC,Csde1,0.0043127537,0.007451713,0.0031389594
NK/DC,Cd53,0.0036104918,0.02176267,0.018152177
NK/DC,Mbd2,0.0007941723,-0.011878133,-0.0007941723
NK/DC,Mprip,-0.002171874,0.00077468157,0.00077468157
NK/DC,Cd4,0.09014022,0.121076226,0.030936003
NK/DC,Jpt1,-0.009956121,-0.0042785406,0.0
NK/DC,Col18a1,0.08087754,0.095155895,0.014278352
NK/DC,C4b,-0.098701,-0.010873914,0.0
NK/DC,H2afy,0.0024699569,-0.002980709,-0.0024699569
NK/DC,Gramd1b,-0.012200117,-0.0019336939,0.0
NK/DC,Prr5l,0.022943556,0.007044494,-0.015899062
NK/DC,Traf3ip3,-0.0041992664,0.030931234,0.030931234
NK/DC,Cd47,-0.020622253,-0.010897279,0.0
NK/DC,Gm2a,0.021430194,0.040365815,0.01893562
NK/DC,Itih5,-3.3489919,-0.042926073,0.0
NK/DC,Brd2,-0.00065898895,0.0058035254,0.0058035254
NK/DC,Stk4,-0.003795743,0.00066536665,0.00066536665
NK/DC,Dusp5,-0.071859956,0.012260377,0.012260377
NK/DC,Sqstm1,-0.003931761,-0.00064623356,0.0
NK/DC,Fam49b,0.00438565,-0.0048246384,-0.00438565
NK/DC,Cxcl10,-0.08830297,-0.039037466,0.0
NK/DC,Aldh1a2,0.022541761,0.043417454,0.020875692
NK/DC,Map4,-0.021376729,0.022230983,0.022230983
NK/DC,Ncor1,-0.0039941072,0.013224363,0.013224363
NK/DC,Bhlhe40,-0.016317725,0.009289265,0.009289265
NK/DC,Kmt2d,-0.0037825108,0.008925736,0.008925736
NK/DC,Tsc22d4,-0.0060842037,0.007966638,0.007966638
NK/DC,Polr2a,-0.0030540228,-0.0010815859,0.0
NK/DC,Lmnb1,-0.023903847,0.004101157,0.004101157
NK/DC,Atp2a2,0.0142893195,0.010831356,-0.0034579635
NK/DC,Elavl1,0.005812645,0.015628457,0.009815812
NK/DC,Lyst,-0.006674409,0.008417308,0.008417308
NK/DC,Atf4,-0.001926899,0.0029250383,0.0029250383
NK/DC,Nedd4,0.010651469,0.011927843,0.0012763739
NK/DC,Epb41,-0.044186354,0.007969141,0.007969141
NK/DC,Hip1r,0.014863312,0.032919228,0.018055916
NK/DC,Bin1,0.00087451935,0.00600034,0.0051258206
NK/DC,Dbnl,-0.011639237,-0.006687522,0.0
NK/DC,Cct8,-0.0056402683,0.013157904,0.013157904
NK/DC,Synpo2,-0.024715543,0.0176242,0.0176242
NK/DC,Ldha,-0.06672692,0.023354352,0.023354352
NK/DC,Dync1h1,-0.010925651,-0.00775671,0.0
NK/DC,Picalm,0.0027109385,0.0047358274,0.002024889
NK/DC,Nr4a3,0.00532645,0.008567691,0.003241241
NK/DC,Fam107b,-0.08209491,-0.0007690191,0.0
NK/DC,Ldb1,-0.0084712505,0.018066943,0.018066943
NK/DC,Srrm1,0.0027239919,-0.0025588274,-0.0027239919
NK/DC,Cd68,-0.041924715,-0.008175015,0.0
NK/DC,Aif1,0.0005379915,0.014920771,0.01438278
NK/DC,Myo1c,0.025124192,0.037888646,0.012764454
NK/DC,Etv6,0.003258288,0.016602099,0.013343811
NK/DC,Atp2a3,-0.0019146204,0.03847778,0.03847778
NK/DC,Sept9,-0.0039001703,0.008587897,0.008587897
NK/DC,Rnf10,-0.0032480955,0.0033923984,0.0033923984
NK/DC,Raf1,0.004298568,0.0031343102,-0.0011642575
NK/DC,Map1b,-0.0027639866,0.039345503,0.039345503
NK/DC,Ppp2r5c,-0.0064663887,-0.0032567978,0.0
NK/DC,Cd40,0.0033603907,0.01864022,0.0152798295
NK/DC,Pgk1,0.0056096315,0.0176332,0.012023568
NK/DC,Foxp1,-0.00816524,0.012849033,0.012849033
NK/DC,Acly,-0.00096189976,0.0011259913,0.0011259913
NK/DC,Trp53,-0.0044779778,0.0042750835,0.0042750835
NK/DC,Mta2,-0.0011299849,0.0047608614,0.0047608614
NK/DC,Ackr1,-0.031194687,0.0017145276,0.0017145276
NK/DC,Eomes,0.04819405,0.06232083,0.014126778
NK/DC,Prpf8,0.0070420504,0.009901583,0.0028595328
NK/DC,Arrb2,-0.0024440289,0.0012094378,0.0012094378
NK/DC,Spn,0.0021074414,0.024199188,0.022091746
NK/DC,App,0.012482107,0.035515845,0.023033738
NK/DC,Vav1,-0.0046157837,0.017039597,0.017039597
NK/DC,Epas1,0.0055577755,0.014925659,0.009367883
NK/DC,Cltc,-0.07539451,0.005348921,0.005348921
NK/DC,Fcgr3,-0.020540953,-0.020717978,0.0
NK/DC,Sec61a1,0.006425798,0.011665463,0.0052396655
NK/DC,Sh3bp4,-0.064002275,0.023646533,0.023646533
NK/DC,Kit,0.0035453439,0.015377998,0.0118326545
NK/DC,Gnb1,0.0088073015,0.0053158402,-0.0034914613
NK/DC,Izumo1r,0.055372953,0.06281388,0.0074409246
NK/DC,Maf,0.007858336,0.034367263,0.026508927
NK/DC,Cd82,-0.010376811,0.006374836,0.006374836
NK/DC,Hspa5,-0.0058398247,0.0036293268,0.0036293268
NK/DC,Utrn,-1.66893e-05,0.012493312,0.012493312
NK/DC,Gsdmd,-0.008659959,0.0013902783,0.0013902783
NK/DC,Oasl2,-0.08606231,-0.009886503,0.0
NK/DC,Sdhb,0.00097078085,-0.0032562017,-0.00097078085
NK/DC,Birc3,0.0014278293,0.0075283647,0.0061005354
NK/DC,Srebf2,-0.00738132,-0.0054022074,0.0
NK/DC,Padi2,0.037570536,0.1383295,0.10075897
NK/DC,Ikzf2,-0.064116955,-0.042422175,0.0
NK/DC,Ehmt2,-0.006598711,0.00210464,0.00210464
NK/DC,Tnfrsf14,-0.008965731,-0.005304098,0.0
NK/DC,Ptbp1,-0.023110986,-0.023579001,0.0
NK/DC,Fermt3,-0.0037542582,0.0015933514,0.0015933514
NK/DC,Pkp4,0.046461403,0.098232746,0.051771343
NK/DC,Bcl2l11,0.00316751,0.00500983,0.00184232
NK/DC,Ikzf1,0.00032669306,0.011721313,0.01139462
NK/DC,Rhoc,-0.0160079,0.012484074,0.012484074
NK/DC,Rara,-0.0055043697,-0.0028839111,0.0
NK/DC,Rgs3,0.01650858,0.076805055,0.060296476
NK/DC,Mef2d,-0.0025686026,0.012450278,0.012450278
NK/DC,Fam129a,-0.01563692,0.00022542477,0.00022542477
NK/DC,Litaf,-0.007533312,0.012896538,0.012896538
NK/DC,Notch2,0.0039609075,-0.002393484,-0.0039609075
NK/DC,Gtf2i,0.0025422573,0.004238367,0.0016961098
NK/DC,Cd80,0.003258884,0.036482036,0.033223152
NK/DC,Otud5,-0.002142787,-0.0032972097,0.0
NK/DC,Bcl6,-0.0024331808,-0.0024306774,0.0
NK/DC,Spop,-0.011235833,-0.0004887581,0.0
NK/DC,S1pr1,-0.030009627,0.02498573,0.02498573
NK/DC,Srsf1,-0.0011943579,-0.00088477135,0.0
NK/DC,Rbp1,0.046916664,0.10027397,0.053357303
NK/DC,Klk6,0.008431733,0.02903843,0.020606697
NK/DC,Cd6,0.057960868,0.08000326,0.022042394
NK/DC,Ppp2ca,0.00797683,0.0017602444,-0.0062165856
NK/DC,Jaml,0.0006625056,0.011038661,0.010376155
NK/DC,Irgm2,-0.049900055,-0.038066506,0.0
NK/DC,Prkcq,0.0013221502,0.033822954,0.032500803
NK/DC,Apaf1,-0.028161764,0.011303425,0.011303425
NK/DC,Cxcr6,-0.12593257,-0.003314972,0.0
NK/DC,Cbx3,-0.005808592,0.0073919296,0.0073919296
NK/DC,Csnk1d,-0.007754922,-0.008960605,0.0
NK/DC,Khdrbs1,0.0011312962,0.0046577454,0.0035264492
NK/DC,Kif1c,-0.0010896921,0.0059913397,0.0059913397
NK/DC,Bmp1,0.0014195442,0.03724438,0.035824835
NK/DC,Itpkb,-0.018816948,-0.0021624565,0.0
NK/DC,Snx5,-0.027873874,0.0007287264,0.0007287264
NK/DC,Lamc1,0.06894976,0.08313364,0.014183879
NK/DC,Cxcl9,-0.08355188,-0.011327982,0.0
NK/DC,Pitpnm1,-0.0022813082,0.0037400126,0.0037400126
NK/DC,A2m,0.011300683,0.037599683,0.026299
NK/DC,Lbr,-0.0222404,0.039747298,0.039747298
NK/DC,Sema4a,0.0059464574,0.015042126,0.009095669
NK/DC,Tmem173,-0.0005220175,-0.0041538477,0.0
NK/DC,Erbin,0.0001257062,0.01384598,0.013720274
NK/DC,Adamts14,0.037307262,0.06446844,0.027161181
NK/DC,Ap2b1,-0.0016207695,-0.0035854578,0.0
NK/DC,Thrap3,0.0020462275,0.0007406473,-0.0013055801
NK/DC,Ptk2b,0.002084136,0.02602756,0.023943424
NK/DC,Rbbp4,-0.00154984,0.0007584691,0.0007584691
NK/DC,Chil1,-0.031378627,-0.05052972,0.0
NK/DC,Pdgfrb,0.037100255,0.05587995,0.018779695
NK/DC,Pkn1,0.0061247945,0.005377412,-0.00074738264
NK/DC,Icosl,-0.059306383,0.0013167262,0.0013167262
NK/DC,Nosip,0.01399231,0.024427772,0.010435462
NK/DC,Cs,-0.01460588,-0.008964181,0.0
NK/DC,Fryl,-0.0018810034,0.0010790229,0.0010790229
NK/DC,Ncoa2,-0.014154911,-0.009829164,0.0
NK/DC,Rtn3,-0.020690799,-0.017253637,0.0
NK/DC,Lamtor4,0.0038535,-0.008339286,-0.0038535
NK/DC,Sirpa,-0.004140973,0.01368773,0.01368773
NK/DC,Aebp2,0.0020202994,0.0046218038,0.0026015043
NK/DC,Cyld,-0.0022495985,0.0051924586,0.0051924586
NK/DC,Igkc,-0.010168552,-0.020240068,0.0
NK/DC,Cmtm6,-0.0062087774,-0.0030308962,0.0
NK/DC,Sept6,-0.0016504526,0.020266294,0.020266294
NK/DC,Mylk,-0.00027871132,0.004413247,0.004413247
NK/DC,Hspd1,-0.004930496,0.010094285,0.010094285
NK/DC,Cldn11,-0.004240513,0.030783534,0.030783534
NK/DC,Nfat5,-0.0023323298,-0.006754756,0.0
NK/DC,Ppt1,-0.005650997,0.0048651695,0.0048651695
NK/DC,Arhgap31,-0.00221622,0.034354627,0.034354627
NK/DC,Dctn2,-0.0026685,-0.0040682554,0.0
NK/DC,Rbpj,-0.017631412,0.006083071,0.006083071
NK/DC,Stab1,0.0021716356,0.0019854307,-0.00018620491
NK/DC,Kif5b,0.0072413087,0.009918451,0.0026771426
NK/DC,Fasl,0.03936702,0.08585656,0.046489537
NK/DC,Sec24c,-0.0022124052,0.0008289814,0.0008289814
NK/DC,Trim28,-0.0024410486,-0.003037572,0.0
NK/DC,Capn1,-0.0004892349,0.00020158291,0.00020158291
NK/DC,Ankrd13a,-0.015018582,-0.004186511,0.0
NK/DC,Ncoa3,0.02186668,0.014093697,-0.007772982
NK/DC,Sod1,-0.008572817,-0.0027745962,0.0
NK/DC,Odc1,-0.018345594,0.0005232692,0.0005232692
NK/DC,Cdkn1b,-0.007165551,0.0041817427,0.0041817427
NK/DC,Canx,0.0054502487,0.007731378,0.0022811294
NK/DC,Plekhg2,0.012374401,0.01778555,0.005411148
NK/DC,Kmt2e,-0.006802082,-0.004250765,0.0
NK/DC,Ywhag,-0.005421996,-0.010935903,0.0
NK/DC,Ece1,-0.03199947,-0.0027110577,0.0
NK/DC,Isg15,-0.1140517,-0.064695954,0.0
NK/DC,Mef2a,-0.00204885,-0.00011765957,0.0
NK/DC,Il6st,0.010626614,0.027129948,0.016503334
NK/DC,Tpi1,-4.9471855e-05,0.018664181,0.018664181
NK/DC,Il18r1,-0.016581535,2.4914742e-05,2.4914742e-05
NK/DC,Eps15,-0.0010707378,-0.0086888075,0.0
NK/DC,Mapkapk2,0.0005232692,-0.0026313066,-0.0005232692
NK/DC,Tbx21,-0.05681503,0.070056856,0.070056856
NK/DC,Mast3,-0.01382041,0.02054429,0.02054429
NK/DC,Ctla4,-0.0065569878,0.018992841,0.018992841
NK/DC,Abca7,-0.002678275,-0.0045068264,0.0
NK/DC,Eif4a3,-0.0036666393,-0.0045496225,0.0
NK/DC,Coro1c,-0.0150283575,-0.0070337057,0.0
NK/DC,Gpr183,0.009375393,0.015278816,0.005903423
NK/DC,Irf5,-0.0026650429,0.022447765,0.022447765
NK/DC,Cyfip1,0.0014768839,0.014235854,0.01275897
NK/DC,Acod1,-0.049529195,-0.0046693087,0.0
NK/DC,Kdm6b,-0.006101489,0.00490582,0.00490582
NK/DC,Icos,0.02520752,0.057284355,0.032076836
NK/DC,Sdha,-0.0063136816,-0.007138133,0.0
NK/DC,Flt3,0.0059145093,0.0367139,0.030799389
NK/DC,Cd48,-0.012316227,0.002087891,0.002087891
NK/DC,Diaph1,-0.013657212,0.0107463,0.0107463
NK/DC,Caprin1,-0.0015246868,-0.0010665655,0.0
NK/DC,Hnrnph1,-0.003626585,-0.00668931,0.0
NK/DC,Cd3g,0.008131921,0.04572165,0.03758973
NK/DC,Cct7,-0.0007021427,0.0010796785,0.0010796785
NK/DC,Sel1l,0.0011472106,-0.015324354,-0.0011472106
NK/DC,Sgk1,0.0094257,0.010324955,0.0008992553
NK/DC,Gpi1,-0.0015515089,-0.0003451109,0.0
NK/DC,Tsc22d3,-0.013716221,0.0015411377,0.0015411377
NK/DC,Serpine2,0.001488626,0.021450162,0.019961536
NK/DC,Asap1,0.02330625,0.008766174,-0.014540076
NK/DC,Atp6v1b2,-0.008074403,-0.008406043,0.0
NK/DC,Ctdsp1,-0.0016803741,-0.003789544,0.0
NK/DC,Rassf5,-0.0037931204,0.012634814,0.012634814
NK/DC,Adam10,-0.0015715361,-0.0050234795,0.0
NK/DC,Eif4g1,-0.001972556,0.0010640621,0.0010640621
NK/DC,Hexa,-0.10198355,-0.059200406,0.0
NK/DC,Ddx6,-0.0069562197,-0.0065642595,0.0
NK/DC,Ppp2r1a,0.0030369163,0.0021594167,-0.0008774996
NK/DC,Tgfb1,-0.0057229996,0.0021014214,0.0021014214
NK/DC,Hivep2,-0.0013362169,0.015298605,0.015298605
NK/DC,Stat6,-0.00089144707,0.0005521178,0.0005521178
NK/DC,Ptpa,0.003571272,0.0020827055,-0.0014885664
NK/DC,Mta3,-0.0016276836,0.018047452,0.018047452
NK/DC,Srsf4,-0.008323908,-0.0092333555,0.0
NK/DC,Pim2,-0.0846262,0.029229224,0.029229224
NK/DC,Abi1,-0.0014265776,-0.003685236,0.0
NK/DC,Lum,0.03941363,0.05203837,0.012624741
NK/DC,Bax,-0.0058493614,-0.0037977695,0.0
NK/DC,Trpv2,0.0017291903,0.0056663156,0.003937125
NK/DC,Tln1,-0.0045497417,-0.0055775642,0.0
NK/DC,Col6a2,0.017627597,0.017270684,-0.0003569126
NK/DC,Axl,0.0039874315,0.01786071,0.013873279
NK/DC,Plxnc1,-0.0010757446,0.005996108,0.005996108
NK/DC,Gnai3,-0.009730816,-0.0052167177,0.0
NK/DC,Fli1,0.0036855936,0.026302993,0.0226174
NK/DC,Rab8a,-0.0017356873,-0.0027663708,0.0
NK/DC,Nfkbib,-0.00679183,0.014154851,0.014154851
NK/DC,Gsk3a,0.002593398,0.00435704,0.0017636418
NK/DC,Vps28,-0.0025675297,-0.004082918,0.0
NK/DC,Traf2,-0.0036916733,-0.0021772385,0.0
NK/DC,Unc93b1,-0.010418057,-0.009926915,0.0
NK/DC,Kmt2a,-0.0012842417,0.0076747537,0.0076747537
NK/DC,Hsph1,-0.020313382,-0.08376253,0.0
NK/DC,Irgm1,-0.06208229,-0.028379321,0.0
NK/DC,Cd8b1,-0.01802659,-0.0022580624,0.0
NK/DC,Cct3,-0.0022181273,-0.00906682,0.0
NK/DC,Cd200,0.01706785,0.031626225,0.014558375
NK/DC,Pink1,0.022416174,0.040465474,0.0180493
NK/DC,Cul3,-0.013012528,-0.009583592,0.0
NK/DC,Riok3,0.012981951,4.708767e-05,-0.012934864
NK/DC,Klra8,0.02019775,0.029593706,0.009395957
NK/DC,Rab37,0.027991474,0.068921566,0.040930092
NK/DC,Adipor1,-0.00048434734,0.0003722906,0.0003722906
NK/DC,Inpp5b,-0.004158497,-0.0029095411,0.0
NK/DC,Tgfbr2,0.0017427802,0.008079648,0.006336868
NK/DC,Kmt2b,-0.009008408,0.008131146,0.008131146
NK/DC,Cic,-0.002557993,-0.0026128292,0.0
NK/DC,S100b,0.06066537,0.09244722,0.031781852
NK/DC,Spon1,-0.00039112568,0.01482749,0.01482749
NK/DC,Supt5,-0.002604127,-0.0023610592,0.0
NK/DC,Def6,-0.0008392334,0.01927793,0.01927793
NK/DC,Pfkl,-0.0042182207,0.0010419488,0.0010419488
NK/DC,Nfatc3,-0.009501457,-0.0014545918,0.0
NK/DC,Cd244a,-0.0074254274,0.10361165,0.10361165
