cell_type,feature,n_animals,median_diff,frac_pos,p,q,family,coherence
Astrocyte,bnd_cyto_mean,19,0.05719766,0.631578947368421,0.5412178039550781,0.8699647524155601,intensity: cyto,0.4924258942266299
Astrocyte,bnd_cyto_p90,19,-0.09347808,0.47368421052631576,0.6225624084472656,0.9018782383419689,intensity: cyto,0.6122296334819831
Astrocyte,bnd_glcm_asm,19,-0.00695166,0.42105263157894735,0.6507492065429688,0.9050369738937168,texture (Haralick),0.506152282676083
Astrocyte,bnd_glcm_contrast,19,0.03205751,0.631578947368421,0.18186569213867188,0.5706996649083956,texture (Haralick),0.515454545013982
Astrocyte,bnd_glcm_correlation,19,-0.047833323,0.3684210526315789,0.18186569213867188,0.5706996649083956,texture (Haralick),0.5778105527452215
Astrocyte,bnd_glcm_entropy,19,0.038550008,0.631578947368421,0.5948867797851562,0.9018782383419689,texture (Haralick),0.4487391436777447
Astrocyte,bnd_glcm_homogeneity,19,-0.0216119,0.3684210526315789,0.5412178039550781,0.8699647524155601,texture (Haralick),0.4813702903892252
Astrocyte,bnd_nuc_mean,19,-0.004686337,0.47368421052631576,0.4653167724609375,0.8099420070648193,intensity: nuc,0.6409914627093951
Astrocyte,bnd_nuc_p90,19,0.052261963,0.5789473684210527,0.3320655822753906,0.683772751672431,intensity: nuc,0.3839704203413701
Astrocyte,bnd_polarity_nuc,19,-0.006947264,0.42105263157894735,0.8287849426269531,0.9732592927307642,polarity,0.08711896034077408
Astrocyte,bnd_polarity_shape,19,-0.023020461,0.47368421052631576,0.70855712890625,0.9374496931134947,polarity,0.1500543460130743
Astrocyte,bnd_radial_b0,19,0.0061897114,0.5263157894736842,0.5948867797851562,0.9018782383419689,radial profile,0.12293146000011412
Astrocyte,bnd_radial_b1,19,0.023428246,0.5789473684210527,0.8287849426269531,0.9732592927307642,radial profile,0.16706694268443598
Astrocyte,bnd_radial_b2,19,0.0048162676,0.5263157894736842,0.9529838562011719,1.0,radial profile,0.17518246925911773
Astrocyte,bnd_radial_b3,19,-0.004924275,0.47368421052631576,0.4413337707519531,0.7841241158176647,radial profile,0.10603478408692704
Astrocyte,bnd_radial_b4,19,-0.008121967,0.47368421052631576,0.9217147827148438,0.9951717435509713,radial profile,0.24604860065318723
Astrocyte,bnd_rim_mean,19,0.064909995,0.631578947368421,0.5948867797851562,0.9018782383419689,intensity: rim,0.4799338722505219
Astrocyte,bnd_rim_over_ring,19,-0.0047822893,0.47368421052631576,0.9843215942382812,1.0,membrane ratio,0.3899198315290231
Astrocyte,bnd_rim_p90,19,-0.08007364,0.47368421052631576,0.6225624084472656,0.9018782383419689,intensity: rim,0.6062564415624406
Astrocyte,bnd_ring_mean,19,0.015442569,0.5789473684210527,0.2753410339355469,0.6587925079280633,intensity: ring,0.31160894500092245
Astrocyte,bnd_ring_p90,19,-0.016352978,0.42105263157894735,0.8595733642578125,0.9811114014172163,intensity: ring,0.6037397570438838
Astrocyte,bnd_terr_mean,19,0.027361412,0.5789473684210527,0.3524589538574219,0.7049179077148438,intensity: terr,0.2849539350457242
Astrocyte,bnd_terr_p90,19,-0.02123728,0.42105263157894735,0.76800537109375,0.9580716499422592,intensity: terr,0.6543941564790761
Astrocyte,dapi_cyto_mean,19,-0.018220568,0.47368421052631576,0.8595733642578125,0.9811114014172163,intensity: cyto,0.24643803523973398
Astrocyte,dapi_cyto_p90,19,-0.015502624,0.47368421052631576,0.7982521057128906,0.9711641630901288,intensity: cyto,0.2504831970276966
Astrocyte,dapi_glcm_asm,19,0.017777743,0.6842105263157895,0.24125289916992188,0.6305193670864763,texture (Haralick),0.08993666465048343
Astrocyte,dapi_glcm_contrast,19,-0.016591042,0.3684210526315789,0.5412178039550781,0.8699647524155601,texture (Haralick),0.15990000357105374
Astrocyte,dapi_glcm_correlation,19,0.011838362,0.5789473684210527,0.8905677795410156,0.9815601694817636,texture (Haralick),0.15950177779174127
Astrocyte,dapi_glcm_entropy,19,-0.017769009,0.3157894736842105,0.14468765258789062,0.5133186145952553,texture (Haralick),0.10448644734578137
Astrocyte,dapi_glcm_homogeneity,19,0.023439206,0.6842105263157895,0.3320655822753906,0.683772751672431,texture (Haralick),0.13690179943404626
Astrocyte,dapi_nuc_mean,19,0.045559533,0.5263157894736842,0.7380905151367188,0.952761105286564,intensity: nuc,0.4266247785549991
Astrocyte,dapi_nuc_p90,19,0.0316625,0.5789473684210527,0.6225624084472656,0.9018782383419689,intensity: nuc,0.40617138177540824
Astrocyte,dapi_polarity_nuc,19,0.0134770125,0.5263157894736842,0.8905677795410156,0.9815601694817636,polarity,0.11339391208355289
Astrocyte,dapi_polarity_shape,19,-0.00091137737,0.47368421052631576,1.0,1.0,polarity,0.03930221484256703
Astrocyte,dapi_radial_b0,19,-0.009744611,0.42105263157894735,0.7380905151367188,0.952761105286564,radial profile,0.04980708463088474
Astrocyte,dapi_radial_b1,19,-0.0024083126,0.47368421052631576,0.76800537109375,0.9580716499422592,radial profile,0.09892852267875261
Astrocyte,dapi_radial_b2,19,0.033770576,0.5789473684210527,0.312408447265625,0.6707610789980732,radial profile,0.08914829689054046
Astrocyte,dapi_radial_b3,19,0.009103801,0.5263157894736842,0.5948867797851562,0.9018782383419689,radial profile,0.06512176582191459
Astrocyte,dapi_radial_b4,19,0.008121911,0.5263157894736842,0.9217147827148438,0.9951717435509713,radial profile,0.18311747544818188
Astrocyte,dapi_rim_mean,19,0.019423205,0.631578947368421,0.4180412292480469,0.7646928232878887,intensity: rim,0.2294866862115104
Astrocyte,dapi_rim_over_ring,19,0.042003524,0.5789473684210527,0.48996734619140625,0.8307817711677725,membrane ratio,0.12045460055309912
Astrocyte,dapi_rim_p90,19,0.023687422,0.7368421052631579,0.168792724609375,0.5530443976907169,intensity: rim,0.2196924937095924
Astrocyte,dapi_ring_mean,19,-0.005762428,0.47368421052631576,0.4180412292480469,0.7646928232878887,intensity: ring,0.1778968863494118
Astrocyte,dapi_ring_p90,19,-0.02747257,0.3157894736842105,0.312408447265625,0.6707610789980732,intensity: ring,0.20591643524251463
Astrocyte,dapi_terr_mean,19,0.012683425,0.5789473684210527,0.8287849426269531,0.9732592927307642,intensity: terr,0.17897429403826012
Astrocyte,dapi_terr_p90,19,-0.019159464,0.42105263157894735,0.9843215942382812,1.0,intensity: terr,0.25620575835697196
Astrocyte,morph_cell_area_um2,19,0.0037419896,0.5263157894736842,0.8595733642578125,0.9811114014172163,morphology,0.41804881000644245
Astrocyte,morph_cell_circularity,19,-0.017062642,0.42105263157894735,0.9843215942382812,1.0,morphology,0.13822398518298148
Astrocyte,morph_cell_eccentricity,19,0.05064667,0.6842105263157895,0.1336212158203125,0.48965142902575043,morphology,0.06937939569268253
Astrocyte,morph_cell_major_um,19,0.016796988,0.5789473684210527,0.9843215942382812,1.0,morphology,0.257457131867132
Astrocyte,morph_cell_minor_um,19,0.0001020059,0.5263157894736842,0.6794281005859375,0.918547213656231,morphology,0.3142569432137189
Astrocyte,morph_cell_perimeter_um,19,0.00093662366,0.5263157894736842,0.70855712890625,0.9374496931134947,morphology,0.36705483256646443
Astrocyte,morph_cell_solidity,19,-0.012130991,0.42105263157894735,0.9217147827148438,0.9951717435509713,morphology,0.1187773398428648
Astrocyte,morph_nuc_area_um2,19,0.032772485,0.631578947368421,0.4180412292480469,0.7646928232878887,morphology,0.2708931199065043
Astrocyte,morph_nuc_cell_ratio,19,0.015918296,0.7368421052631579,0.24125289916992188,0.6305193670864763,morphology,0.1849869325750555
Astrocyte,morph_nuc_eccentricity,19,-0.020565864,0.42105263157894735,0.3320655822753906,0.683772751672431,morphology,0.0904409446764902
Astrocyte,morph_nuc_perimeter_um,19,-0.008564832,0.47368421052631576,0.6794281005859375,0.918547213656231,morphology,0.2495035527354162
Astrocyte,morph_nuc_solidity,19,0.032817774,0.6842105263157895,0.25792694091796875,0.6427977901177119,morphology,0.23373585218026907
Astrocyte,nuc_offset,19,-0.0019450784,0.47368421052631576,0.8287849426269531,0.9732592927307642,morphology,0.05445640624278675
Astrocyte,r18s_cyto_mean,19,-0.030450985,0.47368421052631576,0.8905677795410156,0.9815601694817636,intensity: cyto,0.38512674059170443
Astrocyte,r18s_cyto_p90,19,0.018061891,0.5263157894736842,0.9529838562011719,1.0,intensity: cyto,0.36850055658326736
Astrocyte,r18s_glcm_asm,19,0.019361421,0.631578947368421,0.4180412292480469,0.7646928232878887,texture (Haralick),0.14901895483380148
Astrocyte,r18s_glcm_contrast,19,-0.0068458915,0.42105263157894735,0.8595733642578125,0.9811114014172163,texture (Haralick),0.11863520037279607
Astrocyte,r18s_glcm_correlation,19,-0.009402515,0.47368421052631576,0.6507492065429688,0.9050369738937168,texture (Haralick),0.17035088288250616
Astrocyte,r18s_glcm_entropy,19,-0.008488685,0.47368421052631576,0.6507492065429688,0.9050369738937168,texture (Haralick),0.09285539597236096
Astrocyte,r18s_glcm_homogeneity,19,-0.0042587603,0.47368421052631576,0.8905677795410156,0.9815601694817636,texture (Haralick),0.09882405465271227
Astrocyte,r18s_nuc_mean,19,-0.017164215,0.42105263157894735,0.8905677795410156,0.9815601694817636,intensity: nuc,0.3149295860221881
Astrocyte,r18s_nuc_p90,19,0.025756948,0.5263157894736842,0.9843215942382812,1.0,intensity: nuc,0.29277228636455394
Astrocyte,r18s_polarity_nuc,19,-0.012338661,0.42105263157894735,0.6794281005859375,0.918547213656231,polarity,0.034899513307136094
Astrocyte,r18s_polarity_shape,19,-0.034082882,0.3684210526315789,0.48996734619140625,0.8307817711677725,polarity,0.03348588547393416
Astrocyte,r18s_radial_b0,19,0.013228521,0.5789473684210527,0.8287849426269531,0.9732592927307642,radial profile,0.05976236691424282
Astrocyte,r18s_radial_b1,19,0.0066080242,0.5263157894736842,0.9217147827148438,0.9951717435509713,radial profile,0.08501945265017731
Astrocyte,r18s_radial_b2,19,-0.013598414,0.3684210526315789,0.76800537109375,0.9580716499422592,radial profile,0.09174009556750931
Astrocyte,r18s_radial_b3,19,0.008344596,0.5263157894736842,0.8595733642578125,0.9811114014172163,radial profile,0.11604527377899711
Astrocyte,r18s_radial_b4,19,0.026366137,0.5789473684210527,1.0,1.0,radial profile,0.15316165770469387
Astrocyte,r18s_rim_mean,19,-0.020205468,0.47368421052631576,0.9843215942382812,1.0,intensity: rim,0.3848905760130189
Astrocyte,r18s_rim_over_ring,19,0.03846208,0.5789473684210527,0.9843215942382812,1.0,membrane ratio,0.2193596988643452
Astrocyte,r18s_rim_p90,19,-0.0018988699,0.47368421052631576,0.8595733642578125,0.9811114014172163,intensity: rim,0.35649845004927666
Astrocyte,r18s_ring_mean,19,-0.03322372,0.42105263157894735,0.8287849426269531,0.9732592927307642,intensity: ring,0.2848204426952561
Astrocyte,r18s_ring_p90,19,0.009285934,0.5263157894736842,0.8287849426269531,0.9732592927307642,intensity: ring,0.17409624681713115
Astrocyte,r18s_terr_mean,19,0.025139991,0.5263157894736842,0.5152778625488281,0.8529265065072728,intensity: terr,0.22537114605039127
Astrocyte,r18s_terr_p90,19,0.010392711,0.5263157894736842,0.8595733642578125,0.9811114014172163,intensity: terr,0.14311527783176528
Astrocyte,smavim_cyto_mean,19,-0.064704835,0.3684210526315789,0.4653167724609375,0.8099420070648193,intensity: cyto,0.40025628023939724
Astrocyte,smavim_cyto_p90,19,-0.068933025,0.3684210526315789,0.5412178039550781,0.8699647524155601,intensity: cyto,0.4690518368940764
Astrocyte,smavim_glcm_asm,19,-0.018298067,0.3684210526315789,0.7380905151367188,0.952761105286564,texture (Haralick),0.41315233512382776
Astrocyte,smavim_glcm_contrast,19,0.039714973,0.5789473684210527,0.9217147827148438,0.9951717435509713,texture (Haralick),0.2234458055352816
Astrocyte,smavim_glcm_correlation,19,0.012200745,0.5789473684210527,0.70855712890625,0.9374496931134947,texture (Haralick),0.4018518998057098
Astrocyte,smavim_glcm_entropy,19,0.033635177,0.631578947368421,0.6794281005859375,0.918547213656231,texture (Haralick),0.42260927750118005
Astrocyte,smavim_glcm_homogeneity,19,-0.02687852,0.47368421052631576,0.8595733642578125,0.9811114014172163,texture (Haralick),0.3688120869339619
Astrocyte,smavim_nuc_mean,19,-0.019964412,0.47368421052631576,0.8905677795410156,0.9815601694817636,intensity: nuc,0.3792214628284005
Astrocyte,smavim_nuc_p90,19,0.01557764,0.5263157894736842,0.7380905151367188,0.952761105286564,intensity: nuc,0.298920480001618
Astrocyte,smavim_polarity_nuc,19,-0.025712121,0.47368421052631576,0.76800537109375,0.9580716499422592,polarity,0.07116756841611221
Astrocyte,smavim_polarity_shape,19,0.00029391795,0.5263157894736842,0.4413337707519531,0.7841241158176647,polarity,0.11206814507968213
Astrocyte,smavim_radial_b0,19,-0.004613016,0.47368421052631576,0.70855712890625,0.9374496931134947,radial profile,0.07040460352732705
Astrocyte,smavim_radial_b1,19,-0.016587768,0.2631578947368421,0.1956329345703125,0.5827141420088987,radial profile,0.0866455817511844
Astrocyte,smavim_radial_b2,19,-0.013447195,0.42105263157894735,0.312408447265625,0.6707610789980732,radial profile,0.052970419224720636
Astrocyte,smavim_radial_b3,19,-0.0395785,0.42105263157894735,0.8905677795410156,0.9815601694817636,radial profile,0.05251840320677117
Astrocyte,smavim_radial_b4,19,0.01888581,0.631578947368421,0.4413337707519531,0.7841241158176647,radial profile,0.082081240906693
Astrocyte,smavim_rim_mean,19,-0.035528183,0.3684210526315789,0.4413337707519531,0.7841241158176647,intensity: rim,0.3882052550804882
Astrocyte,smavim_rim_over_ring,19,0.0026216246,0.5263157894736842,0.70855712890625,0.9374496931134947,membrane ratio,0.19041790621301455
Astrocyte,smavim_rim_p90,19,-0.058742628,0.3157894736842105,0.5152778625488281,0.8529265065072728,intensity: rim,0.46101076478840086
Astrocyte,smavim_ring_mean,19,-0.013807733,0.47368421052631576,0.4653167724609375,0.8099420070648193,intensity: ring,0.2536454075043326
Astrocyte,smavim_ring_p90,19,-0.010127924,0.3684210526315789,0.4180412292480469,0.7646928232878887,intensity: ring,0.3168979802957194
Astrocyte,smavim_terr_mean,19,-0.025481028,0.3157894736842105,0.21011734008789062,0.5955997884425195,intensity: terr,0.2303734501258542
Astrocyte,smavim_terr_p90,19,-0.038677536,0.3684210526315789,0.6225624084472656,0.9018782383419689,intensity: terr,0.35091927154524016
DC,bnd_cyto_mean,5,-0.31021625,0.2,0.125,0.4736394557823129,intensity: cyto,0.5802230766297861
DC,bnd_cyto_p90,5,-0.49374872,0.2,0.125,0.4736394557823129,intensity: cyto,0.5937780851850644
DC,bnd_glcm_asm,5,0.14671485,0.8,0.125,0.4736394557823129,texture (Haralick),0.4857987528756545
DC,bnd_glcm_contrast,5,0.14972682,1.0,0.0625,0.3552295918367347,texture (Haralick),0.45207465138437786
DC,bnd_glcm_correlation,5,-0.39053693,0.0,0.0625,0.3552295918367347,texture (Haralick),0.5321924601266536
DC,bnd_glcm_entropy,5,-0.16509321,0.2,0.125,0.4736394557823129,texture (Haralick),0.4008443754833352
DC,bnd_glcm_homogeneity,5,0.03203565,0.6,0.625,0.9018782383419689,texture (Haralick),0.35679480558779336
DC,bnd_nuc_mean,5,0.31017038,0.8,0.1875,0.5716366341443566,intensity: nuc,0.6817971486164878
DC,bnd_nuc_p90,5,-0.0050491616,0.4,1.0,1.0,intensity: nuc,0.5195156999131472
DC,bnd_polarity_nuc,5,-0.19429173,0.4,0.3125,0.6707610789980732,polarity,0.06784486001581273
DC,bnd_polarity_shape,5,-0.07821742,0.2,0.1875,0.5716366341443566,polarity,0.10975731040307105
DC,bnd_radial_b0,5,0.09331011,0.6,0.4375,0.7841241158176647,radial profile,0.1473780204976365
DC,bnd_radial_b1,5,0.15367746,0.6,1.0,1.0,radial profile,0.1660529238101898
DC,bnd_radial_b2,5,0.052220702,0.6,0.8125,0.9711641630901288,radial profile,0.13541339051554616
DC,bnd_radial_b3,5,-0.061150905,0.4,1.0,1.0,radial profile,0.07762861782087428
DC,bnd_radial_b4,5,-0.15097333,0.4,1.0,1.0,radial profile,0.22766781856005983
DC,bnd_rim_mean,5,-0.18858469,0.2,0.1875,0.5716366341443566,intensity: rim,0.597029424829695
DC,bnd_rim_p90,5,-0.47844642,0.2,0.125,0.4736394557823129,intensity: rim,0.5941465451740587
DC,dapi_cyto_mean,5,0.33169267,1.0,0.0625,0.3552295918367347,intensity: cyto,0.4174318861391384
DC,dapi_cyto_p90,5,0.3685464,1.0,0.0625,0.3552295918367347,intensity: cyto,0.4146901687720635
DC,dapi_glcm_asm,5,0.117025495,0.8,0.125,0.4736394557823129,texture (Haralick),0.1499072303098493
DC,dapi_glcm_contrast,5,-0.116616994,0.2,0.3125,0.6707610789980732,texture (Haralick),0.20545512821774956
DC,dapi_glcm_correlation,5,0.127692,0.6,0.625,0.9018782383419689,texture (Haralick),0.15612185958848848
DC,dapi_glcm_entropy,5,-0.14977267,0.2,0.125,0.4736394557823129,texture (Haralick),0.15488392022031516
DC,dapi_glcm_homogeneity,5,0.07219202,0.8,0.3125,0.6707610789980732,texture (Haralick),0.18544990782932963
DC,dapi_nuc_mean,5,0.25749502,1.0,0.0625,0.3552295918367347,intensity: nuc,0.4339293900819977
DC,dapi_nuc_p90,5,0.225714,1.0,0.0625,0.3552295918367347,intensity: nuc,0.41123679026538584
DC,dapi_polarity_nuc,5,0.06949922,0.6,0.3125,0.6707610789980732,polarity,0.06993397863068235
DC,dapi_polarity_shape,5,-0.11503515,0.2,0.125,0.4736394557823129,polarity,0.04037398689702782
DC,dapi_radial_b0,5,-0.122992516,0.2,0.3125,0.6707610789980732,radial profile,0.13120611976596658
DC,dapi_radial_b1,5,-0.075833656,0.4,0.625,0.9018782383419689,radial profile,0.18973403986619966
DC,dapi_radial_b2,5,-0.23501688,0.2,0.4375,0.7841241158176647,radial profile,0.19010788364341447
DC,dapi_radial_b3,5,-0.07903933,0.4,1.0,1.0,radial profile,0.05845102803121573
DC,dapi_radial_b4,5,0.1609823,0.6,0.4375,0.7841241158176647,radial profile,0.27872903878581184
DC,dapi_rim_mean,5,0.27007812,1.0,0.0625,0.3552295918367347,intensity: rim,0.39331080557968306
DC,dapi_rim_p90,5,0.26031587,0.8,0.125,0.4736394557823129,intensity: rim,0.3238021230075886
DC,morph_cell_area_um2,5,-0.15477319,0.2,0.1875,0.5716366341443566,morphology,0.44780610820035904
DC,morph_cell_circularity,5,-0.065945774,0.4,1.0,1.0,morphology,0.08740221378393115
DC,morph_cell_eccentricity,5,0.065929905,0.6,0.8125,0.9711641630901288,morphology,0.026097985395243092
DC,morph_cell_major_um,5,-0.11704669,0.4,0.3125,0.6707610789980732,morphology,0.33900121643191106
DC,morph_cell_minor_um,5,-0.12377328,0.2,0.3125,0.6707610789980732,morphology,0.36034008024030056
DC,morph_cell_perimeter_um,5,-0.16268511,0.2,0.1875,0.5716366341443566,morphology,0.41640310248712903
DC,morph_cell_solidity,5,-0.108417645,0.4,0.8125,0.9711641630901288,morphology,0.1028337741125345
DC,morph_nuc_area_um2,5,0.005836837,0.6,1.0,1.0,morphology,0.36722323168107174
DC,morph_nuc_cell_ratio,5,0.1429691,0.8,0.125,0.4736394557823129,morphology,0.15386853311613286
DC,morph_nuc_eccentricity,5,-0.048721045,0.4,0.8125,0.9711641630901288,morphology,0.06430091733387237
DC,morph_nuc_perimeter_um,5,0.022681698,0.6,0.8125,0.9711641630901288,morphology,0.31995233007605534
DC,morph_nuc_solidity,5,-0.107926995,0.4,0.8125,0.9711641630901288,morphology,0.1829965676662891
DC,nuc_offset,5,-0.04366986,0.2,0.125,0.4736394557823129,morphology,0.06385485850855797
DC,r18s_cyto_mean,5,0.4142355,1.0,0.0625,0.3552295918367347,intensity: cyto,0.47646276818219085
DC,r18s_cyto_p90,5,0.32357353,1.0,0.0625,0.3552295918367347,intensity: cyto,0.4954259092513059
DC,r18s_glcm_asm,5,-0.20785049,0.2,0.1875,0.5716366341443566,texture (Haralick),0.13728540540414608
DC,r18s_glcm_contrast,5,-0.051229443,0.4,0.625,0.9018782383419689,texture (Haralick),0.09854357077036517
DC,r18s_glcm_correlation,5,0.20061582,1.0,0.0625,0.3552295918367347,texture (Haralick),0.1252607252758092
DC,r18s_glcm_entropy,5,0.2031002,0.8,0.4375,0.7841241158176647,texture (Haralick),0.09421501088198962
DC,r18s_glcm_homogeneity,5,-0.083100855,0.2,0.625,0.9018782383419689,texture (Haralick),0.07983158949713492
DC,r18s_nuc_mean,5,0.21859905,1.0,0.0625,0.3552295918367347,intensity: nuc,0.3929748353794436
DC,r18s_nuc_p90,5,0.15804777,1.0,0.0625,0.3552295918367347,intensity: nuc,0.4137945192239737
DC,r18s_polarity_nuc,5,-0.024107432,0.4,1.0,1.0,polarity,0.06772467235247051
DC,r18s_polarity_shape,5,0.032982748,0.6,1.0,1.0,polarity,0.019478420257431232
DC,r18s_radial_b0,5,-0.06986858,0.4,0.8125,0.9711641630901288,radial profile,0.0818186246918028
DC,r18s_radial_b1,5,-0.04934941,0.4,0.4375,0.7841241158176647,radial profile,0.08191760661349123
DC,r18s_radial_b2,5,-0.19881552,0.0,0.0625,0.3552295918367347,radial profile,0.11054405422026733
DC,r18s_radial_b3,5,-0.3488155,0.2,0.1875,0.5716366341443566,radial profile,0.16115036347288544
DC,r18s_radial_b4,5,0.26847816,1.0,0.0625,0.3552295918367347,radial profile,0.18167256786699557
DC,r18s_rim_mean,5,0.37661585,1.0,0.0625,0.3552295918367347,intensity: rim,0.4879738302000575
DC,r18s_rim_p90,5,0.30301616,1.0,0.0625,0.3552295918367347,intensity: rim,0.5132317112037983
DC,smavim_cyto_mean,5,-0.06797904,0.4,0.625,0.9018782383419689,intensity: cyto,0.5057853366522675
DC,smavim_cyto_p90,5,-0.017256454,0.4,0.625,0.9018782383419689,intensity: cyto,0.6020217588698805
DC,smavim_glcm_asm,5,0.16569811,0.6,0.8125,0.9711641630901288,texture (Haralick),0.48460718718155943
DC,smavim_glcm_contrast,5,-0.28881127,0.4,0.3125,0.6707610789980732,texture (Haralick),0.12275556917052459
DC,smavim_glcm_correlation,5,0.1479466,0.6,0.625,0.9018782383419689,texture (Haralick),0.3779811204572305
DC,smavim_glcm_entropy,5,-0.1516709,0.4,1.0,1.0,texture (Haralick),0.4661768375805195
DC,smavim_glcm_homogeneity,5,0.17444631,0.6,0.625,0.9018782383419689,texture (Haralick),0.40198979866581913
DC,smavim_nuc_mean,5,0.1117582,0.8,0.4375,0.7841241158176647,intensity: nuc,0.5253560833721298
DC,smavim_nuc_p90,5,-0.14541829,0.4,0.8125,0.9711641630901288,intensity: nuc,0.47986052243264987
DC,smavim_polarity_nuc,5,-0.11233431,0.4,0.4375,0.7841241158176647,polarity,0.08561065239864811
DC,smavim_polarity_shape,5,0.048827894,0.6,0.8125,0.9711641630901288,polarity,0.12465700037308146
DC,smavim_radial_b0,5,-0.13372286,0.4,0.8125,0.9711641630901288,radial profile,0.07254541637314557
DC,smavim_radial_b1,5,-0.18983999,0.4,0.3125,0.6707610789980732,radial profile,0.08529656029902147
DC,smavim_radial_b2,5,-0.22926082,0.2,0.1875,0.5716366341443566,radial profile,0.0708962300296437
DC,smavim_radial_b3,5,-0.16378215,0.2,0.625,0.9018782383419689,radial profile,0.12135918826290992
DC,smavim_radial_b4,5,0.1734694,0.8,0.3125,0.6707610789980732,radial profile,0.1260766072321614
DC,smavim_rim_mean,5,-0.023127675,0.4,1.0,1.0,intensity: rim,0.5238197195764638
DC,smavim_rim_p90,5,-0.059225634,0.4,0.625,0.9018782383419689,intensity: rim,0.6089217494940491
Endothelial,bnd_cyto_mean,22,-0.014726885,0.5,0.46277761459350586,0.8099420070648193,intensity: cyto,0.5711347826896392
Endothelial,bnd_cyto_p90,22,-0.15705168,0.2727272727272727,0.030117511749267578,0.26418037865105576,intensity: cyto,0.5790576095263245
Endothelial,bnd_glcm_asm,22,-0.07852171,0.3181818181818182,0.5660676956176758,0.8946041878750166,texture (Haralick),0.5001945613439912
Endothelial,bnd_glcm_contrast,22,0.051915184,0.5909090909090909,0.8237285614013672,0.9732592927307642,texture (Haralick),0.5493285454979514
Endothelial,bnd_glcm_correlation,22,-0.06041425,0.45454545454545453,0.8485937118530273,0.9811114014172163,texture (Haralick),0.6099148439985493
Endothelial,bnd_glcm_entropy,22,0.0796835,0.5909090909090909,0.6327285766601562,0.9050369738937168,texture (Haralick),0.42407434445686654
Endothelial,bnd_glcm_homogeneity,22,-0.0531986,0.4090909090909091,0.7023849487304688,0.9374496931134947,texture (Haralick),0.4391808753909251
Endothelial,bnd_nuc_mean,22,0.059167933,0.5454545454545454,0.2615199089050293,0.6445424303544306,intensity: nuc,0.7189607669116003
Endothelial,bnd_nuc_p90,22,0.0051566362,0.5,1.0,1.0,intensity: nuc,0.5025746211367899
Endothelial,bnd_polarity_nuc,22,-0.031957567,0.36363636363636365,0.3369474411010742,0.6912697042110436,polarity,0.059913254379506446
Endothelial,bnd_polarity_shape,22,0.002605103,0.5,1.0,1.0,polarity,0.11811613868514094
Endothelial,bnd_radial_b0,22,-0.008849161,0.5,0.6556386947631836,0.9084347089131674,radial profile,0.14333562543687814
Endothelial,bnd_radial_b1,22,0.020326462,0.5454545454545454,0.5879268646240234,0.9018782383419689,radial profile,0.1860214564026679
Endothelial,bnd_radial_b2,22,0.013445533,0.5909090909090909,0.5879268646240234,0.9018782383419689,radial profile,0.18242119594004305
Endothelial,bnd_radial_b3,22,0.02153342,0.5454545454545454,0.7261838912963867,0.952761105286564,radial profile,0.08767100875266734
Endothelial,bnd_radial_b4,22,-0.0066437554,0.5,0.774528980255127,0.9640505966527502,radial profile,0.24949112434148057
Endothelial,bnd_rim_mean,22,0.001977332,0.5,0.774528980255127,0.9640505966527502,intensity: rim,0.5838833652306803
Endothelial,bnd_rim_over_ring,22,0.07950553,0.6818181818181818,0.0737757682800293,0.3804916938145955,membrane ratio,0.33791687582222535
Endothelial,bnd_rim_p90,22,-0.12944406,0.2727272727272727,0.022916316986083984,0.24862063509746662,intensity: rim,0.5769474475977988
Endothelial,bnd_ring_mean,22,-0.11943214,0.22727272727272727,0.042498111724853516,0.3034801055223514,intensity: ring,0.3476381428523847
Endothelial,bnd_ring_p90,22,-0.12564111,0.13636363636363635,0.0008091926574707031,0.0404468263898577,intensity: ring,0.5263428188577671
Endothelial,bnd_terr_mean,22,-0.099652186,0.3181818181818182,0.0542454719543457,0.3472957227421903,intensity: terr,0.3189349533050424
Endothelial,bnd_terr_p90,22,-0.13894269,0.13636363636363635,0.0005044937133789062,0.036386966705322266,intensity: terr,0.5545053420092158
Endothelial,dapi_cyto_mean,22,0.032454163,0.5454545454545454,0.27562665939331055,0.6587925079280633,intensity: cyto,0.35072637586859146
Endothelial,dapi_cyto_p90,22,0.024150943,0.5454545454545454,0.2615199089050293,0.6445424303544306,intensity: cyto,0.34633642923576197
Endothelial,dapi_glcm_asm,22,0.02885023,0.6363636363636364,0.2221074104309082,0.6213106778588625,texture (Haralick),0.11094900933434682
Endothelial,dapi_glcm_contrast,22,-0.026019245,0.36363636363636365,0.2221074104309082,0.6213106778588625,texture (Haralick),0.14693979592072817
Endothelial,dapi_glcm_correlation,22,0.0049420334,0.5,0.30530881881713867,0.6707610789980732,texture (Haralick),0.12271949490824369
Endothelial,dapi_glcm_entropy,22,-0.030899279,0.3181818181818182,0.13748931884765625,0.5005330104453891,texture (Haralick),0.11564705419317035
Endothelial,dapi_glcm_homogeneity,22,0.016907396,0.5454545454545454,0.42448854446411133,0.7726801283219281,texture (Haralick),0.1331593162739298
Endothelial,dapi_nuc_mean,22,0.035729967,0.5909090909090909,0.11287164688110352,0.4736394557823129,intensity: nuc,0.36210023249036594
Endothelial,dapi_nuc_p90,22,0.03641617,0.5454545454545454,0.15597057342529297,0.5279772209398674,intensity: nuc,0.34722850849225645
Endothelial,dapi_polarity_nuc,22,0.009384344,0.5454545454545454,1.0,1.0,polarity,0.08117081713567524
Endothelial,dapi_polarity_shape,22,-0.021470323,0.2727272727272727,0.27562665939331055,0.6587925079280633,polarity,0.05433137445596314
Endothelial,dapi_radial_b0,22,-0.016738035,0.36363636363636365,0.6556386947631836,0.9084347089131674,radial profile,0.07694994788750213
Endothelial,dapi_radial_b1,22,-0.022674989,0.4090909090909091,0.5879268646240234,0.9018782383419689,radial profile,0.12430708188160243
Endothelial,dapi_radial_b2,22,-0.060897056,0.36363636363636365,0.13748931884765625,0.5005330104453891,radial profile,0.12001807505732545
Endothelial,dapi_radial_b3,22,-0.0073490636,0.4090909090909091,0.7990336418151855,0.9711641630901288,radial profile,0.05530607239722976
Endothelial,dapi_radial_b4,22,0.057292044,0.6363636363636364,0.2221074104309082,0.6213106778588625,radial profile,0.2110702614704843
Endothelial,dapi_rim_mean,22,0.050980274,0.6363636363636364,0.050072669982910156,0.33602984554796334,intensity: rim,0.3335945507681367
Endothelial,dapi_rim_over_ring,22,0.053420708,0.6818181818181818,0.15597057342529297,0.5279772209398674,membrane ratio,0.2104374204217382
Endothelial,dapi_rim_p90,22,0.053764343,0.7727272727272727,0.020858287811279297,0.23696627475247525,intensity: rim,0.2904712834244963
Endothelial,dapi_ring_mean,22,-0.0569798,0.36363636363636365,0.3705310821533203,0.7203693290031393,intensity: ring,0.23091500165261228
Endothelial,dapi_ring_p90,22,-0.0657991,0.3181818181818182,0.27562665939331055,0.6587925079280633,intensity: ring,0.24739800895314312
Endothelial,dapi_terr_mean,22,-0.03385892,0.36363636363636365,0.2615199089050293,0.6445424303544306,intensity: terr,0.21935439900350562
Endothelial,dapi_terr_p90,22,-0.050263394,0.4090909090909091,0.42448854446411133,0.7726801283219281,intensity: terr,0.2837741323987266
Endothelial,morph_cell_area_um2,22,0.0059955847,0.5454545454545454,0.4825911521911621,0.8296397276866583,morphology,0.4490992478246235
Endothelial,morph_cell_circularity,22,-0.028944984,0.36363636363636365,0.32088327407836914,0.6795892914891696,morphology,0.12900338835649972
Endothelial,morph_cell_eccentricity,22,0.030339172,0.5454545454545454,0.6101517677307129,0.9018782383419689,morphology,0.09459704867241832
Endothelial,morph_cell_major_um,22,0.0044418257,0.5454545454545454,0.4825911521911621,0.8296397276866583,morphology,0.31962059602097
Endothelial,morph_cell_minor_um,22,-0.002749369,0.5,0.9746217727661133,1.0,morphology,0.3057520615835498
Endothelial,morph_cell_perimeter_um,22,0.0039836727,0.5454545454545454,0.5028400421142578,0.8423515893462905,morphology,0.3988037574235115
Endothelial,morph_cell_solidity,22,-0.0169194,0.36363636363636365,0.3369474411010742,0.6912697042110436,morphology,0.08039269018002193
Endothelial,morph_nuc_area_um2,22,0.016597316,0.6363636363636364,0.1761918067932129,0.570574630138486,morphology,0.3076125061051626
Endothelial,morph_nuc_cell_ratio,22,0.032689787,0.7272727272727273,0.20992755889892578,0.5955997884425195,morphology,0.20624621022110778
Endothelial,morph_nuc_eccentricity,22,-0.00079419464,0.5,0.8736042976379395,0.9815601694817636,morphology,0.1053484516083303
Endothelial,morph_nuc_perimeter_um,22,0.012986634,0.5909090909090909,0.20992755889892578,0.5955997884425195,morphology,0.24874649804006344
Endothelial,morph_nuc_solidity,22,-0.007202168,0.4090909090909091,0.4825911521911621,0.8296397276866583,morphology,0.17448575359663684
Endothelial,nuc_offset,22,-0.032029912,0.36363636363636365,0.30530881881713867,0.6707610789980732,morphology,0.062494829510542395
Endothelial,r18s_cyto_mean,22,0.025258504,0.5909090909090909,0.24789905548095703,0.6319440453221651,intensity: cyto,0.37732177388631655
Endothelial,r18s_cyto_p90,22,0.00777968,0.5454545454545454,0.9746217727661133,1.0,intensity: cyto,0.3330570115239675
Endothelial,r18s_glcm_asm,22,0.009632414,0.5909090909090909,0.898735523223877,0.9815601694817636,texture (Haralick),0.12479333426872952
Endothelial,r18s_glcm_contrast,22,0.011174539,0.5909090909090909,0.9746217727661133,1.0,texture (Haralick),0.11891108561163023
Endothelial,r18s_glcm_correlation,22,0.006358876,0.5454545454545454,0.6327285766601562,0.9050369738937168,texture (Haralick),0.16030027286184653
Endothelial,r18s_glcm_entropy,22,-0.03004215,0.4090909090909091,0.8237285614013672,0.9732592927307642,texture (Haralick),0.09023895533597896
Endothelial,r18s_glcm_homogeneity,22,0.022475233,0.6363636363636364,0.8237285614013672,0.9732592927307642,texture (Haralick),0.08233051398082905
Endothelial,r18s_nuc_mean,22,0.044394236,0.7727272727272727,0.0542454719543457,0.3472957227421903,intensity: nuc,0.36511251606282186
Endothelial,r18s_nuc_p90,22,0.02592377,0.6818181818181818,0.2902231216430664,0.6707610789980732,intensity: nuc,0.31407632227902516
Endothelial,r18s_polarity_nuc,22,-0.06501815,0.2727272727272727,0.03907346725463867,0.29610777225624135,polarity,0.06128965009384844
Endothelial,r18s_polarity_shape,22,0.0045948317,0.5454545454545454,0.5879268646240234,0.9018782383419689,polarity,0.040307552328075084
Endothelial,r18s_radial_b0,22,-0.036046177,0.3181818181818182,0.42448854446411133,0.7726801283219281,radial profile,0.06026027046228878
Endothelial,r18s_radial_b1,22,-0.044073835,0.3181818181818182,0.15597057342529297,0.5279772209398674,radial profile,0.09864242909208033
Endothelial,r18s_radial_b2,22,-0.026884098,0.3181818181818182,0.1761918067932129,0.570574630138486,radial profile,0.11093486696198361
Endothelial,r18s_radial_b3,22,-0.013794674,0.22727272727272727,0.07942724227905273,0.39902154212575325,radial profile,0.1565072927192295
Endothelial,r18s_radial_b4,22,0.03472581,0.7727272727272727,0.020858287811279297,0.23696627475247525,radial profile,0.17171254832972474
Endothelial,r18s_rim_mean,22,0.026161144,0.5909090909090909,0.12067747116088867,0.4736394557823129,intensity: rim,0.4141943802078352
Endothelial,r18s_rim_over_ring,22,0.051573865,0.6818181818181818,0.20992755889892578,0.5955997884425195,membrane ratio,0.26855313817177
Endothelial,r18s_rim_p90,22,-0.0069004167,0.4090909090909091,0.7502379417419434,0.9580716499422592,intensity: rim,0.3570925297276014
Endothelial,r18s_ring_mean,22,-0.01604933,0.4090909090909091,0.4060330390930176,0.7646928232878887,intensity: ring,0.3258820965245581
Endothelial,r18s_ring_p90,22,-0.04886508,0.4090909090909091,0.19821882247924805,0.585718218148229,intensity: ring,0.21116822557602166
Endothelial,r18s_terr_mean,22,-0.019843737,0.36363636363636365,0.15597057342529297,0.5279772209398674,intensity: terr,0.2802159883132134
Endothelial,r18s_terr_p90,22,-0.065190904,0.22727272727272727,0.017200946807861328,0.21056983235118154,intensity: terr,0.21561069597776095
Endothelial,smavim_cyto_mean,22,0.023364004,0.5454545454545454,0.3705310821533203,0.7203693290031393,intensity: cyto,0.5476169800817539
Endothelial,smavim_cyto_p90,22,0.048379127,0.5909090909090909,0.32088327407836914,0.6795892914891696,intensity: cyto,0.5677415160832294
Endothelial,smavim_glcm_asm,22,-0.035269897,0.2727272727272727,0.12888002395629883,0.4866859209739556,texture (Haralick),0.44864692939424583
Endothelial,smavim_glcm_contrast,22,0.055745102,0.5909090909090909,0.6327285766601562,0.9050369738937168,texture (Haralick),0.11799763522952067
Endothelial,smavim_glcm_correlation,22,0.02125696,0.5454545454545454,0.7990336418151855,0.9711641630901288,texture (Haralick),0.385746370310346
Endothelial,smavim_glcm_entropy,22,0.061820008,0.6818181818181818,0.12067747116088867,0.4736394557823129,texture (Haralick),0.4540809390564529
Endothelial,smavim_glcm_homogeneity,22,-0.03379107,0.36363636363636365,0.19821882247924805,0.585718218148229,texture (Haralick),0.3635563472949462
Endothelial,smavim_nuc_mean,22,0.0019935453,0.5,0.5235109329223633,0.8538670267577053,intensity: nuc,0.5129843197521289
Endothelial,smavim_nuc_p90,22,0.043842487,0.5454545454545454,0.5235109329223633,0.8538670267577053,intensity: nuc,0.4710308313667241
Endothelial,smavim_polarity_nuc,22,-0.04353439,0.18181818181818182,0.014094829559326172,0.18692428725106375,polarity,0.0540037310381584
Endothelial,smavim_polarity_shape,22,-0.06654727,0.36363636363636365,0.12067747116088867,0.4736394557823129,polarity,0.11454861268693375
Endothelial,smavim_radial_b0,22,-0.03214778,0.45454545454545453,0.898735523223877,0.9815601694817636,radial profile,0.07218129767498219
Endothelial,smavim_radial_b1,22,-0.024403261,0.4090909090909091,0.5235109329223633,0.8538670267577053,radial profile,0.08140697646050943
Endothelial,smavim_radial_b2,22,-0.035486713,0.3181818181818182,0.03587532043457031,0.2771014509529903,radial profile,0.07834356908567021
Endothelial,smavim_radial_b3,22,-0.044654965,0.2727272727272727,0.03587532043457031,0.2771014509529903,radial profile,0.0582223723390688
Endothelial,smavim_radial_b4,22,0.07921368,0.7272727272727273,0.0036711692810058594,0.07303004605429513,radial profile,0.0946188408408835
Endothelial,smavim_rim_mean,22,0.008262947,0.5,0.3880448341369629,0.7383125031767445,intensity: rim,0.5578843514707149
Endothelial,smavim_rim_over_ring,22,0.017062994,0.5909090909090909,0.3880448341369629,0.7383125031767445,membrane ratio,0.23952812729610537
Endothelial,smavim_rim_p90,22,0.045270257,0.6363636363636364,0.24789905548095703,0.6319440453221651,intensity: rim,0.5767457661105868
Endothelial,smavim_ring_mean,22,0.013403688,0.5454545454545454,0.32088327407836914,0.6795892914891696,intensity: ring,0.34821947723779
Endothelial,smavim_ring_p90,22,0.020876754,0.5454545454545454,0.2902231216430664,0.6707610789980732,intensity: ring,0.36534781194659105
Endothelial,smavim_terr_mean,22,-0.017219672,0.36363636363636365,0.6556386947631836,0.9084347089131674,intensity: terr,0.3075947986135149
Endothelial,smavim_terr_p90,22,-0.0039318595,0.5,0.5879268646240234,0.9018782383419689,intensity: terr,0.34009129481355604
Fibroblast,bnd_cyto_mean,20,0.13269435,0.75,0.0031528472900390625,0.0702454376220703,intensity: cyto,0.7170036483629878
Fibroblast,bnd_cyto_p90,20,0.11227693,0.6,0.13272666931152344,0.48965142902575043,intensity: cyto,0.6918608302114365
Fibroblast,bnd_glcm_asm,20,-0.108537756,0.3,0.08969497680664062,0.4166706085205078,texture (Haralick),0.44526610127909616
Fibroblast,bnd_glcm_contrast,20,0.058093205,0.75,0.039989471435546875,0.29803670247395836,texture (Haralick),0.3951794181345423
Fibroblast,bnd_glcm_correlation,20,-0.041542046,0.3,0.10539817810058594,0.4533342486642963,texture (Haralick),0.5045315714990356
Fibroblast,bnd_glcm_entropy,20,0.11002244,0.7,0.0758514404296875,0.3840841119939631,texture (Haralick),0.36728363201853703
Fibroblast,bnd_glcm_homogeneity,20,-0.053687926,0.3,0.029575347900390625,0.26148363143678693,texture (Haralick),0.3401736923339156
Fibroblast,bnd_nuc_mean,20,0.20040333,0.9,0.000850677490234375,0.0404468263898577,intensity: nuc,0.7201088525448132
Fibroblast,bnd_nuc_p90,20,0.18902998,0.9,0.0001678466796875,0.025969611273871526,intensity: nuc,0.6438332271319197
Fibroblast,bnd_polarity_nuc,20,-0.06146654,0.4,0.10539817810058594,0.4533342486642963,polarity,0.07074744829916575
Fibroblast,bnd_polarity_shape,20,-0.10399992,0.25,0.00830841064453125,0.1381428277314599,polarity,0.12112233842572569
Fibroblast,bnd_radial_b0,20,0.08065115,0.65,0.026641845703125,0.2494034967502626,radial profile,0.11941644826583536
Fibroblast,bnd_radial_b1,20,0.11990106,0.8,0.000850677490234375,0.0404468263898577,radial profile,0.14191756288950838
Fibroblast,bnd_radial_b2,20,0.1430773,0.8,0.0004825592041015625,0.036386966705322266,radial profile,0.14892508713646038
Fibroblast,bnd_radial_b3,20,0.019641927,0.6,0.2942523956298828,0.6707610789980732,radial profile,0.07275669623387482
Fibroblast,bnd_radial_b4,20,-0.16932875,0.15,0.0001049041748046875,0.023372650146484375,radial profile,0.18969300388791835
Fibroblast,bnd_rim_mean,20,0.1184075,0.85,0.0023250579833984375,0.059399583604600695,intensity: rim,0.7273448780414072
Fibroblast,bnd_rim_over_ring,20,0.24186257,0.95,0.0001049041748046875,0.023372650146484375,membrane ratio,0.26796126916692226
Fibroblast,bnd_rim_p90,20,0.112640604,0.6,0.14290618896484375,0.5133186145952553,intensity: rim,0.6943404252726308
Fibroblast,bnd_ring_mean,20,0.019122953,0.55,0.2773551940917969,0.6587925079280633,intensity: ring,0.5171434744503242
Fibroblast,bnd_ring_p90,20,-0.076446354,0.35,0.082550048828125,0.4003060741341991,intensity: ring,0.4676559884293689
Fibroblast,bnd_terr_mean,20,0.03469996,0.6,0.4304332733154297,0.7809489681977014,intensity: terr,0.4762282574087481
Fibroblast,bnd_terr_p90,20,-0.085470036,0.2,0.0023250579833984375,0.059399583604600695,intensity: terr,0.40015079762695305
Fibroblast,dapi_cyto_mean,20,0.14998487,0.8,0.058258056640625,0.3552295918367347,intensity: cyto,0.4829240725539615
Fibroblast,dapi_cyto_p90,20,0.14948663,0.8,0.069580078125,0.36910574776785715,intensity: cyto,0.47128713470365013
Fibroblast,dapi_glcm_asm,20,0.00030561723,0.5,0.956329345703125,1.0,texture (Haralick),0.11118321501660079
Fibroblast,dapi_glcm_contrast,20,-0.05085039,0.3,0.03276824951171875,0.2645205069279325,texture (Haralick),0.2534264995440359
Fibroblast,dapi_glcm_correlation,20,0.06346396,0.8,0.017181396484375,0.21056983235118154,texture (Haralick),0.19818542795451433
Fibroblast,dapi_glcm_entropy,20,-0.019864816,0.4,0.5458755493164062,0.8699647524155601,texture (Haralick),0.14112427042685274
Fibroblast,dapi_glcm_homogeneity,20,0.024372615,0.55,0.3117942810058594,0.6707610789980732,texture (Haralick),0.19192698498545405
Fibroblast,dapi_nuc_mean,20,0.07881678,0.6,0.3299827575683594,0.683772751672431,intensity: nuc,0.40929429269780804
Fibroblast,dapi_nuc_p90,20,0.09837326,0.6,0.3117942810058594,0.6707610789980732,intensity: nuc,0.398307977303149
Fibroblast,dapi_polarity_nuc,20,0.05983478,0.65,0.2305126190185547,0.623279265987063,polarity,0.11675254610537243
Fibroblast,dapi_polarity_shape,20,0.005477094,0.5,0.8123550415039062,0.9711641630901288,polarity,0.06172807487087428
Fibroblast,dapi_radial_b0,20,-0.011694004,0.45,0.3299827575683594,0.683772751672431,radial profile,0.09500351676911162
Fibroblast,dapi_radial_b1,20,-0.077705815,0.25,0.04844093322753906,0.32904390009438117,radial profile,0.175530359937033
Fibroblast,dapi_radial_b2,20,-0.09122041,0.2,0.029575347900390625,0.26148363143678693,radial profile,0.18244458778091427
Fibroblast,dapi_radial_b3,20,0.03232774,0.55,0.5216732025146484,0.8538670267577053,radial profile,0.05806845218849556
Fibroblast,dapi_radial_b4,20,0.16053332,0.8,0.00365447998046875,0.07303004605429513,radial profile,0.27268204851870803
Fibroblast,dapi_rim_mean,20,0.118219614,0.7,0.082550048828125,0.4003060741341991,intensity: rim,0.45453063622680223
Fibroblast,dapi_rim_over_ring,20,0.009134119,0.55,0.9272785186767578,0.9951717435509713,membrane ratio,0.1729284780868858
Fibroblast,dapi_rim_p90,20,0.11401664,0.75,0.069580078125,0.36910574776785715,intensity: rim,0.3865085223791449
Fibroblast,dapi_ring_mean,20,0.005815968,0.5,0.5958194732666016,0.9018782383419689,intensity: ring,0.2781807529781799
Fibroblast,dapi_ring_p90,20,0.01658159,0.6,0.3117942810058594,0.6707610789980732,intensity: ring,0.25946431846351115
Fibroblast,dapi_terr_mean,20,0.006731335,0.5,0.49800872802734375,0.8355146431061159,intensity: terr,0.2765033600082153
Fibroblast,dapi_terr_p90,20,0.02446598,0.7,0.20244979858398438,0.5919398310303375,intensity: terr,0.27395188696705963
Fibroblast,morph_cell_area_um2,20,-0.066027984,0.3,0.06372261047363281,0.3585201417556917,morphology,0.46057711583983846
Fibroblast,morph_cell_circularity,20,0.08829479,0.75,0.05316925048828125,0.3472957227421903,morphology,0.14292867191395864
Fibroblast,morph_cell_eccentricity,20,-0.10238593,0.35,0.04844093322753906,0.32904390009438117,morphology,0.12886593388629608
Fibroblast,morph_cell_major_um,20,-0.09061167,0.2,0.026641845703125,0.2494034967502626,morphology,0.34394596305853065
Fibroblast,morph_cell_minor_um,20,-0.032537393,0.4,0.34881019592285156,0.7049179077148438,morphology,0.3939497234003365
Fibroblast,morph_cell_perimeter_um,20,-0.078609735,0.2,0.069580078125,0.36910574776785715,morphology,0.42013220270335877
Fibroblast,morph_cell_solidity,20,0.022728637,0.65,0.1893482208251953,0.5716366341443566,morphology,0.07924319145483054
Fibroblast,morph_nuc_area_um2,20,-0.0081424145,0.45,0.2942523956298828,0.6707610789980732,morphology,0.3677139961719413
Fibroblast,morph_nuc_cell_ratio,20,0.075481474,0.65,0.26109886169433594,0.6445424303544306,morphology,0.26579240015452066
Fibroblast,morph_nuc_eccentricity,20,-0.14146887,0.15,0.0031528472900390625,0.0702454376220703,morphology,0.18922969285544036
Fibroblast,morph_nuc_perimeter_um,20,-0.03972648,0.4,0.2942523956298828,0.6707610789980732,morphology,0.3087572359632715
Fibroblast,morph_nuc_solidity,20,0.0129020065,0.55,0.8123550415039062,0.9711641630901288,morphology,0.1371088955280715
Fibroblast,nuc_offset,20,-0.007905195,0.45,0.8694877624511719,0.981367140193116,morphology,0.10528986028671207
Fibroblast,r18s_cyto_mean,20,0.12995663,0.7,0.021484375,0.23696627475247525,intensity: cyto,0.5261913117470781
Fibroblast,r18s_cyto_p90,20,0.1163176,0.75,0.0014324188232421875,0.04986608028411865,intensity: cyto,0.4753680160568305
Fibroblast,r18s_glcm_asm,20,0.056925725,0.65,0.021484375,0.23696627475247525,texture (Haralick),0.1745782130788935
Fibroblast,r18s_glcm_contrast,20,-0.092614524,0.2,0.00830841064453125,0.1381428277314599,texture (Haralick),0.14176732699028066
Fibroblast,r18s_glcm_correlation,20,0.07997555,0.7,0.06372261047363281,0.3585201417556917,texture (Haralick),0.18083670072554994
Fibroblast,r18s_glcm_entropy,20,-0.082954824,0.25,0.009435653686523438,0.1442526203312286,texture (Haralick),0.11979660352039585
Fibroblast,r18s_glcm_homogeneity,20,0.08622344,0.75,0.0042209625244140625,0.07708446315077484,texture (Haralick),0.10907385520997095
Fibroblast,r18s_nuc_mean,20,0.108383544,0.8,0.023950576782226562,0.2494034967502626,intensity: nuc,0.4614402168464762
Fibroblast,r18s_nuc_p90,20,0.09115568,0.75,0.01923370361328125,0.22319110234578451,intensity: nuc,0.4160347482845727
Fibroblast,r18s_polarity_nuc,20,-0.076235496,0.4,0.26109886169433594,0.6445424303544306,polarity,0.0752090207000805
Fibroblast,r18s_polarity_shape,20,0.04755137,0.7,0.012079238891601562,0.17428627497033228,polarity,0.04986496341171959
Fibroblast,r18s_radial_b0,20,-0.042123787,0.25,0.009435653686523438,0.1442526203312286,radial profile,0.09577223560597446
Fibroblast,r18s_radial_b1,20,-0.08875449,0.25,0.01068878173828125,0.1587640380859375,radial profile,0.11475338751670064
Fibroblast,r18s_radial_b2,20,-0.083547965,0.2,0.0010166168212890625,0.0404468263898577,radial profile,0.1467846795716395
Fibroblast,r18s_radial_b3,20,-0.07341992,0.4,0.24548721313476562,0.6305193670864763,radial profile,0.16746210244404583
Fibroblast,r18s_radial_b4,20,0.10691837,0.8,0.0003223419189453125,0.03399658203125,radial profile,0.2533715049949262
Fibroblast,r18s_rim_mean,20,0.15653881,0.75,0.0042209625244140625,0.07708446315077484,intensity: rim,0.5686592423990272
Fibroblast,r18s_rim_over_ring,20,0.12945126,0.85,0.0001678466796875,0.025969611273871526,membrane ratio,0.2339031892827374
Fibroblast,r18s_rim_p90,20,0.14007592,0.75,0.001209259033203125,0.04645222630994073,intensity: rim,0.509156160177974
Fibroblast,r18s_ring_mean,20,0.048894357,0.6,0.3117942810058594,0.6707610789980732,intensity: ring,0.36983549686406814
Fibroblast,r18s_ring_p90,20,0.010033334,0.55,0.8983173370361328,0.9815601694817636,intensity: ring,0.26083727042252375
Fibroblast,r18s_terr_mean,20,0.04027819,0.7,0.04844093322753906,0.32904390009438117,intensity: terr,0.3560768103901888
Fibroblast,r18s_terr_p90,20,-0.009525018,0.4,0.6476554870605469,0.9050369738937168,intensity: terr,0.26530185834070025
Fibroblast,smavim_cyto_mean,20,0.14233474,0.7,0.017181396484375,0.21056983235118154,intensity: cyto,0.6218319072649782
Fibroblast,smavim_cyto_p90,20,0.13134518,0.7,0.017181396484375,0.21056983235118154,intensity: cyto,0.626600097871785
Fibroblast,smavim_glcm_asm,20,-0.026134592,0.4,0.24548721313476562,0.6305193670864763,texture (Haralick),0.3482375006683086
Fibroblast,smavim_glcm_contrast,20,0.03951741,0.6,0.1893482208251953,0.5716366341443566,texture (Haralick),0.12093243048957851
Fibroblast,smavim_glcm_correlation,20,0.022956498,0.55,0.38837623596191406,0.7383125031767445,texture (Haralick),0.3227866571542462
Fibroblast,smavim_glcm_entropy,20,0.04929132,0.6,0.2305126190185547,0.623279265987063,texture (Haralick),0.31176160819818954
Fibroblast,smavim_glcm_homogeneity,20,-0.069157936,0.45,0.2305126190185547,0.623279265987063,texture (Haralick),0.2365776360068959
Fibroblast,smavim_nuc_mean,20,0.07548266,0.6,0.1230926513671875,0.4736394557823129,intensity: nuc,0.579907931014816
Fibroblast,smavim_nuc_p90,20,0.07375898,0.7,0.026641845703125,0.2494034967502626,intensity: nuc,0.5209237291620634
Fibroblast,smavim_polarity_nuc,20,-0.053136304,0.4,0.6742229461669922,0.918547213656231,polarity,0.07938882885265765
Fibroblast,smavim_polarity_shape,20,-0.017071761,0.45,0.34881019592285156,0.7049179077148438,polarity,0.10143556050502012
Fibroblast,smavim_radial_b0,20,0.023717608,0.55,0.34881019592285156,0.7049179077148438,radial profile,0.08883248665233426
Fibroblast,smavim_radial_b1,20,0.0067637125,0.5,0.8983173370361328,0.9815601694817636,radial profile,0.08583290054355097
Fibroblast,smavim_radial_b2,20,-0.036761366,0.35,0.49800872802734375,0.8355146431061159,radial profile,0.07779325802236137
Fibroblast,smavim_radial_b3,20,0.0011070473,0.5,0.6476554870605469,0.9050369738937168,radial profile,0.051579645891908485
Fibroblast,smavim_radial_b4,20,0.009890597,0.55,0.7561664581298828,0.9580716499422592,radial profile,0.12068006706595891
Fibroblast,smavim_rim_mean,20,0.09767662,0.7,0.026641845703125,0.2494034967502626,intensity: rim,0.6307179183960335
Fibroblast,smavim_rim_over_ring,20,0.10687321,0.75,0.00365447998046875,0.07303004605429513,membrane ratio,0.1730424185744868
Fibroblast,smavim_rim_p90,20,0.0883892,0.7,0.026641845703125,0.2494034967502626,intensity: rim,0.6355875688367301
Fibroblast,smavim_ring_mean,20,0.0022277087,0.5,0.5458755493164062,0.8699647524155601,intensity: ring,0.412698036032661
Fibroblast,smavim_ring_p90,20,-0.018425021,0.5,0.8694877624511719,0.981367140193116,intensity: ring,0.3730502389246397
Fibroblast,smavim_terr_mean,20,-0.004334433,0.45,0.8983173370361328,0.9815601694817636,intensity: terr,0.38680128648222634
Fibroblast,smavim_terr_p90,20,-0.072443426,0.4,0.3117942810058594,0.6707610789980732,intensity: terr,0.3257374640570427
Myeloid,bnd_cyto_mean,19,-0.004193604,0.47368421052631576,0.76800537109375,0.9580716499422592,intensity: cyto,0.4876887799799277
Myeloid,bnd_cyto_p90,19,-0.20722887,0.15789473684210525,0.000789642333984375,0.0404468263898577,intensity: cyto,0.5510546798749519
Myeloid,bnd_glcm_asm,19,-0.016045123,0.3157894736842105,0.25792694091796875,0.6427977901177119,texture (Haralick),0.4584261106404651
Myeloid,bnd_glcm_contrast,19,0.10744499,0.6842105263157895,0.02298736572265625,0.24862063509746662,texture (Haralick),0.4029100696396844
Myeloid,bnd_glcm_correlation,19,-0.15338865,0.3157894736842105,0.012359619140625,0.17428627497033228,texture (Haralick),0.4893546712629311
Myeloid,bnd_glcm_entropy,19,0.032997146,0.6842105263157895,0.3320655822753906,0.683772751672431,texture (Haralick),0.39445432316239293
Myeloid,bnd_glcm_homogeneity,19,-0.08879419,0.3157894736842105,0.22532272338867188,0.6213106778588625,texture (Haralick),0.3819620359078072
Myeloid,bnd_nuc_mean,19,0.12893535,0.7368421052631579,0.0180816650390625,0.21609529535821143,intensity: nuc,0.6612769126124758
Myeloid,bnd_nuc_p90,19,0.026432395,0.5263157894736842,0.6507492065429688,0.9050369738937168,intensity: nuc,0.4071470320277482
Myeloid,bnd_polarity_nuc,19,-0.049937688,0.3157894736842105,0.1336212158203125,0.48965142902575043,polarity,0.05515525651686812
Myeloid,bnd_polarity_shape,19,-0.02745381,0.3684210526315789,0.18186569213867188,0.5706996649083956,polarity,0.10333652515387005
Myeloid,bnd_radial_b0,19,0.023919206,0.5263157894736842,0.12318801879882812,0.4736394557823129,radial profile,0.1179310045262949
Myeloid,bnd_radial_b1,19,0.013246156,0.5263157894736842,0.3954620361328125,0.746685946189751,radial profile,0.13862744290358572
Myeloid,bnd_radial_b2,19,0.043356873,0.631578947368421,0.22532272338867188,0.6213106778588625,radial profile,0.1624713384151079
Myeloid,bnd_radial_b3,19,0.024689406,0.5789473684210527,0.7380905151367188,0.952761105286564,radial profile,0.09671292721612318
Myeloid,bnd_radial_b4,19,-0.041927315,0.3157894736842105,0.09551239013671875,0.4360688631651831,radial profile,0.22818996332744226
Myeloid,bnd_rim_mean,19,-0.0102330595,0.47368421052631576,0.9529838562011719,1.0,intensity: rim,0.5011723853075429
Myeloid,bnd_rim_over_ring,19,0.009906322,0.5263157894736842,0.7982521057128906,0.9711641630901288,membrane ratio,0.3216210099946812
Myeloid,bnd_rim_p90,19,-0.2046017,0.15789473684210525,0.000522613525390625,0.036386966705322266,intensity: rim,0.5497433398396534
Myeloid,bnd_ring_mean,19,-0.043662213,0.3684210526315789,0.24125289916992188,0.6305193670864763,intensity: ring,0.35455011054599483
Myeloid,bnd_ring_p90,19,-0.1781435,0.15789473684210525,9.5367431640625e-05,0.023372650146484375,intensity: ring,0.5358241249064691
Myeloid,bnd_terr_mean,19,0.0069665313,0.5263157894736842,0.7380905151367188,0.952761105286564,intensity: terr,0.351673400125499
Myeloid,bnd_terr_p90,19,-0.19363888,0.21052631578947367,0.00041961669921875,0.03595792330228365,intensity: terr,0.5712033998139199
Myeloid,dapi_cyto_mean,19,0.033427704,0.6842105263157895,0.06628799438476562,0.3679630055147059,intensity: cyto,0.3859847641760499
Myeloid,dapi_cyto_p90,19,0.032251593,0.7368421052631579,0.025821685791015625,0.2494034967502626,intensity: cyto,0.3841188316182251
Myeloid,dapi_glcm_asm,19,-0.0069337785,0.47368421052631576,0.8905677795410156,0.9815601694817636,texture (Haralick),0.12198544476202888
Myeloid,dapi_glcm_contrast,19,-0.030434519,0.3684210526315789,0.5152778625488281,0.8529265065072728,texture (Haralick),0.19531480660190134
Myeloid,dapi_glcm_correlation,19,0.018351004,0.5789473684210527,0.8905677795410156,0.9815601694817636,texture (Haralick),0.14976256759406156
Myeloid,dapi_glcm_entropy,19,-0.0035324981,0.47368421052631576,0.9843215942382812,1.0,texture (Haralick),0.13057928466521335
Myeloid,dapi_glcm_homogeneity,19,0.011191949,0.5263157894736842,0.7380905151367188,0.952761105286564,texture (Haralick),0.16779600910780926
Myeloid,dapi_nuc_mean,19,0.17084216,0.7894736842105263,0.00141143798828125,0.04986608028411865,intensity: nuc,0.41572613473511977
Myeloid,dapi_nuc_p90,19,0.18329021,0.8421052631578947,0.003917694091796875,0.07524674514244342,intensity: nuc,0.41605197692208357
Myeloid,dapi_polarity_nuc,19,-0.011583671,0.47368421052631576,0.76800537109375,0.9580716499422592,polarity,0.09219931456372729
Myeloid,dapi_polarity_shape,19,-0.08243002,0.2631578947368421,0.025821685791015625,0.2494034967502626,polarity,0.05591019140237365
Myeloid,dapi_radial_b0,19,-0.03312367,0.3684210526315789,0.4653167724609375,0.8099420070648193,radial profile,0.09019347088646824
Myeloid,dapi_radial_b1,19,0.020833112,0.5263157894736842,0.5948867797851562,0.9018782383419689,radial profile,0.1450348849947165
Myeloid,dapi_radial_b2,19,-0.03184266,0.42105263157894735,0.76800537109375,0.9580716499422592,radial profile,0.14116942400788351
Myeloid,dapi_radial_b3,19,-0.02555184,0.42105263157894735,0.6225624084472656,0.9018782383419689,radial profile,0.09102633951297386
Myeloid,dapi_radial_b4,19,0.0019195322,0.5263157894736842,0.8595733642578125,0.9811114014172163,radial profile,0.23228098052866414
Myeloid,dapi_rim_mean,19,0.06679769,0.8421052631578947,0.00202178955078125,0.05493350145293445,intensity: rim,0.32758695757715783
Myeloid,dapi_rim_over_ring,19,0.0044813994,0.5263157894736842,0.9217147827148438,0.9951717435509713,membrane ratio,0.21947997341558007
Myeloid,dapi_rim_p90,19,0.08028266,0.7368421052631579,0.002838134765625,0.0672698325299202,intensity: rim,0.2819978517651815
Myeloid,dapi_ring_mean,19,0.05843495,0.631578947368421,0.2753410339355469,0.6587925079280633,intensity: ring,0.28029314918360365
Myeloid,dapi_ring_p90,19,0.010942217,0.5789473684210527,0.4653167724609375,0.8099420070648193,intensity: ring,0.28131523150427995
Myeloid,dapi_terr_mean,19,0.05577847,0.5789473684210527,0.18186569213867188,0.5706996649083956,intensity: terr,0.26301798694142076
Myeloid,dapi_terr_p90,19,0.056692414,0.5789473684210527,0.2753410339355469,0.6587925079280633,intensity: terr,0.29455823625828864
Myeloid,morph_cell_area_um2,19,-0.0010144799,0.47368421052631576,0.6225624084472656,0.9018782383419689,morphology,0.44455226807351206
Myeloid,morph_cell_circularity,19,0.030839289,0.5789473684210527,0.6225624084472656,0.9018782383419689,morphology,0.10731306448876081
Myeloid,morph_cell_eccentricity,19,-0.0329841,0.3684210526315789,0.312408447265625,0.6707610789980732,morphology,0.043106527622134926
Myeloid,morph_cell_major_um,19,-0.044446327,0.3684210526315789,0.3524589538574219,0.7049179077148438,morphology,0.3120490758512781
Myeloid,morph_cell_minor_um,19,0.0058614444,0.5789473684210527,0.3320655822753906,0.683772751672431,morphology,0.38077517350265394
Myeloid,morph_cell_perimeter_um,19,-0.020170823,0.3684210526315789,0.5412178039550781,0.8699647524155601,morphology,0.39438747254534917
Myeloid,morph_cell_solidity,19,0.054661952,0.631578947368421,0.4653167724609375,0.8099420070648193,morphology,0.09158461584965062
Myeloid,morph_nuc_area_um2,19,0.002260238,0.5789473684210527,0.156402587890625,0.5279772209398674,morphology,0.3884778395849785
Myeloid,morph_nuc_cell_ratio,19,0.05830957,0.631578947368421,0.044559478759765625,0.31219659961244595,morphology,0.18447207257869302
Myeloid,morph_nuc_eccentricity,19,-0.041316018,0.3684210526315789,0.25792694091796875,0.6427977901177119,morphology,0.0906768602393934
Myeloid,morph_nuc_perimeter_um,19,0.013336737,0.5263157894736842,0.18186569213867188,0.5706996649083956,morphology,0.30403069357911855
Myeloid,morph_nuc_solidity,19,0.031711616,0.5263157894736842,0.7982521057128906,0.9711641630901288,morphology,0.18196636592486026
Myeloid,nuc_offset,19,-0.108245865,0.21052631578947367,0.00945281982421875,0.1442526203312286,morphology,0.08149956412226343
Myeloid,r18s_cyto_mean,19,0.08891208,0.7368421052631579,0.002399444580078125,0.059399583604600695,intensity: cyto,0.38320195542039576
Myeloid,r18s_cyto_p90,19,0.059567053,0.7894736842105263,0.0033416748046875,0.07158895639272836,intensity: cyto,0.3612093736225869
Myeloid,r18s_glcm_asm,19,-0.03457739,0.3684210526315789,0.1956329345703125,0.5827141420088987,texture (Haralick),0.12863489135200024
Myeloid,r18s_glcm_contrast,19,-0.03611237,0.42105263157894735,0.25792694091796875,0.6427977901177119,texture (Haralick),0.11341361921615746
Myeloid,r18s_glcm_correlation,19,0.09652808,0.6842105263157895,0.0180816650390625,0.21609529535821143,texture (Haralick),0.11579376732669082
Myeloid,r18s_glcm_entropy,19,0.028523415,0.6842105263157895,0.21011734008789062,0.5955997884425195,texture (Haralick),0.09830603467545038
Myeloid,r18s_glcm_homogeneity,19,-0.0042631608,0.47368421052631576,0.6794281005859375,0.918547213656231,texture (Haralick),0.08467430992231212
Myeloid,r18s_nuc_mean,19,0.07560912,0.8421052631578947,0.00202178955078125,0.05493350145293445,intensity: nuc,0.37896796295410295
Myeloid,r18s_nuc_p90,19,0.086689495,0.8947368421052632,0.00041961669921875,0.03595792330228365,intensity: nuc,0.3329707201008409
Myeloid,r18s_polarity_nuc,19,-0.117641866,0.2631578947368421,0.0016937255859375,0.052411397298177086,polarity,0.05031209212920487
Myeloid,r18s_polarity_shape,19,-0.029627282,0.3684210526315789,0.2753410339355469,0.6587925079280633,polarity,0.039984703355859984
Myeloid,r18s_radial_b0,19,-0.02719827,0.47368421052631576,0.4413337707519531,0.7841241158176647,radial profile,0.05570346390856393
Myeloid,r18s_radial_b1,19,-0.004250556,0.47368421052631576,0.9843215942382812,1.0,radial profile,0.09332735680094867
Myeloid,r18s_radial_b2,19,-0.017108813,0.3684210526315789,0.24125289916992188,0.6305193670864763,radial profile,0.13163264769965563
Myeloid,r18s_radial_b3,19,-0.0153481085,0.42105263157894735,0.70855712890625,0.9374496931134947,radial profile,0.17173477731971515
Myeloid,r18s_radial_b4,19,0.046703275,0.6842105263157895,0.12318801879882812,0.4736394557823129,radial profile,0.17853678426387978
Myeloid,r18s_rim_mean,19,0.08440174,0.7368421052631579,0.0016937255859375,0.052411397298177086,intensity: rim,0.4177152362277208
Myeloid,r18s_rim_over_ring,19,-0.009463094,0.47368421052631576,0.9843215942382812,1.0,membrane ratio,0.2302779891779305
Myeloid,r18s_rim_p90,19,0.06601469,0.8421052631578947,0.000209808349609375,0.025969611273871526,intensity: rim,0.38207943429226077
Myeloid,r18s_ring_mean,19,0.06235629,0.6842105263157895,0.25792694091796875,0.6427977901177119,intensity: ring,0.352913509231698
Myeloid,r18s_ring_p90,19,0.08343816,0.7894736842105263,0.007144927978515625,0.12634047250899058,intensity: ring,0.2238413499006144
Myeloid,r18s_terr_mean,19,0.03942229,0.7368421052631579,0.08742904663085938,0.4166706085205078,intensity: terr,0.3039555068918536
Myeloid,r18s_terr_p90,19,0.04826019,0.7894736842105263,0.003917694091796875,0.07524674514244342,intensity: terr,0.19454493263405478
Myeloid,smavim_cyto_mean,19,0.013599575,0.5789473684210527,0.7982521057128906,0.9711641630901288,intensity: cyto,0.408841589933466
Myeloid,smavim_cyto_p90,19,-0.04592696,0.47368421052631576,0.5412178039550781,0.8699647524155601,intensity: cyto,0.49482501900590004
Myeloid,smavim_glcm_asm,19,-0.0009944979,0.47368421052631576,0.6794281005859375,0.918547213656231,texture (Haralick),0.32769097235384664
Myeloid,smavim_glcm_contrast,19,0.09174785,0.6842105263157895,0.025821685791015625,0.2494034967502626,texture (Haralick),0.1504886831730272
Myeloid,smavim_glcm_correlation,19,-0.17377943,0.3157894736842105,0.012359619140625,0.17428627497033228,texture (Haralick),0.30477425472612263
Myeloid,smavim_glcm_entropy,19,-0.03350151,0.47368421052631576,0.24125289916992188,0.6305193670864763,texture (Haralick),0.31453330822953196
Myeloid,smavim_glcm_homogeneity,19,-0.024879754,0.47368421052631576,0.8287849426269531,0.9732592927307642,texture (Haralick),0.25986239318731463
Myeloid,smavim_nuc_mean,19,0.036748175,0.631578947368421,0.3524589538574219,0.7049179077148438,intensity: nuc,0.46391282201760575
Myeloid,smavim_nuc_p90,19,0.029611476,0.5263157894736842,0.70855712890625,0.9374496931134947,intensity: nuc,0.3596386128820456
Myeloid,smavim_polarity_nuc,19,-0.0874214,0.05263157894736842,0.000335693359375,0.03399658203125,polarity,0.07241914610355504
Myeloid,smavim_polarity_shape,19,-0.017390091,0.3684210526315789,0.049365997314453125,0.33329527883818655,polarity,0.08536768336585222
Myeloid,smavim_radial_b0,19,0.006852679,0.5789473684210527,0.22532272338867188,0.6213106778588625,radial profile,0.09549122615246271
Myeloid,smavim_radial_b1,19,0.05648344,0.631578947368421,0.21011734008789062,0.5955997884425195,radial profile,0.09610622370616602
Myeloid,smavim_radial_b2,19,0.012749195,0.5789473684210527,0.312408447265625,0.6707610789980732,radial profile,0.07904081188088465
Myeloid,smavim_radial_b3,19,-0.013071731,0.42105263157894735,0.4413337707519531,0.7841241158176647,radial profile,0.10094451186186425
Myeloid,smavim_radial_b4,19,-0.0031610709,0.47368421052631576,0.5677604675292969,0.8946041878750166,radial profile,0.147938456352329
Myeloid,smavim_rim_mean,19,0.048425227,0.5789473684210527,0.6794281005859375,0.918547213656231,intensity: rim,0.4239166458857684
Myeloid,smavim_rim_over_ring,19,-0.04143484,0.47368421052631576,0.6225624084472656,0.9018782383419689,membrane ratio,0.2829514394104713
Myeloid,smavim_rim_p90,19,-0.052428633,0.47368421052631576,0.6507492065429688,0.9050369738937168,intensity: rim,0.4975693417106884
Myeloid,smavim_ring_mean,19,0.05490907,0.7368421052631579,0.168792724609375,0.5530443976907169,intensity: ring,0.30967899600504367
Myeloid,smavim_ring_p90,19,-0.055747986,0.3684210526315789,0.3954620361328125,0.746685946189751,intensity: ring,0.35372099381149247
Myeloid,smavim_terr_mean,19,0.034507766,0.6842105263157895,0.312408447265625,0.6707610789980732,intensity: terr,0.29930267440689534
Myeloid,smavim_terr_p90,19,-0.029235007,0.47368421052631576,0.37359619140625,0.7212931667704723,intensity: terr,0.37956051390654505
Neuron,bnd_cyto_mean,19,0.09608418,0.5789473684210527,0.4180412292480469,0.7646928232878887,intensity: cyto,0.6892102058952548
Neuron,bnd_cyto_p90,19,0.030563712,0.6842105263157895,0.1956329345703125,0.5827141420088987,intensity: cyto,0.5847427680370888
Neuron,bnd_glcm_asm,19,0.04960379,0.631578947368421,0.18186569213867188,0.5706996649083956,texture (Haralick),0.545619862412281
Neuron,bnd_glcm_contrast,19,0.030644134,0.5263157894736842,0.9843215942382812,1.0,texture (Haralick),0.6004711589398787
Neuron,bnd_glcm_correlation,19,0.060417853,0.5263157894736842,0.8287849426269531,0.9732592927307642,texture (Haralick),0.6065879698379736
Neuron,bnd_glcm_entropy,19,-0.046967775,0.42105263157894735,0.3524589538574219,0.7049179077148438,texture (Haralick),0.4796295094113927
Neuron,bnd_glcm_homogeneity,19,0.057865843,0.5789473684210527,0.4180412292480469,0.7646928232878887,texture (Haralick),0.490392873109064
Neuron,bnd_nuc_mean,19,-0.01346455,0.47368421052631576,0.9529838562011719,1.0,intensity: nuc,0.799732562004438
Neuron,bnd_nuc_p90,19,0.019544393,0.5263157894736842,0.8595733642578125,0.9811114014172163,intensity: nuc,0.6154912880319949
Neuron,bnd_polarity_nuc,19,0.016086265,0.5263157894736842,0.70855712890625,0.9374496931134947,polarity,0.13464624029577504
Neuron,bnd_polarity_shape,19,0.021841027,0.5789473684210527,0.5677604675292969,0.8946041878750166,polarity,0.2071626631757308
Neuron,bnd_radial_b0,19,-0.06979613,0.3157894736842105,0.14468765258789062,0.5133186145952553,radial profile,0.15248228374130438
Neuron,bnd_radial_b1,19,-0.04746233,0.3157894736842105,0.09551239013671875,0.4360688631651831,radial profile,0.22857787794648504
Neuron,bnd_radial_b2,19,-0.02538161,0.3684210526315789,0.21011734008789062,0.5955997884425195,radial profile,0.29408822755732283
Neuron,bnd_radial_b3,19,-0.043342087,0.3684210526315789,0.6225624084472656,0.9018782383419689,radial profile,0.21479794091886847
Neuron,bnd_radial_b4,19,0.045189068,0.7368421052631579,0.104156494140625,0.4514799006718142,radial profile,0.3832845022611634
Neuron,bnd_rim_mean,19,0.087852895,0.631578947368421,0.3524589538574219,0.7049179077148438,intensity: rim,0.6705281262164499
Neuron,bnd_rim_over_ring,19,-0.08165722,0.3157894736842105,0.312408447265625,0.6707610789980732,membrane ratio,0.4336668576278722
Neuron,bnd_rim_p90,19,0.037178352,0.5789473684210527,0.3320655822753906,0.683772751672431,intensity: rim,0.5683626824464464
Neuron,bnd_ring_mean,19,0.06550838,0.7368421052631579,0.12318801879882812,0.4736394557823129,intensity: ring,0.4288278445348207
Neuron,bnd_ring_p90,19,0.047543295,0.5789473684210527,0.25792694091796875,0.6427977901177119,intensity: ring,0.5533196389913402
Neuron,bnd_terr_mean,19,0.036346212,0.7368421052631579,0.036067962646484375,0.2771014509529903,intensity: terr,0.4144985429893052
Neuron,bnd_terr_p90,19,0.09926969,0.5789473684210527,0.25792694091796875,0.6427977901177119,intensity: terr,0.6101644666011908
Neuron,dapi_cyto_mean,19,-0.0017600805,0.47368421052631576,0.8905677795410156,0.9815601694817636,intensity: cyto,0.34006666051185835
Neuron,dapi_cyto_p90,19,0.014465796,0.5789473684210527,1.0,1.0,intensity: cyto,0.3700385755081486
Neuron,dapi_glcm_asm,19,0.036340445,0.5789473684210527,0.21011734008789062,0.5955997884425195,texture (Haralick),0.0848144638095716
Neuron,dapi_glcm_contrast,19,-0.011136249,0.42105263157894735,0.9217147827148438,0.9951717435509713,texture (Haralick),0.1542541054794548
Neuron,dapi_glcm_correlation,19,0.0033110082,0.5263157894736842,0.8287849426269531,0.9732592927307642,texture (Haralick),0.13304973252021296
Neuron,dapi_glcm_entropy,19,-0.023972109,0.42105263157894735,0.2934989929199219,0.6707610789980732,texture (Haralick),0.09602057975319725
Neuron,dapi_glcm_homogeneity,19,0.018753946,0.5789473684210527,0.6225624084472656,0.9018782383419689,texture (Haralick),0.12519852671049733
Neuron,dapi_nuc_mean,19,0.0038555413,0.5263157894736842,0.76800537109375,0.9580716499422592,intensity: nuc,0.31203346962410733
Neuron,dapi_nuc_p90,19,0.014784828,0.631578947368421,0.2934989929199219,0.6707610789980732,intensity: nuc,0.2833979394029383
Neuron,dapi_polarity_nuc,19,0.022373945,0.5789473684210527,0.5412178039550781,0.8699647524155601,polarity,0.12958528810253497
Neuron,dapi_polarity_shape,19,-0.008672591,0.47368421052631576,0.8287849426269531,0.9732592927307642,polarity,0.06853830215405829
Neuron,dapi_radial_b0,19,0.0380166,0.6842105263157895,0.18186569213867188,0.5706996649083956,radial profile,0.06125221868777987
Neuron,dapi_radial_b1,19,0.03352824,0.631578947368421,0.07987594604492188,0.39902154212575325,radial profile,0.09848471219932252
Neuron,dapi_radial_b2,19,0.042257965,0.7894736842105263,0.12318801879882812,0.4736394557823129,radial profile,0.05563713424019888
Neuron,dapi_radial_b3,19,-0.016604587,0.21052631578947367,0.040130615234375,0.29803670247395836,radial profile,0.08156883156099182
Neuron,dapi_radial_b4,19,-0.022903187,0.3684210526315789,0.168792724609375,0.5530443976907169,radial profile,0.2025112173470916
Neuron,dapi_rim_mean,19,-0.034208924,0.3684210526315789,0.156402587890625,0.5279772209398674,intensity: rim,0.31327454029697355
Neuron,dapi_rim_over_ring,19,0.013775639,0.5789473684210527,0.168792724609375,0.5530443976907169,membrane ratio,0.19159947612337547
Neuron,dapi_rim_p90,19,-0.032520205,0.3684210526315789,0.312408447265625,0.6707610789980732,intensity: rim,0.31048227119334487
Neuron,dapi_ring_mean,19,-0.061964244,0.3157894736842105,0.1956329345703125,0.5827141420088987,intensity: ring,0.2586149851438352
Neuron,dapi_ring_p90,19,-0.08278631,0.3157894736842105,0.015972137451171875,0.20689489675122638,intensity: ring,0.27343079261209163
Neuron,dapi_terr_mean,19,-0.036388308,0.42105263157894735,0.25792694091796875,0.6427977901177119,intensity: terr,0.2292833477991836
Neuron,dapi_terr_p90,19,-0.05130191,0.2631578947368421,0.014068603515625,0.18692428725106375,intensity: terr,0.2675618763771425
Neuron,morph_cell_area_um2,19,0.0061981827,0.5789473684210527,0.8905677795410156,0.9815601694817636,morphology,0.6197813721322386
Neuron,morph_cell_circularity,19,0.019300587,0.5789473684210527,0.5152778625488281,0.8529265065072728,morphology,0.1979824302149213
Neuron,morph_cell_eccentricity,19,-0.000118002295,0.47368421052631576,0.5152778625488281,0.8529265065072728,morphology,0.07715242042459106
Neuron,morph_cell_major_um,19,-0.012668878,0.42105263157894735,0.6225624084472656,0.9018782383419689,morphology,0.3707057503165409
Neuron,morph_cell_minor_um,19,0.008488376,0.5263157894736842,0.48996734619140625,0.8307817711677725,morphology,0.4565529229707038
Neuron,morph_cell_perimeter_um,19,-0.015665159,0.42105263157894735,0.6794281005859375,0.918547213656231,morphology,0.49247991766720006
Neuron,morph_cell_solidity,19,0.021609103,0.5789473684210527,0.5948867797851562,0.9018782383419689,morphology,0.21792151835327697
Neuron,morph_nuc_area_um2,19,-0.031446606,0.47368421052631576,0.8595733642578125,0.9811114014172163,morphology,0.3113475706049198
Neuron,morph_nuc_cell_ratio,19,-0.055153515,0.3157894736842105,0.22532272338867188,0.6213106778588625,morphology,0.2435523715961736
Neuron,morph_nuc_eccentricity,19,-0.030369282,0.3684210526315789,0.168792724609375,0.5530443976907169,morphology,0.12275699593173195
Neuron,morph_nuc_perimeter_um,19,-0.008179622,0.42105263157894735,0.5948867797851562,0.9018782383419689,morphology,0.21265270478640844
Neuron,morph_nuc_solidity,19,-0.0034032464,0.47368421052631576,0.9843215942382812,1.0,morphology,0.3150587093376129
Neuron,nuc_offset,19,0.015420064,0.5789473684210527,0.5412178039550781,0.8699647524155601,morphology,0.12376181803056073
Neuron,r18s_cyto_mean,19,0.0031501055,0.5263157894736842,0.6225624084472656,0.9018782383419689,intensity: cyto,0.4574541717865929
Neuron,r18s_cyto_p90,19,-0.015215933,0.42105263157894735,0.22532272338867188,0.6213106778588625,intensity: cyto,0.4020391433196083
Neuron,r18s_glcm_asm,19,0.016633596,0.6842105263157895,0.168792724609375,0.5530443976907169,texture (Haralick),0.1874588891681574
Neuron,r18s_glcm_contrast,19,0.007469639,0.631578947368421,0.09551239013671875,0.4360688631651831,texture (Haralick),0.19113984439434986
Neuron,r18s_glcm_correlation,19,-0.0074928757,0.47368421052631576,0.18186569213867188,0.5706996649083956,texture (Haralick),0.19587070710084273
Neuron,r18s_glcm_entropy,19,-0.031640764,0.42105263157894735,0.48996734619140625,0.8307817711677725,texture (Haralick),0.16927682729791838
Neuron,r18s_glcm_homogeneity,19,-0.001382228,0.47368421052631576,0.5948867797851562,0.9018782383419689,texture (Haralick),0.13059630207227377
Neuron,r18s_nuc_mean,19,-0.055881493,0.2631578947368421,0.0289306640625,0.26148363143678693,intensity: nuc,0.36386153726266834
Neuron,r18s_nuc_p90,19,-0.06927676,0.2631578947368421,0.036067962646484375,0.2771014509529903,intensity: nuc,0.3694434722956498
Neuron,r18s_polarity_nuc,19,0.023009233,0.5789473684210527,0.7982521057128906,0.9711641630901288,polarity,0.05543591434394706
Neuron,r18s_polarity_shape,19,-0.019467786,0.47368421052631576,0.2753410339355469,0.6587925079280633,polarity,0.04484825853073264
Neuron,r18s_radial_b0,19,-0.0212548,0.47368421052631576,0.7380905151367188,0.952761105286564,radial profile,0.11582196095707654
Neuron,r18s_radial_b1,19,-0.036409765,0.3684210526315789,0.7380905151367188,0.952761105286564,radial profile,0.17986931540825282
Neuron,r18s_radial_b2,19,-0.0016723145,0.47368421052631576,0.9843215942382812,1.0,radial profile,0.18208128553037928
Neuron,r18s_radial_b3,19,-0.007020138,0.47368421052631576,0.9217147827148438,0.9951717435509713,radial profile,0.11347699396125814
Neuron,r18s_radial_b4,19,0.063601404,0.5789473684210527,0.8905677795410156,0.9815601694817636,radial profile,0.21146393267554656
Neuron,r18s_rim_mean,19,-0.025705775,0.47368421052631576,0.5152778625488281,0.8529265065072728,intensity: rim,0.4574326336044955
Neuron,r18s_rim_over_ring,19,0.09410612,0.5263157894736842,0.2753410339355469,0.6587925079280633,membrane ratio,0.30733761222543243
Neuron,r18s_rim_p90,19,-0.044929042,0.42105263157894735,0.2934989929199219,0.6707610789980732,intensity: rim,0.42376381336032787
Neuron,r18s_ring_mean,19,-0.01410923,0.47368421052631576,0.9843215942382812,1.0,intensity: ring,0.34211544355473883
Neuron,r18s_ring_p90,19,-0.015545838,0.47368421052631576,0.37359619140625,0.7212931667704723,intensity: ring,0.1949684695290773
Neuron,r18s_terr_mean,19,-0.015412573,0.47368421052631576,0.37359619140625,0.7212931667704723,intensity: terr,0.2816157973225805
Neuron,r18s_terr_p90,19,-0.0030653663,0.47368421052631576,0.4180412292480469,0.7646928232878887,intensity: terr,0.16769408684196127
Neuron,smavim_cyto_mean,19,-0.04090388,0.3157894736842105,0.22532272338867188,0.6213106778588625,intensity: cyto,0.36500387653274824
Neuron,smavim_cyto_p90,19,0.087019816,0.5789473684210527,0.18186569213867188,0.5706996649083956,intensity: cyto,0.3372159342657263
Neuron,smavim_glcm_asm,19,-0.031927474,0.47368421052631576,0.9217147827148438,0.9951717435509713,texture (Haralick),0.48778167183823834
Neuron,smavim_glcm_contrast,19,0.011846304,0.5789473684210527,0.8905677795410156,0.9815601694817636,texture (Haralick),0.19863524842107738
Neuron,smavim_glcm_entropy,19,0.024100363,0.5263157894736842,0.76800537109375,0.9580716499422592,texture (Haralick),0.5033942650252408
Neuron,smavim_glcm_homogeneity,19,-0.03459212,0.47368421052631576,0.8905677795410156,0.9815601694817636,texture (Haralick),0.4548748143005611
Neuron,smavim_nuc_mean,19,-0.10118848,0.21052631578947367,0.002399444580078125,0.059399583604600695,intensity: nuc,0.530758616626351
Neuron,smavim_nuc_p90,19,-0.09767568,0.2631578947368421,0.0033416748046875,0.07158895639272836,intensity: nuc,0.3440108709071591
Neuron,smavim_polarity_nuc,19,-0.029471252,0.3684210526315789,0.104156494140625,0.4514799006718142,polarity,0.08436252767325615
Neuron,smavim_polarity_shape,19,-0.036104698,0.42105263157894735,0.07283401489257812,0.37914529247818707,polarity,0.10163985481609072
Neuron,smavim_radial_b0,19,-0.030655326,0.3157894736842105,0.2753410339355469,0.6587925079280633,radial profile,0.0806998174455196
Neuron,smavim_radial_b1,19,-0.020574832,0.3684210526315789,0.07283401489257812,0.37914529247818707,radial profile,0.06720683955548151
Neuron,smavim_radial_b2,19,-0.070388496,0.3157894736842105,0.00823211669921875,0.1381428277314599,radial profile,0.07031449453498045
Neuron,smavim_radial_b3,19,-0.045614567,0.3684210526315789,0.1956329345703125,0.5827141420088987,radial profile,0.08867161754679137
Neuron,smavim_radial_b4,19,0.09266005,0.8421052631578947,0.000209808349609375,0.025969611273871526,radial profile,0.14411603534392833
Neuron,smavim_rim_mean,19,-0.0066945553,0.47368421052631576,0.7380905151367188,0.952761105286564,intensity: rim,0.36457361768031327
Neuron,smavim_rim_over_ring,19,-0.0022143386,0.47368421052631576,0.6225624084472656,0.9018782383419689,membrane ratio,0.0860602765565385
Neuron,smavim_rim_p90,19,0.06704492,0.5789473684210527,0.14468765258789062,0.5133186145952553,intensity: rim,0.34241493949283874
Neuron,smavim_ring_mean,19,0.007951617,0.5263157894736842,0.8905677795410156,0.9815601694817636,intensity: ring,0.3130480251708696
Neuron,smavim_ring_p90,19,0.058239125,0.631578947368421,0.1336212158203125,0.48965142902575043,intensity: ring,0.3095211801828311
Neuron,smavim_terr_mean,19,0.08001669,0.5789473684210527,0.18186569213867188,0.5706996649083956,intensity: terr,0.2976143165402881
Neuron,smavim_terr_p90,19,0.052487597,0.7368421052631579,0.03234100341796875,0.2645205069279325,intensity: terr,0.3609436801939765
OPC,bnd_cyto_mean,18,-0.077817954,0.2777777777777778,0.11870574951171875,0.4736394557823129,intensity: cyto,0.39848134448723826
OPC,bnd_cyto_p90,18,-0.13577962,0.3888888888888889,0.1083831787109375,0.45908312199233603,intensity: cyto,0.5250143602973171
OPC,bnd_glcm_asm,18,0.1332523,0.5555555555555556,0.2121429443359375,0.5982968101018592,texture (Haralick),0.5701263656130436
OPC,bnd_glcm_contrast,18,0.10026925,0.6111111111111112,0.30379486083984375,0.6707610789980732,texture (Haralick),0.46876029865614466
OPC,bnd_glcm_correlation,18,-0.046289276,0.5,0.0897674560546875,0.4166706085205078,texture (Haralick),0.5600420626830492
OPC,bnd_glcm_entropy,18,-0.056620914,0.5,0.30379486083984375,0.6707610789980732,texture (Haralick),0.5082115541177632
OPC,bnd_glcm_homogeneity,18,-0.065647565,0.5,0.49507904052734375,0.8355146431061159,texture (Haralick),0.49932374875092145
OPC,bnd_nuc_mean,18,-0.15348688,0.4444444444444444,1.0,1.0,intensity: nuc,0.67630783046852
OPC,bnd_nuc_p90,18,-0.035720084,0.4444444444444444,0.7018814086914062,0.9374496931134947,intensity: nuc,0.34855759977932516
OPC,bnd_polarity_nuc,18,-0.007408793,0.5,0.6396942138671875,0.9050369738937168,polarity,0.07628899913321079
OPC,bnd_polarity_shape,18,-0.016620949,0.5,0.8650436401367188,0.981367140193116,polarity,0.17005532745906649
OPC,bnd_radial_b0,18,-0.10569839,0.3333333333333333,0.08142852783203125,0.4003060741341991,radial profile,0.13106225433728863
OPC,bnd_radial_b1,18,-0.053534944,0.3888888888888889,0.24620819091796875,0.6305193670864763,radial profile,0.1836151388187948
OPC,bnd_radial_b2,18,-0.05713751,0.2222222222222222,0.02367401123046875,0.2494034967502626,radial profile,0.16065055337036988
OPC,bnd_radial_b3,18,-0.09294626,0.3888888888888889,0.1083831787109375,0.45908312199233603,radial profile,0.1310567227655967
OPC,bnd_radial_b4,18,0.10034881,0.6111111111111112,0.0987396240234375,0.44532769701258856,radial profile,0.2634099016444606
OPC,bnd_rim_mean,18,-0.09331377,0.3333333333333333,0.24620819091796875,0.6305193670864763,intensity: rim,0.41499359049221696
OPC,bnd_rim_over_ring,18,-0.1941739,0.4444444444444444,0.2121429443359375,0.5982968101018592,membrane ratio,0.39167946997141684
OPC,bnd_rim_p90,18,-0.14375421,0.3333333333333333,0.11870574951171875,0.4736394557823129,intensity: rim,0.5187794341713228
OPC,bnd_ring_mean,18,-0.054708507,0.4444444444444444,0.39273834228515625,0.745333072070978,intensity: ring,0.20180768452376
OPC,bnd_ring_p90,18,-0.00964281,0.4444444444444444,0.7018814086914062,0.9374496931134947,intensity: ring,0.6170786605313133
OPC,bnd_terr_mean,18,-0.020555288,0.5,0.522613525390625,0.8538670267577053,intensity: terr,0.18810944284141287
OPC,bnd_terr_p90,18,0.023008406,0.5555555555555556,0.8985748291015625,0.9815601694817636,intensity: terr,0.6929972223299358
OPC,dapi_cyto_mean,18,0.019178875,0.5555555555555556,0.6705245971679688,0.918547213656231,intensity: cyto,0.24959511301347934
OPC,dapi_cyto_p90,18,0.0266013,0.5555555555555556,0.550872802734375,0.8729335736075302,intensity: cyto,0.2756393978164342
OPC,dapi_glcm_asm,18,-0.0050139218,0.4444444444444444,0.6705245971679688,0.918547213656231,texture (Haralick),0.1597458407098103
OPC,dapi_glcm_contrast,18,-0.023921164,0.3888888888888889,0.7018814086914062,0.9374496931134947,texture (Haralick),0.1569254723398249
OPC,dapi_glcm_correlation,18,0.0088844,0.5555555555555556,0.550872802734375,0.8729335736075302,texture (Haralick),0.12123927873573147
OPC,dapi_glcm_entropy,18,-0.007937365,0.4444444444444444,0.8650436401367188,0.981367140193116,texture (Haralick),0.1651374083275344
OPC,dapi_glcm_homogeneity,18,0.005344391,0.5,0.7337265014648438,0.952761105286564,texture (Haralick),0.1582313074140566
OPC,dapi_nuc_mean,18,0.10428286,0.6111111111111112,0.2645263671875,0.649080116843337,intensity: nuc,0.34789442833362516
OPC,dapi_nuc_p90,18,0.047967374,0.5555555555555556,0.550872802734375,0.8729335736075302,intensity: nuc,0.3509742257356294
OPC,dapi_polarity_nuc,18,0.008257789,0.5555555555555556,0.7660293579101562,0.9580716499422592,polarity,0.0704929002351037
OPC,dapi_polarity_shape,18,-0.04600955,0.3333333333333333,0.08142852783203125,0.4003060741341991,polarity,0.04818245519472562
OPC,dapi_radial_b0,18,0.004216021,0.5555555555555556,0.9661178588867188,1.0,radial profile,0.054626875114153456
OPC,dapi_radial_b1,18,-0.013067659,0.3888888888888889,0.932281494140625,0.9986169081467848,radial profile,0.04522062972269969
OPC,dapi_radial_b2,18,-0.011008566,0.4444444444444444,0.7660293579101562,0.9580716499422592,radial profile,0.05614701398827508
OPC,dapi_radial_b3,18,0.003926114,0.5555555555555556,0.5798416137695312,0.9018782383419689,radial profile,0.0384793126825638
OPC,dapi_radial_b4,18,0.019115139,0.5,0.83172607421875,0.9732592927307642,radial profile,0.16023641023254812
OPC,dapi_rim_mean,18,0.012414109,0.5,0.468292236328125,0.8125818555600175,intensity: rim,0.26920533930263507
OPC,dapi_rim_over_ring,18,0.04377752,0.7222222222222222,0.4171142578125,0.7646928232878887,membrane ratio,0.1533964933203831
OPC,dapi_rim_p90,18,0.028918548,0.6111111111111112,0.468292236328125,0.8125818555600175,intensity: rim,0.26709106830438406
OPC,dapi_ring_mean,18,0.018535387,0.6111111111111112,0.28372955322265625,0.6707610789980732,intensity: ring,0.17964602857536724
OPC,dapi_ring_p90,18,-0.021041177,0.4444444444444444,0.9661178588867188,1.0,intensity: ring,0.22170464844311616
OPC,dapi_terr_mean,18,0.019362252,0.6111111111111112,0.24620819091796875,0.6305193670864763,intensity: terr,0.12264855304294937
OPC,dapi_terr_p90,18,0.009910376,0.5555555555555556,0.7337265014648438,0.952761105286564,intensity: terr,0.25270257015940073
OPC,morph_cell_area_um2,18,0.007371313,0.5,0.30379486083984375,0.6707610789980732,morphology,0.36472941953868837
OPC,morph_cell_circularity,18,-0.009520322,0.5,0.7337265014648438,0.952761105286564,morphology,0.07976386994140397
OPC,morph_cell_eccentricity,18,0.00322265,0.5,0.6705245971679688,0.918547213656231,morphology,0.007881083578139856
OPC,morph_cell_major_um,18,0.013895951,0.5,0.4171142578125,0.7646928232878887,morphology,0.214993697581854
OPC,morph_cell_minor_um,18,0.028507601,0.6111111111111112,0.16735076904296875,0.5530443976907169,morphology,0.24673994850196093
OPC,morph_cell_perimeter_um,18,0.00045884773,0.5,0.3692169189453125,0.7203286299563539,morphology,0.3024367876946307
OPC,morph_cell_solidity,18,-0.013497051,0.5,0.522613525390625,0.8538670267577053,morphology,0.07611825048613857
OPC,morph_nuc_area_um2,18,0.005388111,0.5555555555555556,0.8650436401367188,0.981367140193116,morphology,0.23509721373417428
OPC,morph_nuc_cell_ratio,18,0.008066259,0.6111111111111112,1.0,1.0,morphology,0.11559641410721234
OPC,morph_nuc_eccentricity,18,-0.030997645,0.4444444444444444,0.7987060546875,0.9711641630901288,morphology,0.07838826710467497
OPC,morph_nuc_perimeter_um,18,0.0017535919,0.5,0.7660293579101562,0.9580716499422592,morphology,0.19183229646926656
OPC,morph_nuc_solidity,18,-0.019670457,0.4444444444444444,0.7337265014648438,0.952761105286564,morphology,0.28347064514569376
OPC,nuc_offset,18,-0.041537713,0.3888888888888889,0.24620819091796875,0.6305193670864763,morphology,0.05795518874169174
OPC,r18s_cyto_mean,18,-0.020819768,0.3888888888888889,0.7660293579101562,0.9580716499422592,intensity: cyto,0.2832906957072743
OPC,r18s_cyto_p90,18,-0.030031107,0.3333333333333333,0.6094589233398438,0.9018782383419689,intensity: cyto,0.2548714858809114
OPC,r18s_glcm_asm,18,0.009471282,0.6111111111111112,0.3692169189453125,0.7203286299563539,texture (Haralick),0.12159874727347982
OPC,r18s_glcm_contrast,18,0.009428967,0.5,0.6094589233398438,0.9018782383419689,texture (Haralick),0.07633680713810632
OPC,r18s_glcm_correlation,18,-0.037330586,0.2777777777777778,0.1083831787109375,0.45908312199233603,texture (Haralick),0.1138932833160208
OPC,r18s_glcm_entropy,18,-0.016675979,0.4444444444444444,0.49507904052734375,0.8355146431061159,texture (Haralick),0.09798516596786111
OPC,r18s_glcm_homogeneity,18,-0.006661872,0.5,0.8985748291015625,0.9815601694817636,texture (Haralick),0.07580565038566858
OPC,r18s_nuc_mean,18,0.027712423,0.5555555555555556,0.16735076904296875,0.5530443976907169,intensity: nuc,0.2598305916060253
OPC,r18s_nuc_p90,18,0.008791052,0.6111111111111112,0.44229888916015625,0.7845875199433345,intensity: nuc,0.22464714144974476
OPC,r18s_polarity_nuc,18,-0.023223603,0.4444444444444444,0.6094589233398438,0.9018782383419689,polarity,0.024803198642825718
OPC,r18s_polarity_shape,18,-0.0050634714,0.4444444444444444,0.6705245971679688,0.918547213656231,polarity,0.009761508761925936
OPC,r18s_radial_b0,18,0.0062430706,0.6111111111111112,0.30379486083984375,0.6707610789980732,radial profile,0.057630053623080844
OPC,r18s_radial_b1,18,0.035882164,0.6666666666666666,0.14151763916015625,0.5133186145952553,radial profile,0.08359642210578207
OPC,r18s_radial_b2,18,0.042138413,0.6111111111111112,0.22875213623046875,0.623279265987063,radial profile,0.09883175612897593
OPC,r18s_radial_b3,18,0.01232009,0.6111111111111112,0.550872802734375,0.8729335736075302,radial profile,0.06191468222336903
OPC,r18s_radial_b4,18,-0.057358857,0.3888888888888889,0.03849029541015625,0.29368622662269905,radial profile,0.1330980058020906
OPC,r18s_rim_mean,18,-0.0032598712,0.5,0.83172607421875,0.9732592927307642,intensity: rim,0.3203562242474573
OPC,r18s_rim_over_ring,18,0.007836223,0.5,0.49507904052734375,0.8355146431061159,membrane ratio,0.18534772915705539
OPC,r18s_rim_p90,18,-0.0153505355,0.3888888888888889,0.932281494140625,0.9986169081467848,intensity: rim,0.28821607270019606
OPC,r18s_ring_mean,18,0.10622668,0.7222222222222222,0.01593017578125,0.20689489675122638,intensity: ring,0.2445969707990032
OPC,r18s_ring_p90,18,0.052886523,0.6111111111111112,0.19638824462890625,0.5834040120442708,intensity: ring,0.10813549805013824
OPC,r18s_terr_mean,18,0.07072455,0.7222222222222222,0.00896453857421875,0.1442526203312286,intensity: terr,0.16338021799291155
OPC,r18s_terr_p90,18,-0.0185677,0.4444444444444444,0.5798416137695312,0.9018782383419689,intensity: terr,0.10585776624871264
OPC,smavim_cyto_mean,18,-0.07781329,0.16666666666666666,0.00896453857421875,0.1442526203312286,intensity: cyto,0.23379447036825418
OPC,smavim_cyto_p90,18,-0.008193888,0.5,0.83172607421875,0.9732592927307642,intensity: cyto,0.3067948410879085
OPC,smavim_glcm_asm,18,-0.08742088,0.3888888888888889,0.03423309326171875,0.27435730858672436,texture (Haralick),0.3763702805544917
OPC,smavim_glcm_contrast,18,-0.086948946,0.3333333333333333,0.05385589599609375,0.3472957227421903,texture (Haralick),0.14279689456186592
OPC,smavim_glcm_correlation,18,0.0726604,0.7777777777777778,0.1083831787109375,0.45908312199233603,texture (Haralick),0.3484507365647628
OPC,smavim_glcm_entropy,18,0.0813629,0.6666666666666666,0.0182342529296875,0.21609529535821143,texture (Haralick),0.4049268966549677
OPC,smavim_glcm_homogeneity,18,-0.05688078,0.3888888888888889,0.0897674560546875,0.4166706085205078,texture (Haralick),0.32433690319689484
OPC,smavim_nuc_mean,18,-0.19003147,0.2222222222222222,0.01203155517578125,0.17428627497033228,intensity: nuc,0.3940227188871754
OPC,smavim_nuc_p90,18,-0.06176557,0.2777777777777778,0.030364990234375,0.2642703056335449,intensity: nuc,0.19736567342892467
OPC,smavim_polarity_nuc,18,0.022982862,0.5555555555555556,0.7987060546875,0.9711641630901288,polarity,0.0701981922043156
OPC,smavim_polarity_shape,18,0.028295962,0.6111111111111112,0.8985748291015625,0.9815601694817636,polarity,0.08591225768074465
OPC,smavim_radial_b0,18,-0.03767722,0.4444444444444444,0.4171142578125,0.7646928232878887,radial profile,0.08117796818729216
OPC,smavim_radial_b1,18,-0.037761606,0.2777777777777778,0.0736846923828125,0.3804916938145955,radial profile,0.07229889945498556
OPC,smavim_radial_b2,18,-0.052080456,0.3888888888888889,0.0897674560546875,0.4166706085205078,radial profile,0.05064615020908578
OPC,smavim_radial_b3,18,-0.00049337745,0.5,0.7660293579101562,0.9580716499422592,radial profile,0.03383395140158383
OPC,smavim_radial_b4,18,0.047999512,0.7222222222222222,0.16735076904296875,0.5530443976907169,radial profile,0.08180150150803364
OPC,smavim_rim_mean,18,-0.085577816,0.16666666666666666,0.0076904296875,0.13386154174804688,intensity: rim,0.23563984412678704
OPC,smavim_rim_over_ring,18,-0.075429454,0.2222222222222222,0.0047454833984375,0.08526562106224798,membrane ratio,0.08217194041328645
OPC,smavim_rim_p90,18,-0.0032013766,0.5,0.83172607421875,0.9732592927307642,intensity: rim,0.31848996349513725
OPC,smavim_ring_mean,18,-0.038222373,0.3888888888888889,0.22875213623046875,0.623279265987063,intensity: ring,0.15578637861491057
OPC,smavim_ring_p90,18,0.04182189,0.6111111111111112,0.2645263671875,0.649080116843337,intensity: ring,0.2669459117557377
OPC,smavim_terr_mean,18,-0.034266155,0.3888888888888889,0.32472991943359375,0.683772751672431,intensity: terr,0.13830168684164862
OPC,smavim_terr_p90,18,0.058403872,0.7222222222222222,0.0599365234375,0.3552295918367347,intensity: terr,0.3961397166550896
Oligodendrocyte,bnd_cyto_mean,19,-0.039271154,0.42105263157894735,0.6225624084472656,0.9018782383419689,intensity: cyto,0.4323186750844381
Oligodendrocyte,bnd_cyto_p90,19,-0.096671134,0.2631578947368421,0.03234100341796875,0.2645205069279325,intensity: cyto,0.5463212515148599
Oligodendrocyte,bnd_glcm_asm,19,0.051926762,0.5263157894736842,0.6507492065429688,0.9050369738937168,texture (Haralick),0.5393853524980683
Oligodendrocyte,bnd_glcm_contrast,19,0.07609662,0.631578947368421,0.14468765258789062,0.5133186145952553,texture (Haralick),0.5002661721959687
Oligodendrocyte,bnd_glcm_correlation,19,-0.096710876,0.21052631578947367,0.036067962646484375,0.2771014509529903,texture (Haralick),0.5935571211690319
Oligodendrocyte,bnd_glcm_entropy,19,-0.089742735,0.47368421052631576,0.8595733642578125,0.9811114014172163,texture (Haralick),0.5007006101400833
Oligodendrocyte,bnd_glcm_homogeneity,19,0.116621844,0.5263157894736842,0.9843215942382812,1.0,texture (Haralick),0.534081188667758
Oligodendrocyte,bnd_nuc_mean,19,0.04820714,0.5789473684210527,0.3320655822753906,0.683772751672431,intensity: nuc,0.6856318922048231
Oligodendrocyte,bnd_nuc_p90,19,-0.027060814,0.42105263157894735,1.0,1.0,intensity: nuc,0.36912332826323907
Oligodendrocyte,bnd_polarity_nuc,19,-0.020606428,0.47368421052631576,0.6507492065429688,0.9050369738937168,polarity,0.09373045332174999
Oligodendrocyte,bnd_polarity_shape,19,-0.07536031,0.42105263157894735,0.9529838562011719,1.0,polarity,0.21315681023542207
Oligodendrocyte,bnd_radial_b0,19,0.015684912,0.5263157894736842,0.9217147827148438,0.9951717435509713,radial profile,0.13914589693013835
Oligodendrocyte,bnd_radial_b1,19,0.009205557,0.631578947368421,0.70855712890625,0.9374496931134947,radial profile,0.1971695757896992
Oligodendrocyte,bnd_radial_b2,19,0.005397685,0.5789473684210527,0.9529838562011719,1.0,radial profile,0.2027465956321789
Oligodendrocyte,bnd_radial_b3,19,-0.010640729,0.47368421052631576,0.24125289916992188,0.6305193670864763,radial profile,0.16374100436991704
Oligodendrocyte,bnd_radial_b4,19,0.012303332,0.5263157894736842,0.9217147827148438,0.9951717435509713,radial profile,0.2796020212159237
Oligodendrocyte,bnd_rim_mean,19,-0.035466213,0.42105263157894735,0.9529838562011719,1.0,intensity: rim,0.43587258374511617
Oligodendrocyte,bnd_rim_over_ring,19,-0.052446313,0.42105263157894735,0.5948867797851562,0.9018782383419689,membrane ratio,0.440321531505416
Oligodendrocyte,bnd_rim_p90,19,-0.06814942,0.2631578947368421,0.0289306640625,0.26148363143678693,intensity: rim,0.5439896583143646
Oligodendrocyte,bnd_ring_mean,19,-0.07707806,0.3157894736842105,0.24125289916992188,0.6305193670864763,intensity: ring,0.20112059307103244
Oligodendrocyte,bnd_ring_p90,19,-0.08650927,0.3157894736842105,0.07283401489257812,0.37914529247818707,intensity: ring,0.6140094823152745
Oligodendrocyte,bnd_terr_mean,19,-0.05907213,0.3684210526315789,0.14468765258789062,0.5133186145952553,intensity: terr,0.1738144344069725
Oligodendrocyte,bnd_terr_p90,19,-0.120509505,0.3157894736842105,0.09551239013671875,0.4360688631651831,intensity: terr,0.6989892956235388
Oligodendrocyte,dapi_cyto_mean,19,-0.024032287,0.3684210526315789,0.6794281005859375,0.918547213656231,intensity: cyto,0.24515363255779316
Oligodendrocyte,dapi_cyto_p90,19,-0.01966995,0.3157894736842105,0.6507492065429688,0.9050369738937168,intensity: cyto,0.2506026505015002
Oligodendrocyte,dapi_glcm_asm,19,-0.012388576,0.42105263157894735,0.37359619140625,0.7212931667704723,texture (Haralick),0.11274367110602691
Oligodendrocyte,dapi_glcm_contrast,19,0.02109114,0.7894736842105263,0.002838134765625,0.0672698325299202,texture (Haralick),0.11533376490006673
Oligodendrocyte,dapi_glcm_correlation,19,-0.03486254,0.2631578947368421,0.014068603515625,0.18692428725106375,texture (Haralick),0.0877462615529707
Oligodendrocyte,dapi_glcm_entropy,19,0.00742187,0.5789473684210527,0.3524589538574219,0.7049179077148438,texture (Haralick),0.12019345340382785
Oligodendrocyte,dapi_glcm_homogeneity,19,-0.0225811,0.3684210526315789,0.036067962646484375,0.2771014509529903,texture (Haralick),0.10313404442135214
Oligodendrocyte,dapi_nuc_mean,19,0.005837744,0.5789473684210527,0.6507492065429688,0.9050369738937168,intensity: nuc,0.3038324058632805
Oligodendrocyte,dapi_nuc_p90,19,0.014984567,0.631578947368421,0.312408447265625,0.6707610789980732,intensity: nuc,0.30436890347433365
Oligodendrocyte,dapi_polarity_nuc,19,-0.006031936,0.42105263157894735,0.9529838562011719,1.0,polarity,0.0885580983775903
Oligodendrocyte,dapi_polarity_shape,19,-0.012110875,0.3684210526315789,0.6225624084472656,0.9018782383419689,polarity,0.053207034122291684
Oligodendrocyte,dapi_radial_b0,19,-0.016995832,0.47368421052631576,0.48996734619140625,0.8307817711677725,radial profile,0.06190112320757325
Oligodendrocyte,dapi_radial_b1,19,8.447468e-05,0.5263157894736842,0.8595733642578125,0.9811114014172163,radial profile,0.08191115431429716
Oligodendrocyte,dapi_radial_b2,19,0.034882396,0.6842105263157895,0.0289306640625,0.26148363143678693,radial profile,0.0958562162616051
Oligodendrocyte,dapi_radial_b3,19,0.00787916,0.631578947368421,0.48996734619140625,0.8307817711677725,radial profile,0.08137644929141881
Oligodendrocyte,dapi_radial_b4,19,-0.019390762,0.3684210526315789,0.4180412292480469,0.7646928232878887,radial profile,0.1462615568730713
Oligodendrocyte,dapi_rim_mean,19,-0.001115635,0.47368421052631576,0.5412178039550781,0.8699647524155601,intensity: rim,0.21333005333442875
Oligodendrocyte,dapi_rim_over_ring,19,0.021561114,0.631578947368421,0.6225624084472656,0.9018782383419689,membrane ratio,0.13713431245725652
Oligodendrocyte,dapi_rim_p90,19,0.00015235692,0.5263157894736842,0.8595733642578125,0.9811114014172163,intensity: rim,0.19381424390404192
Oligodendrocyte,dapi_ring_mean,19,-0.028007332,0.42105263157894735,0.8595733642578125,0.9811114014172163,intensity: ring,0.14875392691261632
Oligodendrocyte,dapi_ring_p90,19,-0.059801802,0.42105263157894735,0.5948867797851562,0.9018782383419689,intensity: ring,0.18757745645350304
Oligodendrocyte,dapi_terr_mean,19,0.011455357,0.5263157894736842,0.9843215942382812,1.0,intensity: terr,0.13312035796393829
Oligodendrocyte,dapi_terr_p90,19,-0.03288066,0.3684210526315789,0.5948867797851562,0.9018782383419689,intensity: terr,0.25323534969571687
Oligodendrocyte,morph_cell_area_um2,19,0.031371832,0.5789473684210527,0.156402587890625,0.5279772209398674,morphology,0.37396825131739325
Oligodendrocyte,morph_cell_circularity,19,0.012384575,0.5263157894736842,0.6794281005859375,0.918547213656231,morphology,0.13330500726528602
Oligodendrocyte,morph_cell_eccentricity,19,-0.044343594,0.3157894736842105,0.05457305908203125,0.3473965018136161,morphology,0.043186221116283646
Oligodendrocyte,morph_cell_major_um,19,0.015741274,0.5789473684210527,0.5152778625488281,0.8529265065072728,morphology,0.25210976212064357
Oligodendrocyte,morph_cell_minor_um,19,0.03994344,0.631578947368421,0.104156494140625,0.4514799006718142,morphology,0.2913857939687027
Oligodendrocyte,morph_cell_perimeter_um,19,0.03829012,0.631578947368421,0.21011734008789062,0.5955997884425195,morphology,0.3348836452180447
Oligodendrocyte,morph_cell_solidity,19,-0.0042654574,0.47368421052631576,0.76800537109375,0.9580716499422592,morphology,0.13610274475957648
Oligodendrocyte,morph_nuc_area_um2,19,0.009066351,0.5263157894736842,0.7982521057128906,0.9711641630901288,morphology,0.23832402817284626
Oligodendrocyte,morph_nuc_cell_ratio,19,-0.038580447,0.3684210526315789,0.07987594604492188,0.39902154212575325,morphology,0.14083423954019175
Oligodendrocyte,morph_nuc_eccentricity,19,-0.047760464,0.2631578947368421,0.03234100341796875,0.2645205069279325,morphology,0.1453197763050593
Oligodendrocyte,morph_nuc_perimeter_um,19,0.012494303,0.5263157894736842,0.8595733642578125,0.9811114014172163,morphology,0.1878175330138575
Oligodendrocyte,morph_nuc_solidity,19,0.03453356,0.7368421052631579,0.25792694091796875,0.6427977901177119,morphology,0.309568643244105
Oligodendrocyte,nuc_offset,19,-0.014044594,0.47368421052631576,0.7982521057128906,0.9711641630901288,morphology,0.0811216844339533
Oligodendrocyte,r18s_cyto_mean,19,-0.010537449,0.47368421052631576,0.5677604675292969,0.8946041878750166,intensity: cyto,0.33704589278749314
Oligodendrocyte,r18s_cyto_p90,19,-0.016157568,0.47368421052631576,0.8595733642578125,0.9811114014172163,intensity: cyto,0.31775900637563675
Oligodendrocyte,r18s_glcm_asm,19,-0.049510524,0.2631578947368421,0.060207366943359375,0.3552295918367347,texture (Haralick),0.1389427252144757
Oligodendrocyte,r18s_glcm_contrast,19,0.046381,0.5789473684210527,0.18186569213867188,0.5706996649083956,texture (Haralick),0.10516275962802674
Oligodendrocyte,r18s_glcm_correlation,19,-0.03316011,0.3684210526315789,0.14468765258789062,0.5133186145952553,texture (Haralick),0.14161108859051416
Oligodendrocyte,r18s_glcm_entropy,19,0.044243783,0.7368421052631579,0.044559478759765625,0.31219659961244595,texture (Haralick),0.12303059955799879
Oligodendrocyte,r18s_glcm_homogeneity,19,-0.04531124,0.21052631578947367,0.0289306640625,0.26148363143678693,texture (Haralick),0.08948966591953396
Oligodendrocyte,r18s_nuc_mean,19,-0.00786804,0.42105263157894735,0.25792694091796875,0.6427977901177119,intensity: nuc,0.2936349552641803
Oligodendrocyte,r18s_nuc_p90,19,0.0016881526,0.5263157894736842,0.76800537109375,0.9580716499422592,intensity: nuc,0.3000072315759492
Oligodendrocyte,r18s_polarity_nuc,19,0.018590003,0.5789473684210527,0.2753410339355469,0.6587925079280633,polarity,0.0649434357869086
Oligodendrocyte,r18s_polarity_shape,19,0.011936866,0.5789473684210527,0.76800537109375,0.9580716499422592,polarity,0.041530539667420555
Oligodendrocyte,r18s_radial_b0,19,0.009218983,0.5789473684210527,0.7982521057128906,0.9711641630901288,radial profile,0.08254470924251801
Oligodendrocyte,r18s_radial_b1,19,0.010104276,0.5263157894736842,0.5152778625488281,0.8529265065072728,radial profile,0.13550675851731986
Oligodendrocyte,r18s_radial_b2,19,0.000596758,0.5263157894736842,0.24125289916992188,0.6305193670864763,radial profile,0.1377210874511468
Oligodendrocyte,r18s_radial_b3,19,0.036172047,0.6842105263157895,0.312408447265625,0.6707610789980732,radial profile,0.11126532329732855
Oligodendrocyte,r18s_radial_b4,19,-0.01933405,0.3157894736842105,0.1336212158203125,0.48965142902575043,radial profile,0.14949688738296324
Oligodendrocyte,r18s_rim_mean,19,-0.009064898,0.42105263157894735,0.70855712890625,0.9374496931134947,intensity: rim,0.34550523661829086
Oligodendrocyte,r18s_rim_over_ring,19,0.026033074,0.5789473684210527,0.48996734619140625,0.8307817711677725,membrane ratio,0.24927157178404347
Oligodendrocyte,r18s_rim_p90,19,-0.017562091,0.42105263157894735,0.7380905151367188,0.952761105286564,intensity: rim,0.3261316432686575
Oligodendrocyte,r18s_ring_mean,19,0.04370986,0.6842105263157895,0.104156494140625,0.4514799006718142,intensity: ring,0.24264146118711188
Oligodendrocyte,r18s_ring_p90,19,-0.0041162223,0.47368421052631576,1.0,1.0,intensity: ring,0.1433714763427484
Oligodendrocyte,r18s_terr_mean,19,0.020262495,0.631578947368421,0.156402587890625,0.5279772209398674,intensity: terr,0.19396696193624832
Oligodendrocyte,r18s_terr_p90,19,-0.017191246,0.42105263157894735,0.5412178039550781,0.8699647524155601,intensity: terr,0.1720837914924835
Oligodendrocyte,smavim_cyto_mean,19,-0.013833541,0.42105263157894735,0.48996734619140625,0.8307817711677725,intensity: cyto,0.24943634532209327
Oligodendrocyte,smavim_cyto_p90,19,-0.025929978,0.47368421052631576,0.8905677795410156,0.9815601694817636,intensity: cyto,0.26912995581933113
Oligodendrocyte,smavim_glcm_asm,19,-0.045988083,0.3157894736842105,0.07283401489257812,0.37914529247818707,texture (Haralick),0.3864955031768081
Oligodendrocyte,smavim_glcm_contrast,19,-0.008128524,0.47368421052631576,0.76800537109375,0.9580716499422592,texture (Haralick),0.19373686290011594
Oligodendrocyte,smavim_glcm_correlation,19,0.04409392,0.631578947368421,0.6507492065429688,0.9050369738937168,texture (Haralick),0.32309753718426043
Oligodendrocyte,smavim_glcm_entropy,19,0.04685256,0.6842105263157895,0.11337661743164062,0.4736394557823129,texture (Haralick),0.40460616810983935
Oligodendrocyte,smavim_glcm_homogeneity,19,-0.069337875,0.3684210526315789,0.08742904663085938,0.4166706085205078,texture (Haralick),0.34429412735474435
Oligodendrocyte,smavim_nuc_mean,19,0.032238692,0.631578947368421,0.8287849426269531,0.9732592927307642,intensity: nuc,0.3584799274071149
Oligodendrocyte,smavim_nuc_p90,19,0.015631028,0.5789473684210527,0.8905677795410156,0.9815601694817636,intensity: nuc,0.21709030371426238
Oligodendrocyte,smavim_polarity_nuc,19,-0.0054313466,0.42105263157894735,0.4653167724609375,0.8099420070648193,polarity,0.10327331805941588
Oligodendrocyte,smavim_polarity_shape,19,-0.015843168,0.42105263157894735,0.48996734619140625,0.8307817711677725,polarity,0.13631196932678613
Oligodendrocyte,smavim_radial_b0,19,-0.002001904,0.47368421052631576,0.8595733642578125,0.9811114014172163,radial profile,0.07324531907366155
Oligodendrocyte,smavim_radial_b1,19,0.026414331,0.5263157894736842,0.6507492065429688,0.9050369738937168,radial profile,0.1066474602827543
Oligodendrocyte,smavim_radial_b2,19,0.020713918,0.5263157894736842,0.70855712890625,0.9374496931134947,radial profile,0.06609876170721986
Oligodendrocyte,smavim_radial_b3,19,-0.017357748,0.47368421052631576,0.8905677795410156,0.9815601694817636,radial profile,0.04193070933434065
Oligodendrocyte,smavim_radial_b4,19,-0.015644278,0.42105263157894735,0.8287849426269531,0.9732592927307642,radial profile,0.10139105711172235
Oligodendrocyte,smavim_rim_mean,19,-0.0029674247,0.47368421052631576,0.6507492065429688,0.9050369738937168,intensity: rim,0.2502826939152397
Oligodendrocyte,smavim_rim_over_ring,19,-0.0062956773,0.47368421052631576,0.7982521057128906,0.9711641630901288,membrane ratio,0.0742558752381383
Oligodendrocyte,smavim_rim_p90,19,-0.005502373,0.47368421052631576,0.9529838562011719,1.0,intensity: rim,0.27522721822954366
Oligodendrocyte,smavim_ring_mean,19,-0.014647633,0.42105263157894735,0.9529838562011719,1.0,intensity: ring,0.22174601234942642
Oligodendrocyte,smavim_ring_p90,19,0.010702692,0.631578947368421,0.3954620361328125,0.746685946189751,intensity: ring,0.2821547467098863
Oligodendrocyte,smavim_terr_mean,19,-0.031980395,0.3157894736842105,0.2934989929199219,0.6707610789980732,intensity: terr,0.19153607768796524
Oligodendrocyte,smavim_terr_p90,19,0.051573455,0.6842105263157895,0.312408447265625,0.6707610789980732,intensity: terr,0.36685356008447484
Schwann cell,bnd_cyto_mean,20,-0.02043118,0.4,0.8408222198486328,0.97876275121356,intensity: cyto,0.6781295380750584
Schwann cell,bnd_cyto_p90,20,0.002016738,0.55,0.6742229461669922,0.918547213656231,intensity: cyto,0.6689246000618722
Schwann cell,bnd_glcm_asm,20,-0.0731087,0.45,0.7561664581298828,0.9580716499422592,texture (Haralick),0.5641758259924978
Schwann cell,bnd_glcm_contrast,20,0.0006345343,0.5,0.956329345703125,1.0,texture (Haralick),0.3155442318533293
Schwann cell,bnd_glcm_correlation,20,-0.013301179,0.45,0.9272785186767578,0.9951717435509713,texture (Haralick),0.41558909670160604
Schwann cell,bnd_glcm_entropy,20,0.051970072,0.55,0.7841262817382812,0.9694968677652002,texture (Haralick),0.49873615859229514
Schwann cell,bnd_glcm_homogeneity,20,0.022204287,0.55,0.6215133666992188,0.9018782383419689,texture (Haralick),0.45158009329511983
Schwann cell,bnd_nuc_mean,20,0.024293488,0.55,0.5705966949462891,0.89653697908345,intensity: nuc,0.707468577674842
Schwann cell,bnd_nuc_p90,20,0.03285205,0.55,0.7561664581298828,0.9580716499422592,intensity: nuc,0.5553824914348178
Schwann cell,bnd_polarity_nuc,20,-0.017736563,0.4,0.6476554870605469,0.9050369738937168,polarity,0.08626516656671848
Schwann cell,bnd_polarity_shape,20,-0.007118296,0.45,0.8408222198486328,0.97876275121356,polarity,0.18883779208215307
Schwann cell,bnd_radial_b0,20,-0.013119939,0.45,0.8694877624511719,0.981367140193116,radial profile,0.24452517053654257
Schwann cell,bnd_radial_b1,20,0.014327423,0.55,0.5458755493164062,0.8699647524155601,radial profile,0.2619897923904361
Schwann cell,bnd_radial_b2,20,0.015118329,0.55,0.6215133666992188,0.9018782383419689,radial profile,0.20690615487118436
Schwann cell,bnd_radial_b3,20,0.02006625,0.6,0.24548721313476562,0.6305193670864763,radial profile,0.131619727341125
Schwann cell,bnd_radial_b4,20,-0.013043661,0.45,0.5958194732666016,0.9018782383419689,radial profile,0.2502688792890146
Schwann cell,bnd_rim_mean,20,-0.025329154,0.4,0.8694877624511719,0.981367140193116,intensity: rim,0.687524701885829
Schwann cell,bnd_rim_over_ring,20,0.04169415,0.55,0.2773551940917969,0.6587925079280633,membrane ratio,0.3274426810980893
Schwann cell,bnd_rim_p90,20,-0.0059832633,0.4,0.49800872802734375,0.8355146431061159,intensity: rim,0.6689061164572717
Schwann cell,bnd_ring_mean,20,-0.052882418,0.45,0.7285060882568359,0.952761105286564,intensity: ring,0.6636351192796011
Schwann cell,bnd_ring_p90,20,-0.0044291466,0.5,0.47490501403808594,0.8202235436254693,intensity: ring,0.718931240212307
Schwann cell,bnd_terr_mean,20,-0.027625874,0.4,0.8694877624511719,0.981367140193116,intensity: terr,0.6388252922543083
Schwann cell,bnd_terr_p90,20,0.016118526,0.55,0.7285060882568359,0.952761105286564,intensity: terr,0.7157131821857027
Schwann cell,dapi_cyto_mean,20,0.03922711,0.65,0.3299827575683594,0.683772751672431,intensity: cyto,0.40647164376631495
Schwann cell,dapi_cyto_p90,20,0.021344416,0.5,0.34881019592285156,0.7049179077148438,intensity: cyto,0.41379269983343026
Schwann cell,dapi_glcm_asm,20,-0.035019003,0.45,0.6215133666992188,0.9018782383419689,texture (Haralick),0.10015086950790329
Schwann cell,dapi_glcm_contrast,20,0.028328063,0.65,0.6742229461669922,0.918547213656231,texture (Haralick),0.2138942355694734
Schwann cell,dapi_glcm_correlation,20,0.008502498,0.55,0.8983173370361328,0.9815601694817636,texture (Haralick),0.1822220226506639
Schwann cell,dapi_glcm_entropy,20,0.03727136,0.6,0.6215133666992188,0.9018782383419689,texture (Haralick),0.12501246015787265
Schwann cell,dapi_glcm_homogeneity,20,-0.03641115,0.4,0.956329345703125,1.0,texture (Haralick),0.16779180349928494
Schwann cell,dapi_nuc_mean,20,0.03143675,0.6,0.1893482208251953,0.5716366341443566,intensity: nuc,0.45243338443260245
Schwann cell,dapi_nuc_p90,20,0.052022897,0.75,0.069580078125,0.36910574776785715,intensity: nuc,0.4552866594869762
Schwann cell,dapi_polarity_nuc,20,0.027591389,0.6,0.36827659606933594,0.7203286299563539,polarity,0.14240105040884482
Schwann cell,dapi_polarity_shape,20,-0.018030072,0.45,0.5958194732666016,0.9018782383419689,polarity,0.04928649937692718
Schwann cell,dapi_radial_b0,20,0.026426038,0.6,0.49800872802734375,0.8355146431061159,radial profile,0.10869213671113978
Schwann cell,dapi_radial_b1,20,0.0052140728,0.5,0.956329345703125,1.0,radial profile,0.21305776375424806
Schwann cell,dapi_radial_b2,20,0.0011548866,0.5,0.8408222198486328,0.97876275121356,radial profile,0.25261248358326344
Schwann cell,dapi_radial_b3,20,-0.015945163,0.45,0.8123550415039062,0.9711641630901288,radial profile,0.07928706572551611
Schwann cell,dapi_radial_b4,20,-0.031006351,0.45,0.7841262817382812,0.9694968677652002,radial profile,0.3234001530786139
Schwann cell,dapi_rim_mean,20,0.048112728,0.6,0.15364646911621094,0.5279772209398674,intensity: rim,0.3776437107013153
Schwann cell,dapi_rim_over_ring,20,-0.022868466,0.45,0.8123550415039062,0.9711641630901288,membrane ratio,0.3020238754386718
Schwann cell,dapi_rim_p90,20,0.042118758,0.6,0.082550048828125,0.4003060741341991,intensity: rim,0.336745658624639
Schwann cell,dapi_ring_mean,20,0.0021159537,0.5,0.4523754119873047,0.7999146173870753,intensity: ring,0.3836984148806116
Schwann cell,dapi_ring_p90,20,0.052579828,0.6,0.40909767150878906,0.7646928232878887,intensity: ring,0.38000815155241385
Schwann cell,dapi_terr_mean,20,0.059727333,0.55,0.38837623596191406,0.7383125031767445,intensity: terr,0.4368746531485784
Schwann cell,dapi_terr_p90,20,0.10732356,0.6,0.38837623596191406,0.7383125031767445,intensity: terr,0.4808489128557734
Schwann cell,morph_cell_area_um2,20,-0.025700182,0.5,0.9854354858398438,1.0,morphology,0.5393247119108481
Schwann cell,morph_cell_circularity,20,0.020321846,0.55,0.8983173370361328,0.9815601694817636,morphology,0.3010661273808758
Schwann cell,morph_cell_eccentricity,20,0.079814166,0.6,0.2942523956298828,0.6707610789980732,morphology,0.2990058563471641
Schwann cell,morph_cell_major_um,20,-0.019907534,0.5,0.8123550415039062,0.9711641630901288,morphology,0.5178420390447193
Schwann cell,morph_cell_minor_um,20,-0.029335981,0.35,0.6215133666992188,0.9018782383419689,morphology,0.42774012321566907
Schwann cell,morph_cell_perimeter_um,20,-0.03859888,0.45,0.9272785186767578,0.9951717435509713,morphology,0.5307516260929283
Schwann cell,morph_cell_solidity,20,0.02312693,0.6,0.7285060882568359,0.952761105286564,morphology,0.135640919121101
Schwann cell,morph_nuc_area_um2,20,0.0020955382,0.5,0.7841262817382812,0.9694968677652002,morphology,0.45001020254079505
Schwann cell,morph_nuc_cell_ratio,20,8.689426e-05,0.5,0.6215133666992188,0.9018782383419689,morphology,0.23108879095784884
Schwann cell,morph_nuc_eccentricity,20,0.053902358,0.6,0.3299827575683594,0.683772751672431,morphology,0.3799673074637659
Schwann cell,morph_nuc_perimeter_um,20,-0.008240622,0.45,0.6215133666992188,0.9018782383419689,morphology,0.4545765068353728
Schwann cell,morph_nuc_solidity,20,-0.026754268,0.45,0.5458755493164062,0.8699647524155601,morphology,0.19058861568383387
Schwann cell,nuc_offset,20,-0.017839942,0.45,0.7841262817382812,0.9694968677652002,morphology,0.06211092997582893
Schwann cell,r18s_cyto_mean,20,0.08876729,0.65,0.023950576782226562,0.2494034967502626,intensity: cyto,0.4293218026265062
Schwann cell,r18s_cyto_p90,20,0.071805716,0.7,0.026641845703125,0.2494034967502626,intensity: cyto,0.37727955371150407
Schwann cell,r18s_glcm_asm,20,0.005674584,0.55,0.5458755493164062,0.8699647524155601,texture (Haralick),0.1408982545695547
Schwann cell,r18s_glcm_contrast,20,0.0044458434,0.5,0.9854354858398438,1.0,texture (Haralick),0.15503630079224365
Schwann cell,r18s_glcm_correlation,20,0.038732704,0.6,0.36827659606933594,0.7203286299563539,texture (Haralick),0.24445631722540764
Schwann cell,r18s_glcm_entropy,20,0.01030786,0.5,0.4304332733154297,0.7809489681977014,texture (Haralick),0.09900263046982959
Schwann cell,r18s_glcm_homogeneity,20,0.010136447,0.55,0.6215133666992188,0.9018782383419689,texture (Haralick),0.10115982263938375
Schwann cell,r18s_nuc_mean,20,0.09457114,0.65,0.15364646911621094,0.5279772209398674,intensity: nuc,0.43330446531720757
Schwann cell,r18s_nuc_p90,20,0.073431835,0.7,0.1230926513671875,0.4736394557823129,intensity: nuc,0.38633710355219425
Schwann cell,r18s_polarity_nuc,20,-0.030305253,0.4,0.3299827575683594,0.683772751672431,polarity,0.07009847328660576
Schwann cell,r18s_polarity_shape,20,0.022022154,0.55,0.5216732025146484,0.8538670267577053,polarity,0.05086616141494068
Schwann cell,r18s_radial_b0,20,-0.024360938,0.4,0.8694877624511719,0.981367140193116,radial profile,0.08059069357601287
Schwann cell,r18s_radial_b1,20,-0.010271706,0.45,0.8123550415039062,0.9711641630901288,radial profile,0.10087648333846316
Schwann cell,r18s_radial_b2,20,-0.04830665,0.4,0.0758514404296875,0.3840841119939631,radial profile,0.12009137973537137
Schwann cell,r18s_radial_b3,20,-0.0441935,0.4,0.09730720520019531,0.4406513276138926,radial profile,0.19286190992915167
Schwann cell,r18s_radial_b4,20,0.067973584,0.75,0.009435653686523438,0.1442526203312286,radial profile,0.2339253348091076
Schwann cell,r18s_rim_mean,20,0.09692572,0.65,0.03276824951171875,0.2645205069279325,intensity: rim,0.4965095494371558
Schwann cell,r18s_rim_over_ring,20,-0.042212665,0.4,0.2942523956298828,0.6707610789980732,membrane ratio,0.316823312443591
Schwann cell,r18s_rim_p90,20,0.09723895,0.75,0.026641845703125,0.2494034967502626,intensity: rim,0.43198217820159646
Schwann cell,r18s_ring_mean,20,0.103581876,0.7,0.05316925048828125,0.3472957227421903,intensity: ring,0.4920758309673534
Schwann cell,r18s_ring_p90,20,0.095022544,0.8,0.03276824951171875,0.2645205069279325,intensity: ring,0.39469331829111926
Schwann cell,r18s_terr_mean,20,0.095722064,0.7,0.08969497680664062,0.4166706085205078,intensity: terr,0.46660374300445173
Schwann cell,r18s_terr_p90,20,0.07183437,0.75,0.069580078125,0.36910574776785715,intensity: terr,0.39167396392357656
Schwann cell,smavim_cyto_mean,20,0.05926674,0.6,0.956329345703125,1.0,intensity: cyto,0.4869701453501617
Schwann cell,smavim_cyto_p90,20,0.018578745,0.55,0.956329345703125,1.0,intensity: cyto,0.5541697021039301
Schwann cell,smavim_glcm_asm,20,-0.009402737,0.5,0.6476554870605469,0.9050369738937168,texture (Haralick),0.3776332433095433
Schwann cell,smavim_glcm_contrast,20,-0.011438914,0.5,0.8123550415039062,0.9711641630901288,texture (Haralick),0.1742947538991827
Schwann cell,smavim_glcm_correlation,20,-0.054195784,0.45,0.5458755493164062,0.8699647524155601,texture (Haralick),0.3056809988286465
Schwann cell,smavim_glcm_entropy,20,0.008334342,0.5,0.7285060882568359,0.952761105286564,texture (Haralick),0.35267593613202564
Schwann cell,smavim_glcm_homogeneity,20,-0.044820555,0.45,0.6476554870605469,0.9050369738937168,texture (Haralick),0.30555496815738636
Schwann cell,smavim_nuc_mean,20,0.021478627,0.55,0.8694877624511719,0.981367140193116,intensity: nuc,0.5991833034011955
Schwann cell,smavim_nuc_p90,20,0.0076633543,0.5,0.6742229461669922,0.918547213656231,intensity: nuc,0.38478266725241317
Schwann cell,smavim_polarity_nuc,20,-0.014126539,0.5,0.7841262817382812,0.9694968677652002,polarity,0.0575014971485464
Schwann cell,smavim_polarity_shape,20,-0.00413331,0.45,0.7561664581298828,0.9580716499422592,polarity,0.10138287853281959
Schwann cell,smavim_radial_b0,20,0.042703032,0.7,0.40909767150878906,0.7646928232878887,radial profile,0.16330208955845604
Schwann cell,smavim_radial_b1,20,0.017723547,0.55,0.7011814117431641,0.9374496931134947,radial profile,0.17098591829083695
Schwann cell,smavim_radial_b2,20,0.0010448233,0.55,0.6476554870605469,0.9050369738937168,radial profile,0.10729454435459504
Schwann cell,smavim_radial_b3,20,-0.08714514,0.35,0.13272666931152344,0.48965142902575043,radial profile,0.07922811583054809
Schwann cell,smavim_radial_b4,20,0.022533478,0.6,0.36827659606933594,0.7203286299563539,radial profile,0.11296688642562969
Schwann cell,smavim_rim_mean,20,0.062638536,0.55,0.9854354858398438,1.0,intensity: rim,0.49252183058756915
Schwann cell,smavim_rim_over_ring,20,-0.033823434,0.4,0.36827659606933594,0.7203286299563539,membrane ratio,0.17818683152311043
Schwann cell,smavim_rim_p90,20,0.02087485,0.55,0.8694877624511719,0.981367140193116,intensity: rim,0.5467771177859605
Schwann cell,smavim_ring_mean,20,-0.026199669,0.45,0.9854354858398438,1.0,intensity: ring,0.4704690951595222
Schwann cell,smavim_ring_p90,20,-0.009232873,0.45,1.0,1.0,intensity: ring,0.5021594656636896
Schwann cell,smavim_terr_mean,20,0.012794292,0.55,0.7285060882568359,0.952761105286564,intensity: terr,0.4657669023588897
Schwann cell,smavim_terr_p90,20,0.018655196,0.55,0.9272785186767578,0.9951717435509713,intensity: terr,0.5365756099399369
T cell,bnd_cyto_mean,11,-0.04463554,0.2727272727272727,0.2060546875,0.5955997884425195,intensity: cyto,0.5664179061811998
T cell,bnd_cyto_p90,11,-0.08149208,0.36363636363636365,0.1015625,0.44719614624505927,intensity: cyto,0.5654062620712045
T cell,bnd_glcm_asm,11,0.0684651,0.5454545454545454,0.4130859375,0.7646928232878887,texture (Haralick),0.46886568399293294
T cell,bnd_glcm_contrast,11,0.08820063,0.7272727272727273,0.1015625,0.44719614624505927,texture (Haralick),0.43143090095553166
T cell,bnd_glcm_correlation,11,-0.18872026,0.18181818181818182,0.009765625,0.14701224662162163,texture (Haralick),0.5338085766929987
T cell,bnd_glcm_entropy,11,-0.061273485,0.45454545454545453,0.51953125,0.8538670267577053,texture (Haralick),0.4061563539351734
T cell,bnd_glcm_homogeneity,11,-0.052246004,0.45454545454545453,0.7646484375,0.9580716499422592,texture (Haralick),0.3908448115038859
T cell,bnd_nuc_mean,11,0.062073782,0.5454545454545454,0.365234375,0.7203286299563539,intensity: nuc,0.6885049127809761
T cell,bnd_nuc_p90,11,0.010666948,0.5454545454545454,0.6376953125,0.9050369738937168,intensity: nuc,0.5310176475935626
T cell,bnd_polarity_nuc,11,-0.058100875,0.36363636363636365,0.5771484375,0.9018782383419689,polarity,0.06810535023415897
T cell,bnd_polarity_shape,11,-0.014834911,0.36363636363636365,0.46484375,0.8099420070648193,polarity,0.11055768660001977
T cell,bnd_radial_b0,11,0.035176545,0.6363636363636364,0.4130859375,0.7646928232878887,radial profile,0.16412772228506636
T cell,bnd_radial_b1,11,0.040863283,0.7272727272727273,0.240234375,0.6305193670864763,radial profile,0.17624252930233025
T cell,bnd_radial_b2,11,0.0019935519,0.5454545454545454,0.8984375,0.9815601694817636,radial profile,0.15398637777698376
T cell,bnd_radial_b3,11,-0.11427818,0.2727272727272727,0.0830078125,0.4003060741341991,radial profile,0.11308648954392338
T cell,bnd_radial_b4,11,-0.030165523,0.45454545454545453,0.8984375,0.9815601694817636,radial profile,0.21926654964836725
T cell,bnd_rim_mean,11,-0.016309649,0.45454545454545453,0.46484375,0.8099420070648193,intensity: rim,0.5992365586539047
T cell,bnd_rim_p90,11,-0.033500753,0.2727272727272727,0.0322265625,0.2645205069279325,intensity: rim,0.5711232803341321
T cell,dapi_cyto_mean,11,0.21677838,0.8181818181818182,0.0537109375,0.3472957227421903,intensity: cyto,0.42767226309540823
T cell,dapi_cyto_p90,11,0.21454282,0.9090909090909091,0.0322265625,0.2645205069279325,intensity: cyto,0.4395767995786119
T cell,dapi_glcm_asm,11,0.098422185,0.7272727272727273,0.1748046875,0.5693930464181286,texture (Haralick),0.1673347283051511
T cell,dapi_glcm_contrast,11,-0.081336975,0.0,0.0009765625,0.0404468263898577,texture (Haralick),0.18323906129791773
T cell,dapi_glcm_correlation,11,0.08914296,0.7272727272727273,0.0537109375,0.3472957227421903,texture (Haralick),0.10940715698656618
T cell,dapi_glcm_entropy,11,-0.10322612,0.36363636363636365,0.1748046875,0.5693930464181286,texture (Haralick),0.17338701475539225
T cell,dapi_glcm_homogeneity,11,0.12840974,0.7272727272727273,0.0419921875,0.30180191532258066,texture (Haralick),0.20935059716335067
T cell,dapi_nuc_mean,11,0.18851906,0.7272727272727273,0.0673828125,0.3679630055147059,intensity: nuc,0.4543744325187399
T cell,dapi_nuc_p90,11,0.17452374,0.7272727272727273,0.1015625,0.44719614624505927,intensity: nuc,0.45645867963774595
T cell,dapi_polarity_nuc,11,0.076668285,0.6363636363636364,0.240234375,0.6305193670864763,polarity,0.07367298335661425
T cell,dapi_polarity_shape,11,-0.02343414,0.45454545454545453,0.6376953125,0.9050369738937168,polarity,0.060640629336779155
T cell,dapi_radial_b0,11,-0.022134606,0.45454545454545453,0.7001953125,0.9374496931134947,radial profile,0.2530381299748304
T cell,dapi_radial_b1,11,-0.081049696,0.18181818181818182,0.1015625,0.44719614624505927,radial profile,0.22780380897417146
T cell,dapi_radial_b2,11,-0.14623831,0.18181818181818182,0.0244140625,0.2494034967502626,radial profile,0.1957605444022102
T cell,dapi_radial_b3,11,0.0050464794,0.5454545454545454,0.7646484375,0.9580716499422592,radial profile,0.08844228296074826
T cell,dapi_radial_b4,11,0.079289205,0.9090909090909091,0.0419921875,0.30180191532258066,radial profile,0.28288750636932514
T cell,dapi_rim_mean,11,0.17134441,0.9090909090909091,0.0419921875,0.30180191532258066,intensity: rim,0.3936348744319287
T cell,dapi_rim_p90,11,0.26323402,0.8181818181818182,0.0673828125,0.3679630055147059,intensity: rim,0.3595082114053035
T cell,morph_cell_area_um2,11,-0.027849331,0.45454545454545453,0.4130859375,0.7646928232878887,morphology,0.43649322939537505
T cell,morph_cell_circularity,11,0.09162836,0.6363636363636364,0.3203125,0.6795892914891696,morphology,0.09418926394858687
T cell,morph_cell_eccentricity,11,-0.014919434,0.45454545454545453,1.0,1.0,morphology,0.04683157140632682
T cell,morph_cell_major_um,11,-0.0659948,0.2727272727272727,0.123046875,0.4736394557823129,morphology,0.3195045826885818
T cell,morph_cell_minor_um,11,-0.039056454,0.45454545454545453,0.365234375,0.7203286299563539,morphology,0.3642302815107858
T cell,morph_cell_perimeter_um,11,-0.09767457,0.45454545454545453,0.2060546875,0.5955997884425195,morphology,0.39110371023368673
T cell,morph_cell_solidity,11,0.029084548,0.5454545454545454,0.6376953125,0.9050369738937168,morphology,0.07819628487304789
T cell,morph_nuc_area_um2,11,0.0042309687,0.5454545454545454,0.8984375,0.9815601694817636,morphology,0.3711817055600924
T cell,morph_nuc_cell_ratio,11,0.1128096,0.7272727272727273,0.0322265625,0.2645205069279325,morphology,0.20322855423344743
T cell,morph_nuc_eccentricity,11,-0.04259365,0.36363636363636365,0.240234375,0.6305193670864763,morphology,0.09287732019548033
T cell,morph_nuc_perimeter_um,11,-0.0144923795,0.36363636363636365,1.0,1.0,morphology,0.29027578965841605
T cell,morph_nuc_solidity,11,-0.05386979,0.36363636363636365,0.6376953125,0.9050369738937168,morphology,0.18146864620024267
T cell,nuc_offset,11,-0.15675554,0.36363636363636365,0.240234375,0.6305193670864763,morphology,0.09903376048063817
T cell,r18s_cyto_mean,11,0.09192327,0.7272727272727273,0.0419921875,0.30180191532258066,intensity: cyto,0.36411945492379805
T cell,r18s_cyto_p90,11,0.09059102,1.0,0.0009765625,0.0404468263898577,intensity: cyto,0.3393049666053665
T cell,r18s_glcm_asm,11,0.06761423,0.6363636363636364,0.240234375,0.6305193670864763,texture (Haralick),0.14291248594995754
T cell,r18s_glcm_contrast,11,-0.02689892,0.36363636363636365,0.365234375,0.7203286299563539,texture (Haralick),0.10959818140339847
T cell,r18s_glcm_correlation,11,0.022896295,0.5454545454545454,0.7646484375,0.9580716499422592,texture (Haralick),0.12257386593232551
T cell,r18s_glcm_entropy,11,-0.016395189,0.2727272727272727,0.1474609375,0.5198464695411392,texture (Haralick),0.10931520135683777
T cell,r18s_glcm_homogeneity,11,0.058041167,0.8181818181818182,0.0830078125,0.4003060741341991,texture (Haralick),0.09194358987625885
T cell,r18s_nuc_mean,11,0.057667058,0.8181818181818182,0.1015625,0.44719614624505927,intensity: nuc,0.36669571781635374
T cell,r18s_nuc_p90,11,0.09378476,0.8181818181818182,0.0419921875,0.30180191532258066,intensity: nuc,0.32254976559518905
T cell,r18s_polarity_nuc,11,-0.03169565,0.45454545454545453,0.7646484375,0.9580716499422592,polarity,0.03835150751677244
T cell,r18s_polarity_shape,11,-0.05120995,0.36363636363636365,0.3203125,0.6795892914891696,polarity,0.02900689372876136
T cell,r18s_radial_b0,11,-0.13210854,0.45454545454545453,0.123046875,0.4736394557823129,radial profile,0.06506180547170683
T cell,r18s_radial_b1,11,-0.11230871,0.18181818181818182,0.0537109375,0.3472957227421903,radial profile,0.0968227545028956
T cell,r18s_radial_b2,11,-0.19026515,0.09090909090909091,0.001953125,0.05493350145293445,radial profile,0.16276595605406208
T cell,r18s_radial_b3,11,-0.0981649,0.18181818181818182,0.0673828125,0.3679630055147059,radial profile,0.16952424795212206
T cell,r18s_radial_b4,11,0.19694236,1.0,0.0009765625,0.0404468263898577,radial profile,0.226497363874468
T cell,r18s_rim_mean,11,0.09110394,0.8181818181818182,0.0244140625,0.2494034967502626,intensity: rim,0.4227179915075042
T cell,r18s_rim_p90,11,0.14636946,0.9090909090909091,0.001953125,0.05493350145293445,intensity: rim,0.3619234255688557
T cell,smavim_cyto_mean,11,-0.055653147,0.45454545454545453,0.2783203125,0.659678357712766,intensity: cyto,0.5292144914026025
T cell,smavim_cyto_p90,11,-0.0064605325,0.45454545454545453,0.9658203125,1.0,intensity: cyto,0.543920245940536
T cell,smavim_glcm_asm,11,0.17355768,0.5454545454545454,0.3203125,0.6795892914891696,texture (Haralick),0.34062258216860547
T cell,smavim_glcm_contrast,11,-0.25938946,0.0,0.0009765625,0.0404468263898577,texture (Haralick),0.14013384697233094
T cell,smavim_glcm_correlation,11,0.17926185,1.0,0.0009765625,0.0404468263898577,texture (Haralick),0.3695847969278673
T cell,smavim_glcm_entropy,11,-0.15795265,0.45454545454545453,0.2060546875,0.5955997884425195,texture (Haralick),0.3264020835883008
T cell,smavim_glcm_homogeneity,11,0.19041085,0.7272727272727273,0.0673828125,0.3679630055147059,texture (Haralick),0.2520274823586028
T cell,smavim_nuc_mean,11,-0.113582864,0.36363636363636365,0.123046875,0.4736394557823129,intensity: nuc,0.5881380311059139
T cell,smavim_nuc_p90,11,-0.16437593,0.2727272727272727,0.1015625,0.44719614624505927,intensity: nuc,0.5108658917919017
T cell,smavim_polarity_nuc,11,-0.12295148,0.2727272727272727,0.3203125,0.6795892914891696,polarity,0.08393370624370051
T cell,smavim_polarity_shape,11,0.023640215,0.6363636363636364,0.7646484375,0.9580716499422592,polarity,0.09873577351770135
T cell,smavim_radial_b0,11,0.01706009,0.5454545454545454,1.0,1.0,radial profile,0.10300234803434603
T cell,smavim_radial_b1,11,0.024218611,0.6363636363636364,1.0,1.0,radial profile,0.10943800846006757
T cell,smavim_radial_b2,11,-0.1581859,0.2727272727272727,0.0673828125,0.3679630055147059,radial profile,0.11590600084597227
T cell,smavim_radial_b3,11,-0.09925319,0.2727272727272727,0.0322265625,0.2645205069279325,radial profile,0.14284170091783616
T cell,smavim_radial_b4,11,0.2488238,0.8181818181818182,0.0185546875,0.217578125,radial profile,0.197483284387545
T cell,smavim_rim_mean,11,-0.09430251,0.36363636363636365,0.1474609375,0.5198464695411392,intensity: rim,0.5576125281870224
T cell,smavim_rim_p90,11,-0.021513924,0.45454545454545453,0.5771484375,0.9018782383419689,intensity: rim,0.5691772445468702
VSMC,bnd_cyto_mean,20,-0.014052525,0.45,0.9272785186767578,0.9951717435509713,intensity: cyto,0.5069360440989383
VSMC,bnd_cyto_p90,20,-0.10939793,0.25,0.0758514404296875,0.3840841119939631,intensity: cyto,0.4670440488369359
VSMC,bnd_glcm_asm,20,-0.015398413,0.45,0.2942523956298828,0.6707610789980732,texture (Haralick),0.4405936752593456
VSMC,bnd_glcm_contrast,20,0.032222807,0.55,0.8983173370361328,0.9815601694817636,texture (Haralick),0.5308121582167196
VSMC,bnd_glcm_correlation,20,-0.039693393,0.3,0.16495704650878906,0.5530443976907169,texture (Haralick),0.5963465424583749
VSMC,bnd_glcm_entropy,20,0.014005037,0.6,0.36827659606933594,0.7203286299563539,texture (Haralick),0.3685986008379526
VSMC,bnd_glcm_homogeneity,20,-0.035894275,0.35,0.38837623596191406,0.7383125031767445,texture (Haralick),0.39457649917179505
VSMC,bnd_nuc_mean,20,0.044916086,0.6,0.1893482208251953,0.5716366341443566,intensity: nuc,0.7106639639522405
VSMC,bnd_nuc_p90,20,-0.017962322,0.5,0.956329345703125,1.0,intensity: nuc,0.4880910538762675
VSMC,bnd_polarity_nuc,20,-0.055844184,0.3,0.08969497680664062,0.4166706085205078,polarity,0.07023483680668303
VSMC,bnd_polarity_shape,20,0.008071959,0.6,0.6476554870605469,0.9050369738937168,polarity,0.1492092665256819
VSMC,bnd_radial_b0,20,0.014545262,0.6,0.11398696899414062,0.4736394557823129,radial profile,0.10981237384148766
VSMC,bnd_radial_b1,20,0.03361212,0.55,0.1230926513671875,0.4736394557823129,radial profile,0.15974397759768139
VSMC,bnd_radial_b2,20,0.020127615,0.55,0.38837623596191406,0.7383125031767445,radial profile,0.1319789888444244
VSMC,bnd_radial_b3,20,0.030190611,0.6,0.7841262817382812,0.9694968677652002,radial profile,0.10658530960124318
VSMC,bnd_radial_b4,20,-0.004105564,0.45,0.36827659606933594,0.7203286299563539,radial profile,0.19236797807111344
VSMC,bnd_rim_mean,20,-0.026487779,0.45,0.9272785186767578,0.9951717435509713,intensity: rim,0.5393207854547153
VSMC,bnd_rim_over_ring,20,0.10355535,0.65,0.082550048828125,0.4003060741341991,membrane ratio,0.34786151204057353
VSMC,bnd_rim_p90,20,-0.12013361,0.25,0.058258056640625,0.3552295918367347,intensity: rim,0.46160719327036537
VSMC,bnd_ring_mean,20,-0.11489777,0.3,0.15364646911621094,0.5279772209398674,intensity: ring,0.3098621576738134
VSMC,bnd_ring_p90,20,-0.18533273,0.25,0.0010166168212890625,0.0404468263898577,intensity: ring,0.4986952520752531
VSMC,bnd_terr_mean,20,-0.15890138,0.25,0.0758514404296875,0.3840841119939631,intensity: terr,0.2910166008152199
VSMC,bnd_terr_p90,20,-0.17301561,0.1,2.6702880859375e-05,0.020185470581054688,intensity: terr,0.5675223516686357
VSMC,dapi_cyto_mean,20,0.03511011,0.6,0.36827659606933594,0.7203286299563539,intensity: cyto,0.26091129116811984
VSMC,dapi_cyto_p90,20,0.022066245,0.55,0.4523754119873047,0.7999146173870753,intensity: cyto,0.282350673008532
VSMC,dapi_glcm_asm,20,0.04299838,0.65,0.08969497680664062,0.4166706085205078,texture (Haralick),0.11203623545226718
VSMC,dapi_glcm_contrast,20,-0.022245696,0.45,0.24548721313476562,0.6305193670864763,texture (Haralick),0.1448981539597052
VSMC,dapi_glcm_correlation,20,0.021603795,0.55,0.6476554870605469,0.9050369738937168,texture (Haralick),0.11032267029804727
VSMC,dapi_glcm_entropy,20,-0.034029663,0.3,0.13272666931152344,0.48965142902575043,texture (Haralick),0.12014008828929776
VSMC,dapi_glcm_homogeneity,20,0.024194075,0.55,0.3117942810058594,0.6707610789980732,texture (Haralick),0.13922655502832884
VSMC,dapi_nuc_mean,20,0.061015557,0.6,0.13272666931152344,0.48965142902575043,intensity: nuc,0.3189586088568466
VSMC,dapi_nuc_p90,20,0.064562045,0.7,0.04844093322753906,0.32904390009438117,intensity: nuc,0.31429673938523955
VSMC,dapi_polarity_nuc,20,-0.03270833,0.35,0.15364646911621094,0.5279772209398674,polarity,0.04708634879069049
VSMC,dapi_polarity_shape,20,-0.072060704,0.3,0.069580078125,0.36910574776785715,polarity,0.04177004511675194
VSMC,dapi_radial_b0,20,-0.013833532,0.45,0.36827659606933594,0.7203286299563539,radial profile,0.03535539804021306
VSMC,dapi_radial_b1,20,-0.032496907,0.4,0.24548721313476562,0.6305193670864763,radial profile,0.08845485201771111
VSMC,dapi_radial_b2,20,-0.024791518,0.3,0.20244979858398438,0.5919398310303375,radial profile,0.08252150609837067
VSMC,dapi_radial_b3,20,0.057321236,0.55,0.3117942810058594,0.6707610789980732,radial profile,0.03609765827611537
VSMC,dapi_radial_b4,20,0.032661024,0.6,0.38837623596191406,0.7383125031767445,radial profile,0.1708745495742359
VSMC,dapi_rim_mean,20,0.0829618,0.85,0.001689910888671875,0.052411397298177086,intensity: rim,0.2485782966492637
VSMC,dapi_rim_over_ring,20,0.06385766,0.65,0.1230926513671875,0.4736394557823129,membrane ratio,0.11837070516089615
VSMC,dapi_rim_p90,20,0.08949904,0.75,0.0042209625244140625,0.07708446315077484,intensity: rim,0.23305774175118785
VSMC,dapi_ring_mean,20,-0.020305041,0.45,0.5216732025146484,0.8538670267577053,intensity: ring,0.20868809623477727
VSMC,dapi_ring_p90,20,-0.015163653,0.45,0.7561664581298828,0.9580716499422592,intensity: ring,0.2263691788579271
VSMC,dapi_terr_mean,20,-0.0054581147,0.45,0.8408222198486328,0.97876275121356,intensity: terr,0.18192649408781353
VSMC,dapi_terr_p90,20,0.037178133,0.65,0.2773551940917969,0.6587925079280633,intensity: terr,0.2270161764040921
VSMC,morph_cell_area_um2,20,-0.00400918,0.5,0.36827659606933594,0.7203286299563539,morphology,0.4295932603210147
VSMC,morph_cell_circularity,20,0.030694291,0.55,0.6476554870605469,0.9050369738937168,morphology,0.10747392832247107
VSMC,morph_cell_eccentricity,20,-0.02812237,0.45,0.5216732025146484,0.8538670267577053,morphology,0.03323637815578482
VSMC,morph_cell_major_um,20,-0.012274612,0.45,0.34881019592285156,0.7049179077148438,morphology,0.31069316542631376
VSMC,morph_cell_minor_um,20,0.007564176,0.5,0.5958194732666016,0.9018782383419689,morphology,0.2504777921325189
VSMC,morph_cell_perimeter_um,20,-0.005737111,0.5,0.38837623596191406,0.7383125031767445,morphology,0.3861346185477775
VSMC,morph_cell_solidity,20,-0.0002316963,0.5,0.7011814117431641,0.9374496931134947,morphology,0.07329494249540557
VSMC,morph_nuc_area_um2,20,0.07609829,0.8,0.0031528472900390625,0.0702454376220703,morphology,0.265815382730684
VSMC,morph_nuc_cell_ratio,20,0.10285246,0.9,3.62396240234375e-05,0.020185470581054688,morphology,0.14591274243314192
VSMC,morph_nuc_eccentricity,20,0.060287274,0.65,0.1230926513671875,0.4736394557823129,morphology,0.08079006484139065
VSMC,morph_nuc_perimeter_um,20,0.04037576,0.75,0.013616561889648438,0.18692428725106375,morphology,0.23169318262813768
VSMC,morph_nuc_solidity,20,-0.029471733,0.45,0.24548721313476562,0.6305193670864763,morphology,0.20522693332288286
VSMC,nuc_offset,20,-0.048457477,0.3,0.039989471435546875,0.29803670247395836,morphology,0.029584097487154445
VSMC,r18s_cyto_mean,20,0.042251594,0.6,0.3299827575683594,0.683772751672431,intensity: cyto,0.31890689950530676
VSMC,r18s_cyto_p90,20,0.041072544,0.6,0.2305126190185547,0.623279265987063,intensity: cyto,0.2690647691944807
VSMC,r18s_glcm_asm,20,-0.012260928,0.45,0.9272785186767578,0.9951717435509713,texture (Haralick),0.13790322313044687
VSMC,r18s_glcm_contrast,20,0.0194073,0.55,1.0,1.0,texture (Haralick),0.08736346321708063
VSMC,r18s_glcm_correlation,20,0.033291057,0.6,1.0,1.0,texture (Haralick),0.16021666519930594
VSMC,r18s_glcm_entropy,20,0.0016412255,0.55,0.956329345703125,1.0,texture (Haralick),0.08461215188518378
VSMC,r18s_glcm_homogeneity,20,0.021347865,0.55,0.6742229461669922,0.918547213656231,texture (Haralick),0.09102977790760919
VSMC,r18s_nuc_mean,20,-0.011972815,0.5,0.47490501403808594,0.8202235436254693,intensity: nuc,0.32232885648025084
VSMC,r18s_nuc_p90,20,0.04498721,0.65,0.7561664581298828,0.9580716499422592,intensity: nuc,0.26090437388638776
VSMC,r18s_polarity_nuc,20,-0.11822225,0.35,0.00365447998046875,0.07303004605429513,polarity,0.053949204597120326
VSMC,r18s_polarity_shape,20,-0.04493796,0.3,0.04844093322753906,0.32904390009438117,polarity,0.046326911275868764
VSMC,r18s_radial_b0,20,-0.017788224,0.35,0.34881019592285156,0.7049179077148438,radial profile,0.04739747377827837
VSMC,r18s_radial_b1,20,-0.065880336,0.35,0.013616561889648438,0.18692428725106375,radial profile,0.07193610899314266
VSMC,r18s_radial_b2,20,-0.11817227,0.2,0.021484375,0.23696627475247525,radial profile,0.07603279747903399
VSMC,r18s_radial_b3,20,-0.08105546,0.25,0.04405403137207031,0.31219659961244595,radial profile,0.061489522713105066
VSMC,r18s_radial_b4,20,0.11736363,0.8,0.000850677490234375,0.0404468263898577,radial profile,0.12334845141741808
VSMC,r18s_rim_mean,20,0.01554919,0.6,0.40909767150878906,0.7646928232878887,intensity: rim,0.36516525155522955
VSMC,r18s_rim_over_ring,20,-0.052836023,0.4,0.34881019592285156,0.7049179077148438,membrane ratio,0.2272483948670531
VSMC,r18s_rim_p90,20,0.05055834,0.6,0.2942523956298828,0.6707610789980732,intensity: rim,0.3008600245489426
VSMC,r18s_ring_mean,20,-0.09860199,0.35,0.20244979858398438,0.5919398310303375,intensity: ring,0.30416090547025415
VSMC,r18s_ring_p90,20,0.023779681,0.55,0.6742229461669922,0.918547213656231,intensity: ring,0.17375673929091517
VSMC,r18s_terr_mean,20,-0.041498527,0.45,0.2305126190185547,0.623279265987063,intensity: terr,0.23339186786868468
VSMC,r18s_terr_p90,20,0.104033895,0.65,0.20244979858398438,0.5919398310303375,intensity: terr,0.15878855297276245
VSMC,smavim_cyto_mean,20,0.08091313,0.6,0.058258056640625,0.3552295918367347,intensity: cyto,0.5148329201978427
VSMC,smavim_cyto_p90,20,0.050553128,0.55,0.2305126190185547,0.623279265987063,intensity: cyto,0.528147958354523
VSMC,smavim_glcm_asm,20,-0.07594362,0.25,0.1893482208251953,0.5716366341443566,texture (Haralick),0.36674568036181754
VSMC,smavim_glcm_contrast,20,0.017626565,0.6,0.8408222198486328,0.97876275121356,texture (Haralick),0.11887414378280903
VSMC,smavim_glcm_correlation,20,0.021045677,0.55,0.5705966949462891,0.89653697908345,texture (Haralick),0.25759323253653776
VSMC,smavim_glcm_entropy,20,0.048513994,0.7,0.1893482208251953,0.5716366341443566,texture (Haralick),0.3672872988648588
VSMC,smavim_glcm_homogeneity,20,-0.052129418,0.25,0.15364646911621094,0.5279772209398674,texture (Haralick),0.30001531158510325
VSMC,smavim_nuc_mean,20,0.13362978,0.75,0.001689910888671875,0.052411397298177086,intensity: nuc,0.43968427139126215
VSMC,smavim_nuc_p90,20,0.08953437,0.7,0.029575347900390625,0.26148363143678693,intensity: nuc,0.3997412241852989
VSMC,smavim_polarity_nuc,20,-0.05413898,0.45,0.2773551940917969,0.6587925079280633,polarity,0.06729983743220501
VSMC,smavim_polarity_shape,20,0.026465647,0.55,0.956329345703125,1.0,polarity,0.1113534235564063
VSMC,smavim_radial_b0,20,0.022100441,0.55,0.9854354858398438,1.0,radial profile,0.055752054134533956
VSMC,smavim_radial_b1,20,-0.018453347,0.35,0.34881019592285156,0.7049179077148438,radial profile,0.04345694588205583
VSMC,smavim_radial_b2,20,-0.043962024,0.35,0.13272666931152344,0.48965142902575043,radial profile,0.017517183100334448
VSMC,smavim_radial_b3,20,-0.0011442937,0.5,0.47490501403808594,0.8202235436254693,radial profile,0.05886727631876052
VSMC,smavim_radial_b4,20,0.05223719,0.7,0.09730720520019531,0.4406513276138926,radial profile,0.06132446391973571
VSMC,smavim_rim_mean,20,0.1148398,0.65,0.026641845703125,0.2494034967502626,intensity: rim,0.5103704274063596
VSMC,smavim_rim_over_ring,20,0.06403441,0.75,0.017181396484375,0.21056983235118154,membrane ratio,0.18185323935668518
VSMC,smavim_rim_p90,20,0.09733376,0.6,0.15364646911621094,0.5279772209398674,intensity: rim,0.5292326631498019
VSMC,smavim_ring_mean,20,0.1099602,0.8,0.0019855499267578125,0.05493350145293445,intensity: ring,0.3169484136993438
VSMC,smavim_ring_p90,20,0.024155436,0.6,0.2942523956298828,0.6707610789980732,intensity: ring,0.3494354642188124
VSMC,smavim_terr_mean,20,0.123496264,0.75,0.0014324188232421875,0.04986608028411865,intensity: terr,0.3021667218284584
VSMC,smavim_terr_p90,20,0.012422144,0.5,0.3299827575683594,0.683772751672431,intensity: terr,0.33309079416217435
