cell_type,feature,r_field,frac_var_field,family,channel
Astrocyte,bnd_cyto_mean,0.47325243264657696,0.22396786500590285,intensity: cyto,bnd
Astrocyte,bnd_cyto_p90,0.5494109395450839,0.30185238049181184,intensity: cyto,bnd
Astrocyte,bnd_glcm_asm,0.5046582920422239,0.25467999172697453,texture (Haralick),bnd
Astrocyte,bnd_glcm_contrast,0.4959777482674349,0.24599392677643503,texture (Haralick),bnd
Astrocyte,bnd_glcm_correlation,0.5431033800887349,0.2949612814638089,texture (Haralick),bnd
Astrocyte,bnd_glcm_entropy,0.45592643037465486,0.207868909914175,texture (Haralick),bnd
Astrocyte,bnd_glcm_homogeneity,0.48367345542192447,0.23394001147978435,texture (Haralick),bnd
Astrocyte,bnd_nuc_mean,0.6363078055910593,0.4048876234561093,intensity: nuc,bnd
Astrocyte,bnd_nuc_p90,0.3845489325801631,0.1478778815485428,intensity: nuc,bnd
Astrocyte,bnd_polarity_nuc,0.07883486177422734,0.006214935430961532,polarity,bnd
Astrocyte,bnd_polarity_shape,0.16885644077508194,0.028512497591228755,polarity,bnd
Astrocyte,bnd_radial_b0,0.136247971429123,0.01856350971855112,radial profile,bnd
Astrocyte,bnd_radial_b1,0.1685969118173691,0.028424918674353733,radial profile,bnd
Astrocyte,bnd_radial_b2,0.1737399187314351,0.030185559360805674,radial profile,bnd
Astrocyte,bnd_radial_b3,0.12293341914329688,0.015112625542261511,radial profile,bnd
Astrocyte,bnd_radial_b4,0.23668275785165996,0.0560187278642675,radial profile,bnd
Astrocyte,bnd_rim_mean,0.47451929694091,0.2251685631692955,intensity: rim,bnd
Astrocyte,bnd_rim_p90,0.5513509693008359,0.3039878913489713,intensity: rim,bnd
Astrocyte,dapi_cyto_mean,0.2643496718892722,0.06988074902796589,intensity: cyto,dapi
Astrocyte,dapi_cyto_p90,0.2644805663099934,0.0699499699556548,intensity: cyto,dapi
Astrocyte,dapi_glcm_asm,0.08648669865086951,0.007479949043526314,texture (Haralick),dapi
Astrocyte,dapi_glcm_contrast,0.1494179702359891,0.022325729829442923,texture (Haralick),dapi
Astrocyte,dapi_glcm_correlation,0.13070358753642106,0.01708342779489088,texture (Haralick),dapi
Astrocyte,dapi_glcm_entropy,0.100313938233877,0.01006288620399009,texture (Haralick),dapi
Astrocyte,dapi_glcm_homogeneity,0.1189944366791676,0.014159675960592429,texture (Haralick),dapi
Astrocyte,dapi_nuc_mean,0.3260799185450259,0.10632811327833071,intensity: nuc,dapi
Astrocyte,dapi_nuc_p90,0.3275240856115194,0.10727202665566189,intensity: nuc,dapi
Astrocyte,dapi_polarity_nuc,0.09016587942745075,0.008129885812925586,polarity,dapi
Astrocyte,dapi_polarity_shape,0.03089673330446749,0.0009546081288873905,polarity,dapi
Astrocyte,dapi_radial_b0,0.044576228550860596,0.0019870401518185593,radial profile,dapi
Astrocyte,dapi_radial_b1,0.08029553374695915,0.006447372739709056,radial profile,dapi
Astrocyte,dapi_radial_b2,0.09014595302648189,0.008126292847052678,radial profile,dapi
Astrocyte,dapi_radial_b3,0.04948351548264985,0.0024486183045216475,radial profile,dapi
Astrocyte,dapi_radial_b4,0.15256159553001175,0.0232750404306629,radial profile,dapi
Astrocyte,dapi_rim_mean,0.2555043844441437,0.06528249047018078,intensity: rim,dapi
Astrocyte,dapi_rim_p90,0.23227694740111965,0.053952580293982505,intensity: rim,dapi
Astrocyte,morph_cell_area_um2,0.39874823001307025,0.15900015093855638,morphology,morph
Astrocyte,morph_cell_circularity,0.09263713013967712,0.008581637880515474,morphology,morph
Astrocyte,morph_cell_eccentricity,0.04661083816975665,0.0021725702348872433,morphology,morph
Astrocyte,morph_cell_major_um,0.26559664518922066,0.07054157793576878,morphology,morph
Astrocyte,morph_cell_minor_um,0.29970158917023687,0.08982104255116544,morphology,morph
Astrocyte,morph_cell_perimeter_um,0.3568151967127483,0.12731708460515728,morphology,morph
Astrocyte,morph_cell_solidity,0.0646267283718548,0.004176614020049503,morphology,morph
Astrocyte,morph_nuc_area_um2,0.25063277307344745,0.0628167869384862,morphology,morph
Astrocyte,morph_nuc_cell_ratio,0.15763875462068364,0.024849976958360106,morphology,morph
Astrocyte,morph_nuc_eccentricity,0.06628553714376899,0.004393772434437978,morphology,morph
Astrocyte,morph_nuc_perimeter_um,0.22069784941774434,0.04870754073761736,morphology,morph
Astrocyte,morph_nuc_solidity,0.2119160356723611,0.04490840617508943,morphology,morph
Astrocyte,nuc_offset,0.06376344666935736,0.004065777131155981,morphology,morph
Astrocyte,r18s_cyto_mean,0.3273363593063978,0.10714909212396717,intensity: cyto,r18s
Astrocyte,r18s_cyto_p90,0.28759981437844945,0.08271365323051857,intensity: cyto,r18s
Astrocyte,r18s_glcm_asm,0.11644670095529683,0.013559834163372328,texture (Haralick),r18s
Astrocyte,r18s_glcm_contrast,0.09678456842768433,0.00936725268573311,texture (Haralick),r18s
Astrocyte,r18s_glcm_correlation,0.13510591373439482,0.018253607926005735,texture (Haralick),r18s
Astrocyte,r18s_glcm_entropy,0.06851921458757572,0.00469488276769825,texture (Haralick),r18s
Astrocyte,r18s_glcm_homogeneity,0.060309851929025576,0.00363727823970099,texture (Haralick),r18s
Astrocyte,r18s_nuc_mean,0.2938853791405293,0.08636861607257267,intensity: nuc,r18s
Astrocyte,r18s_nuc_p90,0.2344391076930725,0.05496169521592404,intensity: nuc,r18s
Astrocyte,r18s_polarity_nuc,0.03055245928933058,0.0009334527686262025,polarity,r18s
Astrocyte,r18s_polarity_shape,0.01972716620215185,0.0003891610863673223,polarity,r18s
Astrocyte,r18s_radial_b0,0.06448372512964937,0.004158150806596173,radial profile,r18s
Astrocyte,r18s_radial_b1,0.09137481426057342,0.008349356681154291,radial profile,r18s
Astrocyte,r18s_radial_b2,0.09204525275944335,0.008472328555549814,radial profile,r18s
Astrocyte,r18s_radial_b3,0.10033330189914634,0.010066771469985242,radial profile,r18s
Astrocyte,r18s_radial_b4,0.15155191001902518,0.022967981430414706,radial profile,r18s
Astrocyte,r18s_rim_mean,0.35439877785795204,0.12559849374721005,intensity: rim,r18s
Astrocyte,r18s_rim_p90,0.2946184896557422,0.08680005444703069,intensity: rim,r18s
Astrocyte,smavim_cyto_mean,0.34920726015345804,0.12194571054388492,intensity: cyto,smavim
Astrocyte,smavim_cyto_p90,0.384839553562045,0.14810148198583412,intensity: cyto,smavim
Astrocyte,smavim_glcm_asm,0.36975909147000713,0.1367217857247251,texture (Haralick),smavim
Astrocyte,smavim_glcm_contrast,0.17304013269645815,0.029942887523607846,texture (Haralick),smavim
Astrocyte,smavim_glcm_entropy,0.3749494972157731,0.14058712546236102,texture (Haralick),smavim
Astrocyte,smavim_glcm_homogeneity,0.32739211632373527,0.1071855978309342,texture (Haralick),smavim
Astrocyte,smavim_nuc_mean,0.3721792911666893,0.13851742477333928,intensity: nuc,smavim
Astrocyte,smavim_nuc_p90,0.2685963134744491,0.07214397961206453,intensity: nuc,smavim
Astrocyte,smavim_polarity_nuc,0.0662408495649768,0.0043878501510898876,polarity,smavim
Astrocyte,smavim_polarity_shape,0.09677274909556842,0.009364964967513838,polarity,smavim
Astrocyte,smavim_radial_b0,0.08035951707361609,0.006457651984304796,radial profile,smavim
Astrocyte,smavim_radial_b1,0.0646128520014982,0.00417482064376751,radial profile,smavim
Astrocyte,smavim_radial_b2,0.04188489608330985,0.0017543445199096647,radial profile,smavim
Astrocyte,smavim_radial_b3,0.032405791761967985,0.001050135339720032,radial profile,smavim
Astrocyte,smavim_radial_b4,0.06571948065137584,0.004319050137086563,radial profile,smavim
Astrocyte,smavim_rim_mean,0.3502050374346957,0.12264356824463662,intensity: rim,smavim
Astrocyte,smavim_rim_p90,0.383358563793938,0.14696378843415084,intensity: rim,smavim
B cell,bnd_cyto_mean,0.6198324927580874,0.38419231907870444,intensity: cyto,bnd
B cell,bnd_cyto_p90,0.4638946502235902,0.21519824650606711,intensity: cyto,bnd
B cell,bnd_glcm_asm,0.431077744446658,0.18582802175721816,texture (Haralick),bnd
B cell,bnd_glcm_contrast,0.34867838560340947,0.1215766165869999,texture (Haralick),bnd
B cell,bnd_glcm_correlation,0.4483144322918816,0.2009858302011921,texture (Haralick),bnd
B cell,bnd_glcm_entropy,0.38797151545461744,0.15052189680415246,texture (Haralick),bnd
B cell,bnd_glcm_homogeneity,0.3890657835765894,0.1513721839500655,texture (Haralick),bnd
B cell,bnd_nuc_mean,0.7057190702427908,0.4980394061043491,intensity: nuc,bnd
B cell,bnd_nuc_p90,0.5973920614546459,0.3568772750890314,intensity: nuc,bnd
B cell,bnd_polarity_nuc,0.0999195275798023,0.009983911991770872,polarity,bnd
B cell,bnd_polarity_shape,0.20578861547072855,0.04234895425735938,polarity,bnd
B cell,bnd_radial_b0,0.16462123334553055,0.02710015046820362,radial profile,bnd
B cell,bnd_radial_b1,0.15518939933845863,0.024083749667031584,radial profile,bnd
B cell,bnd_radial_b2,0.15582599073740933,0.024281739389295176,radial profile,bnd
B cell,bnd_radial_b3,0.05582172061319691,0.0031160644922178125,radial profile,bnd
B cell,bnd_radial_b4,0.20557121116965466,0.04225952286175875,radial profile,bnd
B cell,bnd_rim_mean,0.6419313415365328,0.41207584724689267,intensity: rim,bnd
B cell,bnd_rim_p90,0.482945688934588,0.23323653846050382,intensity: rim,bnd
B cell,dapi_cyto_mean,0.5501161992203393,0.302627832644632,intensity: cyto,dapi
B cell,dapi_cyto_p90,0.5555056542164124,0.30858653186640433,intensity: cyto,dapi
B cell,dapi_glcm_asm,0.13611256367039837,0.01852662998892825,texture (Haralick),dapi
B cell,dapi_glcm_contrast,0.2160604006896992,0.04668209674619337,texture (Haralick),dapi
B cell,dapi_glcm_correlation,0.15534800579973068,0.024133002905953157,texture (Haralick),dapi
B cell,dapi_glcm_entropy,0.1591379533298197,0.025324888190003874,texture (Haralick),dapi
B cell,dapi_glcm_homogeneity,0.19357231807941291,0.037470242326637405,texture (Haralick),dapi
B cell,dapi_nuc_mean,0.5264751250708967,0.27717605731841627,intensity: nuc,dapi
B cell,dapi_nuc_p90,0.5238516810867611,0.2744205837774256,intensity: nuc,dapi
B cell,dapi_polarity_nuc,0.15660795410922893,0.024526051290278354,polarity,dapi
B cell,dapi_polarity_shape,0.076795216910273,0.005897505340295879,polarity,dapi
B cell,dapi_radial_b0,0.1627263460934296,0.02647986371291863,radial profile,dapi
B cell,dapi_radial_b1,0.22934265032179024,0.05259805125662295,radial profile,dapi
B cell,dapi_radial_b2,0.2619772190366539,0.06863206329417892,radial profile,dapi
B cell,dapi_radial_b3,0.0545547925699581,0.0029762253923511553,radial profile,dapi
B cell,dapi_radial_b4,0.3483644002650519,0.12135775537202928,radial profile,dapi
B cell,dapi_rim_mean,0.5157932053578178,0.26604263069329204,intensity: rim,dapi
B cell,dapi_rim_p90,0.4588806518510104,0.21057145264320823,intensity: rim,dapi
B cell,morph_cell_area_um2,0.42910334624641744,0.18412968175987282,morphology,morph
B cell,morph_cell_circularity,0.09584728768368092,0.009186702556318291,morphology,morph
B cell,morph_cell_eccentricity,0.0707393844197503,0.005004060508085212,morphology,morph
B cell,morph_cell_major_um,0.3358108572706615,0.1127689318608566,morphology,morph
B cell,morph_cell_minor_um,0.3556137271693903,0.12646112295130557,morphology,morph
B cell,morph_cell_perimeter_um,0.4034925391835709,0.1628062291768055,morphology,morph
B cell,morph_cell_solidity,0.0521771150472742,0.0027224513346564877,morphology,morph
B cell,morph_nuc_area_um2,0.3336691316797109,0.11133508943589225,morphology,morph
B cell,morph_nuc_cell_ratio,0.19856641419346166,0.039428620845649374,morphology,morph
B cell,morph_nuc_eccentricity,0.13966738343092808,0.01950697799444188,morphology,morph
B cell,morph_nuc_perimeter_um,0.28121843153990306,0.07908380623776315,morphology,morph
B cell,morph_nuc_solidity,0.11928623997340257,0.014229207046992185,morphology,morph
B cell,nuc_offset,0.08973619290188596,0.008052584316524489,morphology,morph
B cell,r18s_cyto_mean,0.38920258385022666,0.1514786512756927,intensity: cyto,r18s
B cell,r18s_cyto_p90,0.3492846341154524,0.12199975562916546,intensity: cyto,r18s
B cell,r18s_glcm_asm,0.13892809311413806,0.019301015056330615,texture (Haralick),r18s
B cell,r18s_glcm_contrast,0.15658837134913062,0.02451991804177323,texture (Haralick),r18s
B cell,r18s_glcm_correlation,0.16492003860553006,0.027198619133649526,texture (Haralick),r18s
B cell,r18s_glcm_entropy,0.09442413522658931,0.008915917313289223,texture (Haralick),r18s
B cell,r18s_glcm_homogeneity,0.0783707139748161,0.006141968808922435,texture (Haralick),r18s
B cell,r18s_nuc_mean,0.3826837360021385,0.14644684180055445,intensity: nuc,r18s
B cell,r18s_nuc_p90,0.3734853220959635,0.13949128582112563,intensity: nuc,r18s
B cell,r18s_polarity_nuc,0.04481350720459441,0.0020082504279762352,polarity,r18s
B cell,r18s_polarity_shape,0.0337607713419101,0.0011397896816007383,polarity,r18s
B cell,r18s_radial_b0,0.09663458524780409,0.009338243066015117,radial profile,r18s
B cell,r18s_radial_b1,0.12710585604953673,0.016155898642085553,radial profile,r18s
B cell,r18s_radial_b2,0.1642511538903677,0.026978441554317254,radial profile,r18s
B cell,r18s_radial_b3,0.16228326978185695,0.026335859651090966,radial profile,r18s
B cell,r18s_radial_b4,0.19436739348875487,0.037778683651612466,radial profile,r18s
B cell,r18s_rim_mean,0.4318245857103994,0.18647247282395807,intensity: rim,r18s
B cell,r18s_rim_p90,0.37291434526761735,0.13906510890637572,intensity: rim,r18s
B cell,smavim_cyto_mean,0.477166605244027,0.22768796916010908,intensity: cyto,smavim
B cell,smavim_cyto_p90,0.44664501524552347,0.1994917696436739,intensity: cyto,smavim
B cell,smavim_glcm_asm,0.34032903253481944,0.1158238503860862,texture (Haralick),smavim
B cell,smavim_glcm_contrast,0.11752569215959092,0.013812288317590932,texture (Haralick),smavim
B cell,smavim_glcm_entropy,0.33147836270033937,0.10987790493849774,texture (Haralick),smavim
B cell,smavim_glcm_homogeneity,0.25422376439032873,0.06462972238078937,texture (Haralick),smavim
B cell,smavim_nuc_mean,0.5644802950997029,0.31863800355584765,intensity: nuc,smavim
B cell,smavim_nuc_p90,0.443846808961349,0.19699998982517222,intensity: nuc,smavim
B cell,smavim_polarity_nuc,0.0744582975805919,0.0055440380785999775,polarity,smavim
B cell,smavim_polarity_shape,0.10583361703653103,0.011200754495035112,polarity,smavim
B cell,smavim_radial_b0,0.11615131690563382,0.013491128418912977,radial profile,smavim
B cell,smavim_radial_b1,0.11444440608155462,0.013097522083359776,radial profile,smavim
B cell,smavim_radial_b2,0.07940915693112022,0.0063058142045112784,radial profile,smavim
B cell,smavim_radial_b3,0.034517790997134194,0.0011914778953218384,radial profile,smavim
B cell,smavim_radial_b4,0.10858473612955112,0.011790644920324245,radial profile,smavim
B cell,smavim_rim_mean,0.5097568778281227,0.2598520744930756,intensity: rim,smavim
B cell,smavim_rim_p90,0.4548986832660851,0.20693281203721803,intensity: rim,smavim
DC,bnd_cyto_mean,0.6080949851707137,0.3697795109897705,intensity: cyto,bnd
DC,bnd_cyto_p90,0.5914669937948885,0.3498332047487627,intensity: cyto,bnd
DC,bnd_glcm_asm,0.49438393237048045,0.24441547258609977,texture (Haralick),bnd
DC,bnd_glcm_contrast,0.41754939153220827,0.17434749436891736,texture (Haralick),bnd
DC,bnd_glcm_correlation,0.4702796534051623,0.22116295240687958,texture (Haralick),bnd
DC,bnd_glcm_entropy,0.43220176272216443,0.18679836370014613,texture (Haralick),bnd
DC,bnd_glcm_homogeneity,0.4010818143256569,0.16086662178276073,texture (Haralick),bnd
DC,bnd_nuc_mean,0.6919759554388009,0.4788307229054413,intensity: nuc,bnd
DC,bnd_nuc_p90,0.520796649451769,0.2712291500801887,intensity: nuc,bnd
DC,bnd_polarity_nuc,0.08041669798201148,0.0064668453143300495,polarity,bnd
DC,bnd_polarity_shape,0.14122069479983873,0.019943284639749197,polarity,bnd
DC,bnd_radial_b0,0.1543814919265673,0.023833645049472767,radial profile,bnd
DC,bnd_radial_b1,0.17519837899938948,0.030694472004013717,radial profile,bnd
DC,bnd_radial_b2,0.16236095713344778,0.026361080401289268,radial profile,bnd
DC,bnd_radial_b3,0.11984346882500527,0.01436245702001001,radial profile,bnd
DC,bnd_radial_b4,0.23927429878260248,0.05725219005790612,radial profile,bnd
DC,bnd_rim_mean,0.6209859036978176,0.38562349259139517,intensity: rim,bnd
DC,bnd_rim_p90,0.5954222196003272,0.3545276195937802,intensity: rim,bnd
DC,dapi_cyto_mean,0.4420175081504119,0.19537947751149945,intensity: cyto,dapi
DC,dapi_cyto_p90,0.4366538532618005,0.190666587568378,intensity: cyto,dapi
DC,dapi_glcm_asm,0.13252744160310143,0.01756352277786346,texture (Haralick),dapi
DC,dapi_glcm_contrast,0.23288575053714103,0.054235772803247484,texture (Haralick),dapi
DC,dapi_glcm_correlation,0.18820866556461,0.035422501793611214,texture (Haralick),dapi
DC,dapi_glcm_entropy,0.153375589463688,0.023524071443333766,texture (Haralick),dapi
DC,dapi_glcm_homogeneity,0.19729098235866893,0.038923731720048614,texture (Haralick),dapi
DC,dapi_nuc_mean,0.4549842994639101,0.20701071275866503,intensity: nuc,dapi
DC,dapi_nuc_p90,0.4373966542782232,0.19131583317378353,intensity: nuc,dapi
DC,dapi_polarity_nuc,0.0980764324808613,0.009618986608172946,polarity,dapi
DC,dapi_polarity_shape,0.054893336016242585,0.0030132783389921155,polarity,dapi
DC,dapi_radial_b0,0.1402339537327659,0.019665561779523527,radial profile,dapi
DC,dapi_radial_b1,0.20657363594566858,0.04267266706781361,radial profile,dapi
DC,dapi_radial_b2,0.21280553696619106,0.04528619656346891,radial profile,dapi
DC,dapi_radial_b3,0.06721033729612304,0.004517229439458628,radial profile,dapi
DC,dapi_radial_b4,0.30271869449717825,0.09163860799807594,radial profile,dapi
DC,dapi_rim_mean,0.4211608696518007,0.17737647812586108,intensity: rim,dapi
DC,dapi_rim_p90,0.3463126219585834,0.11993243212782871,intensity: rim,dapi
DC,morph_cell_area_um2,0.4731702686588645,0.22389010314270202,morphology,morph
DC,morph_cell_circularity,0.10227687531475886,0.01046055922415073,morphology,morph
DC,morph_cell_eccentricity,0.03435235029349439,0.0011800839706869442,morphology,morph
DC,morph_cell_major_um,0.3488015907455398,0.12166254970661904,morphology,morph
DC,morph_cell_minor_um,0.4024839252259923,0.16199331006532217,morphology,morph
DC,morph_cell_perimeter_um,0.4283382313123022,0.1834736404037513,morphology,morph
DC,morph_cell_solidity,0.09496095805597007,0.009017583554907707,morphology,morph
DC,morph_nuc_area_um2,0.3944953495462099,0.15562658081358632,morphology,morph
DC,morph_nuc_cell_ratio,0.2017243259855391,0.04069270369432005,morphology,morph
DC,morph_nuc_eccentricity,0.07720637306640508,0.00596082404206892,morphology,morph
DC,morph_nuc_perimeter_um,0.33244807005140403,0.11052171928090324,morphology,morph
DC,morph_nuc_solidity,0.15919170405738492,0.025341998640694023,morphology,morph
DC,nuc_offset,0.09629934716128213,0.009273564263689138,morphology,morph
DC,r18s_cyto_mean,0.4849353729852638,0.2351623159723569,intensity: cyto,r18s
DC,r18s_cyto_p90,0.4786781883845313,0.22913280803509684,intensity: cyto,r18s
DC,r18s_glcm_asm,0.13708033041358111,0.018791016986296573,texture (Haralick),r18s
DC,r18s_glcm_contrast,0.13035742117084828,0.016993057254313923,texture (Haralick),r18s
DC,r18s_glcm_correlation,0.15243568691057832,0.023236638643899857,texture (Haralick),r18s
DC,r18s_glcm_entropy,0.09883895820182005,0.009769139658421131,texture (Haralick),r18s
DC,r18s_glcm_homogeneity,0.07188412177819026,0.005167326963821687,texture (Haralick),r18s
DC,r18s_nuc_mean,0.412302077116521,0.16999300279459764,intensity: nuc,r18s
DC,r18s_nuc_p90,0.40659483170940497,0.16531935717279936,intensity: nuc,r18s
DC,r18s_polarity_nuc,0.06335268119795896,0.004013562214970223,polarity,r18s
DC,r18s_polarity_shape,0.04024636914504821,0.0016197702293594884,polarity,r18s
DC,r18s_radial_b0,0.06744063173023084,0.004548238808172618,radial profile,r18s
DC,r18s_radial_b1,0.09373941661906576,0.008787078228082782,radial profile,r18s
DC,r18s_radial_b2,0.13259289740164842,0.017580876441364066,radial profile,r18s
DC,r18s_radial_b3,0.16322441363492007,0.026642209206463482,radial profile,r18s
DC,r18s_radial_b4,0.2060948844674461,0.04247510140364995,radial profile,r18s
DC,r18s_rim_mean,0.5030724388405788,0.25308187872100796,intensity: rim,r18s
DC,r18s_rim_p90,0.49398703241355624,0.24402318819275187,intensity: rim,r18s
DC,smavim_cyto_mean,0.5224745818383363,0.27297968866714434,intensity: cyto,smavim
DC,smavim_cyto_p90,0.6053892347760176,0.3664961255826921,intensity: cyto,smavim
DC,smavim_glcm_asm,0.39919363478827485,0.15935555805547455,texture (Haralick),smavim
DC,smavim_glcm_contrast,0.13410885841304104,0.01798518590484909,texture (Haralick),smavim
DC,smavim_glcm_entropy,0.3825098064780004,0.14631375205183733,texture (Haralick),smavim
DC,smavim_glcm_homogeneity,0.31953846202333164,0.10210482871223615,texture (Haralick),smavim
DC,smavim_nuc_mean,0.5175415107999951,0.2678492154011414,intensity: nuc,smavim
DC,smavim_nuc_p90,0.4787863094167995,0.22923633008495928,intensity: nuc,smavim
DC,smavim_polarity_nuc,0.10448589928598163,0.010917303149600297,polarity,smavim
DC,smavim_polarity_shape,0.12275098711669774,0.015067804838123694,polarity,smavim
DC,smavim_radial_b0,0.07757973651862357,0.006018615518299055,radial profile,smavim
DC,smavim_radial_b1,0.07004138758508521,0.004905795974844129,radial profile,smavim
DC,smavim_radial_b2,0.08023307511430483,0.006437346342297681,radial profile,smavim
DC,smavim_radial_b3,0.1081565768241218,0.011697845110312162,radial profile,smavim
DC,smavim_radial_b4,0.12579777448539742,0.015825080065478905,radial profile,smavim
DC,smavim_rim_mean,0.5309658522340963,0.2819247362386802,intensity: rim,smavim
DC,smavim_rim_p90,0.6062503221987219,0.3675394531660541,intensity: rim,smavim
Endothelial,bnd_cyto_mean,0.5224286439494745,0.27293168801888684,intensity: cyto,bnd
Endothelial,bnd_cyto_p90,0.4986920872667111,0.24869379790242901,intensity: cyto,bnd
Endothelial,bnd_glcm_asm,0.4836985556703448,0.23396429275757766,texture (Haralick),bnd
Endothelial,bnd_glcm_contrast,0.4624413883053269,0.21385203761775812,texture (Haralick),bnd
Endothelial,bnd_glcm_correlation,0.5167985246989751,0.2670807151310372,texture (Haralick),bnd
Endothelial,bnd_glcm_entropy,0.4210992089576512,0.17732454378475956,texture (Haralick),bnd
Endothelial,bnd_glcm_homogeneity,0.423014515710572,0.1789412805018498,texture (Haralick),bnd
Endothelial,bnd_nuc_mean,0.6964419052594039,0.48503132740134847,intensity: nuc,bnd
Endothelial,bnd_nuc_p90,0.4696787666265787,0.22059814381986417,intensity: nuc,bnd
Endothelial,bnd_polarity_nuc,0.06050707676494744,0.003661106338639242,polarity,bnd
Endothelial,bnd_polarity_shape,0.1386111073810826,0.01921303908941001,polarity,bnd
Endothelial,bnd_radial_b0,0.1432304369788472,0.020514958077151514,radial profile,bnd
Endothelial,bnd_radial_b1,0.17176106606373812,0.02950186381535181,radial profile,bnd
Endothelial,bnd_radial_b2,0.17850559038184863,0.03186424579757233,radial profile,bnd
Endothelial,bnd_radial_b3,0.09910436397936173,0.009821674959753812,radial profile,bnd
Endothelial,bnd_radial_b4,0.23756700146569923,0.05643808018540354,radial profile,bnd
Endothelial,bnd_rim_mean,0.5459142850573977,0.2980224066297297,intensity: rim,bnd
Endothelial,bnd_rim_p90,0.5047134199959576,0.2547356363240159,intensity: rim,bnd
Endothelial,dapi_cyto_mean,0.3126331720639583,0.09773950027477256,intensity: cyto,dapi
Endothelial,dapi_cyto_p90,0.3156907475212217,0.09966064807050776,intensity: cyto,dapi
Endothelial,dapi_glcm_asm,0.10689676399935351,0.01142691815353348,texture (Haralick),dapi
Endothelial,dapi_glcm_contrast,0.1237238420781758,0.015307589098585385,texture (Haralick),dapi
Endothelial,dapi_glcm_correlation,0.09677283905179462,0.009364982378144546,texture (Haralick),dapi
Endothelial,dapi_glcm_entropy,0.1128126995535523,0.01272670518056006,texture (Haralick),dapi
Endothelial,dapi_glcm_homogeneity,0.11720962331028731,0.013738095796539446,texture (Haralick),dapi
Endothelial,dapi_nuc_mean,0.34045545290547785,0.11590991541307405,intensity: nuc,dapi
Endothelial,dapi_nuc_p90,0.3273667555506268,0.10716899263974383,intensity: nuc,dapi
Endothelial,dapi_polarity_nuc,0.07789513416949982,0.006067651927284379,polarity,dapi
Endothelial,dapi_polarity_shape,0.02029310480464366,0.0004118101026122516,polarity,dapi
Endothelial,dapi_radial_b0,0.058482178605643996,0.0034201652144624445,radial profile,dapi
Endothelial,dapi_radial_b1,0.10190910961614692,0.01038546662275585,radial profile,dapi
Endothelial,dapi_radial_b2,0.10599364339621227,0.011234652440403413,radial profile,dapi
Endothelial,dapi_radial_b3,0.03227094181305178,0.001041413685501374,radial profile,dapi
Endothelial,dapi_radial_b4,0.1688131016461964,0.028497863287409036,radial profile,dapi
Endothelial,dapi_rim_mean,0.2880799223586062,0.08299004166614057,intensity: rim,dapi
Endothelial,dapi_rim_p90,0.26312048520642395,0.06923238973526397,intensity: rim,dapi
Endothelial,morph_cell_area_um2,0.4078105543938986,0.16630944827505895,morphology,morph
Endothelial,morph_cell_circularity,0.09209344067574522,0.008481201815497004,morphology,morph
Endothelial,morph_cell_eccentricity,0.046755795430643156,0.0021861044063521515,morphology,morph
Endothelial,morph_cell_major_um,0.2930874573735118,0.08590025766967008,morphology,morph
Endothelial,morph_cell_minor_um,0.28462220217013634,0.08100979796817796,morphology,morph
Endothelial,morph_cell_perimeter_um,0.3644870263529661,0.1328507923796278,morphology,morph
Endothelial,morph_cell_solidity,0.07067202258716233,0.004994534776560383,morphology,morph
Endothelial,morph_nuc_area_um2,0.2893199701390238,0.0837060451212456,morphology,morph
Endothelial,morph_nuc_cell_ratio,0.14162592422986425,0.02005790241396325,morphology,morph
Endothelial,morph_nuc_eccentricity,0.060221877686557686,0.0036266745520947144,morphology,morph
Endothelial,morph_nuc_perimeter_um,0.23803411164761348,0.056660238307868524,morphology,morph
Endothelial,morph_nuc_solidity,0.1875835239077931,0.03518757844166558,morphology,morph
Endothelial,nuc_offset,0.050289541075502826,0.002529037941584686,morphology,morph
Endothelial,r18s_cyto_mean,0.3517695856301007,0.12374184137437275,intensity: cyto,r18s
Endothelial,r18s_cyto_p90,0.298098735617473,0.08886285617673607,intensity: cyto,r18s
Endothelial,r18s_glcm_asm,0.10476471677160913,0.01097564588023548,texture (Haralick),r18s
Endothelial,r18s_glcm_contrast,0.10921379848830186,0.011927653780243404,texture (Haralick),r18s
Endothelial,r18s_glcm_correlation,0.15222943341027492,0.023173800396413327,texture (Haralick),r18s
Endothelial,r18s_glcm_entropy,0.06549399679492984,0.00428946361617428,texture (Haralick),r18s
Endothelial,r18s_glcm_homogeneity,0.05455422372500013,0.002976163326237367,texture (Haralick),r18s
Endothelial,r18s_nuc_mean,0.33990395462550876,0.11553469837005992,intensity: nuc,r18s
Endothelial,r18s_nuc_p90,0.2694803291099189,0.07261964777719022,intensity: nuc,r18s
Endothelial,r18s_polarity_nuc,0.03618979221356068,0.0013097010604606974,polarity,r18s
Endothelial,r18s_polarity_shape,0.019241818179720448,0.0003702475668614203,polarity,r18s
Endothelial,r18s_radial_b0,0.06643959541820603,0.004414219839334903,radial profile,r18s
Endothelial,r18s_radial_b1,0.10590928743245619,0.011216777164450622,radial profile,r18s
Endothelial,r18s_radial_b2,0.11479593794284375,0.013178107368177233,radial profile,r18s
Endothelial,r18s_radial_b3,0.11966356902592298,0.014319369752021834,radial profile,r18s
Endothelial,r18s_radial_b4,0.16044600137753862,0.025742919358041124,radial profile,r18s
Endothelial,r18s_rim_mean,0.38803797240140675,0.1505734680253949,intensity: rim,r18s
Endothelial,r18s_rim_p90,0.31999805495763134,0.10239875517666724,intensity: rim,r18s
Endothelial,smavim_cyto_mean,0.4342069420317399,0.18853566850855472,intensity: cyto,smavim
Endothelial,smavim_cyto_p90,0.4584363957843604,0.21016392897975475,intensity: cyto,smavim
Endothelial,smavim_glcm_asm,0.36812737499206055,0.13551776421854517,texture (Haralick),smavim
Endothelial,smavim_glcm_contrast,0.10844662986681627,0.011760671529470247,texture (Haralick),smavim
Endothelial,smavim_glcm_entropy,0.36616157096726987,0.134074296053219,texture (Haralick),smavim
Endothelial,smavim_glcm_homogeneity,0.30276673053262615,0.09166769311741585,texture (Haralick),smavim
Endothelial,smavim_nuc_mean,0.42581300420394297,0.18131671454918716,intensity: nuc,smavim
Endothelial,smavim_nuc_p90,0.3660592735627158,0.1339993917612632,intensity: nuc,smavim
Endothelial,smavim_polarity_nuc,0.0356875000236766,0.0012735976579399172,polarity,smavim
Endothelial,smavim_polarity_shape,0.07316590062584563,0.0053532490143911185,polarity,smavim
Endothelial,smavim_radial_b0,0.0764109954430901,0.005838640224603936,radial profile,smavim
Endothelial,smavim_radial_b1,0.06204936350021451,0.003850123510781753,radial profile,smavim
Endothelial,smavim_radial_b2,0.05843215667498544,0.0034143169336900456,radial profile,smavim
Endothelial,smavim_radial_b3,0.04654749802674237,0.002166669572549585,radial profile,smavim
Endothelial,smavim_radial_b4,0.07866555117645285,0.006188268941895123,radial profile,smavim
Endothelial,smavim_rim_mean,0.44683883473253766,0.1996649442251321,intensity: rim,smavim
Endothelial,smavim_rim_p90,0.4665262148184073,0.2176467091127907,intensity: rim,smavim
Ependymal cell,bnd_cyto_mean,0.29979112813790515,0.08987472051019786,intensity: cyto,bnd
Ependymal cell,bnd_cyto_p90,0.48962281479569253,0.23973050076845703,intensity: cyto,bnd
Ependymal cell,bnd_glcm_asm,0.3741280754113286,0.13997181681098478,texture (Haralick),bnd
Ependymal cell,bnd_glcm_contrast,0.37745932355576983,0.14247554093917933,texture (Haralick),bnd
Ependymal cell,bnd_glcm_correlation,0.4053212199027362,0.16428529130344222,texture (Haralick),bnd
Ependymal cell,bnd_glcm_entropy,0.2749346732904218,0.07558907457731098,texture (Haralick),bnd
Ependymal cell,bnd_glcm_homogeneity,0.20348283826101032,0.041405265466756484,texture (Haralick),bnd
Ependymal cell,bnd_nuc_mean,0.37639467788605213,0.14167295354094495,intensity: nuc,bnd
Ependymal cell,bnd_nuc_p90,0.26205115514440713,0.06867080791251813,intensity: nuc,bnd
Ependymal cell,bnd_polarity_nuc,0.03081525703403759,0.0009495800660738032,polarity,bnd
Ependymal cell,bnd_polarity_shape,0.09942541038330589,0.009885412229888792,polarity,bnd
Ependymal cell,bnd_radial_b0,0.056173372528394085,0.003155447781213739,radial profile,bnd
Ependymal cell,bnd_radial_b1,0.06651840924602816,0.004424698768622084,radial profile,bnd
Ependymal cell,bnd_radial_b2,0.06975655918725508,0.004865977549645022,radial profile,bnd
Ependymal cell,bnd_radial_b3,0.07205614755675901,0.005192088400721428,radial profile,bnd
Ependymal cell,bnd_radial_b4,0.08639913546871274,0.007464810609740975,radial profile,bnd
Ependymal cell,bnd_rim_mean,0.33145821574674683,0.10986454878601697,intensity: rim,bnd
Ependymal cell,bnd_rim_p90,0.49069821909871897,0.2407847422266544,intensity: rim,bnd
Ependymal cell,dapi_cyto_mean,0.2504391145694646,0.06271975010633742,intensity: cyto,dapi
Ependymal cell,dapi_cyto_p90,0.2849535054553872,0.0811985002713134,intensity: cyto,dapi
Ependymal cell,dapi_glcm_asm,0.15767523930748714,0.024861481090673338,texture (Haralick),dapi
Ependymal cell,dapi_glcm_contrast,0.25857495220902255,0.0668610059098983,texture (Haralick),dapi
Ependymal cell,dapi_glcm_correlation,0.18506436775983476,0.034248820214347366,texture (Haralick),dapi
Ependymal cell,dapi_glcm_entropy,0.17533684102621067,0.03074300782105067,texture (Haralick),dapi
Ependymal cell,dapi_glcm_homogeneity,0.21027116441255278,0.0442139625834108,texture (Haralick),dapi
Ependymal cell,dapi_nuc_mean,0.34381285507299575,0.11820727931344478,intensity: nuc,dapi
Ependymal cell,dapi_nuc_p90,0.35674594910948143,0.12726767220602472,intensity: nuc,dapi
Ependymal cell,dapi_polarity_nuc,0.08217883692552697,0.006753361238432354,polarity,dapi
Ependymal cell,dapi_polarity_shape,5.040377643143999e-05,2.540540678550585e-09,polarity,dapi
Ependymal cell,dapi_radial_b0,0.021420338525720107,0.00045883090255644904,radial profile,dapi
Ependymal cell,dapi_radial_b1,0.12187478742566983,0.014853463810052208,radial profile,dapi
Ependymal cell,dapi_radial_b2,0.13126594511609146,0.017230748347220735,radial profile,dapi
Ependymal cell,dapi_radial_b3,0.04571593408373833,0.0020899466291487076,radial profile,dapi
Ependymal cell,dapi_radial_b4,0.1951979318341094,0.03810223259231362,radial profile,dapi
Ependymal cell,dapi_rim_mean,0.30078015703778416,0.0904687028676741,intensity: rim,dapi
Ependymal cell,dapi_rim_p90,0.3127579717099574,0.0978175488681265,intensity: rim,dapi
Ependymal cell,morph_cell_area_um2,0.48614399660829694,0.23633598543828782,morphology,morph
Ependymal cell,morph_cell_circularity,0.08007208001027794,0.006411537997172351,morphology,morph
Ependymal cell,morph_cell_eccentricity,0.036951575744831766,0.0013654189500260394,morphology,morph
Ependymal cell,morph_cell_major_um,0.33791806438758004,0.11418861823944869,morphology,morph
Ependymal cell,morph_cell_minor_um,0.38480481286490903,0.14807474400399767,morphology,morph
Ependymal cell,morph_cell_perimeter_um,0.44453021481233357,0.19760711188109942,morphology,morph
Ependymal cell,morph_cell_solidity,0.049000753348460054,0.0024010738287166193,morphology,morph
Ependymal cell,morph_nuc_area_um2,0.32509224454070107,0.10568496746051098,morphology,morph
Ependymal cell,morph_nuc_cell_ratio,0.08426065455914822,0.007099857906736106,morphology,morph
Ependymal cell,morph_nuc_eccentricity,0.09205120240525891,0.008473423864253943,morphology,morph
Ependymal cell,morph_nuc_perimeter_um,0.2291556166609717,0.05251229664727021,morphology,morph
Ependymal cell,morph_nuc_solidity,0.2981750196039645,0.0889083423158246,morphology,morph
Ependymal cell,nuc_offset,0.007001056332366094,4.9014789768963384e-05,morphology,morph
Ependymal cell,r18s_cyto_mean,0.3475134300413392,0.12076558405909676,intensity: cyto,r18s
Ependymal cell,r18s_cyto_p90,0.31855521855650804,0.1014774272695846,intensity: cyto,r18s
Ependymal cell,r18s_glcm_asm,0.061848460268018705,0.0038252320375246882,texture (Haralick),r18s
Ependymal cell,r18s_glcm_contrast,0.15039913331711482,0.022619899302539277,texture (Haralick),r18s
Ependymal cell,r18s_glcm_correlation,0.1498925612784992,0.02246777992662864,texture (Haralick),r18s
Ependymal cell,r18s_glcm_entropy,0.033790874682255265,0.0011418232117918798,texture (Haralick),r18s
Ependymal cell,r18s_glcm_homogeneity,0.03994032444948674,0.0015952295171302682,texture (Haralick),r18s
Ependymal cell,r18s_nuc_mean,0.3422996445344777,0.1171690466484298,intensity: nuc,r18s
Ependymal cell,r18s_nuc_p90,0.2460810938688415,0.06055590475968558,intensity: nuc,r18s
Ependymal cell,r18s_polarity_nuc,-0.004272974937017979,1.8258314812383803e-05,polarity,r18s
Ependymal cell,r18s_polarity_shape,0.017022301238533596,0.0002897587394553824,polarity,r18s
Ependymal cell,r18s_radial_b0,0.07542235110114713,0.00568853104562471,radial profile,r18s
Ependymal cell,r18s_radial_b1,0.08808354897998477,0.007758711600909377,radial profile,r18s
Ependymal cell,r18s_radial_b2,0.07363603076277028,0.005422265026495651,radial profile,r18s
Ependymal cell,r18s_radial_b3,0.06010712251238838,0.003612866176719266,radial profile,r18s
Ependymal cell,r18s_radial_b4,0.1309960162653227,0.01715995627738469,radial profile,r18s
Ependymal cell,r18s_rim_mean,0.350660089074657,0.1229624980698464,intensity: rim,r18s
Ependymal cell,r18s_rim_p90,0.30249176168786845,0.0915012658890302,intensity: rim,r18s
Ependymal cell,smavim_cyto_mean,0.12126595621792662,0.014705432137448095,intensity: cyto,smavim
Ependymal cell,smavim_cyto_p90,0.3406542050264412,0.11604528740219665,intensity: cyto,smavim
Ependymal cell,smavim_glcm_asm,0.41237568063214625,0.17005370197682587,texture (Haralick),smavim
Ependymal cell,smavim_glcm_contrast,0.03797671851735002,0.0014422311493460357,texture (Haralick),smavim
Ependymal cell,smavim_glcm_entropy,0.42861893842531684,0.18371419437684555,texture (Haralick),smavim
Ependymal cell,smavim_glcm_homogeneity,0.3810575011191792,0.14520481915919325,texture (Haralick),smavim
Ependymal cell,smavim_nuc_mean,-0.04377658845282403,0.0019163896965679265,intensity: nuc,smavim
Ependymal cell,smavim_nuc_p90,0.059250779097971815,0.0035106548237166537,intensity: nuc,smavim
Ependymal cell,smavim_polarity_nuc,0.012747291937308747,0.0001624934517349766,polarity,smavim
Ependymal cell,smavim_polarity_shape,0.07773474594982623,0.006042690727884025,polarity,smavim
Ependymal cell,smavim_radial_b0,0.038198586191688366,0.001459131987043845,radial profile,smavim
Ependymal cell,smavim_radial_b1,0.03480951686243377,0.001211702464196061,radial profile,smavim
Ependymal cell,smavim_radial_b2,0.03731123258952355,0.001392128077349524,radial profile,smavim
Ependymal cell,smavim_radial_b3,0.012073448623722553,0.00014576816166966803,radial profile,smavim
Ependymal cell,smavim_radial_b4,0.035512468341271766,0.0012611354076898294,radial profile,smavim
Ependymal cell,smavim_rim_mean,0.13185386368451202,0.01738544136853388,intensity: rim,smavim
Ependymal cell,smavim_rim_p90,0.3508627090396524,0.12310464059464377,intensity: rim,smavim
Fibroblast,bnd_cyto_mean,0.5250392483002204,0.2756662122556605,intensity: cyto,bnd
Fibroblast,bnd_cyto_p90,0.5023306467972284,0.2523360787117218,intensity: cyto,bnd
Fibroblast,bnd_glcm_asm,0.3797425326360533,0.144204391092844,texture (Haralick),bnd
Fibroblast,bnd_glcm_contrast,0.32854464195566235,0.10794158175777437,texture (Haralick),bnd
Fibroblast,bnd_glcm_correlation,0.4272356041531371,0.18253026145609608,texture (Haralick),bnd
Fibroblast,bnd_glcm_entropy,0.3206797818147208,0.10283552246473693,texture (Haralick),bnd
Fibroblast,bnd_glcm_homogeneity,0.29508264872565887,0.08707376957895059,texture (Haralick),bnd
Fibroblast,bnd_nuc_mean,0.5255907809339928,0.2762456690028044,intensity: nuc,bnd
Fibroblast,bnd_nuc_p90,0.4681147637354692,0.21913143202711413,intensity: nuc,bnd
Fibroblast,bnd_polarity_nuc,0.025956270954259075,0.0006737280018509133,polarity,bnd
Fibroblast,bnd_polarity_shape,0.08001358802842251,0.0064021742691821185,polarity,bnd
Fibroblast,bnd_radial_b0,0.114204602496941,0.013042691231484304,radial profile,bnd
Fibroblast,bnd_radial_b1,0.12327754973788144,0.015197354269375832,radial profile,bnd
Fibroblast,bnd_radial_b2,0.11701472892852201,0.013692446786215486,radial profile,bnd
Fibroblast,bnd_radial_b3,0.05118087921391495,0.0026194823971093513,radial profile,bnd
Fibroblast,bnd_radial_b4,0.1524541628245919,0.02324227176254718,radial profile,bnd
Fibroblast,bnd_rim_mean,0.530642387175685,0.2815813430675096,intensity: rim,bnd
Fibroblast,bnd_rim_p90,0.5009782157739738,0.2509791726800743,intensity: rim,bnd
Fibroblast,dapi_cyto_mean,0.3988722117461768,0.15909904130328692,intensity: cyto,dapi
Fibroblast,dapi_cyto_p90,0.38687251268309625,0.14967034106973245,intensity: cyto,dapi
Fibroblast,dapi_glcm_asm,0.09671636502182027,0.009354055263033978,texture (Haralick),dapi
Fibroblast,dapi_glcm_contrast,0.21322716709875147,0.045465824788958886,texture (Haralick),dapi
Fibroblast,dapi_glcm_correlation,0.15249798820702842,0.02325563640719098,texture (Haralick),dapi
Fibroblast,dapi_glcm_entropy,0.12191734545910066,0.01486383912379369,texture (Haralick),dapi
Fibroblast,dapi_glcm_homogeneity,0.16228123880777265,0.026335200468985336,texture (Haralick),dapi
Fibroblast,dapi_nuc_mean,0.3301695846074563,0.10901195459986025,intensity: nuc,dapi
Fibroblast,dapi_nuc_p90,0.32477974074536115,0.105481879998624,intensity: nuc,dapi
Fibroblast,dapi_polarity_nuc,0.08633736593327491,0.00745414075629622,polarity,dapi
Fibroblast,dapi_polarity_shape,0.02621898032349467,0.0006874349292038007,polarity,dapi
Fibroblast,dapi_radial_b0,0.08476278357155007,0.007184729478797437,radial profile,dapi
Fibroblast,dapi_radial_b1,0.14277311103015744,0.020384161233229663,radial profile,dapi
Fibroblast,dapi_radial_b2,0.14934273486336294,0.02230325245646872,radial profile,dapi
Fibroblast,dapi_radial_b3,0.03084567138432003,0.0009514554431494594,radial profile,dapi
Fibroblast,dapi_radial_b4,0.2104818773319388,0.04430262068517733,radial profile,dapi
Fibroblast,dapi_rim_mean,0.36977229496669334,0.13673155012493526,intensity: rim,dapi
Fibroblast,dapi_rim_p90,0.3108722326717359,0.09664154504630991,intensity: rim,dapi
Fibroblast,morph_cell_area_um2,0.3754623060056178,0.1409719432310562,morphology,morph
Fibroblast,morph_cell_circularity,0.0903291202305079,0.008159349961617553,morphology,morph
Fibroblast,morph_cell_eccentricity,0.05147765074548774,0.0026499485262744147,morphology,morph
Fibroblast,morph_cell_major_um,0.27550017758641193,0.07590034785014452,morphology,morph
Fibroblast,morph_cell_minor_um,0.319452925474213,0.10205017159403308,morphology,morph
Fibroblast,morph_cell_perimeter_um,0.3455563971583335,0.1194092236170479,morphology,morph
Fibroblast,morph_cell_solidity,0.06719715013100791,0.004515456985729216,morphology,morph
Fibroblast,morph_nuc_area_um2,0.3011449182634195,0.0906882617958816,morphology,morph
Fibroblast,morph_nuc_cell_ratio,0.20396096831266025,0.041600076595038,morphology,morph
Fibroblast,morph_nuc_eccentricity,0.07758241717237951,0.006019031454309128,morphology,morph
Fibroblast,morph_nuc_perimeter_um,0.2517875546290993,0.06339697266610167,morphology,morph
Fibroblast,morph_nuc_solidity,0.11704384435265071,0.013699261500847526,morphology,morph
Fibroblast,nuc_offset,0.0694740876808362,0.0048266488590845156,morphology,morph
Fibroblast,r18s_cyto_mean,0.37816466559004813,0.14300851430083295,intensity: cyto,r18s
Fibroblast,r18s_cyto_p90,0.34368675069005683,0.11812058259988928,intensity: cyto,r18s
Fibroblast,r18s_glcm_asm,0.1266131520453129,0.016030890270849522,texture (Haralick),r18s
Fibroblast,r18s_glcm_contrast,0.10832488474183273,0.011734280654331346,texture (Haralick),r18s
Fibroblast,r18s_glcm_correlation,0.12534938770154838,0.01571246899715309,texture (Haralick),r18s
Fibroblast,r18s_glcm_entropy,0.08374254133667797,0.007012813229525218,texture (Haralick),r18s
Fibroblast,r18s_glcm_homogeneity,0.07322453413140272,0.005361832398760961,texture (Haralick),r18s
Fibroblast,r18s_nuc_mean,0.342446770584363,0.11726979068365935,intensity: nuc,r18s
Fibroblast,r18s_nuc_p90,0.29995095639861186,0.08997057624444195,intensity: nuc,r18s
Fibroblast,r18s_polarity_nuc,0.04230602068668587,0.0017897993863422925,polarity,r18s
Fibroblast,r18s_polarity_shape,0.03277731295005991,0.0010743522442261649,polarity,r18s
Fibroblast,r18s_radial_b0,0.08186819309363687,0.006702401040417011,radial profile,r18s
Fibroblast,r18s_radial_b1,0.09774697311590574,0.0095544707533216,radial profile,r18s
Fibroblast,r18s_radial_b2,0.11979561383084976,0.014350989093110082,radial profile,r18s
Fibroblast,r18s_radial_b3,0.11811540089139216,0.013951247927734285,radial profile,r18s
Fibroblast,r18s_radial_b4,0.18783987468584615,0.03528381852199439,radial profile,r18s
Fibroblast,r18s_rim_mean,0.407706012053284,0.16622419226439256,intensity: rim,r18s
Fibroblast,r18s_rim_p90,0.3634439436451341,0.1320915001723274,intensity: rim,r18s
Fibroblast,smavim_cyto_mean,0.4672535115340898,0.21832584404093777,intensity: cyto,smavim
Fibroblast,smavim_cyto_p90,0.4808745146239278,0.23124029881479813,intensity: cyto,smavim
Fibroblast,smavim_glcm_asm,0.26671509096834783,0.07113693975025406,texture (Haralick),smavim
Fibroblast,smavim_glcm_contrast,0.07598564341157016,0.005773818004670295,texture (Haralick),smavim
Fibroblast,smavim_glcm_entropy,0.23527986570033307,0.055356615203966765,texture (Haralick),smavim
Fibroblast,smavim_glcm_homogeneity,0.17569938875666496,0.030870275209465687,texture (Haralick),smavim
Fibroblast,smavim_nuc_mean,0.4542075972611148,0.20630454140971508,intensity: nuc,smavim
Fibroblast,smavim_nuc_p90,0.39419789535526145,0.15539198070251767,intensity: nuc,smavim
Fibroblast,smavim_polarity_nuc,0.049312092936504626,0.0024316825097784696,polarity,smavim
Fibroblast,smavim_polarity_shape,0.07378323975459881,0.005443966468684611,polarity,smavim
Fibroblast,smavim_radial_b0,0.0808324154704951,0.006533879390794736,radial profile,smavim
Fibroblast,smavim_radial_b1,0.07338741919259578,0.005385713295749776,radial profile,smavim
Fibroblast,smavim_radial_b2,0.053219743371339195,0.0028323410845112022,radial profile,smavim
Fibroblast,smavim_radial_b3,0.05149374036732662,0.0026516052970176427,radial profile,smavim
Fibroblast,smavim_radial_b4,0.08302240440690528,0.0068927196335037254,radial profile,smavim
Fibroblast,smavim_rim_mean,0.4722514949107693,0.22302147444545636,intensity: rim,smavim
Fibroblast,smavim_rim_p90,0.47860790940917336,0.2290655309490195,intensity: rim,smavim
Myeloid,bnd_cyto_mean,0.48589583471238973,0.23609476219084996,intensity: cyto,bnd
Myeloid,bnd_cyto_p90,0.528068682661369,0.2788565336077136,intensity: cyto,bnd
Myeloid,bnd_glcm_asm,0.46886597748071823,0.21983530483894936,texture (Haralick),bnd
Myeloid,bnd_glcm_contrast,0.40680868682299764,0.16549330767465179,texture (Haralick),bnd
Myeloid,bnd_glcm_correlation,0.4745084552643347,0.22515827411734515,texture (Haralick),bnd
Myeloid,bnd_glcm_entropy,0.4184049331266541,0.1750626880647199,texture (Haralick),bnd
Myeloid,bnd_glcm_homogeneity,0.4147965039102418,0.17205613965615923,texture (Haralick),bnd
Myeloid,bnd_nuc_mean,0.6565765862864265,0.4310928136595372,intensity: nuc,bnd
Myeloid,bnd_nuc_p90,0.41965145985261687,0.1761073477564325,intensity: nuc,bnd
Myeloid,bnd_polarity_nuc,0.07257187891115856,0.00526667760869586,polarity,bnd
Myeloid,bnd_polarity_shape,0.13473790312524656,0.018154302538588324,polarity,bnd
Myeloid,bnd_radial_b0,0.14266054978478515,0.02035203246489716,radial profile,bnd
Myeloid,bnd_radial_b1,0.16606591068963084,0.027577886693176446,radial profile,bnd
Myeloid,bnd_radial_b2,0.1794932537865449,0.032217828154881015,radial profile,bnd
Myeloid,bnd_radial_b3,0.1145238754513288,0.013115718048391473,radial profile,bnd
Myeloid,bnd_radial_b4,0.24650366249794595,0.060764055624901246,radial profile,bnd
Myeloid,bnd_rim_mean,0.5020618317205277,0.2520660828705714,intensity: rim,bnd
Myeloid,bnd_rim_p90,0.5269394342834334,0.2776651674029448,intensity: rim,bnd
Myeloid,dapi_cyto_mean,0.36554430990509124,0.1336226425039894,intensity: cyto,dapi
Myeloid,dapi_cyto_p90,0.3724792032117973,0.13874075682529538,intensity: cyto,dapi
Myeloid,dapi_glcm_asm,0.12432256335041045,0.015456099758016819,texture (Haralick),dapi
Myeloid,dapi_glcm_contrast,0.20188374391841934,0.04075704605851792,texture (Haralick),dapi
Myeloid,dapi_glcm_correlation,0.15085249123773203,0.02275647411263002,texture (Haralick),dapi
Myeloid,dapi_glcm_entropy,0.13887857883611296,0.019287259659538442,texture (Haralick),dapi
Myeloid,dapi_glcm_homogeneity,0.17513700065998858,0.03067296900017684,texture (Haralick),dapi
Myeloid,dapi_nuc_mean,0.41019521472811926,0.16826011418584788,intensity: nuc,dapi
Myeloid,dapi_nuc_p90,0.41207109491058685,0.16980258726080988,intensity: nuc,dapi
Myeloid,dapi_polarity_nuc,0.08969970678884621,0.008046037398004984,polarity,dapi
Myeloid,dapi_polarity_shape,0.04886662004172703,0.002387946554302518,polarity,dapi
Myeloid,dapi_radial_b0,0.09460068509581522,0.008949289620597597,radial profile,dapi
Myeloid,dapi_radial_b1,0.13491459727432265,0.01820194855769267,radial profile,dapi
Myeloid,dapi_radial_b2,0.13282534957744033,0.017642573490369226,radial profile,dapi
Myeloid,dapi_radial_b3,0.0680355405729684,0.004628834781056029,radial profile,dapi
Myeloid,dapi_radial_b4,0.21220709162822432,0.045031849737309594,radial profile,dapi
Myeloid,dapi_rim_mean,0.32724264903304284,0.10708775134616326,intensity: rim,dapi
Myeloid,dapi_rim_p90,0.29030820537366314,0.08427885410727698,intensity: rim,dapi
Myeloid,morph_cell_area_um2,0.42507732743085375,0.18069073429575724,morphology,morph
Myeloid,morph_cell_circularity,0.09265949047520186,0.008585781175124024,morphology,morph
Myeloid,morph_cell_eccentricity,0.03860721976230955,0.001490517417775265,morphology,morph
Myeloid,morph_cell_major_um,0.3134227160719796,0.09823379894993672,morphology,morph
Myeloid,morph_cell_minor_um,0.36137142876360706,0.13058930952665074,morphology,morph
Myeloid,morph_cell_perimeter_um,0.382628732511472,0.14640474694333558,morphology,morph
Myeloid,morph_cell_solidity,0.07157463889254737,0.005122928932598554,morphology,morph
Myeloid,morph_nuc_area_um2,0.38065870716766886,0.14490105134256107,morphology,morph
Myeloid,morph_nuc_cell_ratio,0.17538140660114646,0.030758637781396658,morphology,morph
Myeloid,morph_nuc_eccentricity,0.07556075724157166,0.005709428034919724,morphology,morph
Myeloid,morph_nuc_perimeter_um,0.31840498213353335,0.10138173264745569,morphology,morph
Myeloid,morph_nuc_solidity,0.1757328851280052,0.03088204691541267,morphology,morph
Myeloid,nuc_offset,0.08441726881259218,0.007126275273777448,morphology,morph
Myeloid,r18s_cyto_mean,0.38654288021269917,0.1494153982431291,intensity: cyto,r18s
Myeloid,r18s_cyto_p90,0.35481788080802873,0.12589572854110048,intensity: cyto,r18s
Myeloid,r18s_glcm_asm,0.11913929978926616,0.014194172754276636,texture (Haralick),r18s
Myeloid,r18s_glcm_contrast,0.10424083316706428,0.01086615129936373,texture (Haralick),r18s
Myeloid,r18s_glcm_correlation,0.12268288114003043,0.015051089324818833,texture (Haralick),r18s
Myeloid,r18s_glcm_entropy,0.08801241020982499,0.0077461843509425065,texture (Haralick),r18s
Myeloid,r18s_glcm_homogeneity,0.07498818086282896,0.005623227269116348,texture (Haralick),r18s
Myeloid,r18s_nuc_mean,0.3634357597946949,0.13208555149754717,intensity: nuc,r18s
Myeloid,r18s_nuc_p90,0.30339945790320383,0.09205123105595796,intensity: nuc,r18s
Myeloid,r18s_polarity_nuc,0.04876034175336904,0.002377570927905344,polarity,r18s
Myeloid,r18s_polarity_shape,0.030225891642914927,0.0009136045256092345,polarity,r18s
Myeloid,r18s_radial_b0,0.07238676576021648,0.005239843857224449,radial profile,r18s
Myeloid,r18s_radial_b1,0.10341396540064061,0.010694448239884894,radial profile,r18s
Myeloid,r18s_radial_b2,0.11915586376036585,0.014198119868478869,radial profile,r18s
Myeloid,r18s_radial_b3,0.13273429487934543,0.017618393037117028,radial profile,r18s
Myeloid,r18s_radial_b4,0.16768605919318313,0.028118614447739717,radial profile,r18s
Myeloid,r18s_rim_mean,0.4137377855002069,0.1711789551506152,intensity: rim,r18s
Myeloid,r18s_rim_p90,0.3699172099856593,0.13683874224357437,intensity: rim,r18s
Myeloid,smavim_cyto_mean,0.3817968330760189,0.14576882174687744,intensity: cyto,smavim
Myeloid,smavim_cyto_p90,0.45505865820626606,0.20707838240848728,intensity: cyto,smavim
Myeloid,smavim_glcm_asm,0.31164529564372123,0.09712279029686241,texture (Haralick),smavim
Myeloid,smavim_glcm_contrast,0.15540694044255235,0.02415131713771501,texture (Haralick),smavim
Myeloid,smavim_glcm_entropy,0.2960080423911045,0.08762076116021393,texture (Haralick),smavim
Myeloid,smavim_glcm_homogeneity,0.24986168128910496,0.06243085977661827,texture (Haralick),smavim
Myeloid,smavim_nuc_mean,0.46095886180365975,0.21248307227532548,intensity: nuc,smavim
Myeloid,smavim_nuc_p90,0.351817859878986,0.12377580652982983,intensity: nuc,smavim
Myeloid,smavim_polarity_nuc,0.0786529509247866,0.006186286689176888,polarity,smavim
Myeloid,smavim_polarity_shape,0.10824163856232613,0.011716252318657248,polarity,smavim
Myeloid,smavim_radial_b0,0.10465665782425346,0.010953016026942873,radial profile,smavim
Myeloid,smavim_radial_b1,0.10411522627483344,0.010839980342259766,radial profile,smavim
Myeloid,smavim_radial_b2,0.09156136140262226,0.008383482901901607,radial profile,smavim
Myeloid,smavim_radial_b3,0.07740459216745671,0.0059914708886103,radial profile,smavim
Myeloid,smavim_radial_b4,0.13917265379400437,0.019369027564065798,radial profile,smavim
Myeloid,smavim_rim_mean,0.3943608611768873,0.15552048882817618,intensity: rim,smavim
Myeloid,smavim_rim_p90,0.45552529266640557,0.20750329225881445,intensity: rim,smavim
NK/DC,bnd_cyto_mean,0.7510587299027234,0.564089215763092,intensity: cyto,bnd
NK/DC,bnd_cyto_p90,0.6659687531326163,0.4435143801490116,intensity: cyto,bnd
NK/DC,bnd_glcm_asm,0.5348214012080752,0.28603393119016896,texture (Haralick),bnd
NK/DC,bnd_glcm_contrast,0.4329673284499341,0.1874607075050731,texture (Haralick),bnd
NK/DC,bnd_glcm_correlation,0.5150507364531057,0.26527726112088656,texture (Haralick),bnd
NK/DC,bnd_glcm_entropy,0.49228657736237835,0.24234607425116492,texture (Haralick),bnd
NK/DC,bnd_glcm_homogeneity,0.4859907008984069,0.2361869613597248,texture (Haralick),bnd
NK/DC,bnd_nuc_mean,0.8160035720522065,0.6658618296019606,intensity: nuc,bnd
NK/DC,bnd_nuc_p90,0.7144997899054146,0.5105099497748816,intensity: nuc,bnd
NK/DC,bnd_polarity_nuc,0.13968054009735684,0.01951065328188931,polarity,bnd
NK/DC,bnd_polarity_shape,0.21128298707843393,0.04464050062878568,polarity,bnd
NK/DC,bnd_radial_b0,0.23992690370794909,0.05756491912288347,radial profile,bnd
NK/DC,bnd_radial_b1,0.2756982483298646,0.0760095241321557,radial profile,bnd
NK/DC,bnd_radial_b2,0.22434834338003412,0.0503321791773657,radial profile,bnd
NK/DC,bnd_radial_b3,0.05353185488991851,0.0028656594879552925,radial profile,bnd
NK/DC,bnd_radial_b4,0.29812293006315965,0.08887728142944358,radial profile,bnd
NK/DC,bnd_rim_mean,0.7699670504094601,0.592849258716244,intensity: rim,bnd
NK/DC,bnd_rim_p90,0.6662454359537009,0.44388298092913697,intensity: rim,bnd
NK/DC,dapi_cyto_mean,0.5636220636948794,0.3176698306836747,intensity: cyto,dapi
NK/DC,dapi_cyto_p90,0.5530622480359972,0.3058778502026309,intensity: cyto,dapi
NK/DC,dapi_glcm_asm,0.1268369413751358,0.016087609697399634,texture (Haralick),dapi
NK/DC,dapi_glcm_contrast,0.17745089366999273,0.031488819664279064,texture (Haralick),dapi
NK/DC,dapi_glcm_correlation,0.13586854033786966,0.018460260253543314,texture (Haralick),dapi
NK/DC,dapi_glcm_entropy,0.1526554977685346,0.023303700998959072,texture (Haralick),dapi
NK/DC,dapi_glcm_homogeneity,0.15839677054354706,0.0250895369186251,texture (Haralick),dapi
NK/DC,dapi_nuc_mean,0.5729773322806669,0.3283030233074698,intensity: nuc,dapi
NK/DC,dapi_nuc_p90,0.5705908753780354,0.32557394706467274,intensity: nuc,dapi
NK/DC,dapi_polarity_nuc,0.08185174571779491,0.006699708277050557,polarity,dapi
NK/DC,dapi_polarity_shape,0.05347580317232644,0.0028596615249253986,polarity,dapi
NK/DC,dapi_radial_b0,0.21215537031063159,0.04500990115164122,radial profile,dapi
NK/DC,dapi_radial_b1,0.2990840514854726,0.08945126985296484,radial profile,dapi
NK/DC,dapi_radial_b2,0.3610467203542277,0.13035473427854388,radial profile,dapi
NK/DC,dapi_radial_b3,0.04789568680905126,0.002293996814910727,radial profile,dapi
NK/DC,dapi_radial_b4,0.43820028439647557,0.19201948924515208,radial profile,dapi
NK/DC,dapi_rim_mean,0.5413449901772416,0.2930543983899978,intensity: rim,dapi
NK/DC,dapi_rim_p90,0.50516826378513,0.2551949747356827,intensity: rim,dapi
NK/DC,morph_cell_area_um2,0.49214874899911953,0.24221039114139836,morphology,morph
NK/DC,morph_cell_circularity,0.12045107839596482,0.014508462286750862,morphology,morph
NK/DC,morph_cell_eccentricity,0.0691608469758887,0.004783222754422293,morphology,morph
NK/DC,morph_cell_major_um,0.3425563859447328,0.11734487755151674,morphology,morph
NK/DC,morph_cell_minor_um,0.38039138615677404,0.144697606662272,morphology,morph
NK/DC,morph_cell_perimeter_um,0.4274477173267715,0.18271155104786754,morphology,morph
NK/DC,morph_cell_solidity,0.12047255222937642,0.014513635840659829,morphology,morph
NK/DC,morph_nuc_area_um2,0.4454049753524949,0.19838559206875658,morphology,morph
NK/DC,morph_nuc_cell_ratio,0.226113655713088,0.05112738529993689,morphology,morph
NK/DC,morph_nuc_eccentricity,0.11562309952672019,0.013368701144165843,morphology,morph
NK/DC,morph_nuc_perimeter_um,0.3408134480384429,0.1161538063638524,morphology,morph
NK/DC,morph_nuc_solidity,0.1564333371001665,0.024471388956294325,morphology,morph
NK/DC,nuc_offset,0.13671586491103352,0.018691227718371967,morphology,morph
NK/DC,r18s_cyto_mean,0.41440787235209653,0.17173388466739153,intensity: cyto,r18s
NK/DC,r18s_cyto_p90,0.38344277845406255,0.1470283643485713,intensity: cyto,r18s
NK/DC,r18s_glcm_asm,0.1332418174220263,0.01775338190992459,texture (Haralick),r18s
NK/DC,r18s_glcm_contrast,0.17728300797565266,0.03142926491689532,texture (Haralick),r18s
NK/DC,r18s_glcm_correlation,0.20137478229295663,0.04055180294353568,texture (Haralick),r18s
NK/DC,r18s_glcm_entropy,0.11723601892201423,0.013744284132682878,texture (Haralick),r18s
NK/DC,r18s_glcm_homogeneity,0.11362780556885166,0.012911278198392755,texture (Haralick),r18s
NK/DC,r18s_nuc_mean,0.48522307417501453,0.23544143171185167,intensity: nuc,r18s
NK/DC,r18s_nuc_p90,0.4576819934481572,0.209472807126679,intensity: nuc,r18s
NK/DC,r18s_polarity_nuc,0.06720072195247537,0.004515937030933905,polarity,r18s
NK/DC,r18s_polarity_shape,0.08688391353088891,0.007548814430442981,polarity,r18s
NK/DC,r18s_radial_b0,0.14354170735157581,0.020604221749405436,radial profile,r18s
NK/DC,r18s_radial_b1,0.16920127006482966,0.02862906979155142,radial profile,r18s
NK/DC,r18s_radial_b2,0.1768165863941516,0.03126410522408048,radial profile,r18s
NK/DC,r18s_radial_b3,0.19465008388672855,0.037888655157110464,radial profile,r18s
NK/DC,r18s_radial_b4,0.229545528770014,0.05269114977830532,radial profile,r18s
NK/DC,r18s_rim_mean,0.5028535831679497,0.2528617261048461,intensity: rim,r18s
NK/DC,r18s_rim_p90,0.44532633906079605,0.19831554826129108,intensity: rim,r18s
NK/DC,smavim_cyto_mean,0.5921104240325702,0.3505947542480301,intensity: cyto,smavim
NK/DC,smavim_cyto_p90,0.599835621227314,0.3598027724931578,intensity: cyto,smavim
NK/DC,smavim_glcm_asm,0.39323386612142414,0.15463287346480212,texture (Haralick),smavim
NK/DC,smavim_glcm_contrast,0.13888738420110144,0.019289705490224362,texture (Haralick),smavim
NK/DC,smavim_glcm_entropy,0.3787764935674352,0.14347163207924127,texture (Haralick),smavim
NK/DC,smavim_glcm_homogeneity,0.3026242148082068,0.09158141538828368,texture (Haralick),smavim
NK/DC,smavim_nuc_mean,0.5862711539953642,0.34371386600705606,intensity: nuc,smavim
NK/DC,smavim_nuc_p90,0.541546215950431,0.2932723040102308,intensity: nuc,smavim
NK/DC,smavim_polarity_nuc,0.07630617899165595,0.005822632952306637,polarity,smavim
NK/DC,smavim_polarity_shape,0.11303445616547,0.01277678828062356,polarity,smavim
NK/DC,smavim_radial_b0,0.13363787254200252,0.01785908097755251,radial profile,smavim
NK/DC,smavim_radial_b1,0.1318685839581639,0.017389323435131318,radial profile,smavim
NK/DC,smavim_radial_b2,0.10890984226430159,0.011861353742035053,radial profile,smavim
NK/DC,smavim_radial_b3,0.039231603136075203,0.0015391186846265058,radial profile,smavim
NK/DC,smavim_radial_b4,0.15906531667460314,0.02530177496879178,radial profile,smavim
NK/DC,smavim_rim_mean,0.6154413893366477,0.3787681037086232,intensity: rim,smavim
NK/DC,smavim_rim_p90,0.617065901311913,0.38077032656188353,intensity: rim,smavim
Neuron,bnd_cyto_mean,0.5427422299533724,0.2945691281747594,intensity: cyto,bnd
Neuron,bnd_cyto_p90,0.436432923744192,0.19047369692790372,intensity: cyto,bnd
Neuron,bnd_glcm_asm,0.44942548460325477,0.2019832662108704,texture (Haralick),bnd
Neuron,bnd_glcm_contrast,0.5067089270664252,0.25675393676880787,texture (Haralick),bnd
Neuron,bnd_glcm_correlation,0.5280341395419188,0.27882005252177455,texture (Haralick),bnd
Neuron,bnd_glcm_entropy,0.361389043838242,0.1306020410063188,texture (Haralick),bnd
Neuron,bnd_glcm_homogeneity,0.33844313623088984,0.11454375646180066,texture (Haralick),bnd
Neuron,bnd_nuc_mean,0.6951039724204011,0.48316953247462174,intensity: nuc,bnd
Neuron,bnd_nuc_p90,0.49885563358315943,0.2488569431576554,intensity: nuc,bnd
Neuron,bnd_polarity_nuc,0.10436903413130265,0.010892895285501017,polarity,bnd
Neuron,bnd_polarity_shape,0.15714504260364245,0.024694564414900602,polarity,bnd
Neuron,bnd_radial_b0,0.1263080273793315,0.015953717780457954,radial profile,bnd
Neuron,bnd_radial_b1,0.18245426559845224,0.033289559035070554,radial profile,bnd
Neuron,bnd_radial_b2,0.22823716425442028,0.052092203146899226,radial profile,bnd
Neuron,bnd_radial_b3,0.1514961909096306,0.02295109586012724,radial profile,bnd
Neuron,bnd_radial_b4,0.2895078393921357,0.08381478906950264,radial profile,bnd
Neuron,bnd_rim_mean,0.539588727362445,0.291155994696623,intensity: rim,bnd
Neuron,bnd_rim_p90,0.44456546231082683,0.1976384502796392,intensity: rim,bnd
Neuron,dapi_cyto_mean,0.1948485140390192,0.03796594342321386,intensity: cyto,dapi
Neuron,dapi_cyto_p90,0.23286307643538298,0.05422521236695102,intensity: cyto,dapi
Neuron,dapi_glcm_asm,0.09678671768102888,0.009367668719467188,texture (Haralick),dapi
Neuron,dapi_glcm_contrast,0.1237080071014202,0.01530367102100503,texture (Haralick),dapi
Neuron,dapi_glcm_correlation,0.0893826084704776,0.007989250696986694,texture (Haralick),dapi
Neuron,dapi_glcm_entropy,0.10827701655097616,0.011723912313180365,texture (Haralick),dapi
Neuron,dapi_glcm_homogeneity,0.11036368126109503,0.012180142141500577,texture (Haralick),dapi
Neuron,dapi_nuc_mean,0.24481072817879693,0.05993229263143279,intensity: nuc,dapi
Neuron,dapi_nuc_p90,0.24216049466879402,0.05864170517823502,intensity: nuc,dapi
Neuron,dapi_polarity_nuc,0.0859813140627947,0.007392786367964938,polarity,dapi
Neuron,dapi_polarity_shape,0.04216287400627636,0.0017777079444691345,polarity,dapi
Neuron,dapi_radial_b0,0.027880412345349943,0.0007773173925467416,radial profile,dapi
Neuron,dapi_radial_b1,0.06937390237812319,0.004812738331169366,radial profile,dapi
Neuron,dapi_radial_b2,0.041340990800554464,0.0017090775203715289,radial profile,dapi
Neuron,dapi_radial_b3,0.04213015409287683,0.001774949883889546,radial profile,dapi
Neuron,dapi_radial_b4,0.12863769688724108,0.016547657060453715,radial profile,dapi
Neuron,dapi_rim_mean,0.20992423223386666,0.044068183278978386,intensity: rim,dapi
Neuron,dapi_rim_p90,0.21526897832284897,0.04634073302816322,intensity: rim,dapi
Neuron,morph_cell_area_um2,0.484332316399789,0.23457779270918533,morphology,morph
Neuron,morph_cell_circularity,0.0886885768758002,0.007865663668254723,morphology,morph
Neuron,morph_cell_eccentricity,0.01865947502646569,0.00034817600826329674,morphology,morph
Neuron,morph_cell_major_um,0.29891060277549186,0.08934754845160789,morphology,morph
Neuron,morph_cell_minor_um,0.33990356249563747,0.11553443179722572,morphology,morph
Neuron,morph_cell_perimeter_um,0.3896503495215103,0.15182739488223512,morphology,morph
Neuron,morph_cell_solidity,0.11701884700712825,0.013693410554877689,morphology,morph
Neuron,morph_nuc_area_um2,0.22711301319523453,0.05158032076261877,morphology,morph
Neuron,morph_nuc_cell_ratio,0.15848197619701088,0.02511653677930992,morphology,morph
Neuron,morph_nuc_eccentricity,0.07241575567736432,0.005244041670323722,morphology,morph
Neuron,morph_nuc_perimeter_um,0.16332801607882771,0.026676040836245803,morphology,morph
Neuron,morph_nuc_solidity,0.26708954071804375,0.07133682276097555,morphology,morph
Neuron,nuc_offset,0.07116277763964356,0.005064140921389353,morphology,morph
Neuron,r18s_cyto_mean,0.3401603687809351,0.11570907648918176,intensity: cyto,r18s
Neuron,r18s_cyto_p90,0.29833752717015344,0.08900528011800204,intensity: cyto,r18s
Neuron,r18s_glcm_asm,0.12106952431087623,0.01465782971686185,texture (Haralick),r18s
Neuron,r18s_glcm_contrast,0.10022857518857736,0.010045767284332305,texture (Haralick),r18s
Neuron,r18s_glcm_correlation,0.13148615834248614,0.01728860983566534,texture (Haralick),r18s
Neuron,r18s_glcm_entropy,0.08375855676118514,0.007015495830716673,texture (Haralick),r18s
Neuron,r18s_glcm_homogeneity,0.07261932098409554,0.005273565780191099,texture (Haralick),r18s
Neuron,r18s_nuc_mean,0.2382354137621281,0.05675611237041237,intensity: nuc,r18s
Neuron,r18s_nuc_p90,0.22994257045956448,0.05287358570955178,intensity: nuc,r18s
Neuron,r18s_polarity_nuc,0.024584772324483983,0.0006044110302467136,polarity,r18s
Neuron,r18s_polarity_shape,0.007993819207308524,6.390114551913468e-05,polarity,r18s
Neuron,r18s_radial_b0,0.08456291097491199,0.007150885912550891,radial profile,r18s
Neuron,r18s_radial_b1,0.14424859170903231,0.020807656210039105,radial profile,r18s
Neuron,r18s_radial_b2,0.1290069299257486,0.016642787968867014,radial profile,r18s
Neuron,r18s_radial_b3,0.07516880556652655,0.005650349330298273,radial profile,r18s
Neuron,r18s_radial_b4,0.1501577003949686,0.02254733498790515,radial profile,r18s
Neuron,r18s_rim_mean,0.35493216419909024,0.12597684118304994,intensity: rim,r18s
Neuron,r18s_rim_p90,0.32766497805224987,0.10736433784198139,intensity: rim,r18s
Neuron,smavim_cyto_mean,0.1630061564449194,0.026571007038945535,intensity: cyto,smavim
Neuron,smavim_cyto_p90,0.14364084655066547,0.020632692797791827,intensity: cyto,smavim
Neuron,smavim_glcm_asm,0.4070512873543876,0.16569075053686425,texture (Haralick),smavim
Neuron,smavim_glcm_contrast,0.12647276019234474,0.015995359070670342,texture (Haralick),smavim
Neuron,smavim_glcm_entropy,0.4223991102856256,0.1784210083700881,texture (Haralick),smavim
Neuron,smavim_glcm_homogeneity,0.3764222475717215,0.1416937084669464,texture (Haralick),smavim
Neuron,smavim_nuc_mean,0.35297589896465087,0.12459198524990342,intensity: nuc,smavim
Neuron,smavim_nuc_p90,0.12593346049049303,0.01585923647111057,intensity: nuc,smavim
Neuron,smavim_polarity_nuc,0.05827689224262279,0.003396196169458268,polarity,smavim
Neuron,smavim_polarity_shape,0.08188553388574632,0.006705240659753709,polarity,smavim
Neuron,smavim_radial_b0,0.06271114846412286,0.003932688141689259,radial profile,smavim
Neuron,smavim_radial_b1,0.05724622401609211,0.0032771301641006012,radial profile,smavim
Neuron,smavim_radial_b2,0.03279507100204735,0.001075516682029327,radial profile,smavim
Neuron,smavim_radial_b3,0.01783045687389881,0.0003179251923319653,radial profile,smavim
Neuron,smavim_radial_b4,0.06609358588165534,0.00436836209469575,radial profile,smavim
Neuron,smavim_rim_mean,0.1732532642046864,0.03001669355757887,intensity: rim,smavim
Neuron,smavim_rim_p90,0.15075723569653654,0.02272774411486107,intensity: rim,smavim
OPC,bnd_cyto_mean,0.43892695837810447,0.19265687479105426,intensity: cyto,bnd
OPC,bnd_cyto_p90,0.5237988890701638,0.27436527619113776,intensity: cyto,bnd
OPC,bnd_glcm_asm,0.5626013840685605,0.31652031735585995,texture (Haralick),bnd
OPC,bnd_glcm_contrast,0.4715341341475594,0.22234443966628856,texture (Haralick),bnd
OPC,bnd_glcm_correlation,0.5470924204841373,0.2993101165511921,texture (Haralick),bnd
OPC,bnd_glcm_entropy,0.5150355741459561,0.26526164263585467,texture (Haralick),bnd
OPC,bnd_glcm_homogeneity,0.5101643492484602,0.2602676632441049,texture (Haralick),bnd
OPC,bnd_nuc_mean,0.684458212899185,0.468483045205146,intensity: nuc,bnd
OPC,bnd_nuc_p90,0.3697609906651548,0.13672319021767668,intensity: nuc,bnd
OPC,bnd_polarity_nuc,0.08790714221766056,0.0077276656528760005,polarity,bnd
OPC,bnd_polarity_shape,0.20314210612359532,0.04126671528033006,polarity,bnd
OPC,bnd_radial_b0,0.15985019638844025,0.025552085285422917,radial profile,bnd
OPC,bnd_radial_b1,0.19551120689480184,0.03822463202146201,radial profile,bnd
OPC,bnd_radial_b2,0.20025754508408947,0.040103084363106126,radial profile,bnd
OPC,bnd_radial_b3,0.15631867206760672,0.02443552723697997,radial profile,bnd
OPC,bnd_radial_b4,0.27627927052820606,0.07633023532359767,radial profile,bnd
OPC,bnd_rim_mean,0.44954732441407247,0.2020927968878513,intensity: rim,bnd
OPC,bnd_rim_p90,0.5176908864800437,0.2680038539444935,intensity: rim,bnd
OPC,dapi_cyto_mean,0.2601960526216828,0.06770198579990554,intensity: cyto,dapi
OPC,dapi_cyto_p90,0.2809190890893209,0.07891553461477381,intensity: cyto,dapi
OPC,dapi_glcm_asm,0.12215600567751778,0.014922089723085756,texture (Haralick),dapi
OPC,dapi_glcm_contrast,0.1453948244673135,0.021139654981880904,texture (Haralick),dapi
OPC,dapi_glcm_correlation,0.11827035614432986,0.013987877142506624,texture (Haralick),dapi
OPC,dapi_glcm_entropy,0.13297712737840353,0.017682916405812158,texture (Haralick),dapi
OPC,dapi_glcm_homogeneity,0.13054858576685388,0.017042933245725603,texture (Haralick),dapi
OPC,dapi_nuc_mean,0.3676355406364091,0.1351558907390248,intensity: nuc,dapi
OPC,dapi_nuc_p90,0.36834196657454005,0.13567580433999957,intensity: nuc,dapi
OPC,dapi_polarity_nuc,0.07774223726543553,0.006043855455035272,polarity,dapi
OPC,dapi_polarity_shape,0.029019183572280578,0.0008421130152017189,polarity,dapi
OPC,dapi_radial_b0,0.04095946843048992,0.0016776780541083005,radial profile,dapi
OPC,dapi_radial_b1,0.08117609998365481,0.006589559208556322,radial profile,dapi
OPC,dapi_radial_b2,0.0641636325906334,0.004116971747225793,radial profile,dapi
OPC,dapi_radial_b3,0.04994729770434802,0.0024947325479667687,radial profile,dapi
OPC,dapi_radial_b4,0.14723628900609842,0.021678524800287337,radial profile,dapi
OPC,dapi_rim_mean,0.27322112468496296,0.07464978297411608,intensity: rim,dapi
OPC,dapi_rim_p90,0.26771599008575225,0.0716718513475946,intensity: rim,dapi
OPC,morph_cell_area_um2,0.41354984316033944,0.17102347277794136,morphology,morph
OPC,morph_cell_circularity,0.0725461847371604,0.005262948919918205,morphology,morph
OPC,morph_cell_eccentricity,0.007558806439225461,5.7135554785676296e-05,morphology,morph
OPC,morph_cell_major_um,0.26089304535604874,0.0680651811151533,morphology,morph
OPC,morph_cell_minor_um,0.3011455664279817,0.09068865217922993,morphology,morph
OPC,morph_cell_perimeter_um,0.3547307846594422,0.12583392958510353,morphology,morph
OPC,morph_cell_solidity,0.07146718441206447,0.0051075584477880305,morphology,morph
OPC,morph_nuc_area_um2,0.2819202764458682,0.07947904227131475,morphology,morph
OPC,morph_nuc_cell_ratio,0.1367499146968886,0.01870053916960631,morphology,morph
OPC,morph_nuc_eccentricity,0.07744281539035758,0.005997389655585004,morphology,morph
OPC,morph_nuc_perimeter_um,0.2304537102478057,0.05310891256697958,morphology,morph
OPC,morph_nuc_solidity,0.29051051270821815,0.08439635799399178,morphology,morph
OPC,nuc_offset,0.07058114407887349,0.004981697899482699,morphology,morph
OPC,r18s_cyto_mean,0.3157221975386538,0.09968050601863675,intensity: cyto,r18s
OPC,r18s_cyto_p90,0.276551754468036,0.07648087289934886,intensity: cyto,r18s
OPC,r18s_glcm_asm,0.12194958049613412,0.014871700183183095,texture (Haralick),r18s
OPC,r18s_glcm_contrast,0.09802192512726927,0.009608297805655983,texture (Haralick),r18s
OPC,r18s_glcm_correlation,0.13855599844943187,0.019197764706318964,texture (Haralick),r18s
OPC,r18s_glcm_entropy,0.09259653417205158,0.008574118140675916,texture (Haralick),r18s
OPC,r18s_glcm_homogeneity,0.07288356151405098,0.0053120135389724535,texture (Haralick),r18s
OPC,r18s_nuc_mean,0.31859876024077655,0.10150517002695982,intensity: nuc,r18s
OPC,r18s_nuc_p90,0.2570681383138251,0.0660840277361359,intensity: nuc,r18s
OPC,r18s_polarity_nuc,0.03188460392025167,0.0010166279671513282,polarity,r18s
OPC,r18s_polarity_shape,0.01686443306592003,0.0002844091026348969,polarity,r18s
OPC,r18s_radial_b0,0.06039270304456701,0.0036472785810292532,radial profile,r18s
OPC,r18s_radial_b1,0.09906610497281852,0.009814093154485498,radial profile,r18s
OPC,r18s_radial_b2,0.11712314300310205,0.013717830626925092,radial profile,r18s
OPC,r18s_radial_b3,0.06674349791009193,0.004454694513274446,radial profile,r18s
OPC,r18s_radial_b4,0.16345209385967824,0.026716586987113065,radial profile,r18s
OPC,r18s_rim_mean,0.3605060695270393,0.12996462616583448,intensity: rim,r18s
OPC,r18s_rim_p90,0.3047859630746952,0.09289448328736946,intensity: rim,r18s
OPC,smavim_cyto_mean,0.2512178153418775,0.06311039074514566,intensity: cyto,smavim
OPC,smavim_cyto_p90,0.32328898189824207,0.10451576581680189,intensity: cyto,smavim
OPC,smavim_glcm_asm,0.3612242105980494,0.13048293032218392,texture (Haralick),smavim
OPC,smavim_glcm_contrast,0.1542757465290329,0.023801005967090404,texture (Haralick),smavim
OPC,smavim_glcm_entropy,0.3866465950165068,0.1494955894378586,texture (Haralick),smavim
OPC,smavim_glcm_homogeneity,0.3092638719839378,0.09564414251449746,texture (Haralick),smavim
OPC,smavim_nuc_mean,0.3742913132799277,0.14009398719681299,intensity: nuc,smavim
OPC,smavim_nuc_p90,0.18861182851635971,0.035574421856284684,intensity: nuc,smavim
OPC,smavim_polarity_nuc,0.06674736044831958,0.004455210126817898,polarity,smavim
OPC,smavim_polarity_shape,0.08582551976849379,0.007366019843532118,polarity,smavim
OPC,smavim_radial_b0,0.07714432935072935,0.005951247550973801,radial profile,smavim
OPC,smavim_radial_b1,0.0833865469638042,0.006953316214546723,radial profile,smavim
OPC,smavim_radial_b2,0.054784380964746485,0.003001328397690477,radial profile,smavim
OPC,smavim_radial_b3,0.030369872347617937,0.0009223291464106086,radial profile,smavim
OPC,smavim_radial_b4,0.08933441993284871,0.007980638584738558,radial profile,smavim
OPC,smavim_rim_mean,0.25120686737921616,0.06310489021847909,intensity: rim,smavim
OPC,smavim_rim_p90,0.32731904586295146,0.10713775778463293,intensity: rim,smavim
Oligodendrocyte,bnd_cyto_mean,0.4325962425297403,0.18713950905084992,intensity: cyto,bnd
Oligodendrocyte,bnd_cyto_p90,0.4998544683494916,0.2498544895289529,intensity: cyto,bnd
Oligodendrocyte,bnd_glcm_asm,0.5178897905679901,0.26820983517455665,texture (Haralick),bnd
Oligodendrocyte,bnd_glcm_contrast,0.46181714531505047,0.21327507570694243,texture (Haralick),bnd
Oligodendrocyte,bnd_glcm_correlation,0.5339979956244698,0.2851538593309513,texture (Haralick),bnd
Oligodendrocyte,bnd_glcm_entropy,0.48730388560760735,0.23746507692827207,texture (Haralick),bnd
Oligodendrocyte,bnd_glcm_homogeneity,0.5152741464704715,0.26550744602087295,texture (Haralick),bnd
Oligodendrocyte,bnd_nuc_mean,0.6596951797666393,0.4351977302073385,intensity: nuc,bnd
Oligodendrocyte,bnd_nuc_p90,0.3630330703723894,0.13179301018400424,intensity: nuc,bnd
Oligodendrocyte,bnd_polarity_nuc,0.0991854710353874,0.009837757664511672,polarity,bnd
Oligodendrocyte,bnd_polarity_shape,0.2043876230939722,0.04177430047400364,polarity,bnd
Oligodendrocyte,bnd_radial_b0,0.1449183296663771,0.021001322273292756,radial profile,bnd
Oligodendrocyte,bnd_radial_b1,0.17880572564289762,0.031971487522683174,radial profile,bnd
Oligodendrocyte,bnd_radial_b2,0.19035817907165328,0.03623623633947562,radial profile,bnd
Oligodendrocyte,bnd_radial_b3,0.1410292104796691,0.019889238208518806,radial profile,bnd
Oligodendrocyte,bnd_radial_b4,0.25133627122145125,0.0631699212315029,radial profile,bnd
Oligodendrocyte,bnd_rim_mean,0.4354962362270931,0.1896569717679641,intensity: rim,bnd
Oligodendrocyte,bnd_rim_p90,0.4961547241719089,0.24616951031810302,intensity: rim,bnd
Oligodendrocyte,dapi_cyto_mean,0.242661664405674,0.05888468337213195,intensity: cyto,dapi
Oligodendrocyte,dapi_cyto_p90,0.25319759701505995,0.0641090231342007,intensity: cyto,dapi
Oligodendrocyte,dapi_glcm_asm,0.10339797518450212,0.010691141272254918,texture (Haralick),dapi
Oligodendrocyte,dapi_glcm_contrast,0.11815089817313408,0.013959634739118298,texture (Haralick),dapi
Oligodendrocyte,dapi_glcm_correlation,0.08660251161042126,0.0074999950172331496,texture (Haralick),dapi
Oligodendrocyte,dapi_glcm_entropy,0.10810588704860664,0.011686882814566098,texture (Haralick),dapi
Oligodendrocyte,dapi_glcm_homogeneity,0.10015297068681428,0.01003061753739388,texture (Haralick),dapi
Oligodendrocyte,dapi_nuc_mean,0.29807153430384614,0.08884663956224893,intensity: nuc,dapi
Oligodendrocyte,dapi_nuc_p90,0.30737082308875036,0.09447682288625586,intensity: nuc,dapi
Oligodendrocyte,dapi_polarity_nuc,0.08275878895910842,0.006849017149978245,polarity,dapi
Oligodendrocyte,dapi_polarity_shape,0.038671292110312463,0.001495468833481115,polarity,dapi
Oligodendrocyte,dapi_radial_b0,0.04199290926891269,0.0017634044288671335,radial profile,dapi
Oligodendrocyte,dapi_radial_b1,0.0738404943222793,0.00545241860175856,radial profile,dapi
Oligodendrocyte,dapi_radial_b2,0.07214548815501153,0.005204971461124908,radial profile,dapi
Oligodendrocyte,dapi_radial_b3,0.039081258551971435,0.0015273447700060404,radial profile,dapi
Oligodendrocyte,dapi_radial_b4,0.1365899234735418,0.018656807194508004,radial profile,dapi
Oligodendrocyte,dapi_rim_mean,0.22233964623595598,0.049434918288330056,intensity: rim,dapi
Oligodendrocyte,dapi_rim_p90,0.20737711141138132,0.043005266337328464,intensity: rim,dapi
Oligodendrocyte,morph_cell_area_um2,0.37761376233302274,0.1425921535033006,morphology,morph
Oligodendrocyte,morph_cell_circularity,0.10071768797291905,0.010144052670610283,morphology,morph
Oligodendrocyte,morph_cell_eccentricity,0.027869215267907425,0.0007766931596489644,morphology,morph
Oligodendrocyte,morph_cell_major_um,0.2724248220352311,0.07421528366092733,morphology,morph
Oligodendrocyte,morph_cell_minor_um,0.28252486538274324,0.07982029955953719,morphology,morph
Oligodendrocyte,morph_cell_perimeter_um,0.34105699945579876,0.11631987687779272,morphology,morph
Oligodendrocyte,morph_cell_solidity,0.10419185741334244,0.010855943151242282,morphology,morph
Oligodendrocyte,morph_nuc_area_um2,0.2557393502063658,0.0654026152439742,morphology,morph
Oligodendrocyte,morph_nuc_cell_ratio,0.13084577337961076,0.017120616411308454,morphology,morph
Oligodendrocyte,morph_nuc_eccentricity,0.10661508870372693,0.011366777139303563,morphology,morph
Oligodendrocyte,morph_nuc_perimeter_um,0.2153541457855326,0.04637740810701643,morphology,morph
Oligodendrocyte,morph_nuc_solidity,0.3011380961554461,0.09068415295612671,morphology,morph
Oligodendrocyte,nuc_offset,0.06010304149959347,0.0036123755975018546,morphology,morph
Oligodendrocyte,r18s_cyto_mean,0.3132332390105598,0.0981150620210465,intensity: cyto,r18s
Oligodendrocyte,r18s_cyto_p90,0.2931027212949062,0.08590920523047947,intensity: cyto,r18s
Oligodendrocyte,r18s_glcm_asm,0.12083723441945173,0.014601637222141528,texture (Haralick),r18s
Oligodendrocyte,r18s_glcm_contrast,0.08139454860711991,0.0066250725429568055,texture (Haralick),r18s
Oligodendrocyte,r18s_glcm_correlation,0.12631240440103034,0.015954823505569427,texture (Haralick),r18s
Oligodendrocyte,r18s_glcm_entropy,0.0850218372930719,0.007228712816689592,texture (Haralick),r18s
Oligodendrocyte,r18s_glcm_homogeneity,0.060450382603679714,0.003654248756931263,texture (Haralick),r18s
Oligodendrocyte,r18s_nuc_mean,0.2827498555343127,0.0799474808046747,intensity: nuc,r18s
Oligodendrocyte,r18s_nuc_p90,0.2594797974853935,0.06732976530306083,intensity: nuc,r18s
Oligodendrocyte,r18s_polarity_nuc,0.022675303017127044,0.0005141693669185308,polarity,r18s
Oligodendrocyte,r18s_polarity_shape,0.01768597308126709,0.00031279364383130415,polarity,r18s
Oligodendrocyte,r18s_radial_b0,0.0653139573705513,0.004265913027402193,radial profile,r18s
Oligodendrocyte,r18s_radial_b1,0.10650142573080063,0.011342553682693242,radial profile,r18s
Oligodendrocyte,r18s_radial_b2,0.11440841291806227,0.013089284946429837,radial profile,r18s
Oligodendrocyte,r18s_radial_b3,0.09089993976642921,0.008262799049540458,radial profile,r18s
Oligodendrocyte,r18s_radial_b4,0.1418487049658003,0.020121055100474655,radial profile,r18s
Oligodendrocyte,r18s_rim_mean,0.33443798677461634,0.11184876699785845,intensity: rim,r18s
Oligodendrocyte,r18s_rim_p90,0.3070462790590836,0.09427741748402864,intensity: rim,r18s
Oligodendrocyte,smavim_cyto_mean,0.20815700880698537,0.043329340315471386,intensity: cyto,smavim
Oligodendrocyte,smavim_cyto_p90,0.23543453444847998,0.05542942001097251,intensity: cyto,smavim
Oligodendrocyte,smavim_glcm_asm,0.3361552939077358,0.11300038162219624,texture (Haralick),smavim
Oligodendrocyte,smavim_glcm_contrast,0.1772724936154103,0.03142553699262569,texture (Haralick),smavim
Oligodendrocyte,smavim_glcm_entropy,0.3506820835127818,0.12297792369686567,texture (Haralick),smavim
Oligodendrocyte,smavim_glcm_homogeneity,0.2971098568454248,0.08827426703470881,texture (Haralick),smavim
Oligodendrocyte,smavim_nuc_mean,0.3275978646853712,0.1073203609464148,intensity: nuc,smavim
Oligodendrocyte,smavim_nuc_p90,0.16423855961375505,0.02697430446400097,intensity: nuc,smavim
Oligodendrocyte,smavim_polarity_nuc,0.08048844222861312,0.006478389332388792,polarity,smavim
Oligodendrocyte,smavim_polarity_shape,0.10576990706105009,0.011187273239703173,polarity,smavim
Oligodendrocyte,smavim_radial_b0,0.06972845655622963,0.0048620576537140026,radial profile,smavim
Oligodendrocyte,smavim_radial_b1,0.07352701974512503,0.005406222632600006,radial profile,smavim
Oligodendrocyte,smavim_radial_b2,0.043085089790998995,0.001856324962298446,radial profile,smavim
Oligodendrocyte,smavim_radial_b3,0.004545718962087997,2.0663560882286374e-05,radial profile,smavim
Oligodendrocyte,smavim_radial_b4,0.07047687149767572,0.004966989416099896,radial profile,smavim
Oligodendrocyte,smavim_rim_mean,0.21695767794501317,0.047070634019292054,intensity: rim,smavim
Oligodendrocyte,smavim_rim_p90,0.2389310579445519,0.057088050450502824,intensity: rim,smavim
Schwann cell,bnd_cyto_mean,0.3252587190341042,0.10579323430770633,intensity: cyto,bnd
Schwann cell,bnd_cyto_p90,0.366275956169284,0.13415807606772326,intensity: cyto,bnd
Schwann cell,bnd_glcm_asm,0.36136519649955434,0.13058480524116153,texture (Haralick),bnd
Schwann cell,bnd_glcm_contrast,0.21104914982768483,0.04454174364298856,texture (Haralick),bnd
Schwann cell,bnd_glcm_correlation,0.30691309975235587,0.09419565079959955,texture (Haralick),bnd
Schwann cell,bnd_glcm_entropy,0.30420089445669757,0.09253818418825485,texture (Haralick),bnd
Schwann cell,bnd_glcm_homogeneity,0.2482081629263948,0.06160729214329575,texture (Haralick),bnd
Schwann cell,bnd_nuc_mean,0.4189275411263977,0.17550028471420961,intensity: nuc,bnd
Schwann cell,bnd_nuc_p90,0.2680955431998296,0.0718752202836117,intensity: nuc,bnd
Schwann cell,bnd_polarity_nuc,0.015278119117632421,0.00023342092377256528,polarity,bnd
Schwann cell,bnd_polarity_shape,0.07048490497765277,0.00496812182970874,polarity,bnd
Schwann cell,bnd_radial_b0,0.16291771569147281,0.026542182086127568,radial profile,bnd
Schwann cell,bnd_radial_b1,0.17971693220283855,0.03229817572039967,radial profile,bnd
Schwann cell,bnd_radial_b2,0.15134224218366346,0.022904474269178646,radial profile,bnd
Schwann cell,bnd_radial_b3,0.051522119792704706,0.002654528827933814,radial profile,bnd
Schwann cell,bnd_radial_b4,0.17671410794321482,0.03122787594616618,radial profile,bnd
Schwann cell,bnd_rim_mean,0.3394091820257088,0.11519859284336073,intensity: rim,bnd
Schwann cell,bnd_rim_p90,0.3613566404069597,0.13057862156620478,intensity: rim,bnd
Schwann cell,dapi_cyto_mean,0.29931181946097385,0.0895875652690386,intensity: cyto,dapi
Schwann cell,dapi_cyto_p90,0.3162185125248992,0.09999414766345982,intensity: cyto,dapi
Schwann cell,dapi_glcm_asm,0.08784803170309777,0.007717276674108471,texture (Haralick),dapi
Schwann cell,dapi_glcm_contrast,0.16496121268963077,0.0272122016920336,texture (Haralick),dapi
Schwann cell,dapi_glcm_correlation,0.10106259065981266,0.010213647230872853,texture (Haralick),dapi
Schwann cell,dapi_glcm_entropy,0.11129630319015768,0.012386867103795503,texture (Haralick),dapi
Schwann cell,dapi_glcm_homogeneity,0.13389417277604582,0.017927649503381608,texture (Haralick),dapi
Schwann cell,dapi_nuc_mean,0.3258415792613945,0.10617273477555964,intensity: nuc,dapi
Schwann cell,dapi_nuc_p90,0.32688855582022325,0.10685612792623121,intensity: nuc,dapi
Schwann cell,dapi_polarity_nuc,0.06270472239522654,0.003931882210662424,polarity,dapi
Schwann cell,dapi_polarity_shape,0.033793104603845575,0.001141973918766449,polarity,dapi
Schwann cell,dapi_radial_b0,0.0799388309580136,0.006390216694933874,radial profile,dapi
Schwann cell,dapi_radial_b1,0.1442603663624344,0.020811053303023793,radial profile,dapi
Schwann cell,dapi_radial_b2,0.14225646839184258,0.020236902799319306,radial profile,dapi
Schwann cell,dapi_radial_b3,0.04086541437633081,0.0016699820921492249,radial profile,dapi
Schwann cell,dapi_radial_b4,0.19438539025119883,0.03778567994311086,radial profile,dapi
Schwann cell,dapi_rim_mean,0.2888811781319332,0.08345233507889373,intensity: rim,dapi
Schwann cell,dapi_rim_p90,0.25484716626808307,0.06494707815487198,intensity: rim,dapi
Schwann cell,morph_cell_area_um2,0.38810329490517603,0.15062416751625404,morphology,morph
Schwann cell,morph_cell_circularity,0.1407725075000504,0.019816898867851748,morphology,morph
Schwann cell,morph_cell_eccentricity,0.10458511799931357,0.010938046906930343,morphology,morph
Schwann cell,morph_cell_major_um,0.3265664514851907,0.10664564723562941,morphology,morph
Schwann cell,morph_cell_minor_um,0.325190822202675,0.10574907084485177,morphology,morph
Schwann cell,morph_cell_perimeter_um,0.3654970516110125,0.13358809473634312,morphology,morph
Schwann cell,morph_cell_solidity,0.07576468184318978,0.005740287014799772,morphology,morph
Schwann cell,morph_nuc_area_um2,0.33695699627004466,0.1135400173353309,morphology,morph
Schwann cell,morph_nuc_cell_ratio,0.15713447728870833,0.024691243952795594,morphology,morph
Schwann cell,morph_nuc_eccentricity,0.11915675378924341,0.014198331973590375,morphology,morph
Schwann cell,morph_nuc_perimeter_um,0.30731382358103493,0.09444178616399546,morphology,morph
Schwann cell,morph_nuc_solidity,0.11930964828345199,0.014234792173521018,morphology,morph
Schwann cell,nuc_offset,0.06412550385982592,0.004112080245276549,morphology,morph
Schwann cell,r18s_cyto_mean,0.30329378664253537,0.09198712101596776,intensity: cyto,r18s
Schwann cell,r18s_cyto_p90,0.26985022424759536,0.0728191435264775,intensity: cyto,r18s
Schwann cell,r18s_glcm_asm,0.07950232086543838,0.006320619022991118,texture (Haralick),r18s
Schwann cell,r18s_glcm_contrast,0.09794017065584801,0.00959227702809663,texture (Haralick),r18s
Schwann cell,r18s_glcm_correlation,0.1427775980225008,0.02038544249707483,texture (Haralick),r18s
Schwann cell,r18s_glcm_entropy,0.05380749691305897,0.002895246724048851,texture (Haralick),r18s
Schwann cell,r18s_glcm_homogeneity,0.06126078061734441,0.003752883241846401,texture (Haralick),r18s
Schwann cell,r18s_nuc_mean,0.26944729958434427,0.07260184725329537,intensity: nuc,r18s
Schwann cell,r18s_nuc_p90,0.24451766110126189,0.05978888659043156,intensity: nuc,r18s
Schwann cell,r18s_polarity_nuc,0.036359794343923356,0.0013220346447324009,polarity,r18s
Schwann cell,r18s_polarity_shape,0.031806950011266044,0.001011682069019177,polarity,r18s
Schwann cell,r18s_radial_b0,0.06878640116797528,0.004731568985641631,radial profile,r18s
Schwann cell,r18s_radial_b1,0.09409741221176303,0.00885432298495045,radial profile,r18s
Schwann cell,r18s_radial_b2,0.12098056033831016,0.014636295979771506,radial profile,r18s
Schwann cell,r18s_radial_b3,0.1057998404275883,0.011193606234503148,radial profile,r18s
Schwann cell,r18s_radial_b4,0.18876367676092137,0.03563172566430161,radial profile,r18s
Schwann cell,r18s_rim_mean,0.3402091359503725,0.11574225618409904,intensity: rim,r18s
Schwann cell,r18s_rim_p90,0.3030834142464076,0.09185955599125951,intensity: rim,r18s
Schwann cell,smavim_cyto_mean,0.2687758074443672,0.07224043466737155,intensity: cyto,smavim
Schwann cell,smavim_cyto_p90,0.3786632894954333,0.14338588681150236,intensity: cyto,smavim
Schwann cell,smavim_glcm_asm,0.24269188504605713,0.05889935106720861,texture (Haralick),smavim
Schwann cell,smavim_glcm_contrast,0.10132814784318986,0.010267393545331342,texture (Haralick),smavim
Schwann cell,smavim_glcm_entropy,0.22450996049810887,0.050404722362862406,texture (Haralick),smavim
Schwann cell,smavim_glcm_homogeneity,0.1776109542085265,0.031545651054863295,texture (Haralick),smavim
Schwann cell,smavim_nuc_mean,0.37390616118596287,0.13980581737282324,intensity: nuc,smavim
Schwann cell,smavim_nuc_p90,0.2407177126473968,0.0579450171821947,intensity: nuc,smavim
Schwann cell,smavim_polarity_nuc,0.018565007536095218,0.00034465950481527225,polarity,smavim
Schwann cell,smavim_polarity_shape,0.04493299860518188,0.0020189743636532765,polarity,smavim
Schwann cell,smavim_radial_b0,0.10760603267624012,0.011579058268320057,radial profile,smavim
Schwann cell,smavim_radial_b1,0.1020365135136305,0.010411450090017298,radial profile,smavim
Schwann cell,smavim_radial_b2,0.07046645342331516,0.004965521058060245,radial profile,smavim
Schwann cell,smavim_radial_b3,0.05941996345615192,0.0035307320571304297,radial profile,smavim
Schwann cell,smavim_radial_b4,0.09543269434629327,0.009107399150193035,radial profile,smavim
Schwann cell,smavim_rim_mean,0.2661067263478003,0.07081278980754308,intensity: rim,smavim
Schwann cell,smavim_rim_p90,0.3660721862176493,0.13400884552216932,intensity: rim,smavim
T cell,bnd_cyto_mean,0.5962894513772334,0.35556110982376204,intensity: cyto,bnd
T cell,bnd_cyto_p90,0.5482948064631483,0.30062719479446126,intensity: cyto,bnd
T cell,bnd_glcm_asm,0.4728807509726335,0.2236162046404418,texture (Haralick),bnd
T cell,bnd_glcm_contrast,0.4196415785362239,0.17609905443637378,texture (Haralick),bnd
T cell,bnd_glcm_correlation,0.49621866103497275,0.24623295955934119,texture (Haralick),bnd
T cell,bnd_glcm_entropy,0.4230647824140883,0.17898381011907988,texture (Haralick),bnd
T cell,bnd_glcm_homogeneity,0.42167118268715703,0.17780658630878576,texture (Haralick),bnd
T cell,bnd_nuc_mean,0.7150201820212982,0.5112538606977705,intensity: nuc,bnd
T cell,bnd_nuc_p90,0.5317361344512505,0.2827433166811583,intensity: nuc,bnd
T cell,bnd_polarity_nuc,0.0822185016512983,0.006759882013784542,polarity,bnd
T cell,bnd_polarity_shape,0.1384086494976142,0.01915695425575342,polarity,bnd
T cell,bnd_radial_b0,0.18003650857949532,0.03241314442149469,radial profile,bnd
T cell,bnd_radial_b1,0.18488317576223817,0.03418178867993065,radial profile,bnd
T cell,bnd_radial_b2,0.1600256388988331,0.02560820510497972,radial profile,bnd
T cell,bnd_radial_b3,0.10994435226459356,0.01208776059488104,radial profile,bnd
T cell,bnd_radial_b4,0.22345421433775897,0.04993178590530513,radial profile,bnd
T cell,bnd_rim_mean,0.6171314924872319,0.3808512790195183,intensity: rim,bnd
T cell,bnd_rim_p90,0.5548932458653438,0.3079065143069769,intensity: rim,bnd
T cell,dapi_cyto_mean,0.4380279437974631,0.19186847954743352,intensity: cyto,dapi
T cell,dapi_cyto_p90,0.4370802443104099,0.19103913996644764,intensity: cyto,dapi
T cell,dapi_glcm_asm,0.17270424197300072,0.029826755195468783,texture (Haralick),dapi
T cell,dapi_glcm_contrast,0.21028300098028974,0.04421894050127653,texture (Haralick),dapi
T cell,dapi_glcm_correlation,0.12169585239765084,0.014809880490790819,texture (Haralick),dapi
T cell,dapi_glcm_entropy,0.19180043036101535,0.0367874050866707,texture (Haralick),dapi
T cell,dapi_glcm_homogeneity,0.21638570361964218,0.046822772730967625,texture (Haralick),dapi
T cell,dapi_nuc_mean,0.45149966910676026,0.20385195120351401,intensity: nuc,dapi
T cell,dapi_nuc_p90,0.4632628277619983,0.2146124475860429,intensity: nuc,dapi
T cell,dapi_polarity_nuc,0.07559766009655698,0.0057150062120745635,polarity,dapi
T cell,dapi_polarity_shape,0.07205304516140175,0.005191641317031,polarity,dapi
T cell,dapi_radial_b0,0.16046360021706285,0.025748566994621372,radial profile,dapi
T cell,dapi_radial_b1,0.23070007280973873,0.05322252359441875,radial profile,dapi
T cell,dapi_radial_b2,0.19779028740691362,0.03912099779250949,radial profile,dapi
T cell,dapi_radial_b3,0.09218641016051757,0.008498334218283176,radial profile,dapi
T cell,dapi_radial_b4,0.27293606027503403,0.07449409299845701,radial profile,dapi
T cell,dapi_rim_mean,0.4109652882309126,0.16889246813071707,intensity: rim,dapi
T cell,dapi_rim_p90,0.36842180298152155,0.13573462491215507,intensity: rim,dapi
T cell,morph_cell_area_um2,0.4575755042476866,0.20937534208752467,morphology,morph
T cell,morph_cell_circularity,0.08299427481667822,0.006888049652346308,morphology,morph
T cell,morph_cell_eccentricity,0.04237146376256694,0.0017953409413825232,morphology,morph
T cell,morph_cell_major_um,0.3259276828253832,0.10622885443192359,morphology,morph
T cell,morph_cell_minor_um,0.39421468832290635,0.1554052204895262,morphology,morph
T cell,morph_cell_perimeter_um,0.4083013449061592,0.1667099882521784,morphology,morph
T cell,morph_cell_solidity,0.06852270463560127,0.004695361050577852,morphology,morph
T cell,morph_nuc_area_um2,0.3917531650754051,0.1534705423465976,morphology,morph
T cell,morph_nuc_cell_ratio,0.20994275843064178,0.04407596181746681,morphology,morph
T cell,morph_nuc_eccentricity,0.1043567151425726,0.01089032399534804,morphology,morph
T cell,morph_nuc_perimeter_um,0.3083237786670848,0.0950635524915495,morphology,morph
T cell,morph_nuc_solidity,0.15041833141395564,0.022625674425358594,morphology,morph
T cell,nuc_offset,0.09883552801321703,0.009768461597651408,morphology,morph
T cell,r18s_cyto_mean,0.40419335425090963,0.16337226762060134,intensity: cyto,r18s
T cell,r18s_cyto_p90,0.37200158758183977,0.1383851811634092,intensity: cyto,r18s
T cell,r18s_glcm_asm,0.1304686831719379,0.017022077288619514,texture (Haralick),r18s
T cell,r18s_glcm_contrast,0.1251047112586576,0.01565118877911209,texture (Haralick),r18s
T cell,r18s_glcm_correlation,0.15235348277242183,0.023211583712886636,texture (Haralick),r18s
T cell,r18s_glcm_entropy,0.09683901282391512,0.009377794404710397,texture (Haralick),r18s
T cell,r18s_glcm_homogeneity,0.07976322604942494,0.006362172229811662,texture (Haralick),r18s
T cell,r18s_nuc_mean,0.41363302991661327,0.1710922834379979,intensity: nuc,r18s
T cell,r18s_nuc_p90,0.3559097099055328,0.1266717216050405,intensity: nuc,r18s
T cell,r18s_polarity_nuc,0.05595142190758745,0.003130561613480857,polarity,r18s
T cell,r18s_polarity_shape,0.05111308404607738,0.00261254736070137,polarity,r18s
T cell,r18s_radial_b0,0.07957678118607221,0.006332464103936016,radial profile,r18s
T cell,r18s_radial_b1,0.11096222603442482,0.012312615606514785,radial profile,r18s
T cell,r18s_radial_b2,0.15042724399259833,0.02262835573520871,radial profile,r18s
T cell,r18s_radial_b3,0.15593296417556407,0.024315089316577748,radial profile,r18s
T cell,r18s_radial_b4,0.21643647620500675,0.046844748232040455,radial profile,r18s
T cell,r18s_rim_mean,0.4593876899356807,0.2110370496644411,intensity: rim,r18s
T cell,r18s_rim_p90,0.39577532402767035,0.15663810710920745,intensity: rim,r18s
T cell,smavim_cyto_mean,0.49591568252732754,0.24593236417654513,intensity: cyto,smavim
T cell,smavim_cyto_p90,0.5436898502715405,0.2955986532882901,intensity: cyto,smavim
T cell,smavim_glcm_asm,0.3548358502054404,0.12590848059101772,texture (Haralick),smavim
T cell,smavim_glcm_contrast,0.1385184502642646,0.019187361063613545,texture (Haralick),smavim
T cell,smavim_glcm_entropy,0.3401040191987386,0.11567074387513597,texture (Haralick),smavim
T cell,smavim_glcm_homogeneity,0.27443218947207243,0.07531302661843546,texture (Haralick),smavim
T cell,smavim_nuc_mean,0.5753852382878496,0.3310681724395655,intensity: nuc,smavim
T cell,smavim_nuc_p90,0.4884378917833737,0.2385715741297867,intensity: nuc,smavim
T cell,smavim_polarity_nuc,0.10111945918603248,0.010225145026075688,polarity,smavim
T cell,smavim_polarity_shape,0.12285636975840321,0.01509368759021349,polarity,smavim
T cell,smavim_radial_b0,0.11297284797343245,0.01276286437922828,radial profile,smavim
T cell,smavim_radial_b1,0.12152497514640004,0.014768319584333146,radial profile,smavim
T cell,smavim_radial_b2,0.10489570744525697,0.01100310944044094,radial profile,smavim
T cell,smavim_radial_b3,0.08093057548639403,0.006549758048558922,radial profile,smavim
T cell,smavim_radial_b4,0.15524420579603837,0.024100763433242713,radial profile,smavim
T cell,smavim_rim_mean,0.5157688639306941,0.26601752100035886,intensity: rim,smavim
T cell,smavim_rim_p90,0.5415896597043564,0.2933193594986805,intensity: rim,smavim
VSMC,bnd_cyto_mean,0.49777446702095823,0.24777942001799905,intensity: cyto,bnd
VSMC,bnd_cyto_p90,0.44549536542202167,0.19846612061250063,intensity: cyto,bnd
VSMC,bnd_glcm_asm,0.4482114735209607,0.20089352499583085,texture (Haralick),bnd
VSMC,bnd_glcm_contrast,0.46585787884322805,0.21702356328031175,texture (Haralick),bnd
VSMC,bnd_glcm_correlation,0.508346518843466,0.2584161832202704,texture (Haralick),bnd
VSMC,bnd_glcm_entropy,0.3851042330097665,0.14830527028204052,texture (Haralick),bnd
VSMC,bnd_glcm_homogeneity,0.39856149544290714,0.1588512656496865,texture (Haralick),bnd
VSMC,bnd_nuc_mean,0.6852148900359896,0.4695194455270333,intensity: nuc,bnd
VSMC,bnd_nuc_p90,0.4705049958844081,0.22137495115218686,intensity: nuc,bnd
VSMC,bnd_polarity_nuc,0.0666193771997186,0.004438141418478386,polarity,bnd
VSMC,bnd_polarity_shape,0.149989153838627,0.022496746269227312,polarity,bnd
VSMC,bnd_radial_b0,0.1279338771887808,0.01636707693255405,radial profile,bnd
VSMC,bnd_radial_b1,0.14333403630096384,0.020544645962326018,radial profile,bnd
VSMC,bnd_radial_b2,0.14148499908630524,0.020018004966451796,radial profile,bnd
VSMC,bnd_radial_b3,0.116667569453061,0.013611321762084813,radial profile,bnd
VSMC,bnd_radial_b4,0.20022018969579036,0.04008812436181828,radial profile,bnd
VSMC,bnd_rim_mean,0.5209596856510023,0.2713989940735911,intensity: rim,bnd
VSMC,bnd_rim_p90,0.44192735950744955,0.19529979108122655,intensity: rim,bnd
VSMC,dapi_cyto_mean,0.24816025404275696,0.06158351168656567,intensity: cyto,dapi
VSMC,dapi_cyto_p90,0.25032750401195064,0.06266385926485317,intensity: cyto,dapi
VSMC,dapi_glcm_asm,0.09222910247495446,0.00850620734333565,texture (Haralick),dapi
VSMC,dapi_glcm_contrast,0.14353178017553225,0.020601371920357315,texture (Haralick),dapi
VSMC,dapi_glcm_correlation,0.11205120840275427,0.01255547330451747,texture (Haralick),dapi
VSMC,dapi_glcm_entropy,0.10394376168331572,0.010804305592877933,texture (Haralick),dapi
VSMC,dapi_glcm_homogeneity,0.12397390049145687,0.01536952800306565,texture (Haralick),dapi
VSMC,dapi_nuc_mean,0.298528657132356,0.08911935912924776,intensity: nuc,dapi
VSMC,dapi_nuc_p90,0.28984875287492273,0.08401229954314803,intensity: nuc,dapi
VSMC,dapi_polarity_nuc,0.05264114595853892,0.002771090247828199,polarity,dapi
VSMC,dapi_polarity_shape,0.03762239976165298,0.001415444963825626,polarity,dapi
VSMC,dapi_radial_b0,0.06311423044908558,0.003983406085180281,radial profile,dapi
VSMC,dapi_radial_b1,0.09525689393922618,0.009073875842948985,radial profile,dapi
VSMC,dapi_radial_b2,0.06706310847746712,0.004497460518660522,radial profile,dapi
VSMC,dapi_radial_b3,0.05538820614711602,0.0030678533801954213,radial profile,dapi
VSMC,dapi_radial_b4,0.13623947613291726,0.018561194856971733,radial profile,dapi
VSMC,dapi_rim_mean,0.2343753153258769,0.054931788434104234,intensity: rim,dapi
VSMC,dapi_rim_p90,0.22176496008617608,0.049179697522023266,intensity: rim,dapi
VSMC,morph_cell_area_um2,0.3547291735441039,0.12583278656328298,morphology,morph
VSMC,morph_cell_circularity,0.09504768644315303,0.009034062698195938,morphology,morph
VSMC,morph_cell_eccentricity,0.04867968764596168,0.002369711989308394,morphology,morph
VSMC,morph_cell_major_um,0.2685400971347452,0.07211378376913838,morphology,morph
VSMC,morph_cell_minor_um,0.2283202982991217,0.052130158615399914,morphology,morph
VSMC,morph_cell_perimeter_um,0.3202762442964194,0.10257687266061971,morphology,morph
VSMC,morph_cell_solidity,0.07965779013794347,0.006345363529660644,morphology,morph
VSMC,morph_nuc_area_um2,0.22115916873521352,0.048911377915650645,morphology,morph
VSMC,morph_nuc_cell_ratio,0.1384675175775371,0.01917325342408555,morphology,morph
VSMC,morph_nuc_eccentricity,0.07006497985676097,0.00490910140232832,morphology,morph
VSMC,morph_nuc_perimeter_um,0.2017002368149137,0.04068298553119227,morphology,morph
VSMC,morph_nuc_solidity,0.19789804529772803,0.039163636332661615,morphology,morph
VSMC,nuc_offset,0.035110315658232555,0.0012327342656207301,morphology,morph
VSMC,r18s_cyto_mean,0.332392057171649,0.11048447967080077,intensity: cyto,r18s
VSMC,r18s_cyto_p90,0.25755698785530456,0.0663356019930975,intensity: cyto,r18s
VSMC,r18s_glcm_asm,0.13301822492717502,0.017693848162776527,texture (Haralick),r18s
VSMC,r18s_glcm_contrast,0.07971105719845016,0.006353852639694593,texture (Haralick),r18s
VSMC,r18s_glcm_correlation,0.14135712567504116,0.01998183697910938,texture (Haralick),r18s
VSMC,r18s_glcm_entropy,0.07703894952052974,0.005934999743226729,texture (Haralick),r18s
VSMC,r18s_glcm_homogeneity,0.0678682539765346,0.004606099897823406,texture (Haralick),r18s
VSMC,r18s_nuc_mean,0.34428988787049175,0.11853552688987579,intensity: nuc,r18s
VSMC,r18s_nuc_p90,0.21589865982601333,0.04661223131466862,intensity: nuc,r18s
VSMC,r18s_polarity_nuc,0.029476206098286252,0.0008688467259486476,polarity,r18s
VSMC,r18s_polarity_shape,0.0251945115229341,0.0006347634108792592,polarity,r18s
VSMC,r18s_radial_b0,0.0702094049054482,0.004929360537177175,radial profile,r18s
VSMC,r18s_radial_b1,0.07917954101290071,0.006269399715013627,radial profile,r18s
VSMC,r18s_radial_b2,0.10570019993144884,0.011172532265548258,radial profile,r18s
VSMC,r18s_radial_b3,0.07236231039718358,0.005236303966018342,radial profile,r18s
VSMC,r18s_radial_b4,0.15357408246117385,0.023584998803791425,radial profile,r18s
VSMC,r18s_rim_mean,0.3739086622770407,0.1398076877258061,intensity: rim,r18s
VSMC,r18s_rim_p90,0.27676493807657054,0.07659883094852793,intensity: rim,r18s
VSMC,smavim_cyto_mean,0.3509190748372533,0.1231441970846338,intensity: cyto,smavim
VSMC,smavim_cyto_p90,0.38327291498822974,0.14689812736357477,intensity: cyto,smavim
VSMC,smavim_glcm_asm,0.3394499999490046,0.11522630246537922,texture (Haralick),smavim
VSMC,smavim_glcm_contrast,0.0662488671218408,0.004388912394927319,texture (Haralick),smavim
VSMC,smavim_glcm_entropy,0.34022847396458217,0.11575541449626836,texture (Haralick),smavim
VSMC,smavim_glcm_homogeneity,0.2749638542606385,0.07560512114986566,texture (Haralick),smavim
VSMC,smavim_nuc_mean,0.34950454715937385,0.12215342848507897,intensity: nuc,smavim
VSMC,smavim_nuc_p90,0.30086420815015424,0.09051927174581934,intensity: nuc,smavim
VSMC,smavim_polarity_nuc,0.04112130591718587,0.0016909618003347858,polarity,smavim
VSMC,smavim_polarity_shape,0.07329014855398894,0.005371445875065767,polarity,smavim
VSMC,smavim_radial_b0,0.07185537372111513,0.005163194732601122,radial profile,smavim
VSMC,smavim_radial_b1,0.04798831035978603,0.002302877931187147,radial profile,smavim
VSMC,smavim_radial_b2,0.026182882848512255,0.0006855433542589172,radial profile,smavim
VSMC,smavim_radial_b3,0.02187801175952678,0.0004786473985499921,radial profile,smavim
VSMC,smavim_radial_b4,0.048814233573932136,0.0023828293994104036,radial profile,smavim
VSMC,smavim_rim_mean,0.35299868434333126,0.12460807114812282,intensity: rim,smavim
VSMC,smavim_rim_p90,0.3926236624491483,0.15415334031498276,intensity: rim,smavim
