part,cell_type,feature,n_animals,median_diff,p,q,family
full residual,Astrocyte,bnd_cyto_mean,19,0.05719766020774841,0.5412178039550781,0.8898314072143989,intensity: cyto
full residual,Astrocyte,bnd_cyto_p90,19,-0.09347808361053467,0.6225624084472656,0.919407135849699,intensity: cyto
full residual,Astrocyte,bnd_glcm_asm,19,-0.006951659917831421,0.6507492065429688,0.919407135849699,texture (Haralick)
full residual,Astrocyte,bnd_glcm_contrast,19,0.0320575088262558,0.18186569213867188,0.5554214477539062,texture (Haralick)
full residual,Astrocyte,bnd_glcm_correlation,19,-0.04783332347869873,0.18186569213867188,0.5554214477539062,texture (Haralick)
full residual,Astrocyte,bnd_glcm_entropy,19,0.038550008088350296,0.5948867797851562,0.919407135849699,texture (Haralick)
full residual,Astrocyte,bnd_glcm_homogeneity,19,-0.021611899137496948,0.5412178039550781,0.8898314072143989,texture (Haralick)
full residual,Astrocyte,bnd_nuc_mean,19,-0.00468633696436882,0.4653167724609375,0.8300245130384291,intensity: nuc
full residual,Astrocyte,bnd_nuc_p90,19,0.05226196348667145,0.3320655822753906,0.6910554009514887,intensity: nuc
full residual,Astrocyte,bnd_polarity_nuc,19,-0.006947264075279236,0.8287849426269531,0.9777543162571565,polarity
full residual,Astrocyte,bnd_polarity_shape,19,-0.023020461201667786,0.70855712890625,0.9488504161005434,polarity
full residual,Astrocyte,bnd_radial_b0,19,0.006189711391925812,0.5948867797851562,0.919407135849699,radial profile
full residual,Astrocyte,bnd_radial_b1,19,0.02342824637889862,0.8287849426269531,0.9777543162571565,radial profile
full residual,Astrocyte,bnd_radial_b2,19,0.004816267639398575,0.9529838562011719,1.0,radial profile
full residual,Astrocyte,bnd_radial_b3,19,-0.004924274981021881,0.4413337707519531,0.8027409531000093,radial profile
full residual,Astrocyte,bnd_radial_b4,19,-0.008121967315673828,0.9217147827148438,0.9972651747406506,radial profile
full residual,Astrocyte,bnd_rim_mean,19,0.06490999460220337,0.5948867797851562,0.919407135849699,intensity: rim
full residual,Astrocyte,bnd_rim_p90,19,-0.08007363975048065,0.6225624084472656,0.919407135849699,intensity: rim
full residual,Astrocyte,dapi_cyto_mean,19,-0.0182205680757761,0.8595733642578125,0.983923724477325,intensity: cyto
full residual,Astrocyte,dapi_cyto_p90,19,-0.015502624213695526,0.7982521057128906,0.9762678803641093,intensity: cyto
full residual,Astrocyte,dapi_glcm_asm,19,0.017777742817997932,0.24125289916992188,0.6198811128288914,texture (Haralick)
full residual,Astrocyte,dapi_glcm_contrast,19,-0.016591042280197144,0.5412178039550781,0.8898314072143989,texture (Haralick)
full residual,Astrocyte,dapi_glcm_correlation,19,0.011838361620903015,0.8905677795410156,0.983923724477325,texture (Haralick)
full residual,Astrocyte,dapi_glcm_entropy,19,-0.01776900887489319,0.14468765258789062,0.498848473847802,texture (Haralick)
full residual,Astrocyte,dapi_glcm_homogeneity,19,0.023439206182956696,0.3320655822753906,0.6910554009514887,texture (Haralick)
full residual,Astrocyte,dapi_nuc_mean,19,0.045559532940387726,0.7380905151367188,0.9659994843998982,intensity: nuc
full residual,Astrocyte,dapi_nuc_p90,19,0.03166250139474869,0.6225624084472656,0.919407135849699,intensity: nuc
full residual,Astrocyte,dapi_polarity_nuc,19,0.013477012515068054,0.8905677795410156,0.983923724477325,polarity
full residual,Astrocyte,dapi_polarity_shape,19,-0.0009113773703575134,1.0,1.0,polarity
full residual,Astrocyte,dapi_radial_b0,19,-0.009744610637426376,0.7380905151367188,0.9659994843998982,radial profile
full residual,Astrocyte,dapi_radial_b1,19,-0.0024083126336336136,0.76800537109375,0.9668078513496253,radial profile
full residual,Astrocyte,dapi_radial_b2,19,0.03377057611942291,0.312408447265625,0.6794117647058824,radial profile
full residual,Astrocyte,dapi_radial_b3,19,0.009103801101446152,0.5948867797851562,0.919407135849699,radial profile
full residual,Astrocyte,dapi_radial_b4,19,0.008121911436319351,0.9217147827148438,0.9972651747406506,radial profile
full residual,Astrocyte,dapi_rim_mean,19,0.01942320540547371,0.4180412292480469,0.7851018207829173,intensity: rim
full residual,Astrocyte,dapi_rim_p90,19,0.023687422275543213,0.168792724609375,0.5415433247884115,intensity: rim
full residual,Astrocyte,morph_cell_area_um2,19,0.0037419896107167006,0.8595733642578125,0.983923724477325,morphology
full residual,Astrocyte,morph_cell_circularity,19,-0.01706264168024063,0.9843215942382812,1.0,morphology
full residual,Astrocyte,morph_cell_eccentricity,19,0.050646670162677765,0.1336212158203125,0.47670271589949326,morphology
full residual,Astrocyte,morph_cell_major_um,19,0.016796987503767014,0.9843215942382812,1.0,morphology
full residual,Astrocyte,morph_cell_minor_um,19,0.00010200589895248413,0.6794281005859375,0.9300615776909722,morphology
full residual,Astrocyte,morph_cell_perimeter_um,19,0.0009366236627101898,0.70855712890625,0.9488504161005434,morphology
full residual,Astrocyte,morph_cell_solidity,19,-0.012130990624427795,0.9217147827148438,0.9972651747406506,morphology
full residual,Astrocyte,morph_nuc_area_um2,19,0.0327724851667881,0.4180412292480469,0.7851018207829173,morphology
full residual,Astrocyte,morph_nuc_cell_ratio,19,0.015918295830488205,0.24125289916992188,0.6198811128288914,morphology
full residual,Astrocyte,morph_nuc_eccentricity,19,-0.020565863698720932,0.3320655822753906,0.6910554009514887,morphology
full residual,Astrocyte,morph_nuc_perimeter_um,19,-0.00856483168900013,0.6794281005859375,0.9300615776909722,morphology
full residual,Astrocyte,morph_nuc_solidity,19,0.0328177735209465,0.25792694091796875,0.635531982421875,morphology
full residual,Astrocyte,nuc_offset,19,-0.0019450783729553223,0.8287849426269531,0.9777543162571565,morphology
full residual,Astrocyte,r18s_cyto_mean,19,-0.030450984835624695,0.8905677795410156,0.983923724477325,intensity: cyto
full residual,Astrocyte,r18s_cyto_p90,19,0.018061891198158264,0.9529838562011719,1.0,intensity: cyto
full residual,Astrocyte,r18s_glcm_asm,19,0.019361421465873718,0.4180412292480469,0.7851018207829173,texture (Haralick)
full residual,Astrocyte,r18s_glcm_contrast,19,-0.00684589147567749,0.8595733642578125,0.983923724477325,texture (Haralick)
full residual,Astrocyte,r18s_glcm_correlation,19,-0.00940251536667347,0.6507492065429688,0.919407135849699,texture (Haralick)
full residual,Astrocyte,r18s_glcm_entropy,19,-0.008488684892654419,0.6507492065429688,0.919407135849699,texture (Haralick)
full residual,Astrocyte,r18s_glcm_homogeneity,19,-0.004258760251104832,0.8905677795410156,0.983923724477325,texture (Haralick)
full residual,Astrocyte,r18s_nuc_mean,19,-0.017164215445518494,0.8905677795410156,0.983923724477325,intensity: nuc
full residual,Astrocyte,r18s_nuc_p90,19,0.025756947696208954,0.9843215942382812,1.0,intensity: nuc
full residual,Astrocyte,r18s_polarity_nuc,19,-0.012338660657405853,0.6794281005859375,0.9300615776909722,polarity
full residual,Astrocyte,r18s_polarity_shape,19,-0.03408288210630417,0.48996734619140625,0.8509959170692846,polarity
full residual,Astrocyte,r18s_radial_b0,19,0.01322852075099945,0.8287849426269531,0.9777543162571565,radial profile
full residual,Astrocyte,r18s_radial_b1,19,0.0066080242395401,0.9217147827148438,0.9972651747406506,radial profile
full residual,Astrocyte,r18s_radial_b2,19,-0.01359841413795948,0.76800537109375,0.9668078513496253,radial profile
full residual,Astrocyte,r18s_radial_b3,19,0.00834459625184536,0.8595733642578125,0.983923724477325,radial profile
full residual,Astrocyte,r18s_radial_b4,19,0.026366136968135834,1.0,1.0,radial profile
full residual,Astrocyte,r18s_rim_mean,19,-0.02020546793937683,0.9843215942382812,1.0,intensity: rim
full residual,Astrocyte,r18s_rim_p90,19,-0.0018988698720932007,0.8595733642578125,0.983923724477325,intensity: rim
full residual,Astrocyte,smavim_cyto_mean,19,-0.06470483541488647,0.4653167724609375,0.8300245130384291,intensity: cyto
full residual,Astrocyte,smavim_cyto_p90,19,-0.06893302500247955,0.5412178039550781,0.8898314072143989,intensity: cyto
full residual,Astrocyte,smavim_glcm_asm,19,-0.018298067152500153,0.7380905151367188,0.9659994843998982,texture (Haralick)
full residual,Astrocyte,smavim_glcm_contrast,19,0.03971497341990471,0.9217147827148438,0.9972651747406506,texture (Haralick)
full residual,Astrocyte,smavim_glcm_entropy,19,0.033635176718235016,0.6794281005859375,0.9300615776909722,texture (Haralick)
full residual,Astrocyte,smavim_glcm_homogeneity,19,-0.026878520846366882,0.8595733642578125,0.983923724477325,texture (Haralick)
full residual,Astrocyte,smavim_nuc_mean,19,-0.019964411854743958,0.8905677795410156,0.983923724477325,intensity: nuc
full residual,Astrocyte,smavim_nuc_p90,19,0.015577640384435654,0.7380905151367188,0.9659994843998982,intensity: nuc
full residual,Astrocyte,smavim_polarity_nuc,19,-0.02571212127804756,0.76800537109375,0.9668078513496253,polarity
full residual,Astrocyte,smavim_polarity_shape,19,0.0002939179539680481,0.4413337707519531,0.8027409531000093,polarity
full residual,Astrocyte,smavim_radial_b0,19,-0.004613015800714493,0.70855712890625,0.9488504161005434,radial profile
full residual,Astrocyte,smavim_radial_b1,19,-0.016587767750024796,0.1956329345703125,0.5666609139278017,radial profile
full residual,Astrocyte,smavim_radial_b2,19,-0.013447195291519165,0.312408447265625,0.6794117647058824,radial profile
full residual,Astrocyte,smavim_radial_b3,19,-0.039578501135110855,0.8905677795410156,0.983923724477325,radial profile
full residual,Astrocyte,smavim_radial_b4,19,0.018885809928178787,0.4413337707519531,0.8027409531000093,radial profile
full residual,Astrocyte,smavim_rim_mean,19,-0.03552818298339844,0.4413337707519531,0.8027409531000093,intensity: rim
full residual,Astrocyte,smavim_rim_p90,19,-0.05874262750148773,0.5152778625488281,0.8736087064130591,intensity: rim
full residual,DC,bnd_cyto_mean,5,-0.3102162480354309,0.125,0.462,intensity: cyto
full residual,DC,bnd_cyto_p90,5,-0.4937487244606018,0.125,0.462,intensity: cyto
full residual,DC,bnd_glcm_asm,5,0.14671485126018524,0.125,0.462,texture (Haralick)
full residual,DC,bnd_glcm_contrast,5,0.14972682297229767,0.0625,0.35,texture (Haralick)
full residual,DC,bnd_glcm_correlation,5,-0.39053693413734436,0.0625,0.35,texture (Haralick)
full residual,DC,bnd_glcm_entropy,5,-0.16509321331977844,0.125,0.462,texture (Haralick)
full residual,DC,bnd_glcm_homogeneity,5,0.032035648822784424,0.625,0.919407135849699,texture (Haralick)
full residual,DC,bnd_nuc_mean,5,0.31017038226127625,0.1875,0.5554214477539062,intensity: nuc
full residual,DC,bnd_nuc_p90,5,-0.005049161612987518,1.0,1.0,intensity: nuc
full residual,DC,bnd_polarity_nuc,5,-0.19429172575473785,0.3125,0.6794117647058824,polarity
full residual,DC,bnd_polarity_shape,5,-0.07821741700172424,0.1875,0.5554214477539062,polarity
full residual,DC,bnd_radial_b0,5,0.09331011027097702,0.4375,0.8027409531000093,radial profile
full residual,DC,bnd_radial_b1,5,0.15367746353149414,1.0,1.0,radial profile
full residual,DC,bnd_radial_b2,5,0.052220702171325684,0.8125,0.9762678803641093,radial profile
full residual,DC,bnd_radial_b3,5,-0.06115090474486351,1.0,1.0,radial profile
full residual,DC,bnd_radial_b4,5,-0.1509733349084854,1.0,1.0,radial profile
full residual,DC,bnd_rim_mean,5,-0.18858468532562256,0.1875,0.5554214477539062,intensity: rim
full residual,DC,bnd_rim_p90,5,-0.47844642400741577,0.125,0.462,intensity: rim
full residual,DC,dapi_cyto_mean,5,0.3316926658153534,0.0625,0.35,intensity: cyto
full residual,DC,dapi_cyto_p90,5,0.36854639649391174,0.0625,0.35,intensity: cyto
full residual,DC,dapi_glcm_asm,5,0.11702549457550049,0.125,0.462,texture (Haralick)
full residual,DC,dapi_glcm_contrast,5,-0.11661699414253235,0.3125,0.6794117647058824,texture (Haralick)
full residual,DC,dapi_glcm_correlation,5,0.12769199907779694,0.625,0.919407135849699,texture (Haralick)
full residual,DC,dapi_glcm_entropy,5,-0.14977267384529114,0.125,0.462,texture (Haralick)
full residual,DC,dapi_glcm_homogeneity,5,0.07219202071428299,0.3125,0.6794117647058824,texture (Haralick)
full residual,DC,dapi_nuc_mean,5,0.2574950158596039,0.0625,0.35,intensity: nuc
full residual,DC,dapi_nuc_p90,5,0.22571399807929993,0.0625,0.35,intensity: nuc
full residual,DC,dapi_polarity_nuc,5,0.06949921697378159,0.3125,0.6794117647058824,polarity
full residual,DC,dapi_polarity_shape,5,-0.11503514647483826,0.125,0.462,polarity
full residual,DC,dapi_radial_b0,5,-0.12299251556396484,0.3125,0.6794117647058824,radial profile
full residual,DC,dapi_radial_b1,5,-0.07583365589380264,0.625,0.919407135849699,radial profile
full residual,DC,dapi_radial_b2,5,-0.23501688241958618,0.4375,0.8027409531000093,radial profile
full residual,DC,dapi_radial_b3,5,-0.0790393278002739,1.0,1.0,radial profile
full residual,DC,dapi_radial_b4,5,0.16098229587078094,0.4375,0.8027409531000093,radial profile
full residual,DC,dapi_rim_mean,5,0.2700781226158142,0.0625,0.35,intensity: rim
full residual,DC,dapi_rim_p90,5,0.260315865278244,0.125,0.462,intensity: rim
full residual,DC,morph_cell_area_um2,5,-0.15477319061756134,0.1875,0.5554214477539062,morphology
full residual,DC,morph_cell_circularity,5,-0.06594577431678772,1.0,1.0,morphology
full residual,DC,morph_cell_eccentricity,5,0.06592990458011627,0.8125,0.9762678803641093,morphology
full residual,DC,morph_cell_major_um,5,-0.11704669147729874,0.3125,0.6794117647058824,morphology
full residual,DC,morph_cell_minor_um,5,-0.12377327680587769,0.3125,0.6794117647058824,morphology
full residual,DC,morph_cell_perimeter_um,5,-0.1626851111650467,0.1875,0.5554214477539062,morphology
full residual,DC,morph_cell_solidity,5,-0.10841764509677887,0.8125,0.9762678803641093,morphology
full residual,DC,morph_nuc_area_um2,5,0.005836836993694305,1.0,1.0,morphology
full residual,DC,morph_nuc_cell_ratio,5,0.14296910166740417,0.125,0.462,morphology
full residual,DC,morph_nuc_eccentricity,5,-0.04872104525566101,0.8125,0.9762678803641093,morphology
full residual,DC,morph_nuc_perimeter_um,5,0.022681698203086853,0.8125,0.9762678803641093,morphology
full residual,DC,morph_nuc_solidity,5,-0.10792699456214905,0.8125,0.9762678803641093,morphology
full residual,DC,nuc_offset,5,-0.04366986081004143,0.125,0.462,morphology
full residual,DC,r18s_cyto_mean,5,0.41423550248146057,0.0625,0.35,intensity: cyto
full residual,DC,r18s_cyto_p90,5,0.3235735297203064,0.0625,0.35,intensity: cyto
full residual,DC,r18s_glcm_asm,5,-0.20785048604011536,0.1875,0.5554214477539062,texture (Haralick)
full residual,DC,r18s_glcm_contrast,5,-0.05122944340109825,0.625,0.919407135849699,texture (Haralick)
full residual,DC,r18s_glcm_correlation,5,0.20061582326889038,0.0625,0.35,texture (Haralick)
full residual,DC,r18s_glcm_entropy,5,0.20310020446777344,0.4375,0.8027409531000093,texture (Haralick)
full residual,DC,r18s_glcm_homogeneity,5,-0.08310085535049438,0.625,0.919407135849699,texture (Haralick)
full residual,DC,r18s_nuc_mean,5,0.21859905123710632,0.0625,0.35,intensity: nuc
full residual,DC,r18s_nuc_p90,5,0.15804776549339294,0.0625,0.35,intensity: nuc
full residual,DC,r18s_polarity_nuc,5,-0.02410743199288845,1.0,1.0,polarity
full residual,DC,r18s_polarity_shape,5,0.03298274800181389,1.0,1.0,polarity
full residual,DC,r18s_radial_b0,5,-0.06986857950687408,0.8125,0.9762678803641093,radial profile
full residual,DC,r18s_radial_b1,5,-0.049349408596754074,0.4375,0.8027409531000093,radial profile
full residual,DC,r18s_radial_b2,5,-0.19881552457809448,0.0625,0.35,radial profile
full residual,DC,r18s_radial_b3,5,-0.3488155007362366,0.1875,0.5554214477539062,radial profile
full residual,DC,r18s_radial_b4,5,0.2684781551361084,0.0625,0.35,radial profile
full residual,DC,r18s_rim_mean,5,0.37661585211753845,0.0625,0.35,intensity: rim
full residual,DC,r18s_rim_p90,5,0.30301615595817566,0.0625,0.35,intensity: rim
full residual,DC,smavim_cyto_mean,5,-0.06797903776168823,0.625,0.919407135849699,intensity: cyto
full residual,DC,smavim_cyto_p90,5,-0.01725645363330841,0.625,0.919407135849699,intensity: cyto
full residual,DC,smavim_glcm_asm,5,0.1656981110572815,0.8125,0.9762678803641093,texture (Haralick)
full residual,DC,smavim_glcm_contrast,5,-0.28881126642227173,0.3125,0.6794117647058824,texture (Haralick)
full residual,DC,smavim_glcm_entropy,5,-0.151670902967453,1.0,1.0,texture (Haralick)
full residual,DC,smavim_glcm_homogeneity,5,0.17444631457328796,0.625,0.919407135849699,texture (Haralick)
full residual,DC,smavim_nuc_mean,5,0.11175820231437683,0.4375,0.8027409531000093,intensity: nuc
full residual,DC,smavim_nuc_p90,5,-0.14541828632354736,0.8125,0.9762678803641093,intensity: nuc
full residual,DC,smavim_polarity_nuc,5,-0.11233431100845337,0.4375,0.8027409531000093,polarity
full residual,DC,smavim_polarity_shape,5,0.048827894032001495,0.8125,0.9762678803641093,polarity
full residual,DC,smavim_radial_b0,5,-0.13372285664081573,0.8125,0.9762678803641093,radial profile
full residual,DC,smavim_radial_b1,5,-0.18983998894691467,0.3125,0.6794117647058824,radial profile
full residual,DC,smavim_radial_b2,5,-0.22926081717014313,0.1875,0.5554214477539062,radial profile
full residual,DC,smavim_radial_b3,5,-0.16378214955329895,0.625,0.919407135849699,radial profile
full residual,DC,smavim_radial_b4,5,0.1734693944454193,0.3125,0.6794117647058824,radial profile
full residual,DC,smavim_rim_mean,5,-0.02312767505645752,1.0,1.0,intensity: rim
full residual,DC,smavim_rim_p90,5,-0.05922563374042511,0.625,0.919407135849699,intensity: rim
full residual,Endothelial,bnd_cyto_mean,22,-0.014726884663105011,0.46277761459350586,0.8300245130384291,intensity: cyto
full residual,Endothelial,bnd_cyto_p90,22,-0.157051682472229,0.030117511749267578,0.2672119140625,intensity: cyto
full residual,Endothelial,bnd_glcm_asm,22,-0.0785217136144638,0.5660676956176758,0.9139558745593559,texture (Haralick)
full residual,Endothelial,bnd_glcm_contrast,22,0.051915183663368225,0.8237285614013672,0.9777543162571565,texture (Haralick)
full residual,Endothelial,bnd_glcm_correlation,22,-0.06041425094008446,0.8485937118530273,0.983923724477325,texture (Haralick)
full residual,Endothelial,bnd_glcm_entropy,22,0.07968349754810333,0.6327285766601562,0.919407135849699,texture (Haralick)
full residual,Endothelial,bnd_glcm_homogeneity,22,-0.05319859832525253,0.7023849487304688,0.9488504161005434,texture (Haralick)
full residual,Endothelial,bnd_nuc_mean,22,0.05916793271899223,0.2615199089050293,0.6375841578581717,intensity: nuc
full residual,Endothelial,bnd_nuc_p90,22,0.0051566362380981445,1.0,1.0,intensity: nuc
full residual,Endothelial,bnd_polarity_nuc,22,-0.03195756673812866,0.3369474411010742,0.6980704833573824,polarity
full residual,Endothelial,bnd_polarity_shape,22,0.0026051029562950134,1.0,1.0,polarity
full residual,Endothelial,bnd_radial_b0,22,-0.008849160745739937,0.6556386947631836,0.9234910883554598,radial profile
full residual,Endothelial,bnd_radial_b1,22,0.020326461642980576,0.5879268646240234,0.919407135849699,radial profile
full residual,Endothelial,bnd_radial_b2,22,0.013445532880723476,0.5879268646240234,0.919407135849699,radial profile
full residual,Endothelial,bnd_radial_b3,22,0.0215334203094244,0.7261838912963867,0.9659994843998982,radial profile
full residual,Endothelial,bnd_radial_b4,22,-0.0066437553614377975,0.774528980255127,0.97237062195073,radial profile
full residual,Endothelial,bnd_rim_mean,22,0.0019773319363594055,0.774528980255127,0.97237062195073,intensity: rim
full residual,Endothelial,bnd_rim_p90,22,-0.12944406270980835,0.022916316986083984,0.2564277648925781,intensity: rim
full residual,Endothelial,dapi_cyto_mean,22,0.03245416283607483,0.27562665939331055,0.6597902416565258,intensity: cyto
full residual,Endothelial,dapi_cyto_p90,22,0.024150943383574486,0.2615199089050293,0.6375841578581717,intensity: cyto
full residual,Endothelial,dapi_glcm_asm,22,0.02885022945702076,0.2221074104309082,0.6105518956338206,texture (Haralick)
full residual,Endothelial,dapi_glcm_contrast,22,-0.026019245386123657,0.2221074104309082,0.6105518956338206,texture (Haralick)
full residual,Endothelial,dapi_glcm_correlation,22,0.004942033439874649,0.30530881881713867,0.6794117647058824,texture (Haralick)
full residual,Endothelial,dapi_glcm_entropy,22,-0.030899278819561005,0.13748931884765625,0.4867437954606681,texture (Haralick)
full residual,Endothelial,dapi_glcm_homogeneity,22,0.01690739579498768,0.42448854446411133,0.7939826216292285,texture (Haralick)
full residual,Endothelial,dapi_nuc_mean,22,0.035729967057704926,0.11287164688110352,0.462,intensity: nuc
full residual,Endothelial,dapi_nuc_p90,22,0.03641616925597191,0.15597057342529297,0.5161285400390625,intensity: nuc
full residual,Endothelial,dapi_polarity_nuc,22,0.009384344331920147,1.0,1.0,polarity
full residual,Endothelial,dapi_polarity_shape,22,-0.0214703232049942,0.27562665939331055,0.6597902416565258,polarity
full residual,Endothelial,dapi_radial_b0,22,-0.016738034784793854,0.6556386947631836,0.9234910883554598,radial profile
full residual,Endothelial,dapi_radial_b1,22,-0.022674988955259323,0.5879268646240234,0.919407135849699,radial profile
full residual,Endothelial,dapi_radial_b2,22,-0.06089705601334572,0.13748931884765625,0.4867437954606681,radial profile
full residual,Endothelial,dapi_radial_b3,22,-0.007349063642323017,0.7990336418151855,0.9762678803641093,radial profile
full residual,Endothelial,dapi_radial_b4,22,0.057292044162750244,0.2221074104309082,0.6105518956338206,radial profile
full residual,Endothelial,dapi_rim_mean,22,0.05098027363419533,0.050072669982910156,0.33526918162470276,intensity: rim
full residual,Endothelial,dapi_rim_p90,22,0.05376434326171875,0.020858287811279297,0.25450721153846156,intensity: rim
full residual,Endothelial,morph_cell_area_um2,22,0.005995584651827812,0.4825911521911621,0.8493604278564453,morphology
full residual,Endothelial,morph_cell_circularity,22,-0.028944984078407288,0.32088327407836914,0.6879260910636035,morphology
full residual,Endothelial,morph_cell_eccentricity,22,0.03033917210996151,0.6101517677307129,0.919407135849699,morphology
full residual,Endothelial,morph_cell_major_um,22,0.004441825672984123,0.4825911521911621,0.8493604278564453,morphology
full residual,Endothelial,morph_cell_minor_um,22,-0.002749369014054537,0.9746217727661133,1.0,morphology
full residual,Endothelial,morph_cell_perimeter_um,22,0.003983672708272934,0.5028400421142578,0.8636137526274614,morphology
full residual,Endothelial,morph_cell_solidity,22,-0.016919400542974472,0.3369474411010742,0.6980704833573824,morphology
full residual,Endothelial,morph_nuc_area_um2,22,0.016597315669059753,0.1761918067932129,0.5554214477539062,morphology
full residual,Endothelial,morph_nuc_cell_ratio,22,0.032689787447452545,0.20992755889892578,0.5865511245958034,morphology
full residual,Endothelial,morph_nuc_eccentricity,22,-0.0007941946387290955,0.8736042976379395,0.983923724477325,morphology
full residual,Endothelial,morph_nuc_perimeter_um,22,0.01298663392663002,0.20992755889892578,0.5865511245958034,morphology
full residual,Endothelial,morph_nuc_solidity,22,-0.007202167995274067,0.4825911521911621,0.8493604278564453,morphology
full residual,Endothelial,nuc_offset,22,-0.03202991187572479,0.30530881881713867,0.6794117647058824,morphology
full residual,Endothelial,r18s_cyto_mean,22,0.02525850385427475,0.24789905548095703,0.6207553584401201,intensity: cyto
full residual,Endothelial,r18s_cyto_p90,22,0.0077796801924705505,0.9746217727661133,1.0,intensity: cyto
full residual,Endothelial,r18s_glcm_asm,22,0.00963241420686245,0.898735523223877,0.983923724477325,texture (Haralick)
full residual,Endothelial,r18s_glcm_contrast,22,0.011174539104104042,0.9746217727661133,1.0,texture (Haralick)
full residual,Endothelial,r18s_glcm_correlation,22,0.006358875893056393,0.6327285766601562,0.919407135849699,texture (Haralick)
full residual,Endothelial,r18s_glcm_entropy,22,-0.030042149126529694,0.8237285614013672,0.9777543162571565,texture (Haralick)
full residual,Endothelial,r18s_glcm_homogeneity,22,0.022475233301520348,0.8237285614013672,0.9777543162571565,texture (Haralick)
full residual,Endothelial,r18s_nuc_mean,22,0.04439423605799675,0.0542454719543457,0.3477621144261853,intensity: nuc
full residual,Endothelial,r18s_nuc_p90,22,0.025923769921064377,0.2902231216430664,0.6794117647058824,intensity: nuc
full residual,Endothelial,r18s_polarity_nuc,22,-0.06501814723014832,0.03907346725463867,0.298379204489968,polarity
full residual,Endothelial,r18s_polarity_shape,22,0.004594831727445126,0.5879268646240234,0.919407135849699,polarity
full residual,Endothelial,r18s_radial_b0,22,-0.03604617714881897,0.42448854446411133,0.7939826216292285,radial profile
full residual,Endothelial,r18s_radial_b1,22,-0.044073835015296936,0.15597057342529297,0.5161285400390625,radial profile
full residual,Endothelial,r18s_radial_b2,22,-0.02688409760594368,0.1761918067932129,0.5554214477539062,radial profile
full residual,Endothelial,r18s_radial_b3,22,-0.01379467360675335,0.07942724227905273,0.3925817773697224,radial profile
full residual,Endothelial,r18s_radial_b4,22,0.03472581133246422,0.020858287811279297,0.25450721153846156,radial profile
full residual,Endothelial,r18s_rim_mean,22,0.02616114355623722,0.12067747116088867,0.462,intensity: rim
full residual,Endothelial,r18s_rim_p90,22,-0.006900416687130928,0.7502379417419434,0.9668078513496253,intensity: rim
full residual,Endothelial,smavim_cyto_mean,22,0.023364003747701645,0.3705310821533203,0.7253616947238728,intensity: cyto
full residual,Endothelial,smavim_cyto_p90,22,0.04837912693619728,0.32088327407836914,0.6879260910636035,intensity: cyto
full residual,Endothelial,smavim_glcm_asm,22,-0.03526989743113518,0.12888002395629883,0.4744427973530682,texture (Haralick)
full residual,Endothelial,smavim_glcm_contrast,22,0.05574510246515274,0.6327285766601562,0.919407135849699,texture (Haralick)
full residual,Endothelial,smavim_glcm_entropy,22,0.06182000786066055,0.12067747116088867,0.462,texture (Haralick)
full residual,Endothelial,smavim_glcm_homogeneity,22,-0.03379106894135475,0.19821882247924805,0.5723568499088287,texture (Haralick)
full residual,Endothelial,smavim_nuc_mean,22,0.0019935453310608864,0.5235109329223633,0.8747271284272399,intensity: nuc
full residual,Endothelial,smavim_nuc_p90,22,0.043842487037181854,0.5235109329223633,0.8747271284272399,intensity: nuc
full residual,Endothelial,smavim_polarity_nuc,22,-0.04353439062833786,0.014094829559326172,0.20036342327411358,polarity
full residual,Endothelial,smavim_polarity_shape,22,-0.06654726713895798,0.12067747116088867,0.462,polarity
full residual,Endothelial,smavim_radial_b0,22,-0.03214778006076813,0.898735523223877,0.983923724477325,radial profile
full residual,Endothelial,smavim_radial_b1,22,-0.02440326102077961,0.5235109329223633,0.8747271284272399,radial profile
full residual,Endothelial,smavim_radial_b2,22,-0.03548671305179596,0.03587532043457031,0.2800571217256434,radial profile
full residual,Endothelial,smavim_radial_b3,22,-0.0446549654006958,0.03587532043457031,0.2800571217256434,radial profile
full residual,Endothelial,smavim_radial_b4,22,0.07921367883682251,0.0036711692810058594,0.07888745152673056,radial profile
full residual,Endothelial,smavim_rim_mean,22,0.00826294720172882,0.3880448341369629,0.7507523891816079,intensity: rim
full residual,Endothelial,smavim_rim_p90,22,0.04527025669813156,0.24789905548095703,0.6207553584401201,intensity: rim
full residual,Fibroblast,bnd_cyto_mean,20,0.13269434869289398,0.0031528472900390625,0.07666397094726562,intensity: cyto
full residual,Fibroblast,bnd_cyto_p90,20,0.11227692663669586,0.13272666931152344,0.47670271589949326,intensity: cyto
full residual,Fibroblast,bnd_glcm_asm,20,-0.10853775590658188,0.08969497680664062,0.41266233529617535,texture (Haralick)
full residual,Fibroblast,bnd_glcm_contrast,20,0.05809320509433746,0.039989471435546875,0.2990378102948589,texture (Haralick)
full residual,Fibroblast,bnd_glcm_correlation,20,-0.04154204577207565,0.10539817810058594,0.4467335622245019,texture (Haralick)
full residual,Fibroblast,bnd_glcm_entropy,20,0.11002244055271149,0.0758514404296875,0.3788471943623311,texture (Haralick)
full residual,Fibroblast,bnd_glcm_homogeneity,20,-0.0536879263818264,0.029575347900390625,0.26531671320350425,texture (Haralick)
full residual,Fibroblast,bnd_nuc_mean,20,0.2004033327102661,0.000850677490234375,0.04943968120374178,intensity: nuc
full residual,Fibroblast,bnd_nuc_p90,20,0.1890299767255783,0.0001678466796875,0.0387725830078125,intensity: nuc
full residual,Fibroblast,bnd_polarity_nuc,20,-0.06146654114127159,0.10539817810058594,0.4467335622245019,polarity
full residual,Fibroblast,bnd_polarity_shape,20,-0.10399992018938065,0.00830841064453125,0.15052885167738972,polarity
full residual,Fibroblast,bnd_radial_b0,20,0.08065114915370941,0.026641845703125,0.2564277648925781,radial profile
full residual,Fibroblast,bnd_radial_b1,20,0.11990106105804443,0.000850677490234375,0.04943968120374178,radial profile
full residual,Fibroblast,bnd_radial_b2,20,0.1430772989988327,0.0004825592041015625,0.04828948974609375,radial profile
full residual,Fibroblast,bnd_radial_b3,20,0.019641926512122154,0.2942523956298828,0.6794117647058824,radial profile
full residual,Fibroblast,bnd_radial_b4,20,-0.1693287491798401,0.0001049041748046875,0.0387725830078125,radial profile
full residual,Fibroblast,bnd_rim_mean,20,0.11840750277042389,0.0023250579833984375,0.0671844482421875,intensity: rim
full residual,Fibroblast,bnd_rim_p90,20,0.11264060437679291,0.14290618896484375,0.498848473847802,intensity: rim
full residual,Fibroblast,dapi_cyto_mean,20,0.14998486638069153,0.058258056640625,0.35,intensity: cyto
full residual,Fibroblast,dapi_cyto_p90,20,0.14948663115501404,0.069580078125,0.3611909673455056,intensity: cyto
full residual,Fibroblast,dapi_glcm_asm,20,0.00030561722815036774,0.956329345703125,1.0,texture (Haralick)
full residual,Fibroblast,dapi_glcm_contrast,20,-0.05085039138793945,0.03276824951171875,0.2679456862728153,texture (Haralick)
full residual,Fibroblast,dapi_glcm_correlation,20,0.0634639635682106,0.017181396484375,0.23346485811121323,texture (Haralick)
full residual,Fibroblast,dapi_glcm_entropy,20,-0.019864816218614578,0.5458755493164062,0.8911466564812003,texture (Haralick)
full residual,Fibroblast,dapi_glcm_homogeneity,20,0.024372614920139313,0.3117942810058594,0.6794117647058824,texture (Haralick)
full residual,Fibroblast,dapi_nuc_mean,20,0.07881677895784378,0.3299827575683594,0.6910554009514887,intensity: nuc
full residual,Fibroblast,dapi_nuc_p90,20,0.09837325662374496,0.3117942810058594,0.6794117647058824,intensity: nuc
full residual,Fibroblast,dapi_polarity_nuc,20,0.05983477830886841,0.2305126190185547,0.6138145820551716,polarity
full residual,Fibroblast,dapi_polarity_shape,20,0.00547709409147501,0.8123550415039062,0.9762678803641093,polarity
full residual,Fibroblast,dapi_radial_b0,20,-0.011694003827869892,0.3299827575683594,0.6910554009514887,radial profile
full residual,Fibroblast,dapi_radial_b1,20,-0.07770581543445587,0.04844093322753906,0.3291133992812213,radial profile
full residual,Fibroblast,dapi_radial_b2,20,-0.09122040867805481,0.029575347900390625,0.26531671320350425,radial profile
full residual,Fibroblast,dapi_radial_b3,20,0.032327741384506226,0.5216732025146484,0.8747271284272399,radial profile
full residual,Fibroblast,dapi_radial_b4,20,0.16053332388401031,0.00365447998046875,0.07888745152673056,radial profile
full residual,Fibroblast,dapi_rim_mean,20,0.11821961402893066,0.082550048828125,0.3953567976804124,intensity: rim
full residual,Fibroblast,dapi_rim_p90,20,0.11401663720607758,0.069580078125,0.3611909673455056,intensity: rim
full residual,Fibroblast,morph_cell_area_um2,20,-0.06602798402309418,0.06372261047363281,0.3525730064529145,morphology
full residual,Fibroblast,morph_cell_circularity,20,0.08829478919506073,0.05316925048828125,0.3477621144261853,morphology
full residual,Fibroblast,morph_cell_eccentricity,20,-0.10238593071699142,0.04844093322753906,0.3291133992812213,morphology
full residual,Fibroblast,morph_cell_major_um,20,-0.09061166644096375,0.026641845703125,0.2564277648925781,morphology
full residual,Fibroblast,morph_cell_minor_um,20,-0.032537393271923065,0.34881019592285156,0.7110743959918293,morphology
full residual,Fibroblast,morph_cell_perimeter_um,20,-0.07860973477363586,0.069580078125,0.3611909673455056,morphology
full residual,Fibroblast,morph_cell_solidity,20,0.022728636860847473,0.1893482208251953,0.5554214477539062,morphology
full residual,Fibroblast,morph_nuc_area_um2,20,-0.008142414502799511,0.2942523956298828,0.6794117647058824,morphology
full residual,Fibroblast,morph_nuc_cell_ratio,20,0.07548147439956665,0.26109886169433594,0.6375841578581717,morphology
full residual,Fibroblast,morph_nuc_eccentricity,20,-0.1414688676595688,0.0031528472900390625,0.07666397094726562,morphology
full residual,Fibroblast,morph_nuc_perimeter_um,20,-0.03972648084163666,0.2942523956298828,0.6794117647058824,morphology
full residual,Fibroblast,morph_nuc_solidity,20,0.01290200650691986,0.8123550415039062,0.9762678803641093,morphology
full residual,Fibroblast,nuc_offset,20,-0.007905194535851479,0.8694877624511719,0.983923724477325,morphology
full residual,Fibroblast,r18s_cyto_mean,20,0.12995663285255432,0.021484375,0.25450721153846156,intensity: cyto
full residual,Fibroblast,r18s_cyto_p90,20,0.11631760001182556,0.0014324188232421875,0.060161590576171875,intensity: cyto
full residual,Fibroblast,r18s_glcm_asm,20,0.05692572519183159,0.021484375,0.25450721153846156,texture (Haralick)
full residual,Fibroblast,r18s_glcm_contrast,20,-0.09261452406644821,0.00830841064453125,0.15052885167738972,texture (Haralick)
full residual,Fibroblast,r18s_glcm_correlation,20,0.07997555285692215,0.06372261047363281,0.3525730064529145,texture (Haralick)
full residual,Fibroblast,r18s_glcm_entropy,20,-0.08295482397079468,0.009435653686523438,0.15597152709960938,texture (Haralick)
full residual,Fibroblast,r18s_glcm_homogeneity,20,0.08622343838214874,0.0042209625244140625,0.08298232707571476,texture (Haralick)
full residual,Fibroblast,r18s_nuc_mean,20,0.10838354378938675,0.023950576782226562,0.2564277648925781,intensity: nuc
full residual,Fibroblast,r18s_nuc_p90,20,0.09115567803382874,0.01923370361328125,0.24345126217358734,intensity: nuc
full residual,Fibroblast,r18s_polarity_nuc,20,-0.07623549550771713,0.26109886169433594,0.6375841578581717,polarity
full residual,Fibroblast,r18s_polarity_shape,20,0.04755137115716934,0.012079238891601562,0.18602027893066406,polarity
full residual,Fibroblast,r18s_radial_b0,20,-0.042123787105083466,0.009435653686523438,0.15597152709960938,radial profile
full residual,Fibroblast,r18s_radial_b1,20,-0.08875449001789093,0.01068878173828125,0.1702833504512392,radial profile
full residual,Fibroblast,r18s_radial_b2,20,-0.08354796469211578,0.0010166168212890625,0.04943968120374178,radial profile
full residual,Fibroblast,r18s_radial_b3,20,-0.07341992110013962,0.24548721313476562,0.6198811128288914,radial profile
full residual,Fibroblast,r18s_radial_b4,20,0.10691837221384048,0.0003223419189453125,0.0443115234375,radial profile
full residual,Fibroblast,r18s_rim_mean,20,0.15653881430625916,0.0042209625244140625,0.08298232707571476,intensity: rim
full residual,Fibroblast,r18s_rim_p90,20,0.1400759220123291,0.001209259033203125,0.055867767333984374,intensity: rim
full residual,Fibroblast,smavim_cyto_mean,20,0.1423347443342209,0.017181396484375,0.23346485811121323,intensity: cyto
full residual,Fibroblast,smavim_cyto_p90,20,0.13134518265724182,0.017181396484375,0.23346485811121323,intensity: cyto
full residual,Fibroblast,smavim_glcm_asm,20,-0.026134591549634933,0.24548721313476562,0.6198811128288914,texture (Haralick)
full residual,Fibroblast,smavim_glcm_contrast,20,0.03951741009950638,0.1893482208251953,0.5554214477539062,texture (Haralick)
full residual,Fibroblast,smavim_glcm_entropy,20,0.04929132014513016,0.2305126190185547,0.6138145820551716,texture (Haralick)
full residual,Fibroblast,smavim_glcm_homogeneity,20,-0.06915793567895889,0.2305126190185547,0.6138145820551716,texture (Haralick)
full residual,Fibroblast,smavim_nuc_mean,20,0.07548265904188156,0.1230926513671875,0.462,intensity: nuc
full residual,Fibroblast,smavim_nuc_p90,20,0.07375898212194443,0.026641845703125,0.2564277648925781,intensity: nuc
full residual,Fibroblast,smavim_polarity_nuc,20,-0.05313630402088165,0.6742229461669922,0.9300615776909722,polarity
full residual,Fibroblast,smavim_polarity_shape,20,-0.017071761190891266,0.34881019592285156,0.7110743959918293,polarity
full residual,Fibroblast,smavim_radial_b0,20,0.02371760830283165,0.34881019592285156,0.7110743959918293,radial profile
full residual,Fibroblast,smavim_radial_b1,20,0.006763712503015995,0.8983173370361328,0.983923724477325,radial profile
full residual,Fibroblast,smavim_radial_b2,20,-0.036761365830898285,0.49800872802734375,0.8569088728068261,radial profile
full residual,Fibroblast,smavim_radial_b3,20,0.0011070473119616508,0.6476554870605469,0.919407135849699,radial profile
full residual,Fibroblast,smavim_radial_b4,20,0.009890597313642502,0.7561664581298828,0.9668078513496253,radial profile
full residual,Fibroblast,smavim_rim_mean,20,0.09767661988735199,0.026641845703125,0.2564277648925781,intensity: rim
full residual,Fibroblast,smavim_rim_p90,20,0.08838920295238495,0.026641845703125,0.2564277648925781,intensity: rim
full residual,Myeloid,bnd_cyto_mean,19,-0.004193603992462158,0.76800537109375,0.9668078513496253,intensity: cyto
full residual,Myeloid,bnd_cyto_p90,19,-0.2072288691997528,0.000789642333984375,0.04943968120374178,intensity: cyto
full residual,Myeloid,bnd_glcm_asm,19,-0.01604512333869934,0.25792694091796875,0.635531982421875,texture (Haralick)
full residual,Myeloid,bnd_glcm_contrast,19,0.10744498670101166,0.02298736572265625,0.2564277648925781,texture (Haralick)
full residual,Myeloid,bnd_glcm_correlation,19,-0.15338864922523499,0.012359619140625,0.18721783747438525,texture (Haralick)
full residual,Myeloid,bnd_glcm_entropy,19,0.032997146248817444,0.3320655822753906,0.6910554009514887,texture (Haralick)
full residual,Myeloid,bnd_glcm_homogeneity,19,-0.08879418671131134,0.22532272338867188,0.6105518956338206,texture (Haralick)
full residual,Myeloid,bnd_nuc_mean,19,0.12893535196781158,0.0180816650390625,0.2373021085497359,intensity: nuc
full residual,Myeloid,bnd_nuc_p90,19,0.026432394981384277,0.6507492065429688,0.919407135849699,intensity: nuc
full residual,Myeloid,bnd_polarity_nuc,19,-0.04993768781423569,0.1336212158203125,0.47670271589949326,polarity
full residual,Myeloid,bnd_polarity_shape,19,-0.02745380997657776,0.18186569213867188,0.5554214477539062,polarity
full residual,Myeloid,bnd_radial_b0,19,0.023919206112623215,0.12318801879882812,0.462,radial profile
full residual,Myeloid,bnd_radial_b1,19,0.01324615627527237,0.3954620361328125,0.7628536980933586,radial profile
full residual,Myeloid,bnd_radial_b2,19,0.04335687309503555,0.22532272338867188,0.6105518956338206,radial profile
full residual,Myeloid,bnd_radial_b3,19,0.024689406156539917,0.7380905151367188,0.9659994843998982,radial profile
full residual,Myeloid,bnd_radial_b4,19,-0.041927315294742584,0.09551239013671875,0.432614943560432,radial profile
full residual,Myeloid,bnd_rim_mean,19,-0.010233059525489807,0.9529838562011719,1.0,intensity: rim
full residual,Myeloid,bnd_rim_p90,19,-0.2046017050743103,0.000522613525390625,0.04828948974609375,intensity: rim
full residual,Myeloid,dapi_cyto_mean,19,0.033427704125642776,0.06628799438476562,0.3598943280346821,intensity: cyto
full residual,Myeloid,dapi_cyto_p90,19,0.032251592725515366,0.025821685791015625,0.2564277648925781,intensity: cyto
full residual,Myeloid,dapi_glcm_asm,19,-0.006933778524398804,0.8905677795410156,0.983923724477325,texture (Haralick)
full residual,Myeloid,dapi_glcm_contrast,19,-0.030434519052505493,0.5152778625488281,0.8736087064130591,texture (Haralick)
full residual,Myeloid,dapi_glcm_correlation,19,0.018351003527641296,0.8905677795410156,0.983923724477325,texture (Haralick)
full residual,Myeloid,dapi_glcm_entropy,19,-0.0035324981436133385,0.9843215942382812,1.0,texture (Haralick)
full residual,Myeloid,dapi_glcm_homogeneity,19,0.011191949248313904,0.7380905151367188,0.9659994843998982,texture (Haralick)
full residual,Myeloid,dapi_nuc_mean,19,0.17084215581417084,0.00141143798828125,0.060161590576171875,intensity: nuc
full residual,Myeloid,dapi_nuc_p90,19,0.18329021334648132,0.003917694091796875,0.08227157592773438,intensity: nuc
full residual,Myeloid,dapi_polarity_nuc,19,-0.011583670973777771,0.76800537109375,0.9668078513496253,polarity
full residual,Myeloid,dapi_polarity_shape,19,-0.08243001997470856,0.025821685791015625,0.2564277648925781,polarity
full residual,Myeloid,dapi_radial_b0,19,-0.033123668283224106,0.4653167724609375,0.8300245130384291,radial profile
full residual,Myeloid,dapi_radial_b1,19,0.02083311229944229,0.5948867797851562,0.919407135849699,radial profile
full residual,Myeloid,dapi_radial_b2,19,-0.031842660158872604,0.76800537109375,0.9668078513496253,radial profile
full residual,Myeloid,dapi_radial_b3,19,-0.025551840662956238,0.6225624084472656,0.919407135849699,radial profile
full residual,Myeloid,dapi_radial_b4,19,0.0019195321947336197,0.8595733642578125,0.983923724477325,radial profile
full residual,Myeloid,dapi_rim_mean,19,0.06679768860340118,0.00202178955078125,0.0622711181640625,intensity: rim
full residual,Myeloid,dapi_rim_p90,19,0.08028265833854675,0.002838134765625,0.0749267578125,intensity: rim
full residual,Myeloid,morph_cell_area_um2,19,-0.0010144799016416073,0.6225624084472656,0.919407135849699,morphology
full residual,Myeloid,morph_cell_circularity,19,0.030839288607239723,0.6225624084472656,0.919407135849699,morphology
full residual,Myeloid,morph_cell_eccentricity,19,-0.03298410028219223,0.312408447265625,0.6794117647058824,morphology
full residual,Myeloid,morph_cell_major_um,19,-0.04444632679224014,0.3524589538574219,0.7110743959918293,morphology
full residual,Myeloid,morph_cell_minor_um,19,0.005861444398760796,0.3320655822753906,0.6910554009514887,morphology
full residual,Myeloid,morph_cell_perimeter_um,19,-0.020170822739601135,0.5412178039550781,0.8898314072143989,morphology
full residual,Myeloid,morph_cell_solidity,19,0.05466195195913315,0.4653167724609375,0.8300245130384291,morphology
full residual,Myeloid,morph_nuc_area_um2,19,0.0022602379322052,0.156402587890625,0.5161285400390625,morphology
full residual,Myeloid,morph_nuc_cell_ratio,19,0.05830956995487213,0.044559478759765625,0.3119163513183594,morphology
full residual,Myeloid,morph_nuc_eccentricity,19,-0.041316017508506775,0.25792694091796875,0.635531982421875,morphology
full residual,Myeloid,morph_nuc_perimeter_um,19,0.01333673670887947,0.18186569213867188,0.5554214477539062,morphology
full residual,Myeloid,morph_nuc_solidity,19,0.03171161562204361,0.7982521057128906,0.9762678803641093,morphology
full residual,Myeloid,nuc_offset,19,-0.1082458645105362,0.00945281982421875,0.15597152709960938,morphology
full residual,Myeloid,r18s_cyto_mean,19,0.08891207724809647,0.002399444580078125,0.0671844482421875,intensity: cyto
full residual,Myeloid,r18s_cyto_p90,19,0.059567052870988846,0.0033416748046875,0.07719268798828124,intensity: cyto
full residual,Myeloid,r18s_glcm_asm,19,-0.0345773883163929,0.1956329345703125,0.5666609139278017,texture (Haralick)
full residual,Myeloid,r18s_glcm_contrast,19,-0.03611237183213234,0.25792694091796875,0.635531982421875,texture (Haralick)
full residual,Myeloid,r18s_glcm_correlation,19,0.0965280830860138,0.0180816650390625,0.2373021085497359,texture (Haralick)
full residual,Myeloid,r18s_glcm_entropy,19,0.028523415327072144,0.21011734008789062,0.5865511245958034,texture (Haralick)
full residual,Myeloid,r18s_glcm_homogeneity,19,-0.00426316075026989,0.6794281005859375,0.9300615776909722,texture (Haralick)
full residual,Myeloid,r18s_nuc_mean,19,0.07560911774635315,0.00202178955078125,0.0622711181640625,intensity: nuc
full residual,Myeloid,r18s_nuc_p90,19,0.08668949455022812,0.00041961669921875,0.04828948974609375,intensity: nuc
full residual,Myeloid,r18s_polarity_nuc,19,-0.1176418662071228,0.0016937255859375,0.06019240159254808,polarity
full residual,Myeloid,r18s_polarity_shape,19,-0.029627282172441483,0.2753410339355469,0.6597902416565258,polarity
full residual,Myeloid,r18s_radial_b0,19,-0.027198269963264465,0.4413337707519531,0.8027409531000093,radial profile
full residual,Myeloid,r18s_radial_b1,19,-0.004250556230545044,0.9843215942382812,1.0,radial profile
full residual,Myeloid,r18s_radial_b2,19,-0.017108812928199768,0.24125289916992188,0.6198811128288914,radial profile
full residual,Myeloid,r18s_radial_b3,19,-0.015348108485341072,0.70855712890625,0.9488504161005434,radial profile
full residual,Myeloid,r18s_radial_b4,19,0.0467032752931118,0.12318801879882812,0.462,radial profile
full residual,Myeloid,r18s_rim_mean,19,0.08440174162387848,0.0016937255859375,0.06019240159254808,intensity: rim
full residual,Myeloid,r18s_rim_p90,19,0.06601469218730927,0.000209808349609375,0.0387725830078125,intensity: rim
full residual,Myeloid,smavim_cyto_mean,19,0.013599574565887451,0.7982521057128906,0.9762678803641093,intensity: cyto
full residual,Myeloid,smavim_cyto_p90,19,-0.045926958322525024,0.5412178039550781,0.8898314072143989,intensity: cyto
full residual,Myeloid,smavim_glcm_asm,19,-0.0009944979101419449,0.6794281005859375,0.9300615776909722,texture (Haralick)
full residual,Myeloid,smavim_glcm_contrast,19,0.09174785017967224,0.025821685791015625,0.2564277648925781,texture (Haralick)
full residual,Myeloid,smavim_glcm_entropy,19,-0.033501509577035904,0.24125289916992188,0.6198811128288914,texture (Haralick)
full residual,Myeloid,smavim_glcm_homogeneity,19,-0.024879753589630127,0.8287849426269531,0.9777543162571565,texture (Haralick)
full residual,Myeloid,smavim_nuc_mean,19,0.03674817457795143,0.3524589538574219,0.7110743959918293,intensity: nuc
full residual,Myeloid,smavim_nuc_p90,19,0.02961147576570511,0.70855712890625,0.9488504161005434,intensity: nuc
full residual,Myeloid,smavim_polarity_nuc,19,-0.08742140233516693,0.000335693359375,0.0443115234375,polarity
full residual,Myeloid,smavim_polarity_shape,19,-0.017390090972185135,0.049365997314453125,0.33295023006244295,polarity
full residual,Myeloid,smavim_radial_b0,19,0.006852678954601288,0.22532272338867188,0.6105518956338206,radial profile
full residual,Myeloid,smavim_radial_b1,19,0.0564834401011467,0.21011734008789062,0.5865511245958034,radial profile
full residual,Myeloid,smavim_radial_b2,19,0.012749195098876953,0.312408447265625,0.6794117647058824,radial profile
full residual,Myeloid,smavim_radial_b3,19,-0.013071730732917786,0.4413337707519531,0.8027409531000093,radial profile
full residual,Myeloid,smavim_radial_b4,19,-0.003161070868372917,0.5677604675292969,0.9139558745593559,radial profile
full residual,Myeloid,smavim_rim_mean,19,0.04842522740364075,0.6794281005859375,0.9300615776909722,intensity: rim
full residual,Myeloid,smavim_rim_p90,19,-0.052428632974624634,0.6507492065429688,0.919407135849699,intensity: rim
full residual,Neuron,bnd_cyto_mean,19,0.09608417749404907,0.4180412292480469,0.7851018207829173,intensity: cyto
full residual,Neuron,bnd_cyto_p90,19,0.030563712120056152,0.1956329345703125,0.5666609139278017,intensity: cyto
full residual,Neuron,bnd_glcm_asm,19,0.049603790044784546,0.18186569213867188,0.5554214477539062,texture (Haralick)
full residual,Neuron,bnd_glcm_contrast,19,0.030644133687019348,0.9843215942382812,1.0,texture (Haralick)
full residual,Neuron,bnd_glcm_correlation,19,0.06041785329580307,0.8287849426269531,0.9777543162571565,texture (Haralick)
full residual,Neuron,bnd_glcm_entropy,19,-0.046967774629592896,0.3524589538574219,0.7110743959918293,texture (Haralick)
full residual,Neuron,bnd_glcm_homogeneity,19,0.057865843176841736,0.4180412292480469,0.7851018207829173,texture (Haralick)
full residual,Neuron,bnd_nuc_mean,19,-0.01346454955637455,0.9529838562011719,1.0,intensity: nuc
full residual,Neuron,bnd_nuc_p90,19,0.019544392824172974,0.8595733642578125,0.983923724477325,intensity: nuc
full residual,Neuron,bnd_polarity_nuc,19,0.016086265444755554,0.70855712890625,0.9488504161005434,polarity
full residual,Neuron,bnd_polarity_shape,19,0.021841026842594147,0.5677604675292969,0.9139558745593559,polarity
full residual,Neuron,bnd_radial_b0,19,-0.0697961300611496,0.14468765258789062,0.498848473847802,radial profile
full residual,Neuron,bnd_radial_b1,19,-0.047462329268455505,0.09551239013671875,0.432614943560432,radial profile
full residual,Neuron,bnd_radial_b2,19,-0.025381609797477722,0.21011734008789062,0.5865511245958034,radial profile
full residual,Neuron,bnd_radial_b3,19,-0.04334208741784096,0.6225624084472656,0.919407135849699,radial profile
full residual,Neuron,bnd_radial_b4,19,0.04518906772136688,0.104156494140625,0.4455583360460069,radial profile
full residual,Neuron,bnd_rim_mean,19,0.08785289525985718,0.3524589538574219,0.7110743959918293,intensity: rim
full residual,Neuron,bnd_rim_p90,19,0.03717835247516632,0.3320655822753906,0.6910554009514887,intensity: rim
full residual,Neuron,dapi_cyto_mean,19,-0.0017600804567337036,0.8905677795410156,0.983923724477325,intensity: cyto
full residual,Neuron,dapi_cyto_p90,19,0.014465795829892159,1.0,1.0,intensity: cyto
full residual,Neuron,dapi_glcm_asm,19,0.03634044528007507,0.21011734008789062,0.5865511245958034,texture (Haralick)
full residual,Neuron,dapi_glcm_contrast,19,-0.011136248707771301,0.9217147827148438,0.9972651747406506,texture (Haralick)
full residual,Neuron,dapi_glcm_correlation,19,0.0033110082149505615,0.8287849426269531,0.9777543162571565,texture (Haralick)
full residual,Neuron,dapi_glcm_entropy,19,-0.023972108960151672,0.2934989929199219,0.6794117647058824,texture (Haralick)
full residual,Neuron,dapi_glcm_homogeneity,19,0.01875394582748413,0.6225624084472656,0.919407135849699,texture (Haralick)
full residual,Neuron,dapi_nuc_mean,19,0.0038555413484573364,0.76800537109375,0.9668078513496253,intensity: nuc
full residual,Neuron,dapi_nuc_p90,19,0.014784827828407288,0.2934989929199219,0.6794117647058824,intensity: nuc
full residual,Neuron,dapi_polarity_nuc,19,0.022373944520950317,0.5412178039550781,0.8898314072143989,polarity
full residual,Neuron,dapi_polarity_shape,19,-0.008672591298818588,0.8287849426269531,0.9777543162571565,polarity
full residual,Neuron,dapi_radial_b0,19,0.03801659867167473,0.18186569213867188,0.5554214477539062,radial profile
full residual,Neuron,dapi_radial_b1,19,0.03352823853492737,0.07987594604492188,0.3925817773697224,radial profile
full residual,Neuron,dapi_radial_b2,19,0.04225796461105347,0.12318801879882812,0.462,radial profile
full residual,Neuron,dapi_radial_b3,19,-0.01660458743572235,0.040130615234375,0.2990378102948589,radial profile
full residual,Neuron,dapi_radial_b4,19,-0.022903187200427055,0.168792724609375,0.5415433247884115,radial profile
full residual,Neuron,dapi_rim_mean,19,-0.03420892357826233,0.156402587890625,0.5161285400390625,intensity: rim
full residual,Neuron,dapi_rim_p90,19,-0.03252020478248596,0.312408447265625,0.6794117647058824,intensity: rim
full residual,Neuron,morph_cell_area_um2,19,0.006198182702064514,0.8905677795410156,0.983923724477325,morphology
full residual,Neuron,morph_cell_circularity,19,0.019300587475299835,0.5152778625488281,0.8736087064130591,morphology
full residual,Neuron,morph_cell_eccentricity,19,-0.00011800229549407959,0.5152778625488281,0.8736087064130591,morphology
full residual,Neuron,morph_cell_major_um,19,-0.012668877840042114,0.6225624084472656,0.919407135849699,morphology
full residual,Neuron,morph_cell_minor_um,19,0.008488375693559647,0.48996734619140625,0.8509959170692846,morphology
full residual,Neuron,morph_cell_perimeter_um,19,-0.01566515862941742,0.6794281005859375,0.9300615776909722,morphology
full residual,Neuron,morph_cell_solidity,19,0.021609103307127953,0.5948867797851562,0.919407135849699,morphology
full residual,Neuron,morph_nuc_area_um2,19,-0.031446605920791626,0.8595733642578125,0.983923724477325,morphology
full residual,Neuron,morph_nuc_cell_ratio,19,-0.05515351518988609,0.22532272338867188,0.6105518956338206,morphology
full residual,Neuron,morph_nuc_eccentricity,19,-0.030369281768798828,0.168792724609375,0.5415433247884115,morphology
full residual,Neuron,morph_nuc_perimeter_um,19,-0.008179621770977974,0.5948867797851562,0.919407135849699,morphology
full residual,Neuron,morph_nuc_solidity,19,-0.0034032464027404785,0.9843215942382812,1.0,morphology
full residual,Neuron,nuc_offset,19,0.015420064330101013,0.5412178039550781,0.8898314072143989,morphology
full residual,Neuron,r18s_cyto_mean,19,0.0031501054763793945,0.6225624084472656,0.919407135849699,intensity: cyto
full residual,Neuron,r18s_cyto_p90,19,-0.015215933322906494,0.22532272338867188,0.6105518956338206,intensity: cyto
full residual,Neuron,r18s_glcm_asm,19,0.016633596271276474,0.168792724609375,0.5415433247884115,texture (Haralick)
full residual,Neuron,r18s_glcm_contrast,19,0.007469639182090759,0.09551239013671875,0.432614943560432,texture (Haralick)
full residual,Neuron,r18s_glcm_correlation,19,-0.0074928756803274155,0.18186569213867188,0.5554214477539062,texture (Haralick)
full residual,Neuron,r18s_glcm_entropy,19,-0.03164076432585716,0.48996734619140625,0.8509959170692846,texture (Haralick)
full residual,Neuron,r18s_glcm_homogeneity,19,-0.0013822279870510101,0.5948867797851562,0.919407135849699,texture (Haralick)
full residual,Neuron,r18s_nuc_mean,19,-0.05588149279356003,0.0289306640625,0.26531671320350425,intensity: nuc
full residual,Neuron,r18s_nuc_p90,19,-0.06927675753831863,0.036067962646484375,0.2800571217256434,intensity: nuc
full residual,Neuron,r18s_polarity_nuc,19,0.02300923317670822,0.7982521057128906,0.9762678803641093,polarity
full residual,Neuron,r18s_polarity_shape,19,-0.019467785954475403,0.2753410339355469,0.6597902416565258,polarity
full residual,Neuron,r18s_radial_b0,19,-0.021254800260066986,0.7380905151367188,0.9659994843998982,radial profile
full residual,Neuron,r18s_radial_b1,19,-0.03640976548194885,0.7380905151367188,0.9659994843998982,radial profile
full residual,Neuron,r18s_radial_b2,19,-0.0016723144799470901,0.9843215942382812,1.0,radial profile
full residual,Neuron,r18s_radial_b3,19,-0.007020138204097748,0.9217147827148438,0.9972651747406506,radial profile
full residual,Neuron,r18s_radial_b4,19,0.06360140442848206,0.8905677795410156,0.983923724477325,radial profile
full residual,Neuron,r18s_rim_mean,19,-0.025705775246024132,0.5152778625488281,0.8736087064130591,intensity: rim
full residual,Neuron,r18s_rim_p90,19,-0.04492904245853424,0.2934989929199219,0.6794117647058824,intensity: rim
full residual,Neuron,smavim_cyto_mean,19,-0.040903881192207336,0.22532272338867188,0.6105518956338206,intensity: cyto
full residual,Neuron,smavim_cyto_p90,19,0.08701981604099274,0.18186569213867188,0.5554214477539062,intensity: cyto
full residual,Neuron,smavim_glcm_asm,19,-0.03192747384309769,0.9217147827148438,0.9972651747406506,texture (Haralick)
full residual,Neuron,smavim_glcm_contrast,19,0.011846303939819336,0.8905677795410156,0.983923724477325,texture (Haralick)
full residual,Neuron,smavim_glcm_entropy,19,0.02410036325454712,0.76800537109375,0.9668078513496253,texture (Haralick)
full residual,Neuron,smavim_glcm_homogeneity,19,-0.034592121839523315,0.8905677795410156,0.983923724477325,texture (Haralick)
full residual,Neuron,smavim_nuc_mean,19,-0.10118848085403442,0.002399444580078125,0.0671844482421875,intensity: nuc
full residual,Neuron,smavim_nuc_p90,19,-0.09767568111419678,0.0033416748046875,0.07719268798828124,intensity: nuc
full residual,Neuron,smavim_polarity_nuc,19,-0.029471252113580704,0.104156494140625,0.4455583360460069,polarity
full residual,Neuron,smavim_polarity_shape,19,-0.03610469773411751,0.07283401489257812,0.37181563403724965,polarity
full residual,Neuron,smavim_radial_b0,19,-0.030655326321721077,0.2753410339355469,0.6597902416565258,radial profile
full residual,Neuron,smavim_radial_b1,19,-0.02057483233511448,0.07283401489257812,0.37181563403724965,radial profile
full residual,Neuron,smavim_radial_b2,19,-0.07038849592208862,0.00823211669921875,0.15052885167738972,radial profile
full residual,Neuron,smavim_radial_b3,19,-0.045614566653966904,0.1956329345703125,0.5666609139278017,radial profile
full residual,Neuron,smavim_radial_b4,19,0.09266004711389542,0.000209808349609375,0.0387725830078125,radial profile
full residual,Neuron,smavim_rim_mean,19,-0.0066945552825927734,0.7380905151367188,0.9659994843998982,intensity: rim
full residual,Neuron,smavim_rim_p90,19,0.06704492121934891,0.14468765258789062,0.498848473847802,intensity: rim
full residual,OPC,bnd_cyto_mean,18,-0.07781795412302017,0.11870574951171875,0.462,intensity: cyto
full residual,OPC,bnd_cyto_p90,18,-0.13577961921691895,0.1083831787109375,0.45314957976880654,intensity: cyto
full residual,OPC,bnd_glcm_asm,18,0.13325229287147522,0.2121429443359375,0.5904219294168863,texture (Haralick)
full residual,OPC,bnd_glcm_contrast,18,0.10026925057172775,0.30379486083984375,0.6794117647058824,texture (Haralick)
full residual,OPC,bnd_glcm_correlation,18,-0.04628927633166313,0.0897674560546875,0.41266233529617535,texture (Haralick)
full residual,OPC,bnd_glcm_entropy,18,-0.05662091448903084,0.30379486083984375,0.6794117647058824,texture (Haralick)
full residual,OPC,bnd_glcm_homogeneity,18,-0.06564756482839584,0.49507904052734375,0.8566536206877633,texture (Haralick)
full residual,OPC,bnd_nuc_mean,18,-0.15348687767982483,1.0,1.0,intensity: nuc
full residual,OPC,bnd_nuc_p90,18,-0.035720083862543106,0.7018814086914062,0.9488504161005434,intensity: nuc
full residual,OPC,bnd_polarity_nuc,18,-0.007408793084323406,0.6396942138671875,0.919407135849699,polarity
full residual,OPC,bnd_polarity_shape,18,-0.016620948910713196,0.8650436401367188,0.983923724477325,polarity
full residual,OPC,bnd_radial_b0,18,-0.10569839179515839,0.08142852783203125,0.3953567976804124,radial profile
full residual,OPC,bnd_radial_b1,18,-0.053534943610429764,0.24620819091796875,0.6198811128288914,radial profile
full residual,OPC,bnd_radial_b2,18,-0.05713751167058945,0.02367401123046875,0.2564277648925781,radial profile
full residual,OPC,bnd_radial_b3,18,-0.09294626116752625,0.1083831787109375,0.45314957976880654,radial profile
full residual,OPC,bnd_radial_b4,18,0.1003488078713417,0.0987396240234375,0.44058098591549294,radial profile
full residual,OPC,bnd_rim_mean,18,-0.09331376850605011,0.24620819091796875,0.6198811128288914,intensity: rim
full residual,OPC,bnd_rim_p90,18,-0.14375421404838562,0.11870574951171875,0.462,intensity: rim
full residual,OPC,dapi_cyto_mean,18,0.019178874790668488,0.6705245971679688,0.9300615776909722,intensity: cyto
full residual,OPC,dapi_cyto_p90,18,0.02660129964351654,0.550872802734375,0.8929938065378289,intensity: cyto
full residual,OPC,dapi_glcm_asm,18,-0.0050139217637479305,0.6705245971679688,0.9300615776909722,texture (Haralick)
full residual,OPC,dapi_glcm_contrast,18,-0.023921163752675056,0.7018814086914062,0.9488504161005434,texture (Haralick)
full residual,OPC,dapi_glcm_correlation,18,0.008884400129318237,0.550872802734375,0.8929938065378289,texture (Haralick)
full residual,OPC,dapi_glcm_entropy,18,-0.007937365211546421,0.8650436401367188,0.983923724477325,texture (Haralick)
full residual,OPC,dapi_glcm_homogeneity,18,0.005344390869140625,0.7337265014648438,0.9659994843998982,texture (Haralick)
full residual,OPC,dapi_nuc_mean,18,0.10428286343812943,0.2645263671875,0.6432167454769737,intensity: nuc
full residual,OPC,dapi_nuc_p90,18,0.047967374324798584,0.550872802734375,0.8929938065378289,intensity: nuc
full residual,OPC,dapi_polarity_nuc,18,0.008257788605988026,0.7660293579101562,0.9668078513496253,polarity
full residual,OPC,dapi_polarity_shape,18,-0.046009551733732224,0.08142852783203125,0.3953567976804124,polarity
full residual,OPC,dapi_radial_b0,18,0.004216020926833153,0.9661178588867188,1.0,radial profile
full residual,OPC,dapi_radial_b1,18,-0.013067658990621567,0.932281494140625,1.0,radial profile
full residual,OPC,dapi_radial_b2,18,-0.011008566245436668,0.7660293579101562,0.9668078513496253,radial profile
full residual,OPC,dapi_radial_b3,18,0.0039261141791939735,0.5798416137695312,0.919407135849699,radial profile
full residual,OPC,dapi_radial_b4,18,0.019115138798952103,0.83172607421875,0.9777543162571565,radial profile
full residual,OPC,dapi_rim_mean,18,0.012414108961820602,0.468292236328125,0.8321192814753606,intensity: rim
full residual,OPC,dapi_rim_p90,18,0.028918547555804253,0.468292236328125,0.8321192814753606,intensity: rim
full residual,OPC,morph_cell_area_um2,18,0.007371312938630581,0.30379486083984375,0.6794117647058824,morphology
full residual,OPC,morph_cell_circularity,18,-0.00952032208442688,0.7337265014648438,0.9659994843998982,morphology
full residual,OPC,morph_cell_eccentricity,18,0.0032226499170064926,0.6705245971679688,0.9300615776909722,morphology
full residual,OPC,morph_cell_major_um,18,0.013895951211452484,0.4171142578125,0.7851018207829173,morphology
full residual,OPC,morph_cell_minor_um,18,0.028507601469755173,0.16735076904296875,0.5415433247884115,morphology
full residual,OPC,morph_cell_perimeter_um,18,0.0004588477313518524,0.3692169189453125,0.7243236371666003,morphology
full residual,OPC,morph_cell_solidity,18,-0.01349705085158348,0.522613525390625,0.8747271284272399,morphology
full residual,OPC,morph_nuc_area_um2,18,0.005388110876083374,0.8650436401367188,0.983923724477325,morphology
full residual,OPC,morph_nuc_cell_ratio,18,0.008066259324550629,1.0,1.0,morphology
full residual,OPC,morph_nuc_eccentricity,18,-0.03099764510989189,0.7987060546875,0.9762678803641093,morphology
full residual,OPC,morph_nuc_perimeter_um,18,0.0017535919323563576,0.7660293579101562,0.9668078513496253,morphology
full residual,OPC,morph_nuc_solidity,18,-0.019670456647872925,0.7337265014648438,0.9659994843998982,morphology
full residual,OPC,nuc_offset,18,-0.04153771325945854,0.24620819091796875,0.6198811128288914,morphology
full residual,OPC,r18s_cyto_mean,18,-0.0208197683095932,0.7660293579101562,0.9668078513496253,intensity: cyto
full residual,OPC,r18s_cyto_p90,18,-0.030031107366085052,0.6094589233398438,0.919407135849699,intensity: cyto
full residual,OPC,r18s_glcm_asm,18,0.009471282362937927,0.3692169189453125,0.7243236371666003,texture (Haralick)
full residual,OPC,r18s_glcm_contrast,18,0.009428966790437698,0.6094589233398438,0.919407135849699,texture (Haralick)
full residual,OPC,r18s_glcm_correlation,18,-0.03733058646321297,0.1083831787109375,0.45314957976880654,texture (Haralick)
full residual,OPC,r18s_glcm_entropy,18,-0.016675978899002075,0.49507904052734375,0.8566536206877633,texture (Haralick)
full residual,OPC,r18s_glcm_homogeneity,18,-0.006661871913820505,0.8985748291015625,0.983923724477325,texture (Haralick)
full residual,OPC,r18s_nuc_mean,18,0.027712423354387283,0.16735076904296875,0.5415433247884115,intensity: nuc
full residual,OPC,r18s_nuc_p90,18,0.008791051805019379,0.44229888916015625,0.8029158616581226,intensity: nuc
full residual,OPC,r18s_polarity_nuc,18,-0.023223603144288063,0.6094589233398438,0.919407135849699,polarity
full residual,OPC,r18s_polarity_shape,18,-0.005063471384346485,0.6705245971679688,0.9300615776909722,polarity
full residual,OPC,r18s_radial_b0,18,0.006243070587515831,0.30379486083984375,0.6794117647058824,radial profile
full residual,OPC,r18s_radial_b1,18,0.03588216379284859,0.14151763916015625,0.498848473847802,radial profile
full residual,OPC,r18s_radial_b2,18,0.04213841259479523,0.22875213623046875,0.6138145820551716,radial profile
full residual,OPC,r18s_radial_b3,18,0.01232009008526802,0.550872802734375,0.8929938065378289,radial profile
full residual,OPC,r18s_radial_b4,18,-0.05735885724425316,0.03849029541015625,0.2963752746582031,radial profile
full residual,OPC,r18s_rim_mean,18,-0.003259871155023575,0.83172607421875,0.9777543162571565,intensity: rim
full residual,OPC,r18s_rim_p90,18,-0.01535053551197052,0.932281494140625,1.0,intensity: rim
full residual,OPC,smavim_cyto_mean,18,-0.0778132900595665,0.00896453857421875,0.15597152709960938,intensity: cyto
full residual,OPC,smavim_cyto_p90,18,-0.008193887770175934,0.83172607421875,0.9777543162571565,intensity: cyto
full residual,OPC,smavim_glcm_asm,18,-0.08742088079452515,0.03423309326171875,0.2774682295949836,texture (Haralick)
full residual,OPC,smavim_glcm_contrast,18,-0.0869489461183548,0.05385589599609375,0.3477621144261853,texture (Haralick)
full residual,OPC,smavim_glcm_entropy,18,0.08136290311813354,0.0182342529296875,0.2373021085497359,texture (Haralick)
full residual,OPC,smavim_glcm_homogeneity,18,-0.056880779564380646,0.0897674560546875,0.41266233529617535,texture (Haralick)
full residual,OPC,smavim_nuc_mean,18,-0.19003146886825562,0.01203155517578125,0.18602027893066406,intensity: nuc
full residual,OPC,smavim_nuc_p90,18,-0.06176557019352913,0.030364990234375,0.2672119140625,intensity: nuc
full residual,OPC,smavim_polarity_nuc,18,0.02298286184668541,0.7987060546875,0.9762678803641093,polarity
full residual,OPC,smavim_polarity_shape,18,0.028295962139964104,0.8985748291015625,0.983923724477325,polarity
full residual,OPC,smavim_radial_b0,18,-0.03767722100019455,0.4171142578125,0.7851018207829173,radial profile
full residual,OPC,smavim_radial_b1,18,-0.03776160627603531,0.0736846923828125,0.37409151517427885,radial profile
full residual,OPC,smavim_radial_b2,18,-0.05208045616745949,0.0897674560546875,0.41266233529617535,radial profile
full residual,OPC,smavim_radial_b3,18,-0.0004933774471282959,0.7660293579101562,0.9668078513496253,radial profile
full residual,OPC,smavim_radial_b4,18,0.047999512404203415,0.16735076904296875,0.5415433247884115,radial profile
full residual,OPC,smavim_rim_mean,18,-0.0855778157711029,0.0076904296875,0.148040771484375,intensity: rim
full residual,OPC,smavim_rim_p90,18,-0.003201376646757126,0.83172607421875,0.9777543162571565,intensity: rim
full residual,Oligodendrocyte,bnd_cyto_mean,19,-0.03927115350961685,0.6225624084472656,0.919407135849699,intensity: cyto
full residual,Oligodendrocyte,bnd_cyto_p90,19,-0.09667113423347473,0.03234100341796875,0.2679456862728153,intensity: cyto
full residual,Oligodendrocyte,bnd_glcm_asm,19,0.051926761865615845,0.6507492065429688,0.919407135849699,texture (Haralick)
full residual,Oligodendrocyte,bnd_glcm_contrast,19,0.07609661668539047,0.14468765258789062,0.498848473847802,texture (Haralick)
full residual,Oligodendrocyte,bnd_glcm_correlation,19,-0.09671087563037872,0.036067962646484375,0.2800571217256434,texture (Haralick)
full residual,Oligodendrocyte,bnd_glcm_entropy,19,-0.0897427350282669,0.8595733642578125,0.983923724477325,texture (Haralick)
full residual,Oligodendrocyte,bnd_glcm_homogeneity,19,0.11662184447050095,0.9843215942382812,1.0,texture (Haralick)
full residual,Oligodendrocyte,bnd_nuc_mean,19,0.04820714145898819,0.3320655822753906,0.6910554009514887,intensity: nuc
full residual,Oligodendrocyte,bnd_nuc_p90,19,-0.027060814201831818,1.0,1.0,intensity: nuc
full residual,Oligodendrocyte,bnd_polarity_nuc,19,-0.020606428384780884,0.6507492065429688,0.919407135849699,polarity
full residual,Oligodendrocyte,bnd_polarity_shape,19,-0.07536031305789948,0.9529838562011719,1.0,polarity
full residual,Oligodendrocyte,bnd_radial_b0,19,0.015684911981225014,0.9217147827148438,0.9972651747406506,radial profile
full residual,Oligodendrocyte,bnd_radial_b1,19,0.009205557405948639,0.70855712890625,0.9488504161005434,radial profile
full residual,Oligodendrocyte,bnd_radial_b2,19,0.005397684872150421,0.9529838562011719,1.0,radial profile
full residual,Oligodendrocyte,bnd_radial_b3,19,-0.01064072921872139,0.24125289916992188,0.6198811128288914,radial profile
full residual,Oligodendrocyte,bnd_radial_b4,19,0.01230333186686039,0.9217147827148438,0.9972651747406506,radial profile
full residual,Oligodendrocyte,bnd_rim_mean,19,-0.035466212779283524,0.9529838562011719,1.0,intensity: rim
full residual,Oligodendrocyte,bnd_rim_p90,19,-0.06814941763877869,0.0289306640625,0.26531671320350425,intensity: rim
full residual,Oligodendrocyte,dapi_cyto_mean,19,-0.024032287299633026,0.6794281005859375,0.9300615776909722,intensity: cyto
full residual,Oligodendrocyte,dapi_cyto_p90,19,-0.019669950008392334,0.6507492065429688,0.919407135849699,intensity: cyto
full residual,Oligodendrocyte,dapi_glcm_asm,19,-0.012388575822114944,0.37359619140625,0.7298158157703488,texture (Haralick)
full residual,Oligodendrocyte,dapi_glcm_contrast,19,0.021091140806674957,0.002838134765625,0.0749267578125,texture (Haralick)
full residual,Oligodendrocyte,dapi_glcm_correlation,19,-0.034862540662288666,0.014068603515625,0.20036342327411358,texture (Haralick)
full residual,Oligodendrocyte,dapi_glcm_entropy,19,0.007421869784593582,0.3524589538574219,0.7110743959918293,texture (Haralick)
full residual,Oligodendrocyte,dapi_glcm_homogeneity,19,-0.022581100463867188,0.036067962646484375,0.2800571217256434,texture (Haralick)
full residual,Oligodendrocyte,dapi_nuc_mean,19,0.005837744101881981,0.6507492065429688,0.919407135849699,intensity: nuc
full residual,Oligodendrocyte,dapi_nuc_p90,19,0.01498456671833992,0.312408447265625,0.6794117647058824,intensity: nuc
full residual,Oligodendrocyte,dapi_polarity_nuc,19,-0.0060319360345602036,0.9529838562011719,1.0,polarity
full residual,Oligodendrocyte,dapi_polarity_shape,19,-0.012110874988138676,0.6225624084472656,0.919407135849699,polarity
full residual,Oligodendrocyte,dapi_radial_b0,19,-0.016995832324028015,0.48996734619140625,0.8509959170692846,radial profile
full residual,Oligodendrocyte,dapi_radial_b1,19,8.447468280792236e-05,0.8595733642578125,0.983923724477325,radial profile
full residual,Oligodendrocyte,dapi_radial_b2,19,0.03488239645957947,0.0289306640625,0.26531671320350425,radial profile
full residual,Oligodendrocyte,dapi_radial_b3,19,0.007879160344600677,0.48996734619140625,0.8509959170692846,radial profile
full residual,Oligodendrocyte,dapi_radial_b4,19,-0.019390761852264404,0.4180412292480469,0.7851018207829173,radial profile
full residual,Oligodendrocyte,dapi_rim_mean,19,-0.0011156350374221802,0.5412178039550781,0.8898314072143989,intensity: rim
full residual,Oligodendrocyte,dapi_rim_p90,19,0.00015235692262649536,0.8595733642578125,0.983923724477325,intensity: rim
full residual,Oligodendrocyte,morph_cell_area_um2,19,0.0313718318939209,0.156402587890625,0.5161285400390625,morphology
full residual,Oligodendrocyte,morph_cell_circularity,19,0.012384574860334396,0.6794281005859375,0.9300615776909722,morphology
full residual,Oligodendrocyte,morph_cell_eccentricity,19,-0.04434359446167946,0.05457305908203125,0.3477621144261853,morphology
full residual,Oligodendrocyte,morph_cell_major_um,19,0.015741273760795593,0.5152778625488281,0.8736087064130591,morphology
full residual,Oligodendrocyte,morph_cell_minor_um,19,0.03994344174861908,0.104156494140625,0.4455583360460069,morphology
full residual,Oligodendrocyte,morph_cell_perimeter_um,19,0.0382901206612587,0.21011734008789062,0.5865511245958034,morphology
full residual,Oligodendrocyte,morph_cell_solidity,19,-0.004265457391738892,0.76800537109375,0.9668078513496253,morphology
full residual,Oligodendrocyte,morph_nuc_area_um2,19,0.009066350758075714,0.7982521057128906,0.9762678803641093,morphology
full residual,Oligodendrocyte,morph_nuc_cell_ratio,19,-0.03858044743537903,0.07987594604492188,0.3925817773697224,morphology
full residual,Oligodendrocyte,morph_nuc_eccentricity,19,-0.04776046425104141,0.03234100341796875,0.2679456862728153,morphology
full residual,Oligodendrocyte,morph_nuc_perimeter_um,19,0.012494303286075592,0.8595733642578125,0.983923724477325,morphology
full residual,Oligodendrocyte,morph_nuc_solidity,19,0.034533560276031494,0.25792694091796875,0.635531982421875,morphology
full residual,Oligodendrocyte,nuc_offset,19,-0.014044594019651413,0.7982521057128906,0.9762678803641093,morphology
full residual,Oligodendrocyte,r18s_cyto_mean,19,-0.010537449270486832,0.5677604675292969,0.9139558745593559,intensity: cyto
full residual,Oligodendrocyte,r18s_cyto_p90,19,-0.016157567501068115,0.8595733642578125,0.983923724477325,intensity: cyto
full residual,Oligodendrocyte,r18s_glcm_asm,19,-0.04951052367687225,0.060207366943359375,0.35,texture (Haralick)
full residual,Oligodendrocyte,r18s_glcm_contrast,19,0.04638100042939186,0.18186569213867188,0.5554214477539062,texture (Haralick)
full residual,Oligodendrocyte,r18s_glcm_correlation,19,-0.03316010907292366,0.14468765258789062,0.498848473847802,texture (Haralick)
full residual,Oligodendrocyte,r18s_glcm_entropy,19,0.04424378275871277,0.044559478759765625,0.3119163513183594,texture (Haralick)
full residual,Oligodendrocyte,r18s_glcm_homogeneity,19,-0.04531123861670494,0.0289306640625,0.26531671320350425,texture (Haralick)
full residual,Oligodendrocyte,r18s_nuc_mean,19,-0.007868040353059769,0.25792694091796875,0.635531982421875,intensity: nuc
full residual,Oligodendrocyte,r18s_nuc_p90,19,0.001688152551651001,0.76800537109375,0.9668078513496253,intensity: nuc
full residual,Oligodendrocyte,r18s_polarity_nuc,19,0.01859000325202942,0.2753410339355469,0.6597902416565258,polarity
full residual,Oligodendrocyte,r18s_polarity_shape,19,0.011936865746974945,0.76800537109375,0.9668078513496253,polarity
full residual,Oligodendrocyte,r18s_radial_b0,19,0.009218983352184296,0.7982521057128906,0.9762678803641093,radial profile
full residual,Oligodendrocyte,r18s_radial_b1,19,0.010104276239871979,0.5152778625488281,0.8736087064130591,radial profile
full residual,Oligodendrocyte,r18s_radial_b2,19,0.0005967579782009125,0.24125289916992188,0.6198811128288914,radial profile
full residual,Oligodendrocyte,r18s_radial_b3,19,0.0361720472574234,0.312408447265625,0.6794117647058824,radial profile
full residual,Oligodendrocyte,r18s_radial_b4,19,-0.01933404989540577,0.1336212158203125,0.47670271589949326,radial profile
full residual,Oligodendrocyte,r18s_rim_mean,19,-0.009064897894859314,0.70855712890625,0.9488504161005434,intensity: rim
full residual,Oligodendrocyte,r18s_rim_p90,19,-0.01756209135055542,0.7380905151367188,0.9659994843998982,intensity: rim
full residual,Oligodendrocyte,smavim_cyto_mean,19,-0.013833541423082352,0.48996734619140625,0.8509959170692846,intensity: cyto
full residual,Oligodendrocyte,smavim_cyto_p90,19,-0.025929978117346764,0.8905677795410156,0.983923724477325,intensity: cyto
full residual,Oligodendrocyte,smavim_glcm_asm,19,-0.04598808288574219,0.07283401489257812,0.37181563403724965,texture (Haralick)
full residual,Oligodendrocyte,smavim_glcm_contrast,19,-0.008128523826599121,0.76800537109375,0.9668078513496253,texture (Haralick)
full residual,Oligodendrocyte,smavim_glcm_entropy,19,0.046852558851242065,0.11337661743164062,0.462,texture (Haralick)
full residual,Oligodendrocyte,smavim_glcm_homogeneity,19,-0.0693378746509552,0.08742904663085938,0.41266233529617535,texture (Haralick)
full residual,Oligodendrocyte,smavim_nuc_mean,19,0.03223869204521179,0.8287849426269531,0.9777543162571565,intensity: nuc
full residual,Oligodendrocyte,smavim_nuc_p90,19,0.01563102751970291,0.8905677795410156,0.983923724477325,intensity: nuc
full residual,Oligodendrocyte,smavim_polarity_nuc,19,-0.005431346595287323,0.4653167724609375,0.8300245130384291,polarity
full residual,Oligodendrocyte,smavim_polarity_shape,19,-0.015843167901039124,0.48996734619140625,0.8509959170692846,polarity
full residual,Oligodendrocyte,smavim_radial_b0,19,-0.0020019039511680603,0.8595733642578125,0.983923724477325,radial profile
full residual,Oligodendrocyte,smavim_radial_b1,19,0.026414331048727036,0.6507492065429688,0.919407135849699,radial profile
full residual,Oligodendrocyte,smavim_radial_b2,19,0.020713917911052704,0.70855712890625,0.9488504161005434,radial profile
full residual,Oligodendrocyte,smavim_radial_b3,19,-0.01735774800181389,0.8905677795410156,0.983923724477325,radial profile
full residual,Oligodendrocyte,smavim_radial_b4,19,-0.01564427837729454,0.8287849426269531,0.9777543162571565,radial profile
full residual,Oligodendrocyte,smavim_rim_mean,19,-0.002967424690723419,0.6507492065429688,0.919407135849699,intensity: rim
full residual,Oligodendrocyte,smavim_rim_p90,19,-0.005502372980117798,0.9529838562011719,1.0,intensity: rim
full residual,Schwann cell,bnd_cyto_mean,20,-0.02043117955327034,0.8408222198486328,0.9834426976457427,intensity: cyto
full residual,Schwann cell,bnd_cyto_p90,20,0.0020167380571365356,0.6742229461669922,0.9300615776909722,intensity: cyto
full residual,Schwann cell,bnd_glcm_asm,20,-0.07310870289802551,0.7561664581298828,0.9668078513496253,texture (Haralick)
full residual,Schwann cell,bnd_glcm_contrast,20,0.0006345342844724655,0.956329345703125,1.0,texture (Haralick)
full residual,Schwann cell,bnd_glcm_correlation,20,-0.013301178812980652,0.9272785186767578,0.9974451120574205,texture (Haralick)
full residual,Schwann cell,bnd_glcm_entropy,20,0.05197007209062576,0.7841262817382812,0.9762678803641093,texture (Haralick)
full residual,Schwann cell,bnd_glcm_homogeneity,20,0.022204287350177765,0.6215133666992188,0.919407135849699,texture (Haralick)
full residual,Schwann cell,bnd_nuc_mean,20,0.024293487891554832,0.5705966949462891,0.9169240802267323,intensity: nuc
full residual,Schwann cell,bnd_nuc_p90,20,0.03285204991698265,0.7561664581298828,0.9668078513496253,intensity: nuc
full residual,Schwann cell,bnd_polarity_nuc,20,-0.017736563459038734,0.6476554870605469,0.919407135849699,polarity
full residual,Schwann cell,bnd_polarity_shape,20,-0.007118295878171921,0.8408222198486328,0.9834426976457427,polarity
full residual,Schwann cell,bnd_radial_b0,20,-0.013119938783347607,0.8694877624511719,0.983923724477325,radial profile
full residual,Schwann cell,bnd_radial_b1,20,0.014327422715723515,0.5458755493164062,0.8911466564812003,radial profile
full residual,Schwann cell,bnd_radial_b2,20,0.015118328854441643,0.6215133666992188,0.919407135849699,radial profile
full residual,Schwann cell,bnd_radial_b3,20,0.02006625011563301,0.24548721313476562,0.6198811128288914,radial profile
full residual,Schwann cell,bnd_radial_b4,20,-0.013043660670518875,0.5958194732666016,0.919407135849699,radial profile
full residual,Schwann cell,bnd_rim_mean,20,-0.02532915398478508,0.8694877624511719,0.983923724477325,intensity: rim
full residual,Schwann cell,bnd_rim_p90,20,-0.005983263254165649,0.49800872802734375,0.8569088728068261,intensity: rim
full residual,Schwann cell,dapi_cyto_mean,20,0.03922710940241814,0.3299827575683594,0.6910554009514887,intensity: cyto
full residual,Schwann cell,dapi_cyto_p90,20,0.021344415843486786,0.34881019592285156,0.7110743959918293,intensity: cyto
full residual,Schwann cell,dapi_glcm_asm,20,-0.035019002854824066,0.6215133666992188,0.919407135849699,texture (Haralick)
full residual,Schwann cell,dapi_glcm_contrast,20,0.02832806296646595,0.6742229461669922,0.9300615776909722,texture (Haralick)
full residual,Schwann cell,dapi_glcm_correlation,20,0.008502498269081116,0.8983173370361328,0.983923724477325,texture (Haralick)
full residual,Schwann cell,dapi_glcm_entropy,20,0.03727136179804802,0.6215133666992188,0.919407135849699,texture (Haralick)
full residual,Schwann cell,dapi_glcm_homogeneity,20,-0.03641115128993988,0.956329345703125,1.0,texture (Haralick)
full residual,Schwann cell,dapi_nuc_mean,20,0.031436748802661896,0.1893482208251953,0.5554214477539062,intensity: nuc
full residual,Schwann cell,dapi_nuc_p90,20,0.05202289670705795,0.069580078125,0.3611909673455056,intensity: nuc
full residual,Schwann cell,dapi_polarity_nuc,20,0.027591388672590256,0.36827659606933594,0.7243236371666003,polarity
full residual,Schwann cell,dapi_polarity_shape,20,-0.01803007163107395,0.5958194732666016,0.919407135849699,polarity
full residual,Schwann cell,dapi_radial_b0,20,0.026426037773489952,0.49800872802734375,0.8569088728068261,radial profile
full residual,Schwann cell,dapi_radial_b1,20,0.00521407276391983,0.956329345703125,1.0,radial profile
full residual,Schwann cell,dapi_radial_b2,20,0.0011548865586519241,0.8408222198486328,0.9834426976457427,radial profile
full residual,Schwann cell,dapi_radial_b3,20,-0.015945162624120712,0.8123550415039062,0.9762678803641093,radial profile
full residual,Schwann cell,dapi_radial_b4,20,-0.031006351113319397,0.7841262817382812,0.9762678803641093,radial profile
full residual,Schwann cell,dapi_rim_mean,20,0.04811272770166397,0.15364646911621094,0.5161285400390625,intensity: rim
full residual,Schwann cell,dapi_rim_p90,20,0.04211875796318054,0.082550048828125,0.3953567976804124,intensity: rim
full residual,Schwann cell,morph_cell_area_um2,20,-0.02570018172264099,0.9854354858398438,1.0,morphology
full residual,Schwann cell,morph_cell_circularity,20,0.02032184600830078,0.8983173370361328,0.983923724477325,morphology
full residual,Schwann cell,morph_cell_eccentricity,20,0.07981416583061218,0.2942523956298828,0.6794117647058824,morphology
full residual,Schwann cell,morph_cell_major_um,20,-0.01990753412246704,0.8123550415039062,0.9762678803641093,morphology
full residual,Schwann cell,morph_cell_minor_um,20,-0.029335981234908104,0.6215133666992188,0.919407135849699,morphology
full residual,Schwann cell,morph_cell_perimeter_um,20,-0.03859888017177582,0.9272785186767578,0.9974451120574205,morphology
full residual,Schwann cell,morph_cell_solidity,20,0.023126929998397827,0.7285060882568359,0.9659994843998982,morphology
full residual,Schwann cell,morph_nuc_area_um2,20,0.002095538191497326,0.7841262817382812,0.9762678803641093,morphology
full residual,Schwann cell,morph_nuc_cell_ratio,20,8.689425885677338e-05,0.6215133666992188,0.919407135849699,morphology
full residual,Schwann cell,morph_nuc_eccentricity,20,0.05390235781669617,0.3299827575683594,0.6910554009514887,morphology
full residual,Schwann cell,morph_nuc_perimeter_um,20,-0.008240621536970139,0.6215133666992188,0.919407135849699,morphology
full residual,Schwann cell,morph_nuc_solidity,20,-0.026754267513751984,0.5458755493164062,0.8911466564812003,morphology
full residual,Schwann cell,nuc_offset,20,-0.017839942127466202,0.7841262817382812,0.9762678803641093,morphology
full residual,Schwann cell,r18s_cyto_mean,20,0.08876729011535645,0.023950576782226562,0.2564277648925781,intensity: cyto
full residual,Schwann cell,r18s_cyto_p90,20,0.07180571556091309,0.026641845703125,0.2564277648925781,intensity: cyto
full residual,Schwann cell,r18s_glcm_asm,20,0.005674583837389946,0.5458755493164062,0.8911466564812003,texture (Haralick)
full residual,Schwann cell,r18s_glcm_contrast,20,0.004445843398571014,0.9854354858398438,1.0,texture (Haralick)
full residual,Schwann cell,r18s_glcm_correlation,20,0.038732703775167465,0.36827659606933594,0.7243236371666003,texture (Haralick)
full residual,Schwann cell,r18s_glcm_entropy,20,0.010307859629392624,0.4304332733154297,0.8027409531000093,texture (Haralick)
full residual,Schwann cell,r18s_glcm_homogeneity,20,0.010136446915566921,0.6215133666992188,0.919407135849699,texture (Haralick)
full residual,Schwann cell,r18s_nuc_mean,20,0.09457114338874817,0.15364646911621094,0.5161285400390625,intensity: nuc
full residual,Schwann cell,r18s_nuc_p90,20,0.0734318345785141,0.1230926513671875,0.462,intensity: nuc
full residual,Schwann cell,r18s_polarity_nuc,20,-0.030305253341794014,0.3299827575683594,0.6910554009514887,polarity
full residual,Schwann cell,r18s_polarity_shape,20,0.022022154182195663,0.5216732025146484,0.8747271284272399,polarity
full residual,Schwann cell,r18s_radial_b0,20,-0.024360937997698784,0.8694877624511719,0.983923724477325,radial profile
full residual,Schwann cell,r18s_radial_b1,20,-0.010271705687046051,0.8123550415039062,0.9762678803641093,radial profile
full residual,Schwann cell,r18s_radial_b2,20,-0.048306651413440704,0.0758514404296875,0.3788471943623311,radial profile
full residual,Schwann cell,r18s_radial_b3,20,-0.04419349879026413,0.09730720520019531,0.43646532817951683,radial profile
full residual,Schwann cell,r18s_radial_b4,20,0.06797358393669128,0.009435653686523438,0.15597152709960938,radial profile
full residual,Schwann cell,r18s_rim_mean,20,0.09692572057247162,0.03276824951171875,0.2679456862728153,intensity: rim
full residual,Schwann cell,r18s_rim_p90,20,0.0972389504313469,0.026641845703125,0.2564277648925781,intensity: rim
full residual,Schwann cell,smavim_cyto_mean,20,0.05926673859357834,0.956329345703125,1.0,intensity: cyto
full residual,Schwann cell,smavim_cyto_p90,20,0.018578745424747467,0.956329345703125,1.0,intensity: cyto
full residual,Schwann cell,smavim_glcm_asm,20,-0.009402737021446228,0.6476554870605469,0.919407135849699,texture (Haralick)
full residual,Schwann cell,smavim_glcm_contrast,20,-0.011438913643360138,0.8123550415039062,0.9762678803641093,texture (Haralick)
full residual,Schwann cell,smavim_glcm_entropy,20,0.008334342390298843,0.7285060882568359,0.9659994843998982,texture (Haralick)
full residual,Schwann cell,smavim_glcm_homogeneity,20,-0.04482055455446243,0.6476554870605469,0.919407135849699,texture (Haralick)
full residual,Schwann cell,smavim_nuc_mean,20,0.021478626877069473,0.8694877624511719,0.983923724477325,intensity: nuc
full residual,Schwann cell,smavim_nuc_p90,20,0.007663354277610779,0.6742229461669922,0.9300615776909722,intensity: nuc
full residual,Schwann cell,smavim_polarity_nuc,20,-0.01412653923034668,0.7841262817382812,0.9762678803641093,polarity
full residual,Schwann cell,smavim_polarity_shape,20,-0.004133310168981552,0.7561664581298828,0.9668078513496253,polarity
full residual,Schwann cell,smavim_radial_b0,20,0.04270303249359131,0.40909767150878906,0.7851018207829173,radial profile
full residual,Schwann cell,smavim_radial_b1,20,0.01772354729473591,0.7011814117431641,0.9488504161005434,radial profile
full residual,Schwann cell,smavim_radial_b2,20,0.0010448233224451542,0.6476554870605469,0.919407135849699,radial profile
full residual,Schwann cell,smavim_radial_b3,20,-0.08714514225721359,0.13272666931152344,0.47670271589949326,radial profile
full residual,Schwann cell,smavim_radial_b4,20,0.0225334782153368,0.36827659606933594,0.7243236371666003,radial profile
full residual,Schwann cell,smavim_rim_mean,20,0.0626385360956192,0.9854354858398438,1.0,intensity: rim
full residual,Schwann cell,smavim_rim_p90,20,0.02087485045194626,0.8694877624511719,0.983923724477325,intensity: rim
full residual,T cell,bnd_cyto_mean,11,-0.04463554173707962,0.2060546875,0.5865511245958034,intensity: cyto
full residual,T cell,bnd_cyto_p90,11,-0.08149208128452301,0.1015625,0.44058098591549294,intensity: cyto
full residual,T cell,bnd_glcm_asm,11,0.06846509873867035,0.4130859375,0.7851018207829173,texture (Haralick)
full residual,T cell,bnd_glcm_contrast,11,0.0882006287574768,0.1015625,0.44058098591549294,texture (Haralick)
full residual,T cell,bnd_glcm_correlation,11,-0.18872025609016418,0.009765625,0.15830592105263158,texture (Haralick)
full residual,T cell,bnd_glcm_entropy,11,-0.0612734854221344,0.51953125,0.8747271284272399,texture (Haralick)
full residual,T cell,bnd_glcm_homogeneity,11,-0.05224600434303284,0.7646484375,0.9668078513496253,texture (Haralick)
full residual,T cell,bnd_nuc_mean,11,0.062073782086372375,0.365234375,0.7243236371666003,intensity: nuc
full residual,T cell,bnd_nuc_p90,11,0.010666947811841965,0.6376953125,0.919407135849699,intensity: nuc
full residual,T cell,bnd_polarity_nuc,11,-0.058100875467061996,0.5771484375,0.919407135849699,polarity
full residual,T cell,bnd_polarity_shape,11,-0.01483491063117981,0.46484375,0.8300245130384291,polarity
full residual,T cell,bnd_radial_b0,11,0.03517654538154602,0.4130859375,0.7851018207829173,radial profile
full residual,T cell,bnd_radial_b1,11,0.0408632829785347,0.240234375,0.6198811128288914,radial profile
full residual,T cell,bnd_radial_b2,11,0.0019935518503189087,0.8984375,0.983923724477325,radial profile
full residual,T cell,bnd_radial_b3,11,-0.11427818238735199,0.0830078125,0.3953567976804124,radial profile
full residual,T cell,bnd_radial_b4,11,-0.030165523290634155,0.8984375,0.983923724477325,radial profile
full residual,T cell,bnd_rim_mean,11,-0.016309648752212524,0.46484375,0.8300245130384291,intensity: rim
full residual,T cell,bnd_rim_p90,11,-0.033500753343105316,0.0322265625,0.2679456862728153,intensity: rim
full residual,T cell,dapi_cyto_mean,11,0.21677838265895844,0.0537109375,0.3477621144261853,intensity: cyto
full residual,T cell,dapi_cyto_p90,11,0.21454282104969025,0.0322265625,0.2679456862728153,intensity: cyto
full residual,T cell,dapi_glcm_asm,11,0.09842218458652496,0.1748046875,0.5554214477539062,texture (Haralick)
full residual,T cell,dapi_glcm_contrast,11,-0.08133697509765625,0.0009765625,0.04943968120374178,texture (Haralick)
full residual,T cell,dapi_glcm_correlation,11,0.08914296329021454,0.0537109375,0.3477621144261853,texture (Haralick)
full residual,T cell,dapi_glcm_entropy,11,-0.10322611778974533,0.1748046875,0.5554214477539062,texture (Haralick)
full residual,T cell,dapi_glcm_homogeneity,11,0.128409743309021,0.0419921875,0.30078125,texture (Haralick)
full residual,T cell,dapi_nuc_mean,11,0.18851906061172485,0.0673828125,0.3598943280346821,intensity: nuc
full residual,T cell,dapi_nuc_p90,11,0.1745237410068512,0.1015625,0.44058098591549294,intensity: nuc
full residual,T cell,dapi_polarity_nuc,11,0.07666828483343124,0.240234375,0.6198811128288914,polarity
full residual,T cell,dapi_polarity_shape,11,-0.023434139788150787,0.6376953125,0.919407135849699,polarity
full residual,T cell,dapi_radial_b0,11,-0.022134605795145035,0.7001953125,0.9488504161005434,radial profile
full residual,T cell,dapi_radial_b1,11,-0.08104969561100006,0.1015625,0.44058098591549294,radial profile
full residual,T cell,dapi_radial_b2,11,-0.146238312125206,0.0244140625,0.2564277648925781,radial profile
full residual,T cell,dapi_radial_b3,11,0.005046479403972626,0.7646484375,0.9668078513496253,radial profile
full residual,T cell,dapi_radial_b4,11,0.07928920537233353,0.0419921875,0.30078125,radial profile
full residual,T cell,dapi_rim_mean,11,0.17134441435337067,0.0419921875,0.30078125,intensity: rim
full residual,T cell,dapi_rim_p90,11,0.26323401927948,0.0673828125,0.3598943280346821,intensity: rim
full residual,T cell,morph_cell_area_um2,11,-0.027849331498146057,0.4130859375,0.7851018207829173,morphology
full residual,T cell,morph_cell_circularity,11,0.09162835776805878,0.3203125,0.6879260910636035,morphology
full residual,T cell,morph_cell_eccentricity,11,-0.014919433742761612,1.0,1.0,morphology
full residual,T cell,morph_cell_major_um,11,-0.06599479913711548,0.123046875,0.462,morphology
full residual,T cell,morph_cell_minor_um,11,-0.039056453853845596,0.365234375,0.7243236371666003,morphology
full residual,T cell,morph_cell_perimeter_um,11,-0.09767457097768784,0.2060546875,0.5865511245958034,morphology
full residual,T cell,morph_cell_solidity,11,0.029084548354148865,0.6376953125,0.919407135849699,morphology
full residual,T cell,morph_nuc_area_um2,11,0.004230968654155731,0.8984375,0.983923724477325,morphology
full residual,T cell,morph_nuc_cell_ratio,11,0.11280959844589233,0.0322265625,0.2679456862728153,morphology
full residual,T cell,morph_nuc_eccentricity,11,-0.04259365051984787,0.240234375,0.6198811128288914,morphology
full residual,T cell,morph_nuc_perimeter_um,11,-0.014492379501461983,1.0,1.0,morphology
full residual,T cell,morph_nuc_solidity,11,-0.05386979132890701,0.6376953125,0.919407135849699,morphology
full residual,T cell,nuc_offset,11,-0.15675553679466248,0.240234375,0.6198811128288914,morphology
full residual,T cell,r18s_cyto_mean,11,0.09192326664924622,0.0419921875,0.30078125,intensity: cyto
full residual,T cell,r18s_cyto_p90,11,0.09059102088212967,0.0009765625,0.04943968120374178,intensity: cyto
full residual,T cell,r18s_glcm_asm,11,0.06761422753334045,0.240234375,0.6198811128288914,texture (Haralick)
full residual,T cell,r18s_glcm_contrast,11,-0.02689892053604126,0.365234375,0.7243236371666003,texture (Haralick)
full residual,T cell,r18s_glcm_correlation,11,0.0228962954133749,0.7646484375,0.9668078513496253,texture (Haralick)
full residual,T cell,r18s_glcm_entropy,11,-0.016395188868045807,0.1474609375,0.5046440972222223,texture (Haralick)
full residual,T cell,r18s_glcm_homogeneity,11,0.05804116651415825,0.0830078125,0.3953567976804124,texture (Haralick)
full residual,T cell,r18s_nuc_mean,11,0.05766705796122551,0.1015625,0.44058098591549294,intensity: nuc
full residual,T cell,r18s_nuc_p90,11,0.09378475695848465,0.0419921875,0.30078125,intensity: nuc
full residual,T cell,r18s_polarity_nuc,11,-0.0316956490278244,0.7646484375,0.9668078513496253,polarity
full residual,T cell,r18s_polarity_shape,11,-0.0512099489569664,0.3203125,0.6879260910636035,polarity
full residual,T cell,r18s_radial_b0,11,-0.13210853934288025,0.123046875,0.462,radial profile
full residual,T cell,r18s_radial_b1,11,-0.11230871081352234,0.0537109375,0.3477621144261853,radial profile
full residual,T cell,r18s_radial_b2,11,-0.19026514887809753,0.001953125,0.0622711181640625,radial profile
full residual,T cell,r18s_radial_b3,11,-0.09816490113735199,0.0673828125,0.3598943280346821,radial profile
full residual,T cell,r18s_radial_b4,11,0.19694235920906067,0.0009765625,0.04943968120374178,radial profile
full residual,T cell,r18s_rim_mean,11,0.0911039412021637,0.0244140625,0.2564277648925781,intensity: rim
full residual,T cell,r18s_rim_p90,11,0.14636945724487305,0.001953125,0.0622711181640625,intensity: rim
full residual,T cell,smavim_cyto_mean,11,-0.05565314739942551,0.2783203125,0.6628040431701031,intensity: cyto
full residual,T cell,smavim_cyto_p90,11,-0.006460532546043396,0.9658203125,1.0,intensity: cyto
full residual,T cell,smavim_glcm_asm,11,0.17355768382549286,0.3203125,0.6879260910636035,texture (Haralick)
full residual,T cell,smavim_glcm_contrast,11,-0.2593894600868225,0.0009765625,0.04943968120374178,texture (Haralick)
full residual,T cell,smavim_glcm_entropy,11,-0.15795265138149261,0.2060546875,0.5865511245958034,texture (Haralick)
full residual,T cell,smavim_glcm_homogeneity,11,0.19041085243225098,0.0673828125,0.3598943280346821,texture (Haralick)
full residual,T cell,smavim_nuc_mean,11,-0.11358286440372467,0.123046875,0.462,intensity: nuc
full residual,T cell,smavim_nuc_p90,11,-0.1643759310245514,0.1015625,0.44058098591549294,intensity: nuc
full residual,T cell,smavim_polarity_nuc,11,-0.12295147776603699,0.3203125,0.6879260910636035,polarity
full residual,T cell,smavim_polarity_shape,11,0.023640215396881104,0.7646484375,0.9668078513496253,polarity
full residual,T cell,smavim_radial_b0,11,0.017060089856386185,1.0,1.0,radial profile
full residual,T cell,smavim_radial_b1,11,0.024218611419200897,1.0,1.0,radial profile
full residual,T cell,smavim_radial_b2,11,-0.1581858992576599,0.0673828125,0.3598943280346821,radial profile
full residual,T cell,smavim_radial_b3,11,-0.09925319254398346,0.0322265625,0.2679456862728153,radial profile
full residual,T cell,smavim_radial_b4,11,0.24882380664348602,0.0185546875,0.23811848958333334,radial profile
full residual,T cell,smavim_rim_mean,11,-0.09430251270532608,0.1474609375,0.5046440972222223,intensity: rim
full residual,T cell,smavim_rim_p90,11,-0.0215139240026474,0.5771484375,0.919407135849699,intensity: rim
full residual,VSMC,bnd_cyto_mean,20,-0.014052525162696838,0.9272785186767578,0.9974451120574205,intensity: cyto
full residual,VSMC,bnd_cyto_p90,20,-0.10939793288707733,0.0758514404296875,0.3788471943623311,intensity: cyto
full residual,VSMC,bnd_glcm_asm,20,-0.015398412942886353,0.2942523956298828,0.6794117647058824,texture (Haralick)
full residual,VSMC,bnd_glcm_contrast,20,0.03222280740737915,0.8983173370361328,0.983923724477325,texture (Haralick)
full residual,VSMC,bnd_glcm_correlation,20,-0.03969339281320572,0.16495704650878906,0.5415433247884115,texture (Haralick)
full residual,VSMC,bnd_glcm_entropy,20,0.014005037024617195,0.36827659606933594,0.7243236371666003,texture (Haralick)
full residual,VSMC,bnd_glcm_homogeneity,20,-0.03589427471160889,0.38837623596191406,0.7507523891816079,texture (Haralick)
full residual,VSMC,bnd_nuc_mean,20,0.04491608589887619,0.1893482208251953,0.5554214477539062,intensity: nuc
full residual,VSMC,bnd_nuc_p90,20,-0.017962321639060974,0.956329345703125,1.0,intensity: nuc
full residual,VSMC,bnd_polarity_nuc,20,-0.05584418401122093,0.08969497680664062,0.41266233529617535,polarity
full residual,VSMC,bnd_polarity_shape,20,0.008071959018707275,0.6476554870605469,0.919407135849699,polarity
full residual,VSMC,bnd_radial_b0,20,0.014545261859893799,0.11398696899414062,0.462,radial profile
full residual,VSMC,bnd_radial_b1,20,0.033612120896577835,0.1230926513671875,0.462,radial profile
full residual,VSMC,bnd_radial_b2,20,0.020127614960074425,0.38837623596191406,0.7507523891816079,radial profile
full residual,VSMC,bnd_radial_b3,20,0.030190611258149147,0.7841262817382812,0.9762678803641093,radial profile
full residual,VSMC,bnd_radial_b4,20,-0.004105564206838608,0.36827659606933594,0.7243236371666003,radial profile
full residual,VSMC,bnd_rim_mean,20,-0.02648777887225151,0.9272785186767578,0.9974451120574205,intensity: rim
full residual,VSMC,bnd_rim_p90,20,-0.12013360857963562,0.058258056640625,0.35,intensity: rim
full residual,VSMC,dapi_cyto_mean,20,0.03511010855436325,0.36827659606933594,0.7243236371666003,intensity: cyto
full residual,VSMC,dapi_cyto_p90,20,0.02206624485552311,0.4523754119873047,0.8195978052475873,intensity: cyto
full residual,VSMC,dapi_glcm_asm,20,0.042998380959033966,0.08969497680664062,0.41266233529617535,texture (Haralick)
full residual,VSMC,dapi_glcm_contrast,20,-0.02224569581449032,0.24548721313476562,0.6198811128288914,texture (Haralick)
full residual,VSMC,dapi_glcm_correlation,20,0.021603794768452644,0.6476554870605469,0.919407135849699,texture (Haralick)
full residual,VSMC,dapi_glcm_entropy,20,-0.03402966260910034,0.13272666931152344,0.47670271589949326,texture (Haralick)
full residual,VSMC,dapi_glcm_homogeneity,20,0.024194074794650078,0.3117942810058594,0.6794117647058824,texture (Haralick)
full residual,VSMC,dapi_nuc_mean,20,0.06101555749773979,0.13272666931152344,0.47670271589949326,intensity: nuc
full residual,VSMC,dapi_nuc_p90,20,0.06456204503774643,0.04844093322753906,0.3291133992812213,intensity: nuc
full residual,VSMC,dapi_polarity_nuc,20,-0.03270832821726799,0.15364646911621094,0.5161285400390625,polarity
full residual,VSMC,dapi_polarity_shape,20,-0.07206070423126221,0.069580078125,0.3611909673455056,polarity
full residual,VSMC,dapi_radial_b0,20,-0.013833532109856606,0.36827659606933594,0.7243236371666003,radial profile
full residual,VSMC,dapi_radial_b1,20,-0.03249690681695938,0.24548721313476562,0.6198811128288914,radial profile
full residual,VSMC,dapi_radial_b2,20,-0.024791518226265907,0.20244979858398438,0.5827526912510952,radial profile
full residual,VSMC,dapi_radial_b3,20,0.05732123553752899,0.3117942810058594,0.6794117647058824,radial profile
full residual,VSMC,dapi_radial_b4,20,0.03266102448105812,0.38837623596191406,0.7507523891816079,radial profile
full residual,VSMC,dapi_rim_mean,20,0.0829617977142334,0.001689910888671875,0.06019240159254808,intensity: rim
full residual,VSMC,dapi_rim_p90,20,0.08949904143810272,0.0042209625244140625,0.08298232707571476,intensity: rim
full residual,VSMC,morph_cell_area_um2,20,-0.004009179770946503,0.36827659606933594,0.7243236371666003,morphology
full residual,VSMC,morph_cell_circularity,20,0.03069429099559784,0.6476554870605469,0.919407135849699,morphology
full residual,VSMC,morph_cell_eccentricity,20,-0.028122369199991226,0.5216732025146484,0.8747271284272399,morphology
full residual,VSMC,morph_cell_major_um,20,-0.012274611741304398,0.34881019592285156,0.7110743959918293,morphology
full residual,VSMC,morph_cell_minor_um,20,0.007564175873994827,0.5958194732666016,0.919407135849699,morphology
full residual,VSMC,morph_cell_perimeter_um,20,-0.00573711097240448,0.38837623596191406,0.7507523891816079,morphology
full residual,VSMC,morph_cell_solidity,20,-0.00023169629275798798,0.7011814117431641,0.9488504161005434,morphology
full residual,VSMC,morph_nuc_area_um2,20,0.07609829306602478,0.0031528472900390625,0.07666397094726562,morphology
full residual,VSMC,morph_nuc_cell_ratio,20,0.102852463722229,3.62396240234375e-05,0.03348541259765625,morphology
full residual,VSMC,morph_nuc_eccentricity,20,0.06028727442026138,0.1230926513671875,0.462,morphology
full residual,VSMC,morph_nuc_perimeter_um,20,0.040375761687755585,0.013616561889648438,0.1997095743815104,morphology
full residual,VSMC,morph_nuc_solidity,20,-0.029471732676029205,0.24548721313476562,0.6198811128288914,morphology
full residual,VSMC,nuc_offset,20,-0.04845747724175453,0.039989471435546875,0.2990378102948589,morphology
full residual,VSMC,r18s_cyto_mean,20,0.0422515943646431,0.3299827575683594,0.6910554009514887,intensity: cyto
full residual,VSMC,r18s_cyto_p90,20,0.0410725437104702,0.2305126190185547,0.6138145820551716,intensity: cyto
full residual,VSMC,r18s_glcm_asm,20,-0.012260927818715572,0.9272785186767578,0.9974451120574205,texture (Haralick)
full residual,VSMC,r18s_glcm_contrast,20,0.019407300278544426,1.0,1.0,texture (Haralick)
full residual,VSMC,r18s_glcm_correlation,20,0.033291056752204895,1.0,1.0,texture (Haralick)
full residual,VSMC,r18s_glcm_entropy,20,0.0016412255354225636,0.956329345703125,1.0,texture (Haralick)
full residual,VSMC,r18s_glcm_homogeneity,20,0.02134786546230316,0.6742229461669922,0.9300615776909722,texture (Haralick)
full residual,VSMC,r18s_nuc_mean,20,-0.011972814798355103,0.47490501403808594,0.8406364616306349,intensity: nuc
full residual,VSMC,r18s_nuc_p90,20,0.044987209141254425,0.7561664581298828,0.9668078513496253,intensity: nuc
full residual,VSMC,r18s_polarity_nuc,20,-0.11822225153446198,0.00365447998046875,0.07888745152673056,polarity
full residual,VSMC,r18s_polarity_shape,20,-0.04493796080350876,0.04844093322753906,0.3291133992812213,polarity
full residual,VSMC,r18s_radial_b0,20,-0.017788223922252655,0.34881019592285156,0.7110743959918293,radial profile
full residual,VSMC,r18s_radial_b1,20,-0.06588033586740494,0.013616561889648438,0.1997095743815104,radial profile
full residual,VSMC,r18s_radial_b2,20,-0.11817227303981781,0.021484375,0.25450721153846156,radial profile
full residual,VSMC,r18s_radial_b3,20,-0.08105546236038208,0.04405403137207031,0.3119163513183594,radial profile
full residual,VSMC,r18s_radial_b4,20,0.11736363172531128,0.000850677490234375,0.04943968120374178,radial profile
full residual,VSMC,r18s_rim_mean,20,0.0155491903424263,0.40909767150878906,0.7851018207829173,intensity: rim
full residual,VSMC,r18s_rim_p90,20,0.050558339804410934,0.2942523956298828,0.6794117647058824,intensity: rim
full residual,VSMC,smavim_cyto_mean,20,0.08091312646865845,0.058258056640625,0.35,intensity: cyto
full residual,VSMC,smavim_cyto_p90,20,0.050553128123283386,0.2305126190185547,0.6138145820551716,intensity: cyto
full residual,VSMC,smavim_glcm_asm,20,-0.07594361901283264,0.1893482208251953,0.5554214477539062,texture (Haralick)
full residual,VSMC,smavim_glcm_contrast,20,0.0176265649497509,0.8408222198486328,0.9834426976457427,texture (Haralick)
full residual,VSMC,smavim_glcm_entropy,20,0.0485139936208725,0.1893482208251953,0.5554214477539062,texture (Haralick)
full residual,VSMC,smavim_glcm_homogeneity,20,-0.05212941765785217,0.15364646911621094,0.5161285400390625,texture (Haralick)
full residual,VSMC,smavim_nuc_mean,20,0.13362978398799896,0.001689910888671875,0.06019240159254808,intensity: nuc
full residual,VSMC,smavim_nuc_p90,20,0.08953437209129333,0.029575347900390625,0.26531671320350425,intensity: nuc
full residual,VSMC,smavim_polarity_nuc,20,-0.05413898080587387,0.2773551940917969,0.6622124013974685,polarity
full residual,VSMC,smavim_polarity_shape,20,0.02646564692258835,0.956329345703125,1.0,polarity
full residual,VSMC,smavim_radial_b0,20,0.02210044115781784,0.9854354858398438,1.0,radial profile
full residual,VSMC,smavim_radial_b1,20,-0.01845334656536579,0.34881019592285156,0.7110743959918293,radial profile
full residual,VSMC,smavim_radial_b2,20,-0.0439620241522789,0.13272666931152344,0.47670271589949326,radial profile
full residual,VSMC,smavim_radial_b3,20,-0.0011442936956882477,0.47490501403808594,0.8406364616306349,radial profile
full residual,VSMC,smavim_radial_b4,20,0.052237190306186676,0.09730720520019531,0.43646532817951683,radial profile
full residual,VSMC,smavim_rim_mean,20,0.11483979970216751,0.026641845703125,0.2564277648925781,intensity: rim
full residual,VSMC,smavim_rim_p90,20,0.09733375906944275,0.15364646911621094,0.5161285400390625,intensity: rim
field,Astrocyte,bnd_cyto_mean,19,-0.0029405243694782257,0.8905677795410156,0.9735423487208233,intensity: cyto
field,Astrocyte,bnd_cyto_p90,19,-0.08305718004703522,0.12318801879882812,0.4894067796610169,intensity: cyto
field,Astrocyte,bnd_glcm_asm,19,-0.04427921026945114,0.3320655822753906,0.6584304678593582,texture (Haralick)
field,Astrocyte,bnd_glcm_contrast,19,0.049643624573946,0.044559478759765625,0.31917021995367006,texture (Haralick)
field,Astrocyte,bnd_glcm_correlation,19,-0.05209209397435188,0.104156494140625,0.4649304376132246,texture (Haralick)
field,Astrocyte,bnd_glcm_entropy,19,0.03768237680196762,0.22532272338867188,0.5881304983365334,texture (Haralick)
field,Astrocyte,bnd_glcm_homogeneity,19,-0.06019636616110802,0.24125289916992188,0.5944471435546875,texture (Haralick)
field,Astrocyte,bnd_nuc_mean,19,0.007474973797798157,0.6794281005859375,0.8743615110604543,intensity: nuc
field,Astrocyte,bnd_nuc_p90,19,-0.025066303089261055,0.8287849426269531,0.9536703449406035,intensity: nuc
field,Astrocyte,bnd_polarity_nuc,19,-0.008975410833954811,0.8905677795410156,0.9735423487208233,polarity
field,Astrocyte,bnd_polarity_shape,19,-0.04627769812941551,0.18186569213867188,0.5564367534309034,polarity
field,Astrocyte,bnd_radial_b0,19,-0.008216003887355328,0.3954620361328125,0.6920585632324219,radial profile
field,Astrocyte,bnd_radial_b1,19,-0.011567488312721252,0.4413337707519531,0.7246173290496177,radial profile
field,Astrocyte,bnd_radial_b2,19,-0.0026175715029239655,0.9529838562011719,0.9994972566741008,radial profile
field,Astrocyte,bnd_radial_b3,19,0.02031271532177925,0.4653167724609375,0.7400218549981175,radial profile
field,Astrocyte,bnd_radial_b4,19,0.012803234159946442,0.6225624084472656,0.8418367346938775,radial profile
field,Astrocyte,bnd_rim_mean,19,-0.030652981251478195,0.8905677795410156,0.9735423487208233,intensity: rim
field,Astrocyte,bnd_rim_p90,19,-0.0885435938835144,0.12318801879882812,0.4894067796610169,intensity: rim
field,Astrocyte,dapi_cyto_mean,19,-0.003238581120967865,0.8905677795410156,0.9735423487208233,intensity: cyto
field,Astrocyte,dapi_cyto_p90,19,0.008146587759256363,0.9217147827148438,0.9893826226989887,intensity: cyto
field,Astrocyte,dapi_glcm_asm,19,0.007326963823288679,0.9217147827148438,0.9893826226989887,texture (Haralick)
field,Astrocyte,dapi_glcm_contrast,19,0.0038553476333618164,0.5152778625488281,0.7724776268005371,texture (Haralick)
field,Astrocyte,dapi_glcm_correlation,19,-0.0017474871128797531,0.5412178039550781,0.7963140937173443,texture (Haralick)
field,Astrocyte,dapi_glcm_entropy,19,-0.007548771798610687,0.9529838562011719,0.9994972566741008,texture (Haralick)
field,Astrocyte,dapi_glcm_homogeneity,19,-0.0015724226832389832,0.5948867797851562,0.8291222790637648,texture (Haralick)
field,Astrocyte,dapi_nuc_mean,19,0.08499185740947723,0.08742904663085938,0.4142791748046875,intensity: nuc
field,Astrocyte,dapi_nuc_p90,19,0.08566872030496597,0.07283401489257812,0.38298760085809425,intensity: nuc
field,Astrocyte,dapi_polarity_nuc,19,-0.0037830471992492676,0.9529838562011719,0.9994972566741008,polarity
field,Astrocyte,dapi_polarity_shape,19,-0.003882724791765213,0.76800537109375,0.92641901160656,polarity
field,Astrocyte,dapi_radial_b0,19,0.007718957960605621,0.5948867797851562,0.8291222790637648,radial profile
field,Astrocyte,dapi_radial_b1,19,0.013808340765535831,0.5948867797851562,0.8291222790637648,radial profile
field,Astrocyte,dapi_radial_b2,19,0.0005432944744825363,0.7380905151367188,0.908116692391915,radial profile
field,Astrocyte,dapi_radial_b3,19,-0.015897344797849655,0.3954620361328125,0.6920585632324219,radial profile
field,Astrocyte,dapi_radial_b4,19,-0.009340714663267136,0.76800537109375,0.92641901160656,radial profile
field,Astrocyte,dapi_rim_mean,19,0.007503136992454529,0.5677604675292969,0.8179750398825143,intensity: rim
field,Astrocyte,dapi_rim_p90,19,0.020700030028820038,0.4653167724609375,0.7400218549981175,intensity: rim
field,Astrocyte,morph_cell_area_um2,19,-0.00543151143938303,0.48996734619140625,0.7634567080621575,morphology
field,Astrocyte,morph_cell_circularity,19,0.013165093958377838,0.09551239013671875,0.4457244873046875,morphology
field,Astrocyte,morph_cell_eccentricity,19,-0.005165541544556618,0.18186569213867188,0.5564367534309034,morphology
field,Astrocyte,morph_cell_major_um,19,-0.022819265723228455,0.22532272338867188,0.5881304983365334,morphology
field,Astrocyte,morph_cell_minor_um,19,-0.01219317689538002,0.6225624084472656,0.8418367346938775,morphology
field,Astrocyte,morph_cell_perimeter_um,19,-0.010473515838384628,0.37359619140625,0.6849263509114584,morphology
field,Astrocyte,morph_cell_solidity,19,0.016626760363578796,0.2753410339355469,0.6196818524096386,morphology
field,Astrocyte,morph_nuc_area_um2,19,-0.015251994132995605,0.3954620361328125,0.6920585632324219,morphology
field,Astrocyte,morph_nuc_cell_ratio,19,0.010794589295983315,0.70855712890625,0.8883402810167911,morphology
field,Astrocyte,morph_nuc_eccentricity,19,-0.014911570586264133,0.005329132080078125,0.12010044004858994,morphology
field,Astrocyte,morph_nuc_perimeter_um,19,-0.02347310073673725,0.25792694091796875,0.615825564362282,morphology
field,Astrocyte,morph_nuc_solidity,19,0.03371451795101166,0.1956329345703125,0.563130316333236,morphology
field,Astrocyte,nuc_offset,19,-0.006649256683886051,0.5152778625488281,0.7724776268005371,morphology
field,Astrocyte,r18s_cyto_mean,19,0.003419123589992523,0.70855712890625,0.8883402810167911,intensity: cyto
field,Astrocyte,r18s_cyto_p90,19,-0.0056624636054039,0.8905677795410156,0.9735423487208233,intensity: cyto
field,Astrocyte,r18s_glcm_asm,19,-0.01840617135167122,0.5677604675292969,0.8179750398825143,texture (Haralick)
field,Astrocyte,r18s_glcm_contrast,19,0.013854796066880226,0.37359619140625,0.6849263509114584,texture (Haralick)
field,Astrocyte,r18s_glcm_correlation,19,-0.020557457581162453,0.07283401489257812,0.38298760085809425,texture (Haralick)
field,Astrocyte,r18s_glcm_entropy,19,0.01775762438774109,0.312408447265625,0.6388274336283186,texture (Haralick)
field,Astrocyte,r18s_glcm_homogeneity,19,-0.01786709949374199,0.24125289916992188,0.5944471435546875,texture (Haralick)
field,Astrocyte,r18s_nuc_mean,19,-0.001300320029258728,0.9529838562011719,0.9994972566741008,intensity: nuc
field,Astrocyte,r18s_nuc_p90,19,0.005671769380569458,0.9217147827148438,0.9893826226989887,intensity: nuc
field,Astrocyte,r18s_polarity_nuc,19,-0.010607045143842697,0.21011734008789062,0.5778226852416992,polarity
field,Astrocyte,r18s_polarity_shape,19,-0.0020143911242485046,0.7982521057128906,0.9407894736842105,polarity
field,Astrocyte,r18s_radial_b0,19,-0.005882818251848221,0.312408447265625,0.6388274336283186,radial profile
field,Astrocyte,r18s_radial_b1,19,0.005387218669056892,0.6794281005859375,0.8743615110604543,radial profile
field,Astrocyte,r18s_radial_b2,19,0.003263428807258606,0.8905677795410156,0.9735423487208233,radial profile
field,Astrocyte,r18s_radial_b3,19,0.002049218863248825,0.7380905151367188,0.908116692391915,radial profile
field,Astrocyte,r18s_radial_b4,19,0.014629025012254715,0.24125289916992188,0.5944471435546875,radial profile
field,Astrocyte,r18s_rim_mean,19,0.009949132800102234,0.5677604675292969,0.8179750398825143,intensity: rim
field,Astrocyte,r18s_rim_p90,19,0.005637265741825104,0.76800537109375,0.92641901160656,intensity: rim
field,Astrocyte,smavim_cyto_mean,19,-0.034566737711429596,0.156402587890625,0.5274306248574361,intensity: cyto
field,Astrocyte,smavim_cyto_p90,19,-0.054691191762685776,0.4180412292480469,0.7126754535520209,intensity: cyto
field,Astrocyte,smavim_glcm_asm,19,-0.0023905187845230103,0.3954620361328125,0.6920585632324219,texture (Haralick)
field,Astrocyte,smavim_glcm_contrast,19,-0.02381720393896103,0.6507492065429688,0.8528968324052527,texture (Haralick)
field,Astrocyte,smavim_glcm_entropy,19,0.012023627758026123,0.4653167724609375,0.7400218549981175,texture (Haralick)
field,Astrocyte,smavim_glcm_homogeneity,19,-0.020252905786037445,0.37359619140625,0.6849263509114584,texture (Haralick)
field,Astrocyte,smavim_nuc_mean,19,-0.04227764159440994,0.3524589538574219,0.680483615398407,intensity: nuc
field,Astrocyte,smavim_nuc_p90,19,-0.05113023519515991,0.3954620361328125,0.6920585632324219,intensity: nuc
field,Astrocyte,smavim_polarity_nuc,19,-0.016374025493860245,0.14468765258789062,0.51611328125,polarity
field,Astrocyte,smavim_polarity_shape,19,-0.022464968264102936,0.312408447265625,0.6388274336283186,polarity
field,Astrocyte,smavim_radial_b0,19,-0.015517190098762512,0.3954620361328125,0.6920585632324219,radial profile
field,Astrocyte,smavim_radial_b1,19,-0.011091254651546478,0.3954620361328125,0.6920585632324219,radial profile
field,Astrocyte,smavim_radial_b2,19,-0.004996888339519501,0.37359619140625,0.6849263509114584,radial profile
field,Astrocyte,smavim_radial_b3,19,0.004423442296683788,0.4413337707519531,0.7246173290496177,radial profile
field,Astrocyte,smavim_radial_b4,19,0.014481529593467712,0.14468765258789062,0.51611328125,radial profile
field,Astrocyte,smavim_rim_mean,19,-0.04066111147403717,0.21011734008789062,0.5778226852416992,intensity: rim
field,Astrocyte,smavim_rim_p90,19,-0.05164207145571709,0.5152778625488281,0.7724776268005371,intensity: rim
field,DC,bnd_cyto_mean,5,-0.19385266304016113,0.3125,0.6388274336283186,intensity: cyto
field,DC,bnd_cyto_p90,5,-0.2842465937137604,0.4375,0.7246173290496177,intensity: cyto
field,DC,bnd_glcm_asm,5,-0.06705271452665329,0.8125,0.9407894736842105,texture (Haralick)
field,DC,bnd_glcm_contrast,5,0.09538163989782333,0.1875,0.5606796116504854,texture (Haralick)
field,DC,bnd_glcm_correlation,5,-0.0913056954741478,0.125,0.4894067796610169,texture (Haralick)
field,DC,bnd_glcm_entropy,5,0.041072696447372437,0.8125,0.9407894736842105,texture (Haralick)
field,DC,bnd_glcm_homogeneity,5,-0.07109002768993378,0.8125,0.9407894736842105,texture (Haralick)
field,DC,bnd_nuc_mean,5,-0.04415510594844818,1.0,1.0,intensity: nuc
field,DC,bnd_nuc_p90,5,-0.10979259014129639,0.4375,0.7246173290496177,intensity: nuc
field,DC,bnd_polarity_nuc,5,-0.03660060465335846,0.1875,0.5606796116504854,polarity
field,DC,bnd_polarity_shape,5,0.0038906633853912354,0.8125,0.9407894736842105,polarity
field,DC,bnd_radial_b0,5,0.04617702588438988,1.0,1.0,radial profile
field,DC,bnd_radial_b1,5,0.048326388001441956,1.0,1.0,radial profile
field,DC,bnd_radial_b2,5,0.02447308599948883,1.0,1.0,radial profile
field,DC,bnd_radial_b3,5,-0.014720495790243149,0.625,0.8418367346938775,radial profile
field,DC,bnd_radial_b4,5,-0.0320136621594429,1.0,1.0,radial profile
field,DC,bnd_rim_mean,5,-0.18173351883888245,0.3125,0.6388274336283186,intensity: rim
field,DC,bnd_rim_p90,5,-0.29725533723831177,0.4375,0.7246173290496177,intensity: rim
field,DC,dapi_cyto_mean,5,0.09591778367757797,0.0625,0.3701923076923077,intensity: cyto
field,DC,dapi_cyto_p90,5,0.1314554214477539,0.125,0.4894067796610169,intensity: cyto
field,DC,dapi_glcm_asm,5,-0.007425859570503235,1.0,1.0,texture (Haralick)
field,DC,dapi_glcm_contrast,5,-0.07220406085252762,0.0625,0.3701923076923077,texture (Haralick)
field,DC,dapi_glcm_correlation,5,0.03779806196689606,0.125,0.4894067796610169,texture (Haralick)
field,DC,dapi_glcm_entropy,5,-0.017031703144311905,0.8125,0.9407894736842105,texture (Haralick)
field,DC,dapi_glcm_homogeneity,5,0.02269926108419895,0.1875,0.5606796116504854,texture (Haralick)
field,DC,dapi_nuc_mean,5,0.14145958423614502,0.0625,0.3701923076923077,intensity: nuc
field,DC,dapi_nuc_p90,5,0.141666978597641,0.0625,0.3701923076923077,intensity: nuc
field,DC,dapi_polarity_nuc,5,-0.07574721425771713,0.8125,0.9407894736842105,polarity
field,DC,dapi_polarity_shape,5,-0.053757067769765854,0.1875,0.5606796116504854,polarity
field,DC,dapi_radial_b0,5,-0.041434139013290405,0.1875,0.5606796116504854,radial profile
field,DC,dapi_radial_b1,5,-0.09828779101371765,0.3125,0.6388274336283186,radial profile
field,DC,dapi_radial_b2,5,-0.053063780069351196,0.4375,0.7246173290496177,radial profile
field,DC,dapi_radial_b3,5,0.026450419798493385,0.3125,0.6388274336283186,radial profile
field,DC,dapi_radial_b4,5,0.07267361879348755,0.4375,0.7246173290496177,radial profile
field,DC,dapi_rim_mean,5,0.10501666367053986,0.0625,0.3701923076923077,intensity: rim
field,DC,dapi_rim_p90,5,0.11036956310272217,0.125,0.4894067796610169,intensity: rim
field,DC,morph_cell_area_um2,5,-0.08655133843421936,0.125,0.4894067796610169,morphology
field,DC,morph_cell_circularity,5,0.07073124498128891,0.0625,0.3701923076923077,morphology
field,DC,morph_cell_eccentricity,5,0.003008960746228695,1.0,1.0,morphology
field,DC,morph_cell_major_um,5,-0.06940503418445587,0.0625,0.3701923076923077,morphology
field,DC,morph_cell_minor_um,5,-0.04740786552429199,0.125,0.4894067796610169,morphology
field,DC,morph_cell_perimeter_um,5,-0.11042177677154541,0.0625,0.3701923076923077,morphology
field,DC,morph_cell_solidity,5,0.07606661319732666,0.0625,0.3701923076923077,morphology
field,DC,morph_nuc_area_um2,5,0.010909825563430786,1.0,1.0,morphology
field,DC,morph_nuc_cell_ratio,5,0.08760403096675873,0.0625,0.3701923076923077,morphology
field,DC,morph_nuc_eccentricity,5,-0.04968004673719406,0.625,0.8418367346938775,morphology
field,DC,morph_nuc_perimeter_um,5,-0.01720237359404564,0.4375,0.7246173290496177,morphology
field,DC,morph_nuc_solidity,5,0.048357680439949036,0.3125,0.6388274336283186,morphology
field,DC,nuc_offset,5,-0.08506201207637787,0.125,0.4894067796610169,morphology
field,DC,r18s_cyto_mean,5,0.13054746389389038,0.0625,0.3701923076923077,intensity: cyto
field,DC,r18s_cyto_p90,5,0.13096635043621063,0.0625,0.3701923076923077,intensity: cyto
field,DC,r18s_glcm_asm,5,-0.05251640826463699,0.3125,0.6388274336283186,texture (Haralick)
field,DC,r18s_glcm_contrast,5,-0.026623070240020752,0.625,0.8418367346938775,texture (Haralick)
field,DC,r18s_glcm_correlation,5,0.05669025331735611,0.625,0.8418367346938775,texture (Haralick)
field,DC,r18s_glcm_entropy,5,0.009810421615839005,0.625,0.8418367346938775,texture (Haralick)
field,DC,r18s_glcm_homogeneity,5,0.0024986290372908115,0.8125,0.9407894736842105,texture (Haralick)
field,DC,r18s_nuc_mean,5,0.08467637747526169,0.1875,0.5606796116504854,intensity: nuc
field,DC,r18s_nuc_p90,5,0.07153356820344925,0.3125,0.6388274336283186,intensity: nuc
field,DC,r18s_polarity_nuc,5,-0.01221240870654583,0.4375,0.7246173290496177,polarity
field,DC,r18s_polarity_shape,5,-0.019809233024716377,1.0,1.0,polarity
field,DC,r18s_radial_b0,5,-0.03911874443292618,0.4375,0.7246173290496177,radial profile
field,DC,r18s_radial_b1,5,-0.10837023705244064,0.125,0.4894067796610169,radial profile
field,DC,r18s_radial_b2,5,-0.12098663300275803,0.0625,0.3701923076923077,radial profile
field,DC,r18s_radial_b3,5,-0.055050045251846313,0.625,0.8418367346938775,radial profile
field,DC,r18s_radial_b4,5,0.13634686172008514,0.125,0.4894067796610169,radial profile
field,DC,r18s_rim_mean,5,0.1426369845867157,0.0625,0.3701923076923077,intensity: rim
field,DC,r18s_rim_p90,5,0.13540329039096832,0.0625,0.3701923076923077,intensity: rim
field,DC,smavim_cyto_mean,5,-0.08137424290180206,0.8125,0.9407894736842105,intensity: cyto
field,DC,smavim_cyto_p90,5,-0.058097172528505325,0.625,0.8418367346938775,intensity: cyto
field,DC,smavim_glcm_asm,5,-0.03809834644198418,0.8125,0.9407894736842105,texture (Haralick)
field,DC,smavim_glcm_contrast,5,0.031596701592206955,1.0,1.0,texture (Haralick)
field,DC,smavim_glcm_entropy,5,0.03600110858678818,1.0,1.0,texture (Haralick)
field,DC,smavim_glcm_homogeneity,5,-0.03248023986816406,1.0,1.0,texture (Haralick)
field,DC,smavim_nuc_mean,5,0.06103883683681488,0.4375,0.7246173290496177,intensity: nuc
field,DC,smavim_nuc_p90,5,-0.09380132704973221,1.0,1.0,intensity: nuc
field,DC,smavim_polarity_nuc,5,-0.024678591638803482,0.125,0.4894067796610169,polarity
field,DC,smavim_polarity_shape,5,0.014003009535372257,1.0,1.0,polarity
field,DC,smavim_radial_b0,5,0.025520168244838715,0.8125,0.9407894736842105,radial profile
field,DC,smavim_radial_b1,5,-0.00603229645639658,1.0,1.0,radial profile
field,DC,smavim_radial_b2,5,-0.02137616276741028,0.8125,0.9407894736842105,radial profile
field,DC,smavim_radial_b3,5,-0.11280312389135361,0.3125,0.6388274336283186,radial profile
field,DC,smavim_radial_b4,5,0.048941805958747864,0.125,0.4894067796610169,radial profile
field,DC,smavim_rim_mean,5,-0.07605306059122086,1.0,1.0,intensity: rim
field,DC,smavim_rim_p90,5,-0.08439905941486359,0.625,0.8418367346938775,intensity: rim
field,Endothelial,bnd_cyto_mean,22,-0.0027782991528511047,0.9239659309387207,0.9893826226989887,intensity: cyto
field,Endothelial,bnd_cyto_p90,22,-0.10914718359708786,0.03907346725463867,0.31124037709729424,intensity: cyto
field,Endothelial,bnd_glcm_asm,22,-0.05416065827012062,0.2615199089050293,0.6164397852761405,texture (Haralick)
field,Endothelial,bnd_glcm_contrast,22,0.03936629369854927,0.030117511749267578,0.2750710880055147,texture (Haralick)
field,Endothelial,bnd_glcm_correlation,22,-0.028949692845344543,0.022916316986083984,0.25822776701392197,texture (Haralick)
field,Endothelial,bnd_glcm_entropy,22,0.06456777453422546,0.23476219177246094,0.5944471435546875,texture (Haralick)
field,Endothelial,bnd_glcm_homogeneity,22,-0.08708294481039047,0.18697643280029297,0.5606796116504854,texture (Haralick)
field,Endothelial,bnd_nuc_mean,22,0.022184673696756363,0.4825911521911621,0.7570699908737416,intensity: nuc
field,Endothelial,bnd_nuc_p90,22,-0.022675681859254837,1.0,1.0,intensity: nuc
field,Endothelial,bnd_polarity_nuc,22,-0.0027543320320546627,0.5660676956176758,0.8179750398825143,polarity
field,Endothelial,bnd_polarity_shape,22,-0.026327185332775116,0.1761918067932129,0.5564367534309034,polarity
field,Endothelial,bnd_radial_b0,22,0.004221099428832531,0.42448854446411133,0.7223340977621342,radial profile
field,Endothelial,bnd_radial_b1,22,0.0024014487862586975,0.5660676956176758,0.8179750398825143,radial profile
field,Endothelial,bnd_radial_b2,22,0.011540910229086876,0.2221074104309082,0.5881304983365334,radial profile
field,Endothelial,bnd_radial_b3,22,0.03970557451248169,0.7023849487304688,0.8883402810167911,radial profile
field,Endothelial,bnd_radial_b4,22,-0.0028261393308639526,0.3369474411010742,0.6666797335704338,radial profile
field,Endothelial,bnd_rim_mean,22,-0.007471360731869936,0.9492697715759277,0.9994972566741008,intensity: rim
field,Endothelial,bnd_rim_p90,22,-0.10426183044910431,0.042498111724853516,0.31917021995367006,intensity: rim
field,Endothelial,dapi_cyto_mean,22,0.002786079654470086,0.7990336418151855,0.9407894736842105,intensity: cyto
field,Endothelial,dapi_cyto_p90,22,0.015106547623872757,0.7261838912963867,0.9071962608481353,intensity: cyto
field,Endothelial,dapi_glcm_asm,22,-0.020772915333509445,0.16585874557495117,0.5415317346687452,texture (Haralick)
field,Endothelial,dapi_glcm_contrast,22,0.012615283951163292,0.05869007110595703,0.3701923076923077,texture (Haralick)
field,Endothelial,dapi_glcm_correlation,22,-0.014976671896874905,0.12888002395629883,0.49784678797568044,texture (Haralick)
field,Endothelial,dapi_glcm_entropy,22,0.014813251793384552,0.23476219177246094,0.5944471435546875,texture (Haralick)
field,Endothelial,dapi_glcm_homogeneity,22,-0.011214137077331543,0.08540916442871094,0.4131836017388948,texture (Haralick)
field,Endothelial,dapi_nuc_mean,22,0.002008289098739624,0.898735523223877,0.9735423487208233,intensity: nuc
field,Endothelial,dapi_nuc_p90,22,-0.009984011761844158,0.8485937118530273,0.969221989804941,intensity: nuc
field,Endothelial,dapi_polarity_nuc,22,0.011564957909286022,0.15597057342529297,0.5274306248574361,polarity
field,Endothelial,dapi_polarity_shape,22,0.002013439778238535,0.8485937118530273,0.969221989804941,polarity
field,Endothelial,dapi_radial_b0,22,-0.010545901954174042,0.5660676956176758,0.8179750398825143,radial profile
field,Endothelial,dapi_radial_b1,22,0.0015127216465771198,0.9239659309387207,0.9893826226989887,radial profile
field,Endothelial,dapi_radial_b2,22,-0.0052488818764686584,0.6327285766601562,0.8485358560725462,radial profile
field,Endothelial,dapi_radial_b3,22,-0.012621771544218063,0.7261838912963867,0.9071962608481353,radial profile
field,Endothelial,dapi_radial_b4,22,0.019015565514564514,0.3534979820251465,0.680483615398407,radial profile
field,Endothelial,dapi_rim_mean,22,-0.00037873396649956703,1.0,1.0,intensity: rim
field,Endothelial,dapi_rim_p90,22,0.0011532381176948547,0.898735523223877,0.9735423487208233,intensity: rim
field,Endothelial,morph_cell_area_um2,22,-0.003603082150220871,0.774528980255127,0.9318551793694496,morphology
field,Endothelial,morph_cell_circularity,22,-0.004267073702067137,0.4060330390930176,0.7078764681546194,morphology
field,Endothelial,morph_cell_eccentricity,22,0.008318502455949783,0.30530881881713867,0.6388274336283186,morphology
field,Endothelial,morph_cell_major_um,22,-0.0031870855018496513,0.8237285614013672,0.952597234962282,morphology
field,Endothelial,morph_cell_minor_um,22,-0.004346448928117752,0.9492697715759277,0.9994972566741008,morphology
field,Endothelial,morph_cell_perimeter_um,22,-0.005497056990861893,0.7502379417419434,0.9218349177786644,morphology
field,Endothelial,morph_cell_solidity,22,-0.019538266584277153,0.23476219177246094,0.5944471435546875,morphology
field,Endothelial,morph_nuc_area_um2,22,0.00034970883280038834,0.8736042976379395,0.9735423487208233,morphology
field,Endothelial,morph_nuc_cell_ratio,22,-0.0029303915798664093,0.5235109329223633,0.7739585632324218,morphology
field,Endothelial,morph_nuc_eccentricity,22,0.01572919636964798,0.042498111724853516,0.31917021995367006,morphology
field,Endothelial,morph_nuc_perimeter_um,22,0.0005537532269954681,0.8736042976379395,0.9735423487208233,morphology
field,Endothelial,morph_nuc_solidity,22,-0.02873971313238144,0.1761918067932129,0.5564367534309034,morphology
field,Endothelial,nuc_offset,22,-0.0028603840619325638,0.9746217727661133,1.0,morphology
field,Endothelial,r18s_cyto_mean,22,0.017700711265206337,0.30530881881713867,0.6388274336283186,intensity: cyto
field,Endothelial,r18s_cyto_p90,22,0.022950951009988785,0.3534979820251465,0.680483615398407,intensity: cyto
field,Endothelial,r18s_glcm_asm,22,-0.00389546575024724,0.4825911521911621,0.7570699908737416,texture (Haralick)
field,Endothelial,r18s_glcm_contrast,22,-0.0009036953561007977,0.774528980255127,0.9318551793694496,texture (Haralick)
field,Endothelial,r18s_glcm_correlation,22,-0.019100360572338104,0.3880448341369629,0.6920585632324219,texture (Haralick)
field,Endothelial,r18s_glcm_entropy,22,0.012137074954807758,0.16585874557495117,0.5415317346687452,texture (Haralick)
field,Endothelial,r18s_glcm_homogeneity,22,-0.009179482236504555,0.3880448341369629,0.6920585632324219,texture (Haralick)
field,Endothelial,r18s_nuc_mean,22,0.030393216758966446,0.03587532043457031,0.2936853107653166,intensity: nuc
field,Endothelial,r18s_nuc_p90,22,0.025684967637062073,0.12888002395629883,0.49784678797568044,intensity: nuc
field,Endothelial,r18s_polarity_nuc,22,-0.015252724289894104,0.16585874557495117,0.5415317346687452,polarity
field,Endothelial,r18s_polarity_shape,22,-0.002311525633558631,0.5028400421142578,0.7705210595581662,polarity
field,Endothelial,r18s_radial_b0,22,0.0037794841919094324,0.9746217727661133,1.0,radial profile
field,Endothelial,r18s_radial_b1,22,0.007667466998100281,0.6556386947631836,0.8568743337499033,radial profile
field,Endothelial,r18s_radial_b2,22,0.009365513920783997,0.5879268646240234,0.8281164983423744,radial profile
field,Endothelial,r18s_radial_b3,22,-0.02033308520913124,0.06844425201416016,0.3809788485607469,radial profile
field,Endothelial,r18s_radial_b4,22,0.004463899880647659,0.32088327407836914,0.6502108448430112,radial profile
field,Endothelial,r18s_rim_mean,22,0.033789340406656265,0.13748931884765625,0.5102013277720256,intensity: rim
field,Endothelial,r18s_rim_p90,22,0.04020305722951889,0.23476219177246094,0.5944471435546875,intensity: rim
field,Endothelial,smavim_cyto_mean,22,0.009605539962649345,0.7023849487304688,0.8883402810167911,intensity: cyto
field,Endothelial,smavim_cyto_p90,22,-0.009724587202072144,0.898735523223877,0.9735423487208233,intensity: cyto
field,Endothelial,smavim_glcm_asm,22,-0.05042041093111038,0.11287164688110352,0.4894067796610169,texture (Haralick)
field,Endothelial,smavim_glcm_contrast,22,-0.00852697528898716,0.6556386947631836,0.8568743337499033,texture (Haralick)
field,Endothelial,smavim_glcm_entropy,22,0.05839797481894493,0.07942724227905273,0.3988628905752431,texture (Haralick)
field,Endothelial,smavim_glcm_homogeneity,22,-0.04740316420793533,0.24789905548095703,0.598064562048053,texture (Haralick)
field,Endothelial,smavim_nuc_mean,22,0.07034748792648315,0.6327285766601562,0.8485358560725462,intensity: nuc
field,Endothelial,smavim_nuc_p90,22,0.026101388037204742,0.5660676956176758,0.8179750398825143,intensity: nuc
field,Endothelial,smavim_polarity_nuc,22,-0.01674490049481392,0.4060330390930176,0.7078764681546194,polarity
field,Endothelial,smavim_polarity_shape,22,-0.009705171920359135,0.9492697715759277,0.9994972566741008,polarity
field,Endothelial,smavim_radial_b0,22,-0.00953185185790062,0.7990336418151855,0.9407894736842105,radial profile
field,Endothelial,smavim_radial_b1,22,-0.028340449556708336,0.23476219177246094,0.5944471435546875,radial profile
field,Endothelial,smavim_radial_b2,22,-0.002249769866466522,0.3880448341369629,0.6920585632324219,radial profile
field,Endothelial,smavim_radial_b3,22,-0.007108356803655624,0.9746217727661133,1.0,radial profile
field,Endothelial,smavim_radial_b4,22,0.020905308425426483,0.16585874557495117,0.5415317346687452,radial profile
field,Endothelial,smavim_rim_mean,22,0.014499075710773468,0.5445904731750488,0.8000025392905328,intensity: rim
field,Endothelial,smavim_rim_p90,22,0.011443870142102242,0.6327285766601562,0.8485358560725462,intensity: rim
field,Fibroblast,bnd_cyto_mean,20,0.015888262540102005,0.2773551940917969,0.6196818524096386,intensity: cyto
field,Fibroblast,bnd_cyto_p90,20,0.022279977798461914,0.34881019592285156,0.680483615398407,intensity: cyto
field,Fibroblast,bnd_glcm_asm,20,0.0013800924643874168,0.5705966949462891,0.8179750398825143,texture (Haralick)
field,Fibroblast,bnd_glcm_contrast,20,-0.046293433755636215,0.2773551940917969,0.6196818524096386,texture (Haralick)
field,Fibroblast,bnd_glcm_correlation,20,0.06006389111280441,0.4523754119873047,0.7346131470584701,texture (Haralick)
field,Fibroblast,bnd_glcm_entropy,20,0.005314957350492477,0.7561664581298828,0.925427559353658,texture (Haralick)
field,Fibroblast,bnd_glcm_homogeneity,20,0.007058541290462017,0.8123550415039062,0.9407894736842105,texture (Haralick)
field,Fibroblast,bnd_nuc_mean,20,0.04214916378259659,0.2942523956298828,0.6382375905211543,intensity: nuc
field,Fibroblast,bnd_nuc_p90,20,0.015098737552762032,0.13272666931152344,0.49784678797568044,intensity: nuc
field,Fibroblast,bnd_polarity_nuc,20,-0.005051080137491226,0.38837623596191406,0.6920585632324219,polarity
field,Fibroblast,bnd_polarity_shape,20,0.00911610759794712,0.8694877624511719,0.9735423487208233,polarity
field,Fibroblast,bnd_radial_b0,20,0.01647479645907879,0.13272666931152344,0.49784678797568044,radial profile
field,Fibroblast,bnd_radial_b1,20,0.01741253212094307,0.0758514404296875,0.38298760085809425,radial profile
field,Fibroblast,bnd_radial_b2,20,0.03407866135239601,0.01068878173828125,0.181878662109375,radial profile
field,Fibroblast,bnd_radial_b3,20,0.019006947055459023,0.15364646911621094,0.5271765814887153,radial profile
field,Fibroblast,bnd_radial_b4,20,-0.050296418368816376,0.013616561889648438,0.21310474833504098,radial profile
field,Fibroblast,bnd_rim_mean,20,0.013839278370141983,0.2942523956298828,0.6382375905211543,intensity: rim
field,Fibroblast,bnd_rim_p90,20,0.005199171602725983,0.4304332733154297,0.7246173290496177,intensity: rim
field,Fibroblast,dapi_cyto_mean,20,0.034041184931993484,0.4523754119873047,0.7346131470584701,intensity: cyto
field,Fibroblast,dapi_cyto_p90,20,0.05451829731464386,0.36827659606933594,0.6849263509114584,intensity: cyto
field,Fibroblast,dapi_glcm_asm,20,-0.002191402018070221,0.7285060882568359,0.9071962608481353,texture (Haralick)
field,Fibroblast,dapi_glcm_contrast,20,-0.01797076314687729,0.5705966949462891,0.8179750398825143,texture (Haralick)
field,Fibroblast,dapi_glcm_correlation,20,0.022313712164759636,0.8983173370361328,0.9735423487208233,texture (Haralick)
field,Fibroblast,dapi_glcm_entropy,20,0.0007380805909633636,0.8694877624511719,0.9735423487208233,texture (Haralick)
field,Fibroblast,dapi_glcm_homogeneity,20,0.00753653421998024,0.7011814117431641,0.8883402810167911,texture (Haralick)
field,Fibroblast,dapi_nuc_mean,20,0.060002975165843964,0.10539817810058594,0.465970892655222,intensity: nuc
field,Fibroblast,dapi_nuc_p90,20,0.08302713930606842,0.082550048828125,0.4036800986842105,intensity: nuc
field,Fibroblast,dapi_polarity_nuc,20,-0.0037092501297593117,0.8983173370361328,0.9735423487208233,polarity
field,Fibroblast,dapi_polarity_shape,20,-0.009342039003968239,0.9272785186767578,0.9893826226989887,polarity
field,Fibroblast,dapi_radial_b0,20,-0.01922260969877243,0.0031528472900390625,0.09960346837197581,radial profile
field,Fibroblast,dapi_radial_b1,20,-0.03236502781510353,0.13272666931152344,0.49784678797568044,radial profile
field,Fibroblast,dapi_radial_b2,20,0.011176900938153267,0.8123550415039062,0.9407894736842105,radial profile
field,Fibroblast,dapi_radial_b3,20,0.016225814819335938,0.029575347900390625,0.2750710880055147,radial profile
field,Fibroblast,dapi_radial_b4,20,-0.0014546439051628113,0.6215133666992188,0.8418367346938775,radial profile
field,Fibroblast,dapi_rim_mean,20,0.04854137450456619,0.2773551940917969,0.6196818524096386,intensity: rim
field,Fibroblast,dapi_rim_p90,20,0.056402236223220825,0.13272666931152344,0.49784678797568044,intensity: rim
field,Fibroblast,morph_cell_area_um2,20,0.0026894984766840935,1.0,1.0,morphology
field,Fibroblast,morph_cell_circularity,20,0.033917173743247986,0.34881019592285156,0.680483615398407,morphology
field,Fibroblast,morph_cell_eccentricity,20,-0.0016251392662525177,0.7561664581298828,0.925427559353658,morphology
field,Fibroblast,morph_cell_major_um,20,-0.012733926065266132,0.7285060882568359,0.9071962608481353,morphology
field,Fibroblast,morph_cell_minor_um,20,-0.01661587506532669,0.7841262817382812,0.9360887394394986,morphology
field,Fibroblast,morph_cell_perimeter_um,20,-0.01021706871688366,0.7841262817382812,0.9360887394394986,morphology
field,Fibroblast,morph_cell_solidity,20,0.03102853149175644,0.49800872802734375,0.7643854895303416,morphology
field,Fibroblast,morph_nuc_area_um2,20,0.0018288232386112213,0.8694877624511719,0.9735423487208233,morphology
field,Fibroblast,morph_nuc_cell_ratio,20,0.03994598984718323,0.26109886169433594,0.6164397852761405,morphology
field,Fibroblast,morph_nuc_eccentricity,20,0.001993587240576744,0.7561664581298828,0.925427559353658,morphology
field,Fibroblast,morph_nuc_perimeter_um,20,0.010128755122423172,0.7011814117431641,0.8883402810167911,morphology
field,Fibroblast,morph_nuc_solidity,20,-0.005052551627159119,0.4304332733154297,0.7246173290496177,morphology
field,Fibroblast,nuc_offset,20,-0.020290939137339592,0.09730720520019531,0.44955928802490236,morphology
field,Fibroblast,r18s_cyto_mean,20,0.053123101592063904,0.0758514404296875,0.38298760085809425,intensity: cyto
field,Fibroblast,r18s_cyto_p90,20,0.05295725539326668,0.058258056640625,0.3701923076923077,intensity: cyto
field,Fibroblast,r18s_glcm_asm,20,0.01971021294593811,0.24548721313476562,0.5955402314350867,texture (Haralick)
field,Fibroblast,r18s_glcm_contrast,20,-0.009236919693648815,0.47490501403808594,0.7475506524211097,texture (Haralick)
field,Fibroblast,r18s_glcm_correlation,20,-0.001721427426673472,0.6215133666992188,0.8418367346938775,texture (Haralick)
field,Fibroblast,r18s_glcm_entropy,20,-0.01349047850817442,0.40909767150878906,0.7092049689945987,texture (Haralick)
field,Fibroblast,r18s_glcm_homogeneity,20,0.011469699442386627,0.34881019592285156,0.680483615398407,texture (Haralick)
field,Fibroblast,r18s_nuc_mean,20,0.03234975039958954,0.1893482208251953,0.5607620385976938,intensity: nuc
field,Fibroblast,r18s_nuc_p90,20,0.05022570490837097,0.11398696899414062,0.4894067796610169,intensity: nuc
field,Fibroblast,r18s_polarity_nuc,20,-0.01854526996612549,0.17685317993164062,0.5564367534309034,polarity
field,Fibroblast,r18s_polarity_shape,20,-0.016584819182753563,0.2305126190185547,0.5944471435546875,polarity
field,Fibroblast,r18s_radial_b0,20,-0.009636655449867249,0.20244979858398438,0.5773568329987703,radial profile
field,Fibroblast,r18s_radial_b1,20,-0.04120800271630287,0.16495704650878906,0.5415317346687452,radial profile
field,Fibroblast,r18s_radial_b2,20,-0.03506934642791748,0.069580078125,0.3826904296875,radial profile
field,Fibroblast,r18s_radial_b3,20,-0.013001317158341408,0.40909767150878906,0.7092049689945987,radial profile
field,Fibroblast,r18s_radial_b4,20,0.05712063983082771,0.0758514404296875,0.38298760085809425,radial profile
field,Fibroblast,r18s_rim_mean,20,0.05623764917254448,0.021484375,0.24508101851851852,intensity: rim
field,Fibroblast,r18s_rim_p90,20,0.06626905500888824,0.021484375,0.24508101851851852,intensity: rim
field,Fibroblast,smavim_cyto_mean,20,-0.008204946294426918,0.7841262817382812,0.9360887394394986,intensity: cyto
field,Fibroblast,smavim_cyto_p90,20,-0.0068976981565356255,0.7841262817382812,0.9360887394394986,intensity: cyto
field,Fibroblast,smavim_glcm_asm,20,-0.0017962120473384857,0.49800872802734375,0.7643854895303416,texture (Haralick)
field,Fibroblast,smavim_glcm_contrast,20,-0.028134785592556,0.2305126190185547,0.5944471435546875,texture (Haralick)
field,Fibroblast,smavim_glcm_entropy,20,-0.008635494858026505,0.38837623596191406,0.6920585632324219,texture (Haralick)
field,Fibroblast,smavim_glcm_homogeneity,20,0.015492906793951988,0.24548721313476562,0.5955402314350867,texture (Haralick)
field,Fibroblast,smavim_nuc_mean,20,0.007677693851292133,0.9272785186767578,0.9893826226989887,intensity: nuc
field,Fibroblast,smavim_nuc_p90,20,0.02009100839495659,0.8983173370361328,0.9735423487208233,intensity: nuc
field,Fibroblast,smavim_polarity_nuc,20,0.00759862270206213,0.2942523956298828,0.6382375905211543,polarity
field,Fibroblast,smavim_polarity_shape,20,0.028341397643089294,0.0758514404296875,0.38298760085809425,polarity
field,Fibroblast,smavim_radial_b0,20,-0.008932741358876228,0.5705966949462891,0.8179750398825143,radial profile
field,Fibroblast,smavim_radial_b1,20,-0.023610971868038177,0.26109886169433594,0.6164397852761405,radial profile
field,Fibroblast,smavim_radial_b2,20,-0.03325450420379639,0.26109886169433594,0.6164397852761405,radial profile
field,Fibroblast,smavim_radial_b3,20,-0.024448733776807785,0.10539817810058594,0.465970892655222,radial profile
field,Fibroblast,smavim_radial_b4,20,0.03483391925692558,0.2773551940917969,0.6196818524096386,radial profile
field,Fibroblast,smavim_rim_mean,20,0.008600499480962753,0.7011814117431641,0.8883402810167911,intensity: rim
field,Fibroblast,smavim_rim_p90,20,0.012236515060067177,0.7285060882568359,0.9071962608481353,intensity: rim
field,Myeloid,bnd_cyto_mean,19,0.0023239366710186005,0.3320655822753906,0.6584304678593582,intensity: cyto
field,Myeloid,bnd_cyto_p90,19,-0.06742499768733978,0.3954620361328125,0.6920585632324219,intensity: cyto
field,Myeloid,bnd_glcm_asm,19,-0.040289342403411865,0.1956329345703125,0.563130316333236,texture (Haralick)
field,Myeloid,bnd_glcm_contrast,19,0.013634711503982544,0.22532272338867188,0.5881304983365334,texture (Haralick)
field,Myeloid,bnd_glcm_correlation,19,-0.014082849025726318,0.4653167724609375,0.7400218549981175,texture (Haralick)
field,Myeloid,bnd_glcm_entropy,19,0.04971277713775635,0.21011734008789062,0.5778226852416992,texture (Haralick)
field,Myeloid,bnd_glcm_homogeneity,19,-0.06693591177463531,0.18186569213867188,0.5564367534309034,texture (Haralick)
field,Myeloid,bnd_nuc_mean,19,0.07629934698343277,0.08742904663085938,0.4142791748046875,intensity: nuc
field,Myeloid,bnd_nuc_p90,19,0.007287966087460518,0.2753410339355469,0.6196818524096386,intensity: nuc
field,Myeloid,bnd_polarity_nuc,19,-0.014926989562809467,0.3954620361328125,0.6920585632324219,polarity
field,Myeloid,bnd_polarity_shape,19,-0.04815045744180679,0.1336212158203125,0.49784678797568044,polarity
field,Myeloid,bnd_radial_b0,19,0.005964919924736023,0.156402587890625,0.5274306248574361,radial profile
field,Myeloid,bnd_radial_b1,19,-4.030764102935791e-06,0.7380905151367188,0.908116692391915,radial profile
field,Myeloid,bnd_radial_b2,19,0.0005652699619531631,0.6507492065429688,0.8528968324052527,radial profile
field,Myeloid,bnd_radial_b3,19,0.03662164881825447,0.06628799438476562,0.37734375,radial profile
field,Myeloid,bnd_radial_b4,19,0.0017646923661231995,0.5677604675292969,0.8179750398825143,radial profile
field,Myeloid,bnd_rim_mean,19,0.046437881886959076,0.22532272338867188,0.5881304983365334,intensity: rim
field,Myeloid,bnd_rim_p90,19,-0.0633968934416771,0.37359619140625,0.6849263509114584,intensity: rim
field,Myeloid,dapi_cyto_mean,19,-0.004776066169142723,0.8595733642578125,0.9735423487208233,intensity: cyto
field,Myeloid,dapi_cyto_p90,19,-0.012966574169695377,0.76800537109375,0.92641901160656,intensity: cyto
field,Myeloid,dapi_glcm_asm,19,-0.007033497095108032,0.1956329345703125,0.563130316333236,texture (Haralick)
field,Myeloid,dapi_glcm_contrast,19,0.020852357149124146,0.156402587890625,0.5274306248574361,texture (Haralick)
field,Myeloid,dapi_glcm_correlation,19,-0.012794442474842072,0.12318801879882812,0.4894067796610169,texture (Haralick)
field,Myeloid,dapi_glcm_entropy,19,0.006684516556560993,0.2753410339355469,0.6196818524096386,texture (Haralick)
field,Myeloid,dapi_glcm_homogeneity,19,-0.021440595388412476,0.168792724609375,0.5453303410456731,texture (Haralick)
field,Myeloid,dapi_nuc_mean,19,0.08688560128211975,0.0180816650390625,0.2338413439298931,intensity: nuc
field,Myeloid,dapi_nuc_p90,19,0.08455400913953781,0.0289306640625,0.2750710880055147,intensity: nuc
field,Myeloid,dapi_polarity_nuc,19,-0.0059410324320197105,0.4180412292480469,0.7126754535520209,polarity
field,Myeloid,dapi_polarity_shape,19,-0.004656136967241764,0.22532272338867188,0.5881304983365334,polarity
field,Myeloid,dapi_radial_b0,19,0.03494977951049805,0.14468765258789062,0.51611328125,radial profile
field,Myeloid,dapi_radial_b1,19,0.04955870658159256,0.1956329345703125,0.563130316333236,radial profile
field,Myeloid,dapi_radial_b2,19,0.009255781769752502,0.37359619140625,0.6849263509114584,radial profile
field,Myeloid,dapi_radial_b3,19,-0.005293790251016617,0.48996734619140625,0.7634567080621575,radial profile
field,Myeloid,dapi_radial_b4,19,-0.041257068514823914,0.18186569213867188,0.5564367534309034,radial profile
field,Myeloid,dapi_rim_mean,19,0.01630273461341858,0.3524589538574219,0.680483615398407,intensity: rim
field,Myeloid,dapi_rim_p90,19,0.03866128623485565,0.18186569213867188,0.5564367534309034,intensity: rim
field,Myeloid,morph_cell_area_um2,19,-0.025963708758354187,0.37359619140625,0.6849263509114584,morphology
field,Myeloid,morph_cell_circularity,19,0.0413515642285347,0.0289306640625,0.2750710880055147,morphology
field,Myeloid,morph_cell_eccentricity,19,-0.014162756502628326,0.12318801879882812,0.4894067796610169,morphology
field,Myeloid,morph_cell_major_um,19,-0.03849099576473236,0.3320655822753906,0.6584304678593582,morphology
field,Myeloid,morph_cell_minor_um,19,-0.00034914701245725155,0.70855712890625,0.8883402810167911,morphology
field,Myeloid,morph_cell_perimeter_um,19,-0.037086766213178635,0.2753410339355469,0.6196818524096386,morphology
field,Myeloid,morph_cell_solidity,19,0.032337963581085205,0.040130615234375,0.3116024241727941,morphology
field,Myeloid,morph_nuc_area_um2,19,-0.004952482879161835,0.7380905151367188,0.908116692391915,morphology
field,Myeloid,morph_nuc_cell_ratio,19,-0.008909270167350769,0.8595733642578125,0.9735423487208233,morphology
field,Myeloid,morph_nuc_eccentricity,19,-0.020870856940746307,0.08742904663085938,0.4142791748046875,morphology
field,Myeloid,morph_nuc_perimeter_um,19,-0.010582437738776207,0.6507492065429688,0.8528968324052527,morphology
field,Myeloid,morph_nuc_solidity,19,0.034166231751441956,0.014068603515625,0.21310474833504098,morphology
field,Myeloid,nuc_offset,19,-0.007869038730859756,0.104156494140625,0.4649304376132246,morphology
field,Myeloid,r18s_cyto_mean,19,0.012170940637588501,0.4180412292480469,0.7126754535520209,intensity: cyto
field,Myeloid,r18s_cyto_p90,19,0.023830115795135498,0.2934989929199219,0.6382375905211543,intensity: cyto
field,Myeloid,r18s_glcm_asm,19,-0.00568409264087677,0.1956329345703125,0.563130316333236,texture (Haralick)
field,Myeloid,r18s_glcm_contrast,19,0.007991783320903778,0.3954620361328125,0.6920585632324219,texture (Haralick)
field,Myeloid,r18s_glcm_correlation,19,-0.012918898835778236,0.312408447265625,0.6388274336283186,texture (Haralick)
field,Myeloid,r18s_glcm_entropy,19,0.023081589490175247,0.08742904663085938,0.4142791748046875,texture (Haralick)
field,Myeloid,r18s_glcm_homogeneity,19,-0.021549757570028305,0.21011734008789062,0.5778226852416992,texture (Haralick)
field,Myeloid,r18s_nuc_mean,19,-0.0034932116977870464,0.76800537109375,0.92641901160656,intensity: nuc
field,Myeloid,r18s_nuc_p90,19,0.027378151193261147,0.4413337707519531,0.7246173290496177,intensity: nuc
field,Myeloid,r18s_polarity_nuc,19,-0.012870995327830315,0.12318801879882812,0.4894067796610169,polarity
field,Myeloid,r18s_polarity_shape,19,-0.024175383150577545,0.07283401489257812,0.38298760085809425,polarity
field,Myeloid,r18s_radial_b0,19,-0.03637860715389252,0.025821685791015625,0.26964569091796875,radial profile
field,Myeloid,r18s_radial_b1,19,-0.048324257135391235,0.036067962646484375,0.2936853107653166,radial profile
field,Myeloid,r18s_radial_b2,19,-0.015334010124206543,0.044559478759765625,0.31917021995367006,radial profile
field,Myeloid,r18s_radial_b3,19,-0.005938418209552765,0.8287849426269531,0.9536703449406035,radial profile
field,Myeloid,r18s_radial_b4,19,0.046489231288433075,0.036067962646484375,0.2936853107653166,radial profile
field,Myeloid,r18s_rim_mean,19,0.01501648873090744,0.22532272338867188,0.5881304983365334,intensity: rim
field,Myeloid,r18s_rim_p90,19,0.025537077337503433,0.14468765258789062,0.51611328125,intensity: rim
field,Myeloid,smavim_cyto_mean,19,0.04004897177219391,0.3320655822753906,0.6584304678593582,intensity: cyto
field,Myeloid,smavim_cyto_p90,19,0.025823112577199936,0.2753410339355469,0.6196818524096386,intensity: cyto
field,Myeloid,smavim_glcm_asm,19,-0.00426778569817543,0.5677604675292969,0.8179750398825143,texture (Haralick)
field,Myeloid,smavim_glcm_contrast,19,-0.028936050832271576,0.312408447265625,0.6388274336283186,texture (Haralick)
field,Myeloid,smavim_glcm_entropy,19,-0.007554218173027039,0.37359619140625,0.6849263509114584,texture (Haralick)
field,Myeloid,smavim_glcm_homogeneity,19,0.016118913888931274,0.312408447265625,0.6388274336283186,texture (Haralick)
field,Myeloid,smavim_nuc_mean,19,0.025992363691329956,0.7982521057128906,0.9407894736842105,intensity: nuc
field,Myeloid,smavim_nuc_p90,19,0.0402018204331398,0.5152778625488281,0.7724776268005371,intensity: nuc
field,Myeloid,smavim_polarity_nuc,19,-0.0034903548657894135,0.5152778625488281,0.7724776268005371,polarity
field,Myeloid,smavim_polarity_shape,19,0.004551023244857788,0.8905677795410156,0.9735423487208233,polarity
field,Myeloid,smavim_radial_b0,19,-0.03225862979888916,0.007144927978515625,0.1404404640197754,radial profile
field,Myeloid,smavim_radial_b1,19,-0.028328675776720047,0.0289306640625,0.2750710880055147,radial profile
field,Myeloid,smavim_radial_b2,19,-0.03100552037358284,0.03234100341796875,0.2873373765211839,radial profile
field,Myeloid,smavim_radial_b3,19,-0.0041166506707668304,0.24125289916992188,0.5944471435546875,radial profile
field,Myeloid,smavim_radial_b4,19,0.04333233833312988,0.025821685791015625,0.26964569091796875,radial profile
field,Myeloid,smavim_rim_mean,19,0.01516389288008213,0.3524589538574219,0.680483615398407,intensity: rim
field,Myeloid,smavim_rim_p90,19,0.036276672035455704,0.22532272338867188,0.5881304983365334,intensity: rim
field,Neuron,bnd_cyto_mean,19,0.04421326518058777,0.3320655822753906,0.6584304678593582,intensity: cyto
field,Neuron,bnd_cyto_p90,19,-0.05734837055206299,0.1956329345703125,0.563130316333236,intensity: cyto
field,Neuron,bnd_glcm_asm,19,-0.061391592025756836,0.05457305908203125,0.3701923076923077,texture (Haralick)
field,Neuron,bnd_glcm_contrast,19,0.02252115309238434,0.4180412292480469,0.7126754535520209,texture (Haralick)
field,Neuron,bnd_glcm_correlation,19,0.020653843879699707,0.8905677795410156,0.9735423487208233,texture (Haralick)
field,Neuron,bnd_glcm_entropy,19,0.05480539798736572,0.036067962646484375,0.2936853107653166,texture (Haralick)
field,Neuron,bnd_glcm_homogeneity,19,-0.048415377736091614,0.01082611083984375,0.181878662109375,texture (Haralick)
field,Neuron,bnd_nuc_mean,19,0.01890617609024048,0.3954620361328125,0.6920585632324219,intensity: nuc
field,Neuron,bnd_nuc_p90,19,-0.009276319295167923,0.9529838562011719,0.9994972566741008,intensity: nuc
field,Neuron,bnd_polarity_nuc,19,-0.00574222207069397,0.8905677795410156,0.9735423487208233,polarity
field,Neuron,bnd_polarity_shape,19,-0.0050860196352005005,0.9529838562011719,0.9994972566741008,polarity
field,Neuron,bnd_radial_b0,19,0.0067721158266067505,0.2934989929199219,0.6382375905211543,radial profile
field,Neuron,bnd_radial_b1,19,0.011040136218070984,0.3320655822753906,0.6584304678593582,radial profile
field,Neuron,bnd_radial_b2,19,0.021406300365924835,0.24125289916992188,0.5944471435546875,radial profile
field,Neuron,bnd_radial_b3,19,0.039915405213832855,0.0180816650390625,0.2338413439298931,radial profile
field,Neuron,bnd_radial_b4,19,-0.02081558294594288,0.18186569213867188,0.5564367534309034,radial profile
field,Neuron,bnd_rim_mean,19,0.04295956343412399,0.3954620361328125,0.6920585632324219,intensity: rim
field,Neuron,bnd_rim_p90,19,-0.06193137168884277,0.168792724609375,0.5453303410456731,intensity: rim
field,Neuron,dapi_cyto_mean,19,0.0010277926921844482,0.8595733642578125,0.9735423487208233,intensity: cyto
field,Neuron,dapi_cyto_p90,19,0.005260057747364044,0.8595733642578125,0.9735423487208233,intensity: cyto
field,Neuron,dapi_glcm_asm,19,-0.014317616820335388,0.24125289916992188,0.5944471435546875,texture (Haralick)
field,Neuron,dapi_glcm_contrast,19,0.003508530557155609,0.7982521057128906,0.9407894736842105,texture (Haralick)
field,Neuron,dapi_glcm_correlation,19,-0.0014717653393745422,0.5152778625488281,0.7724776268005371,texture (Haralick)
field,Neuron,dapi_glcm_entropy,19,0.008602593094110489,0.5152778625488281,0.7724776268005371,texture (Haralick)
field,Neuron,dapi_glcm_homogeneity,19,-0.006315961480140686,0.37359619140625,0.6849263509114584,texture (Haralick)
field,Neuron,dapi_nuc_mean,19,0.019973941147327423,0.22532272338867188,0.5881304983365334,intensity: nuc
field,Neuron,dapi_nuc_p90,19,0.03856988251209259,0.21011734008789062,0.5778226852416992,intensity: nuc
field,Neuron,dapi_polarity_nuc,19,-0.01729883998632431,0.14468765258789062,0.51611328125,polarity
field,Neuron,dapi_polarity_shape,19,-0.005897611379623413,0.48996734619140625,0.7634567080621575,polarity
field,Neuron,dapi_radial_b0,19,-0.00021027587354183197,0.70855712890625,0.8883402810167911,radial profile
field,Neuron,dapi_radial_b1,19,-0.01627272740006447,0.6794281005859375,0.8743615110604543,radial profile
field,Neuron,dapi_radial_b2,19,-0.009053917601704597,0.7380905151367188,0.908116692391915,radial profile
field,Neuron,dapi_radial_b3,19,-0.024816174060106277,0.2753410339355469,0.6196818524096386,radial profile
field,Neuron,dapi_radial_b4,19,0.007407357916235924,0.9529838562011719,0.9994972566741008,radial profile
field,Neuron,dapi_rim_mean,19,0.02322535775601864,0.5152778625488281,0.7724776268005371,intensity: rim
field,Neuron,dapi_rim_p90,19,0.02226627990603447,0.4413337707519531,0.7246173290496177,intensity: rim
field,Neuron,morph_cell_area_um2,19,-0.013659454882144928,0.76800537109375,0.92641901160656,morphology
field,Neuron,morph_cell_circularity,19,0.00719277560710907,0.37359619140625,0.6849263509114584,morphology
field,Neuron,morph_cell_eccentricity,19,-0.0027371542528271675,0.76800537109375,0.92641901160656,morphology
field,Neuron,morph_cell_major_um,19,-0.008064396679401398,0.5152778625488281,0.7724776268005371,morphology
field,Neuron,morph_cell_minor_um,19,0.0015394315123558044,0.9217147827148438,0.9893826226989887,morphology
field,Neuron,morph_cell_perimeter_um,19,-0.011545225977897644,0.6225624084472656,0.8418367346938775,morphology
field,Neuron,morph_cell_solidity,19,0.00978926382958889,0.37359619140625,0.6849263509114584,morphology
field,Neuron,morph_nuc_area_um2,19,-0.001662377268075943,0.76800537109375,0.92641901160656,morphology
field,Neuron,morph_nuc_cell_ratio,19,0.007797263562679291,0.70855712890625,0.8883402810167911,morphology
field,Neuron,morph_nuc_eccentricity,19,-0.0035629644989967346,0.8595733642578125,0.9735423487208233,morphology
field,Neuron,morph_nuc_perimeter_um,19,0.0050235651433467865,0.5948867797851562,0.8291222790637648,morphology
field,Neuron,morph_nuc_solidity,19,0.008085966110229492,0.9529838562011719,0.9994972566741008,morphology
field,Neuron,nuc_offset,19,-0.0067580342292785645,0.4180412292480469,0.7126754535520209,morphology
field,Neuron,r18s_cyto_mean,19,-0.04068254679441452,0.0061798095703125,0.13418197631835938,intensity: cyto
field,Neuron,r18s_cyto_p90,19,-0.036261964589357376,0.0033416748046875,0.09960346837197581,intensity: cyto
field,Neuron,r18s_glcm_asm,19,-0.017585016787052155,0.1956329345703125,0.563130316333236,texture (Haralick)
field,Neuron,r18s_glcm_contrast,19,0.04246007651090622,0.000522613525390625,0.026827494303385418,texture (Haralick)
field,Neuron,r18s_glcm_correlation,19,-0.026854397729039192,7.2479248046875e-05,0.008371353149414062,texture (Haralick)
field,Neuron,r18s_glcm_entropy,19,0.019042883068323135,0.040130615234375,0.3116024241727941,texture (Haralick)
field,Neuron,r18s_glcm_homogeneity,19,-0.022546548396348953,0.005329132080078125,0.12010044004858994,texture (Haralick)
field,Neuron,r18s_nuc_mean,19,-0.05856090411543846,0.000335693359375,0.023860051081730768,intensity: nuc
field,Neuron,r18s_nuc_p90,19,-0.05990301072597504,0.00026702880859375,0.02056121826171875,intensity: nuc
field,Neuron,r18s_polarity_nuc,19,-0.00045786798000335693,0.3524589538574219,0.680483615398407,polarity
field,Neuron,r18s_polarity_shape,19,-0.03340640664100647,0.0033416748046875,0.09960346837197581,polarity
field,Neuron,r18s_radial_b0,19,0.005284518003463745,0.6507492065429688,0.8528968324052527,radial profile
field,Neuron,r18s_radial_b1,19,0.0015078997239470482,0.7380905151367188,0.908116692391915,radial profile
field,Neuron,r18s_radial_b2,19,-0.006330989301204681,0.2753410339355469,0.6196818524096386,radial profile
field,Neuron,r18s_radial_b3,19,0.006320171058177948,0.9843215942382812,1.0,radial profile
field,Neuron,r18s_radial_b4,19,0.012744113802909851,0.312408447265625,0.6388274336283186,radial profile
field,Neuron,r18s_rim_mean,19,-0.041847944259643555,0.005329132080078125,0.12010044004858994,intensity: rim
field,Neuron,r18s_rim_p90,19,-0.044006116688251495,0.002838134765625,0.093658447265625,intensity: rim
field,Neuron,smavim_cyto_mean,19,0.02541181445121765,0.5412178039550781,0.7963140937173443,intensity: cyto
field,Neuron,smavim_cyto_p90,19,-0.012008316814899445,0.4653167724609375,0.7400218549981175,intensity: cyto
field,Neuron,smavim_glcm_asm,19,-0.0018094182014465332,0.6794281005859375,0.8743615110604543,texture (Haralick)
field,Neuron,smavim_glcm_contrast,19,0.0564555898308754,0.002838134765625,0.093658447265625,texture (Haralick)
field,Neuron,smavim_glcm_entropy,19,-0.017475245520472527,0.3954620361328125,0.6920585632324219,texture (Haralick)
field,Neuron,smavim_glcm_homogeneity,19,-0.014383800327777863,0.9843215942382812,1.0,texture (Haralick)
field,Neuron,smavim_nuc_mean,19,0.0478191077709198,0.104156494140625,0.4649304376132246,intensity: nuc
field,Neuron,smavim_nuc_p90,19,0.00813724473118782,0.8287849426269531,0.9536703449406035,intensity: nuc
field,Neuron,smavim_polarity_nuc,19,-0.03455617278814316,0.21011734008789062,0.5778226852416992,polarity
field,Neuron,smavim_polarity_shape,19,-0.015967629849910736,0.37359619140625,0.6849263509114584,polarity
field,Neuron,smavim_radial_b0,19,0.007876671850681305,0.5412178039550781,0.7963140937173443,radial profile
field,Neuron,smavim_radial_b1,19,-0.00028014183044433594,0.70855712890625,0.8883402810167911,radial profile
field,Neuron,smavim_radial_b2,19,0.002029772847890854,0.8595733642578125,0.9735423487208233,radial profile
field,Neuron,smavim_radial_b3,19,0.005167737603187561,0.9843215942382812,1.0,radial profile
field,Neuron,smavim_radial_b4,19,0.0013044439256191254,0.8905677795410156,0.9735423487208233,radial profile
field,Neuron,smavim_rim_mean,19,0.02453194558620453,0.4653167724609375,0.7400218549981175,intensity: rim
field,Neuron,smavim_rim_p90,19,-0.026850178837776184,0.4413337707519531,0.7246173290496177,intensity: rim
field,OPC,bnd_cyto_mean,18,-0.07872909307479858,0.15404510498046875,0.5271765814887153,intensity: cyto
field,OPC,bnd_cyto_p90,18,-0.08415620028972626,0.0736846923828125,0.38298760085809425,intensity: cyto
field,OPC,bnd_glcm_asm,18,-0.014977023005485535,0.6094589233398438,0.8418367346938775,texture (Haralick)
field,OPC,bnd_glcm_contrast,18,0.08440082520246506,0.0182342529296875,0.2338413439298931,texture (Haralick)
field,OPC,bnd_glcm_correlation,18,-0.10279939323663712,0.0028076171875,0.093658447265625,texture (Haralick)
field,OPC,bnd_glcm_entropy,18,0.037275489419698715,0.83172607421875,0.9546768851902174,texture (Haralick)
field,OPC,bnd_glcm_homogeneity,18,-0.04955795407295227,0.932281494140625,0.9935733570772058,texture (Haralick)
field,OPC,bnd_nuc_mean,18,-0.045856084674596786,0.468292236328125,0.7434742721085695,intensity: nuc
field,OPC,bnd_nuc_p90,18,-0.04132071137428284,0.30379486083984375,0.6388274336283186,intensity: nuc
field,OPC,bnd_polarity_nuc,18,0.025336524471640587,0.8985748291015625,0.9735423487208233,polarity
field,OPC,bnd_polarity_shape,18,-0.023299265652894974,0.7337265014648438,0.908116692391915,polarity
field,OPC,bnd_radial_b0,18,-0.0442829392850399,0.0599365234375,0.3701923076923077,radial profile
field,OPC,bnd_radial_b1,18,-0.04803411290049553,0.05385589599609375,0.3701923076923077,radial profile
field,OPC,bnd_radial_b2,18,-0.041532158851623535,0.04827880859375,0.34315091646634616,radial profile
field,OPC,bnd_radial_b3,18,-0.005021063610911369,0.30379486083984375,0.6388274336283186,radial profile
field,OPC,bnd_radial_b4,18,0.049811989068984985,0.0431671142578125,0.31917021995367006,radial profile
field,OPC,bnd_rim_mean,18,-0.0610523447394371,0.32472991943359375,0.6565655263821458,intensity: rim
field,OPC,bnd_rim_p90,18,-0.08634630590677261,0.0897674560546875,0.4210412659620876,intensity: rim
field,OPC,dapi_cyto_mean,18,-0.01853621006011963,0.5798416137695312,0.8179750398825143,intensity: cyto
field,OPC,dapi_cyto_p90,18,-0.0027065686881542206,0.5798416137695312,0.8179750398825143,intensity: cyto
field,OPC,dapi_glcm_asm,18,-0.011152859777212143,0.44229888916015625,0.7246173290496177,texture (Haralick)
field,OPC,dapi_glcm_contrast,18,0.026509540155529976,0.0047454833984375,0.11817289653577302,texture (Haralick)
field,OPC,dapi_glcm_correlation,18,-0.018997564911842346,0.02367401123046875,0.2603568581973805,texture (Haralick)
field,OPC,dapi_glcm_entropy,18,0.016749054193496704,0.28372955322265625,0.6286957006660296,texture (Haralick)
field,OPC,dapi_glcm_homogeneity,18,-0.008218156173825264,0.0182342529296875,0.2338413439298931,texture (Haralick)
field,OPC,dapi_nuc_mean,18,0.04253896325826645,0.24620819091796875,0.5955402314350867,intensity: nuc
field,OPC,dapi_nuc_p90,18,0.03596114367246628,0.24620819091796875,0.5955402314350867,intensity: nuc
field,OPC,dapi_polarity_nuc,18,-0.012426888570189476,0.0736846923828125,0.38298760085809425,polarity
field,OPC,dapi_polarity_shape,18,0.008514530956745148,0.5798416137695312,0.8179750398825143,polarity
field,OPC,dapi_radial_b0,18,0.019903667271137238,0.11870574951171875,0.4894067796610169,radial profile
field,OPC,dapi_radial_b1,18,0.06524359434843063,0.030364990234375,0.2750710880055147,radial profile
field,OPC,dapi_radial_b2,18,0.047550879418849945,0.0138702392578125,0.21310474833504098,radial profile
field,OPC,dapi_radial_b3,18,-0.022419387474656105,0.49507904052734375,0.7643854895303416,radial profile
field,OPC,dapi_radial_b4,18,-0.04607140272855759,0.030364990234375,0.2750710880055147,radial profile
field,OPC,dapi_rim_mean,18,0.0020054932683706284,0.7987060546875,0.9407894736842105,intensity: rim
field,OPC,dapi_rim_p90,18,0.00785765890032053,0.8985748291015625,0.9735423487208233,intensity: rim
field,OPC,morph_cell_area_um2,18,0.014193462207913399,0.550872802734375,0.80794677734375,morphology
field,OPC,morph_cell_circularity,18,-0.014441483654081821,0.12973785400390625,0.49784678797568044,morphology
field,OPC,morph_cell_eccentricity,18,0.004608584567904472,0.8985748291015625,0.9735423487208233,morphology
field,OPC,morph_cell_major_um,18,0.005346931517124176,0.7337265014648438,0.908116692391915,morphology
field,OPC,morph_cell_minor_um,18,0.025156253948807716,0.39273834228515625,0.6920585632324219,morphology
field,OPC,morph_cell_perimeter_um,18,0.017701879143714905,0.39273834228515625,0.6920585632324219,morphology
field,OPC,morph_cell_solidity,18,-0.012368828989565372,0.19638824462890625,0.563548875891644,morphology
field,OPC,morph_nuc_area_um2,18,0.0009907614439725876,0.7018814086914062,0.8883402810167911,morphology
field,OPC,morph_nuc_cell_ratio,18,-0.027818556874990463,0.0736846923828125,0.38298760085809425,morphology
field,OPC,morph_nuc_eccentricity,18,-0.012084790505468845,0.16735076904296875,0.5444792626609265,morphology
field,OPC,morph_nuc_perimeter_um,18,-0.004150692373514175,0.6705245971679688,0.8743615110604543,morphology
field,OPC,morph_nuc_solidity,18,0.022514015436172485,0.18146514892578125,0.5564367534309034,morphology
field,OPC,nuc_offset,18,0.0060874223709106445,0.5798416137695312,0.8179750398825143,morphology
field,OPC,r18s_cyto_mean,18,0.050806596875190735,0.0431671142578125,0.31917021995367006,intensity: cyto
field,OPC,r18s_cyto_p90,18,0.056131526827812195,0.06653594970703125,0.37734375,intensity: cyto
field,OPC,r18s_glcm_asm,18,0.006885731592774391,0.6396942138671875,0.849249214961611,texture (Haralick)
field,OPC,r18s_glcm_contrast,18,0.0305489432066679,0.18146514892578125,0.5564367534309034,texture (Haralick)
field,OPC,r18s_glcm_correlation,18,-0.015003958716988564,0.6396942138671875,0.849249214961611,texture (Haralick)
field,OPC,r18s_glcm_entropy,18,0.01602906733751297,0.44229888916015625,0.7246173290496177,texture (Haralick)
field,OPC,r18s_glcm_homogeneity,18,-0.020776107907295227,0.49507904052734375,0.7643854895303416,texture (Haralick)
field,OPC,r18s_nuc_mean,18,0.038022056221961975,0.0182342529296875,0.2338413439298931,intensity: nuc
field,OPC,r18s_nuc_p90,18,0.06116597354412079,0.030364990234375,0.2750710880055147,intensity: nuc
field,OPC,r18s_polarity_nuc,18,0.010502542369067669,0.14151763916015625,0.51611328125,polarity
field,OPC,r18s_polarity_shape,18,0.010884426534175873,0.5798416137695312,0.8179750398825143,polarity
field,OPC,r18s_radial_b0,18,0.004610118456184864,1.0,1.0,radial profile
field,OPC,r18s_radial_b1,18,0.025129856541752815,0.28372955322265625,0.6286957006660296,radial profile
field,OPC,r18s_radial_b2,18,0.013857648707926273,0.12973785400390625,0.49784678797568044,radial profile
field,OPC,r18s_radial_b3,18,0.033400699496269226,0.24620819091796875,0.5955402314350867,radial profile
field,OPC,r18s_radial_b4,18,-0.02212226763367653,0.08142852783203125,0.4036800986842105,radial profile
field,OPC,r18s_rim_mean,18,0.057538606226444244,0.03849029541015625,0.30926115616508154,intensity: rim
field,OPC,r18s_rim_p90,18,0.05784787982702255,0.0599365234375,0.3701923076923077,intensity: rim
field,OPC,smavim_cyto_mean,18,-0.00019829347729682922,0.8985748291015625,0.9735423487208233,intensity: cyto
field,OPC,smavim_cyto_p90,18,0.005033906549215317,0.6396942138671875,0.849249214961611,intensity: cyto
field,OPC,smavim_glcm_asm,18,-0.015772534534335136,0.4171142578125,0.7126754535520209,texture (Haralick)
field,OPC,smavim_glcm_contrast,18,-0.0028128325939178467,0.39273834228515625,0.6920585632324219,texture (Haralick)
field,OPC,smavim_glcm_entropy,18,0.016835030168294907,0.30379486083984375,0.6388274336283186,texture (Haralick)
field,OPC,smavim_glcm_homogeneity,18,-0.005311541259288788,0.4171142578125,0.7126754535520209,texture (Haralick)
field,OPC,smavim_nuc_mean,18,0.02583380974829197,0.49507904052734375,0.7643854895303416,intensity: nuc
field,OPC,smavim_nuc_p90,18,-0.004645887762308121,0.9661178588867188,1.0,intensity: nuc
field,OPC,smavim_polarity_nuc,18,-0.019370971247553825,0.2121429443359375,0.581661960137704,polarity
field,OPC,smavim_polarity_shape,18,-0.03153611347079277,0.39273834228515625,0.6920585632324219,polarity
field,OPC,smavim_radial_b0,18,-0.02589498832821846,0.0431671142578125,0.31917021995367006,radial profile
field,OPC,smavim_radial_b1,18,-0.020951926708221436,0.02684783935546875,0.26964569091796875,radial profile
field,OPC,smavim_radial_b2,18,-0.02913275733590126,0.15404510498046875,0.5271765814887153,radial profile
field,OPC,smavim_radial_b3,18,0.02262619510293007,0.3692169189453125,0.6849263509114584,radial profile
field,OPC,smavim_radial_b4,18,0.03064778819680214,0.03423309326171875,0.2936853107653166,radial profile
field,OPC,smavim_rim_mean,18,0.011146396398544312,0.8985748291015625,0.9735423487208233,intensity: rim
field,OPC,smavim_rim_p90,18,0.006803495343774557,0.6396942138671875,0.849249214961611,intensity: rim
field,Oligodendrocyte,bnd_cyto_mean,19,-0.045178577303886414,0.6225624084472656,0.8418367346938775,intensity: cyto
field,Oligodendrocyte,bnd_cyto_p90,19,-0.06773994863033295,0.07987594604492188,0.3989479683540963,intensity: cyto
field,Oligodendrocyte,bnd_glcm_asm,19,-0.059930283576250076,0.8905677795410156,0.9735423487208233,texture (Haralick)
field,Oligodendrocyte,bnd_glcm_contrast,19,0.06459467113018036,0.0180816650390625,0.2338413439298931,texture (Haralick)
field,Oligodendrocyte,bnd_glcm_correlation,19,-0.1015254408121109,0.012359619140625,0.2039337158203125,texture (Haralick)
field,Oligodendrocyte,bnd_glcm_entropy,19,0.059511616826057434,0.70855712890625,0.8883402810167911,texture (Haralick)
field,Oligodendrocyte,bnd_glcm_homogeneity,19,-0.10391753911972046,0.6225624084472656,0.8418367346938775,texture (Haralick)
field,Oligodendrocyte,bnd_nuc_mean,19,0.010460585355758667,0.9217147827148438,0.9893826226989887,intensity: nuc
field,Oligodendrocyte,bnd_nuc_p90,19,0.013002254068851471,1.0,1.0,intensity: nuc
field,Oligodendrocyte,bnd_polarity_nuc,19,0.011425666511058807,0.7982521057128906,0.9407894736842105,polarity
field,Oligodendrocyte,bnd_polarity_shape,19,-0.04433160647749901,0.25792694091796875,0.615825564362282,polarity
field,Oligodendrocyte,bnd_radial_b0,19,-0.024823695421218872,0.07283401489257812,0.38298760085809425,radial profile
field,Oligodendrocyte,bnd_radial_b1,19,-0.02674993872642517,0.044559478759765625,0.31917021995367006,radial profile
field,Oligodendrocyte,bnd_radial_b2,19,-0.010854579508304596,0.12318801879882812,0.4894067796610169,radial profile
field,Oligodendrocyte,bnd_radial_b3,19,0.01293686032295227,0.9217147827148438,0.9893826226989887,radial profile
field,Oligodendrocyte,bnd_radial_b4,19,0.002347134053707123,0.22532272338867188,0.5881304983365334,radial profile
field,Oligodendrocyte,bnd_rim_mean,19,-0.037902846932411194,0.70855712890625,0.8883402810167911,intensity: rim
field,Oligodendrocyte,bnd_rim_p90,19,-0.07408314943313599,0.07283401489257812,0.38298760085809425,intensity: rim
field,Oligodendrocyte,dapi_cyto_mean,19,0.016710400581359863,0.6794281005859375,0.8743615110604543,intensity: cyto
field,Oligodendrocyte,dapi_cyto_p90,19,0.026745326817035675,0.6794281005859375,0.8743615110604543,intensity: cyto
field,Oligodendrocyte,dapi_glcm_asm,19,-0.0013967454433441162,0.8287849426269531,0.9536703449406035,texture (Haralick)
field,Oligodendrocyte,dapi_glcm_contrast,19,0.011422911658883095,0.1336212158203125,0.49784678797568044,texture (Haralick)
field,Oligodendrocyte,dapi_glcm_correlation,19,-0.02327183075249195,0.22532272338867188,0.5881304983365334,texture (Haralick)
field,Oligodendrocyte,dapi_glcm_entropy,19,0.0002789348363876343,1.0,1.0,texture (Haralick)
field,Oligodendrocyte,dapi_glcm_homogeneity,19,-0.01172368973493576,0.3524589538574219,0.680483615398407,texture (Haralick)
field,Oligodendrocyte,dapi_nuc_mean,19,0.08776748180389404,0.03234100341796875,0.2873373765211839,intensity: nuc
field,Oligodendrocyte,dapi_nuc_p90,19,0.09108148515224457,0.036067962646484375,0.2936853107653166,intensity: nuc
field,Oligodendrocyte,dapi_polarity_nuc,19,0.002192959189414978,0.9529838562011719,0.9994972566741008,polarity
field,Oligodendrocyte,dapi_polarity_shape,19,-0.0019352296367287636,0.7982521057128906,0.9407894736842105,polarity
field,Oligodendrocyte,dapi_radial_b0,19,0.011199599131941795,0.24125289916992188,0.5944471435546875,radial profile
field,Oligodendrocyte,dapi_radial_b1,19,0.0398501493036747,0.1336212158203125,0.49784678797568044,radial profile
field,Oligodendrocyte,dapi_radial_b2,19,0.02317909523844719,0.14468765258789062,0.51611328125,radial profile
field,Oligodendrocyte,dapi_radial_b3,19,-0.0275703277438879,0.11337661743164062,0.4894067796610169,radial profile
field,Oligodendrocyte,dapi_radial_b4,19,-0.03078935667872429,0.2934989929199219,0.6382375905211543,radial profile
field,Oligodendrocyte,dapi_rim_mean,19,0.01111416146159172,0.1956329345703125,0.563130316333236,intensity: rim
field,Oligodendrocyte,dapi_rim_p90,19,0.0215432308614254,0.21011734008789062,0.5778226852416992,intensity: rim
field,Oligodendrocyte,morph_cell_area_um2,19,0.0039872415363788605,0.6507492065429688,0.8528968324052527,morphology
field,Oligodendrocyte,morph_cell_circularity,19,-0.01227635145187378,0.22532272338867188,0.5881304983365334,morphology
field,Oligodendrocyte,morph_cell_eccentricity,19,-0.010107800364494324,0.9843215942382812,1.0,morphology
field,Oligodendrocyte,morph_cell_major_um,19,0.021570619195699692,0.6794281005859375,0.8743615110604543,morphology
field,Oligodendrocyte,morph_cell_minor_um,19,0.0009196139872074127,0.70855712890625,0.8883402810167911,morphology
field,Oligodendrocyte,morph_cell_perimeter_um,19,0.011153846979141235,0.6225624084472656,0.8418367346938775,morphology
field,Oligodendrocyte,morph_cell_solidity,19,-0.014731645584106445,0.6225624084472656,0.8418367346938775,morphology
field,Oligodendrocyte,morph_nuc_area_um2,19,0.01032547652721405,0.9843215942382812,1.0,morphology
field,Oligodendrocyte,morph_nuc_cell_ratio,19,-0.00355539470911026,0.25792694091796875,0.615825564362282,morphology
field,Oligodendrocyte,morph_nuc_eccentricity,19,-0.009457483887672424,0.3524589538574219,0.680483615398407,morphology
field,Oligodendrocyte,morph_nuc_perimeter_um,19,-0.0012484141625463963,0.9217147827148438,0.9893826226989887,morphology
field,Oligodendrocyte,morph_nuc_solidity,19,0.01547534391283989,0.5948867797851562,0.8291222790637648,morphology
field,Oligodendrocyte,nuc_offset,19,0.006977710872888565,0.9529838562011719,0.9994972566741008,morphology
field,Oligodendrocyte,r18s_cyto_mean,19,0.028271794319152832,0.24125289916992188,0.5944471435546875,intensity: cyto
field,Oligodendrocyte,r18s_cyto_p90,19,0.02322204038500786,0.5152778625488281,0.7724776268005371,intensity: cyto
field,Oligodendrocyte,r18s_glcm_asm,19,-0.0007213577628135681,0.6794281005859375,0.8743615110604543,texture (Haralick)
field,Oligodendrocyte,r18s_glcm_contrast,19,0.02842492237687111,0.12318801879882812,0.4894067796610169,texture (Haralick)
field,Oligodendrocyte,r18s_glcm_correlation,19,-0.026727847754955292,0.2934989929199219,0.6382375905211543,texture (Haralick)
field,Oligodendrocyte,r18s_glcm_entropy,19,0.011419244110584259,0.2753410339355469,0.6196818524096386,texture (Haralick)
field,Oligodendrocyte,r18s_glcm_homogeneity,19,-0.009258517995476723,0.24125289916992188,0.5944471435546875,texture (Haralick)
field,Oligodendrocyte,r18s_nuc_mean,19,0.009840454906225204,0.1956329345703125,0.563130316333236,intensity: nuc
field,Oligodendrocyte,r18s_nuc_p90,19,0.03856737166643143,0.25792694091796875,0.615825564362282,intensity: nuc
field,Oligodendrocyte,r18s_polarity_nuc,19,-0.009846054017543793,0.5677604675292969,0.8179750398825143,polarity
field,Oligodendrocyte,r18s_polarity_shape,19,0.006581507623195648,0.9843215942382812,1.0,polarity
field,Oligodendrocyte,r18s_radial_b0,19,-0.015816103667020798,0.6794281005859375,0.8743615110604543,radial profile
field,Oligodendrocyte,r18s_radial_b1,19,0.00054912269115448,0.9843215942382812,1.0,radial profile
field,Oligodendrocyte,r18s_radial_b2,19,0.010102629661560059,0.4653167724609375,0.7400218549981175,radial profile
field,Oligodendrocyte,r18s_radial_b3,19,4.7400593757629395e-05,0.5948867797851562,0.8291222790637648,radial profile
field,Oligodendrocyte,r18s_radial_b4,19,-0.002757269423455,0.5152778625488281,0.7724776268005371,radial profile
field,Oligodendrocyte,r18s_rim_mean,19,0.03365485370159149,0.18186569213867188,0.5564367534309034,intensity: rim
field,Oligodendrocyte,r18s_rim_p90,19,0.04103196784853935,0.2934989929199219,0.6382375905211543,intensity: rim
field,Oligodendrocyte,smavim_cyto_mean,19,0.02324550412595272,0.7380905151367188,0.908116692391915,intensity: cyto
field,Oligodendrocyte,smavim_cyto_p90,19,-0.023382894694805145,0.6507492065429688,0.8528968324052527,intensity: cyto
field,Oligodendrocyte,smavim_glcm_asm,19,-0.03489517420530319,0.24125289916992188,0.5944471435546875,texture (Haralick)
field,Oligodendrocyte,smavim_glcm_contrast,19,-0.03633693978190422,0.5152778625488281,0.7724776268005371,texture (Haralick)
field,Oligodendrocyte,smavim_glcm_entropy,19,0.0309072844684124,0.24125289916992188,0.5944471435546875,texture (Haralick)
field,Oligodendrocyte,smavim_glcm_homogeneity,19,-0.02437131106853485,0.22532272338867188,0.5881304983365334,texture (Haralick)
field,Oligodendrocyte,smavim_nuc_mean,19,-0.005237940698862076,0.7982521057128906,0.9407894736842105,intensity: nuc
field,Oligodendrocyte,smavim_nuc_p90,19,0.01251266896724701,0.76800537109375,0.92641901160656,intensity: nuc
field,Oligodendrocyte,smavim_polarity_nuc,19,-0.02359168231487274,0.06628799438476562,0.37734375,polarity
field,Oligodendrocyte,smavim_polarity_shape,19,-0.03631805628538132,0.3954620361328125,0.6920585632324219,polarity
field,Oligodendrocyte,smavim_radial_b0,19,-0.015373921021819115,0.21011734008789062,0.5778226852416992,radial profile
field,Oligodendrocyte,smavim_radial_b1,19,-0.020031467080116272,0.05457305908203125,0.3701923076923077,radial profile
field,Oligodendrocyte,smavim_radial_b2,19,-0.027086550369858742,0.14468765258789062,0.51611328125,radial profile
field,Oligodendrocyte,smavim_radial_b3,19,0.015315979719161987,0.48996734619140625,0.7634567080621575,radial profile
field,Oligodendrocyte,smavim_radial_b4,19,0.023177945986390114,0.06628799438476562,0.37734375,radial profile
field,Oligodendrocyte,smavim_rim_mean,19,0.0220574252307415,0.9529838562011719,0.9994972566741008,intensity: rim
field,Oligodendrocyte,smavim_rim_p90,19,-0.019596770405769348,0.8905677795410156,0.9735423487208233,intensity: rim
field,Schwann cell,bnd_cyto_mean,20,0.07030582427978516,0.13272666931152344,0.49784678797568044,intensity: cyto
field,Schwann cell,bnd_cyto_p90,20,0.06165948510169983,0.6215133666992188,0.8418367346938775,intensity: cyto
field,Schwann cell,bnd_glcm_asm,20,-0.047437600791454315,0.00485992431640625,0.11817289653577302,texture (Haralick)
field,Schwann cell,bnd_glcm_contrast,20,-0.027967505156993866,0.6742229461669922,0.8743615110604543,texture (Haralick)
field,Schwann cell,bnd_glcm_correlation,20,0.07142366468906403,0.47490501403808594,0.7475506524211097,texture (Haralick)
field,Schwann cell,bnd_glcm_entropy,20,0.03261721134185791,0.01923370361328125,0.2338413439298931,texture (Haralick)
field,Schwann cell,bnd_glcm_homogeneity,20,-0.05320170149207115,0.06372261047363281,0.3750298858448199,texture (Haralick)
field,Schwann cell,bnd_nuc_mean,20,0.15470372140407562,0.03276824951171875,0.288360595703125,intensity: nuc
field,Schwann cell,bnd_nuc_p90,20,0.08837336301803589,0.0758514404296875,0.38298760085809425,intensity: nuc
field,Schwann cell,bnd_polarity_nuc,20,-0.07868997007608414,0.0019855499267578125,0.07644367218017578,polarity
field,Schwann cell,bnd_polarity_shape,20,-0.056438419967889786,0.069580078125,0.3826904296875,polarity
field,Schwann cell,bnd_radial_b0,20,0.0802941769361496,0.058258056640625,0.3701923076923077,radial profile
field,Schwann cell,bnd_radial_b1,20,0.04403321444988251,0.1230926513671875,0.4894067796610169,radial profile
field,Schwann cell,bnd_radial_b2,20,0.0013337871059775352,0.5216732025146484,0.7724776268005371,radial profile
field,Schwann cell,bnd_radial_b3,20,0.009630405344069004,0.4304332733154297,0.7246173290496177,radial profile
field,Schwann cell,bnd_radial_b4,20,-0.018383856862783432,0.1893482208251953,0.5607620385976938,radial profile
field,Schwann cell,bnd_rim_mean,20,0.07228007912635803,0.11398696899414062,0.4894067796610169,intensity: rim
field,Schwann cell,bnd_rim_p90,20,0.05145757645368576,0.7011814117431641,0.8883402810167911,intensity: rim
field,Schwann cell,dapi_cyto_mean,20,0.1132899820804596,1.33514404296875e-05,0.0030841827392578125,intensity: cyto
field,Schwann cell,dapi_cyto_p90,20,0.11725208163261414,4.76837158203125e-05,0.00629425048828125,intensity: cyto
field,Schwann cell,dapi_glcm_asm,20,0.04036374390125275,0.026641845703125,0.26964569091796875,texture (Haralick)
field,Schwann cell,dapi_glcm_contrast,20,-0.058992255479097366,0.006389617919921875,0.13418197631835938,texture (Haralick)
field,Schwann cell,dapi_glcm_correlation,20,0.01292724721133709,0.14290618896484375,0.51611328125,texture (Haralick)
field,Schwann cell,dapi_glcm_entropy,20,-0.04322044923901558,0.01923370361328125,0.2338413439298931,texture (Haralick)
field,Schwann cell,dapi_glcm_homogeneity,20,0.049862004816532135,0.00485992431640625,0.11817289653577302,texture (Haralick)
field,Schwann cell,dapi_nuc_mean,20,0.12646962702274323,0.023950576782226562,0.2603568581973805,intensity: nuc
field,Schwann cell,dapi_nuc_p90,20,0.1374720335006714,0.013616561889648438,0.21310474833504098,intensity: nuc
field,Schwann cell,dapi_polarity_nuc,20,0.0011018887162208557,0.34881019592285156,0.680483615398407,polarity
field,Schwann cell,dapi_polarity_shape,20,-0.02039460465312004,0.009435653686523438,0.167664307814378,polarity
field,Schwann cell,dapi_radial_b0,20,-0.0753423273563385,0.0001049041748046875,0.010770161946614584,radial profile
field,Schwann cell,dapi_radial_b1,20,-0.1175413429737091,0.0002613067626953125,0.02056121826171875,radial profile
field,Schwann cell,dapi_radial_b2,20,-0.0345822349190712,0.021484375,0.24508101851851852,radial profile
field,Schwann cell,dapi_radial_b3,20,0.09328022599220276,0.000850677490234375,0.0374298095703125,radial profile
field,Schwann cell,dapi_radial_b4,20,0.0826856717467308,0.000133514404296875,0.01233673095703125,radial profile
field,Schwann cell,dapi_rim_mean,20,0.13730965554714203,1.33514404296875e-05,0.0030841827392578125,intensity: rim
field,Schwann cell,dapi_rim_p90,20,0.13810020685195923,3.62396240234375e-05,0.005580902099609375,intensity: rim
field,Schwann cell,morph_cell_area_um2,20,-0.06222054362297058,0.24548721313476562,0.5955402314350867,morphology
field,Schwann cell,morph_cell_circularity,20,0.08771154284477234,0.023950576782226562,0.2603568581973805,morphology
field,Schwann cell,morph_cell_eccentricity,20,-0.026990659534931183,0.16495704650878906,0.5415317346687452,morphology
field,Schwann cell,morph_cell_major_um,20,-0.06544353067874908,0.15364646911621094,0.5271765814887153,morphology
field,Schwann cell,morph_cell_minor_um,20,-0.061347104609012604,0.2942523956298828,0.6382375905211543,morphology
field,Schwann cell,morph_cell_perimeter_um,20,-0.06674706935882568,0.14290618896484375,0.51611328125,morphology
field,Schwann cell,morph_cell_solidity,20,0.06410719454288483,0.013616561889648438,0.21310474833504098,morphology
field,Schwann cell,morph_nuc_area_um2,20,0.03194480761885643,0.16495704650878906,0.5415317346687452,morphology
field,Schwann cell,morph_nuc_cell_ratio,20,0.11823846399784088,9.5367431640625e-06,0.0030841827392578125,morphology
field,Schwann cell,morph_nuc_eccentricity,20,0.033060554414987564,0.26109886169433594,0.6164397852761405,morphology
field,Schwann cell,morph_nuc_perimeter_um,20,0.04013407975435257,0.0758514404296875,0.38298760085809425,morphology
field,Schwann cell,morph_nuc_solidity,20,-0.06614769995212555,0.082550048828125,0.4036800986842105,morphology
field,Schwann cell,nuc_offset,20,-0.057656772434711456,3.814697265625e-06,0.0030841827392578125,morphology
field,Schwann cell,r18s_cyto_mean,20,0.10296659171581268,0.0005855560302734375,0.02847651431435033,intensity: cyto
field,Schwann cell,r18s_cyto_p90,20,0.11344941705465317,0.0014324188232421875,0.057545869246773095,intensity: cyto
field,Schwann cell,r18s_glcm_asm,20,0.016996722668409348,0.49800872802734375,0.7643854895303416,texture (Haralick)
field,Schwann cell,r18s_glcm_contrast,20,-0.08291912078857422,0.0004825592041015625,0.026228512034696692,texture (Haralick)
field,Schwann cell,r18s_glcm_correlation,20,0.06750252842903137,0.01923370361328125,0.2338413439298931,texture (Haralick)
field,Schwann cell,r18s_glcm_entropy,20,-0.027462396770715714,0.16495704650878906,0.5415317346687452,texture (Haralick)
field,Schwann cell,r18s_glcm_homogeneity,20,0.0683625191450119,0.017181396484375,0.2338413439298931,texture (Haralick)
field,Schwann cell,r18s_nuc_mean,20,0.06792011111974716,0.021484375,0.24508101851851852,intensity: nuc
field,Schwann cell,r18s_nuc_p90,20,0.07467839121818542,0.03623390197753906,0.2936853107653166,intensity: nuc
field,Schwann cell,r18s_polarity_nuc,20,-0.05084115266799927,0.006389617919921875,0.13418197631835938,polarity
field,Schwann cell,r18s_polarity_shape,20,-0.016401275992393494,0.7011814117431641,0.8883402810167911,polarity
field,Schwann cell,r18s_radial_b0,20,-0.052276432514190674,0.05316925048828125,0.3701923076923077,radial profile
field,Schwann cell,r18s_radial_b1,20,-0.13925185799598694,0.001209259033203125,0.05078887939453125,radial profile
field,Schwann cell,r18s_radial_b2,20,-0.10832566767930984,0.0004825592041015625,0.026228512034696692,radial profile
field,Schwann cell,r18s_radial_b3,20,-0.07282521575689316,0.021484375,0.24508101851851852,radial profile
field,Schwann cell,r18s_radial_b4,20,0.16861492395401,2.6702880859375e-05,0.0049346923828125,radial profile
field,Schwann cell,r18s_rim_mean,20,0.14330004155635834,0.0004825592041015625,0.026228512034696692,intensity: rim
field,Schwann cell,r18s_rim_p90,20,0.12341954559087753,0.000850677490234375,0.0374298095703125,intensity: rim
field,Schwann cell,smavim_cyto_mean,20,-0.064485102891922,0.8123550415039062,0.9407894736842105,intensity: cyto
field,Schwann cell,smavim_cyto_p90,20,-0.034353263676166534,0.3299827575683594,0.6584304678593582,intensity: cyto
field,Schwann cell,smavim_glcm_asm,20,0.008802108466625214,0.6476554870605469,0.8528968324052527,texture (Haralick)
field,Schwann cell,smavim_glcm_contrast,20,-0.02418740652501583,0.47490501403808594,0.7475506524211097,texture (Haralick)
field,Schwann cell,smavim_glcm_entropy,20,-0.03506346046924591,0.36827659606933594,0.6849263509114584,texture (Haralick)
field,Schwann cell,smavim_glcm_homogeneity,20,0.01638713665306568,0.49800872802734375,0.7643854895303416,texture (Haralick)
field,Schwann cell,smavim_nuc_mean,20,0.005836371332406998,0.49800872802734375,0.7643854895303416,intensity: nuc
field,Schwann cell,smavim_nuc_p90,20,-0.01928754337131977,0.8123550415039062,0.9407894736842105,intensity: nuc
field,Schwann cell,smavim_polarity_nuc,20,-0.00840950757265091,0.20244979858398438,0.5773568329987703,polarity
field,Schwann cell,smavim_polarity_shape,20,0.027871977537870407,0.3117942810058594,0.6388274336283186,polarity
field,Schwann cell,smavim_radial_b0,20,0.03414466232061386,0.8408222198486328,0.9627258130608881,radial profile
field,Schwann cell,smavim_radial_b1,20,0.0028262678533792496,0.5216732025146484,0.7724776268005371,radial profile
field,Schwann cell,smavim_radial_b2,20,-0.05218524485826492,0.026641845703125,0.26964569091796875,radial profile
field,Schwann cell,smavim_radial_b3,20,-0.05981386452913284,0.029575347900390625,0.2750710880055147,radial profile
field,Schwann cell,smavim_radial_b4,20,0.03761051595211029,0.04405403137207031,0.31917021995367006,radial profile
field,Schwann cell,smavim_rim_mean,20,-0.04668383300304413,0.8694877624511719,0.9735423487208233,intensity: rim
field,Schwann cell,smavim_rim_p90,20,-0.06451001763343811,0.2773551940917969,0.6196818524096386,intensity: rim
field,T cell,bnd_cyto_mean,11,-0.018717721104621887,0.9658203125,1.0,intensity: cyto
field,T cell,bnd_cyto_p90,11,-0.050260476768016815,0.7646484375,0.92641901160656,intensity: cyto
field,T cell,bnd_glcm_asm,11,-0.05321985483169556,0.1015625,0.4600183823529412,texture (Haralick)
field,T cell,bnd_glcm_contrast,11,0.02466101199388504,0.365234375,0.6849263509114584,texture (Haralick)
field,T cell,bnd_glcm_correlation,11,-0.07054322957992554,0.240234375,0.5944471435546875,texture (Haralick)
field,T cell,bnd_glcm_entropy,11,0.05266425013542175,0.1474609375,0.51611328125,texture (Haralick)
field,T cell,bnd_glcm_homogeneity,11,-0.03768950700759888,0.2783203125,0.6196818524096386,texture (Haralick)
field,T cell,bnd_nuc_mean,11,0.04674419388175011,0.5771484375,0.8179750398825143,intensity: nuc
field,T cell,bnd_nuc_p90,11,0.05335913598537445,0.6376953125,0.849249214961611,intensity: nuc
field,T cell,bnd_polarity_nuc,11,-0.03784823790192604,0.0673828125,0.37734375,polarity
field,T cell,bnd_polarity_shape,11,-0.013347774744033813,0.1015625,0.4600183823529412,polarity
field,T cell,bnd_radial_b0,11,0.008438117802143097,0.5771484375,0.8179750398825143,radial profile
field,T cell,bnd_radial_b1,11,0.02748086303472519,0.3203125,0.6502108448430112,radial profile
field,T cell,bnd_radial_b2,11,0.02464061602950096,0.2060546875,0.5778226852416992,radial profile
field,T cell,bnd_radial_b3,11,-0.01878698542714119,1.0,1.0,radial profile
field,T cell,bnd_radial_b4,11,0.005711592733860016,0.3203125,0.6502108448430112,radial profile
field,T cell,bnd_rim_mean,11,0.018388062715530396,0.9658203125,1.0,intensity: rim
field,T cell,bnd_rim_p90,11,-0.05373048782348633,0.7001953125,0.8883402810167911,intensity: rim
field,T cell,dapi_cyto_mean,11,0.04495910555124283,0.1474609375,0.51611328125,intensity: cyto
field,T cell,dapi_cyto_p90,11,0.07908929884433746,0.0673828125,0.37734375,intensity: cyto
field,T cell,dapi_glcm_asm,11,-0.005800571292638779,0.7646484375,0.92641901160656,texture (Haralick)
field,T cell,dapi_glcm_contrast,11,-0.024588070809841156,0.4130859375,0.7126754535520209,texture (Haralick)
field,T cell,dapi_glcm_correlation,11,0.04227044805884361,0.365234375,0.6849263509114584,texture (Haralick)
field,T cell,dapi_glcm_entropy,11,-0.012330800294876099,0.9658203125,1.0,texture (Haralick)
field,T cell,dapi_glcm_homogeneity,11,0.008312501013278961,0.51953125,0.7724776268005371,texture (Haralick)
field,T cell,dapi_nuc_mean,11,0.08043515682220459,0.1748046875,0.5564367534309034,intensity: nuc
field,T cell,dapi_nuc_p90,11,0.07349803298711777,0.2060546875,0.5778226852416992,intensity: nuc
field,T cell,dapi_polarity_nuc,11,0.02367290109395981,0.9658203125,1.0,polarity
field,T cell,dapi_polarity_shape,11,-0.027250181883573532,0.51953125,0.7724776268005371,polarity
field,T cell,dapi_radial_b0,11,0.021346915513277054,0.8984375,0.9735423487208233,radial profile
field,T cell,dapi_radial_b1,11,-0.020040858536958694,0.365234375,0.6849263509114584,radial profile
field,T cell,dapi_radial_b2,11,-0.09402875602245331,0.123046875,0.4894067796610169,radial profile
field,T cell,dapi_radial_b3,11,-0.024023860692977905,0.46484375,0.7400218549981175,radial profile
field,T cell,dapi_radial_b4,11,0.07554580271244049,0.2060546875,0.5778226852416992,radial profile
field,T cell,dapi_rim_mean,11,0.029358811676502228,0.0537109375,0.3701923076923077,intensity: rim
field,T cell,dapi_rim_p90,11,0.06762882322072983,0.1015625,0.4600183823529412,intensity: rim
field,T cell,morph_cell_area_um2,11,-0.007455065846443176,0.4130859375,0.7126754535520209,morphology
field,T cell,morph_cell_circularity,11,0.03781331703066826,0.1474609375,0.51611328125,morphology
field,T cell,morph_cell_eccentricity,11,-0.035260241478681564,0.0830078125,0.4036800986842105,morphology
field,T cell,morph_cell_major_um,11,-0.022091180086135864,0.240234375,0.5944471435546875,morphology
field,T cell,morph_cell_minor_um,11,0.0104607492685318,0.5771484375,0.8179750398825143,morphology
field,T cell,morph_cell_perimeter_um,11,-0.02738054096698761,0.2783203125,0.6196818524096386,morphology
field,T cell,morph_cell_solidity,11,0.02299494296312332,0.2783203125,0.6196818524096386,morphology
field,T cell,morph_nuc_area_um2,11,0.025302186608314514,0.46484375,0.7400218549981175,morphology
field,T cell,morph_nuc_cell_ratio,11,0.038846418261528015,0.1015625,0.4600183823529412,morphology
field,T cell,morph_nuc_eccentricity,11,-0.035861723124980927,0.0244140625,0.26230922965116277,morphology
field,T cell,morph_nuc_perimeter_um,11,0.00864642858505249,0.46484375,0.7400218549981175,morphology
field,T cell,morph_nuc_solidity,11,0.016024895012378693,0.7001953125,0.8883402810167911,morphology
field,T cell,nuc_offset,11,-0.03311187028884888,0.46484375,0.7400218549981175,morphology
field,T cell,r18s_cyto_mean,11,0.084168441593647,0.2783203125,0.6196818524096386,intensity: cyto
field,T cell,r18s_cyto_p90,11,0.06285147368907928,0.2783203125,0.6196818524096386,intensity: cyto
field,T cell,r18s_glcm_asm,11,-0.016379667446017265,0.51953125,0.7724776268005371,texture (Haralick)
field,T cell,r18s_glcm_contrast,11,0.003652503713965416,0.5771484375,0.8179750398825143,texture (Haralick)
field,T cell,r18s_glcm_correlation,11,-0.03466993570327759,0.2783203125,0.6196818524096386,texture (Haralick)
field,T cell,r18s_glcm_entropy,11,0.01825428567826748,0.6376953125,0.849249214961611,texture (Haralick)
field,T cell,r18s_glcm_homogeneity,11,-0.02969956211745739,0.2783203125,0.6196818524096386,texture (Haralick)
field,T cell,r18s_nuc_mean,11,0.048869770020246506,0.5771484375,0.8179750398825143,intensity: nuc
field,T cell,r18s_nuc_p90,11,0.04854096844792366,0.240234375,0.5944471435546875,intensity: nuc
field,T cell,r18s_polarity_nuc,11,-0.035641588270664215,0.0673828125,0.37734375,polarity
field,T cell,r18s_polarity_shape,11,-0.016767941415309906,0.365234375,0.6849263509114584,polarity
field,T cell,r18s_radial_b0,11,-0.02873307839035988,0.1474609375,0.51611328125,radial profile
field,T cell,r18s_radial_b1,11,-0.04175479710102081,0.1474609375,0.51611328125,radial profile
field,T cell,r18s_radial_b2,11,-0.06070062145590782,0.0185546875,0.2338413439298931,radial profile
field,T cell,r18s_radial_b3,11,-0.06635306775569916,0.0673828125,0.37734375,radial profile
field,T cell,r18s_radial_b4,11,0.10331180691719055,0.0068359375,0.14036458333333332,radial profile
field,T cell,r18s_rim_mean,11,0.10900791734457016,0.1748046875,0.5564367534309034,intensity: rim
field,T cell,r18s_rim_p90,11,0.07567822933197021,0.1748046875,0.5564367534309034,intensity: rim
field,T cell,smavim_cyto_mean,11,-0.028041593730449677,0.51953125,0.7724776268005371,intensity: cyto
field,T cell,smavim_cyto_p90,11,-0.008814185857772827,1.0,1.0,intensity: cyto
field,T cell,smavim_glcm_asm,11,0.027287274599075317,0.9658203125,1.0,texture (Haralick)
field,T cell,smavim_glcm_contrast,11,-0.04982168972492218,0.2060546875,0.5778226852416992,texture (Haralick)
field,T cell,smavim_glcm_entropy,11,-0.04125995188951492,0.9658203125,1.0,texture (Haralick)
field,T cell,smavim_glcm_homogeneity,11,0.0378270298242569,0.8310546875,0.9546768851902174,texture (Haralick)
field,T cell,smavim_nuc_mean,11,-0.09322935342788696,0.46484375,0.7400218549981175,intensity: nuc
field,T cell,smavim_nuc_p90,11,-0.03509855270385742,0.5771484375,0.8179750398825143,intensity: nuc
field,T cell,smavim_polarity_nuc,11,-0.017240256071090698,0.8984375,0.9735423487208233,polarity
field,T cell,smavim_polarity_shape,11,0.004780699498951435,0.8984375,0.9735423487208233,polarity
field,T cell,smavim_radial_b0,11,-0.016923539340496063,0.3203125,0.6502108448430112,radial profile
field,T cell,smavim_radial_b1,11,-0.03205323591828346,0.123046875,0.4894067796610169,radial profile
field,T cell,smavim_radial_b2,11,-0.002811732701957226,0.6376953125,0.849249214961611,radial profile
field,T cell,smavim_radial_b3,11,-0.03306034207344055,0.0830078125,0.4036800986842105,radial profile
field,T cell,smavim_radial_b4,11,0.03823583945631981,0.0185546875,0.2338413439298931,radial profile
field,T cell,smavim_rim_mean,11,-0.030862223356962204,0.51953125,0.7724776268005371,intensity: rim
field,T cell,smavim_rim_p90,11,-0.023900169879198074,0.8984375,0.9735423487208233,intensity: rim
field,VSMC,bnd_cyto_mean,20,0.05259024351835251,0.17685317993164062,0.5564367534309034,intensity: cyto
field,VSMC,bnd_cyto_p90,20,-0.006239140406250954,0.4523754119873047,0.7346131470584701,intensity: cyto
field,VSMC,bnd_glcm_asm,20,-0.05692170932888985,0.00830841064453125,0.1535394287109375,texture (Haralick)
field,VSMC,bnd_glcm_contrast,20,0.041056085377931595,0.01531219482421875,0.2282010970577117,texture (Haralick)
field,VSMC,bnd_glcm_correlation,20,-0.0029378533363342285,0.36827659606933594,0.6849263509114584,texture (Haralick)
field,VSMC,bnd_glcm_entropy,20,0.06526905298233032,0.002712249755859375,0.093658447265625,texture (Haralick)
field,VSMC,bnd_glcm_homogeneity,20,-0.06437008827924728,0.00485992431640625,0.11817289653577302,texture (Haralick)
field,VSMC,bnd_nuc_mean,20,0.05321202799677849,0.058258056640625,0.3701923076923077,intensity: nuc
field,VSMC,bnd_nuc_p90,20,0.018418796360492706,0.3117942810058594,0.6388274336283186,intensity: nuc
field,VSMC,bnd_polarity_nuc,20,-0.030326707288622856,0.01923370361328125,0.2338413439298931,polarity
field,VSMC,bnd_polarity_shape,20,-0.032796647399663925,0.04405403137207031,0.31917021995367006,polarity
field,VSMC,bnd_radial_b0,20,0.00582995917648077,0.47490501403808594,0.7475506524211097,radial profile
field,VSMC,bnd_radial_b1,20,0.016945110633969307,0.47490501403808594,0.7475506524211097,radial profile
field,VSMC,bnd_radial_b2,20,0.011105014011263847,0.6215133666992188,0.8418367346938775,radial profile
field,VSMC,bnd_radial_b3,20,0.04391709715127945,0.08969497680664062,0.4210412659620876,radial profile
field,VSMC,bnd_radial_b4,20,-0.025608589872717857,0.40909767150878906,0.7092049689945987,radial profile
field,VSMC,bnd_rim_mean,20,0.050986796617507935,0.15364646911621094,0.5271765814887153,intensity: rim
field,VSMC,bnd_rim_p90,20,-0.013643458485603333,0.2773551940917969,0.6196818524096386,intensity: rim
field,VSMC,dapi_cyto_mean,20,-0.004371531307697296,0.4523754119873047,0.7346131470584701,intensity: cyto
field,VSMC,dapi_cyto_p90,20,0.0036406293511390686,0.5958194732666016,0.8291222790637648,intensity: cyto
field,VSMC,dapi_glcm_asm,20,0.009809032082557678,0.3117942810058594,0.6388274336283186,texture (Haralick)
field,VSMC,dapi_glcm_contrast,20,-0.01569237746298313,0.36827659606933594,0.6849263509114584,texture (Haralick)
field,VSMC,dapi_glcm_correlation,20,-0.009724791161715984,0.5958194732666016,0.8291222790637648,texture (Haralick)
field,VSMC,dapi_glcm_entropy,20,-0.008268583565950394,0.3299827575683594,0.6584304678593582,texture (Haralick)
field,VSMC,dapi_glcm_homogeneity,20,0.011325443163514137,0.3299827575683594,0.6584304678593582,texture (Haralick)
field,VSMC,dapi_nuc_mean,20,0.02422473579645157,0.4304332733154297,0.7246173290496177,intensity: nuc
field,VSMC,dapi_nuc_p90,20,0.03152657300233841,0.21616744995117188,0.5857440579322076,intensity: nuc
field,VSMC,dapi_polarity_nuc,20,-0.0054558077827095985,0.36827659606933594,0.6849263509114584,polarity
field,VSMC,dapi_polarity_shape,20,-0.029135094955563545,0.03623390197753906,0.2936853107653166,polarity
field,VSMC,dapi_radial_b0,20,0.013178694993257523,0.017181396484375,0.2338413439298931,radial profile
field,VSMC,dapi_radial_b1,20,0.03302491456270218,0.009435653686523438,0.167664307814378,radial profile
field,VSMC,dapi_radial_b2,20,0.022441329434514046,0.15364646911621094,0.5271765814887153,radial profile
field,VSMC,dapi_radial_b3,20,-0.026589103043079376,0.0758514404296875,0.38298760085809425,radial profile
field,VSMC,dapi_radial_b4,20,-0.04585310071706772,0.00485992431640625,0.11817289653577302,radial profile
field,VSMC,dapi_rim_mean,20,-0.003847910091280937,0.49800872802734375,0.7643854895303416,intensity: rim
field,VSMC,dapi_rim_p90,20,0.007116150576621294,0.9272785186767578,0.9893826226989887,intensity: rim
field,VSMC,morph_cell_area_um2,20,-0.00746164470911026,0.8983173370361328,0.9735423487208233,morphology
field,VSMC,morph_cell_circularity,20,0.0038130790926516056,0.7841262817382812,0.9360887394394986,morphology
field,VSMC,morph_cell_eccentricity,20,0.002617766847833991,0.36827659606933594,0.6849263509114584,morphology
field,VSMC,morph_cell_major_um,20,0.00848953053355217,0.6215133666992188,0.8418367346938775,morphology
field,VSMC,morph_cell_minor_um,20,-0.0033064819872379303,0.8983173370361328,0.9735423487208233,morphology
field,VSMC,morph_cell_perimeter_um,20,0.00021725520491600037,0.8983173370361328,0.9735423487208233,morphology
field,VSMC,morph_cell_solidity,20,0.004574362188577652,0.5705966949462891,0.8179750398825143,morphology
field,VSMC,morph_nuc_area_um2,20,0.008645784109830856,0.16495704650878906,0.5415317346687452,morphology
field,VSMC,morph_nuc_cell_ratio,20,0.016430221498012543,0.11398696899414062,0.4894067796610169,morphology
field,VSMC,morph_nuc_eccentricity,20,0.00144292414188385,0.8408222198486328,0.9627258130608881,morphology
field,VSMC,morph_nuc_perimeter_um,20,0.007128858007490635,0.21616744995117188,0.5857440579322076,morphology
field,VSMC,morph_nuc_solidity,20,0.007798252627253532,0.5216732025146484,0.7724776268005371,morphology
field,VSMC,nuc_offset,20,-0.022471586242318153,0.039989471435546875,0.3116024241727941,morphology
field,VSMC,r18s_cyto_mean,20,0.007496379315853119,0.4523754119873047,0.7346131470584701,intensity: cyto
field,VSMC,r18s_cyto_p90,20,0.0016611181199550629,0.6215133666992188,0.8418367346938775,intensity: cyto
field,VSMC,r18s_glcm_asm,20,-0.019904818385839462,0.24548721313476562,0.5955402314350867,texture (Haralick)
field,VSMC,r18s_glcm_contrast,20,0.007876121439039707,0.5216732025146484,0.7724776268005371,texture (Haralick)
field,VSMC,r18s_glcm_correlation,20,-0.012936767190694809,0.3117942810058594,0.6388274336283186,texture (Haralick)
field,VSMC,r18s_glcm_entropy,20,0.008934518322348595,0.38837623596191406,0.6920585632324219,texture (Haralick)
field,VSMC,r18s_glcm_homogeneity,20,-0.0001342871692031622,0.3117942810058594,0.6388274336283186,texture (Haralick)
field,VSMC,r18s_nuc_mean,20,0.0014879852533340454,0.9854354858398438,1.0,intensity: nuc
field,VSMC,r18s_nuc_p90,20,-0.003708101809024811,0.956329345703125,1.0,intensity: nuc
field,VSMC,r18s_polarity_nuc,20,-0.0034399135038256645,0.4304332733154297,0.7246173290496177,polarity
field,VSMC,r18s_polarity_shape,20,-0.02438443899154663,0.21616744995117188,0.5857440579322076,polarity
field,VSMC,r18s_radial_b0,20,-0.03018249198794365,0.09730720520019531,0.44955928802490236,radial profile
field,VSMC,r18s_radial_b1,20,-0.024503270164132118,0.3117942810058594,0.6388274336283186,radial profile
field,VSMC,r18s_radial_b2,20,-0.01845131814479828,0.2773551940917969,0.6196818524096386,radial profile
field,VSMC,r18s_radial_b3,20,0.0015357919037342072,0.8694877624511719,0.9735423487208233,radial profile
field,VSMC,r18s_radial_b4,20,0.006698026321828365,0.34881019592285156,0.680483615398407,radial profile
field,VSMC,r18s_rim_mean,20,0.00037493929266929626,0.6476554870605469,0.8528968324052527,intensity: rim
field,VSMC,r18s_rim_p90,20,-0.01302286610007286,0.8694877624511719,0.9735423487208233,intensity: rim
field,VSMC,smavim_cyto_mean,20,0.07288691401481628,0.01068878173828125,0.181878662109375,intensity: cyto
field,VSMC,smavim_cyto_p90,20,0.05480002239346504,0.0072956085205078125,0.1404404640197754,intensity: cyto
field,VSMC,smavim_glcm_asm,20,0.03851272538304329,0.029575347900390625,0.2750710880055147,texture (Haralick)
field,VSMC,smavim_glcm_contrast,20,0.005970219150185585,0.9272785186767578,0.9893826226989887,texture (Haralick)
field,VSMC,smavim_glcm_entropy,20,-0.04862336814403534,0.00485992431640625,0.11817289653577302,texture (Haralick)
field,VSMC,smavim_glcm_homogeneity,20,0.04827883467078209,0.0004825592041015625,0.026228512034696692,texture (Haralick)
field,VSMC,smavim_nuc_mean,20,0.0901651531457901,0.0042209625244140625,0.11817289653577302,intensity: nuc
field,VSMC,smavim_nuc_p90,20,0.076382115483284,0.03623390197753906,0.2936853107653166,intensity: nuc
field,VSMC,smavim_polarity_nuc,20,-0.027480473741889,0.1893482208251953,0.5607620385976938,polarity
field,VSMC,smavim_polarity_shape,20,-0.0015865378081798553,0.7841262817382812,0.9360887394394986,polarity
field,VSMC,smavim_radial_b0,20,-0.03078540787100792,0.026641845703125,0.26964569091796875,radial profile
field,VSMC,smavim_radial_b1,20,-0.005699417553842068,0.2773551940917969,0.6196818524096386,radial profile
field,VSMC,smavim_radial_b2,20,-0.012514203786849976,0.36827659606933594,0.6849263509114584,radial profile
field,VSMC,smavim_radial_b3,20,-0.010186494328081608,0.21616744995117188,0.5857440579322076,radial profile
field,VSMC,smavim_radial_b4,20,0.011023880913853645,0.6476554870605469,0.8528968324052527,radial profile
field,VSMC,smavim_rim_mean,20,0.08173161745071411,0.0072956085205078125,0.1404404640197754,intensity: rim
field,VSMC,smavim_rim_p90,20,0.055000513792037964,0.00830841064453125,0.1535394287109375,intensity: rim
cell-specific,Astrocyte,bnd_cyto_mean,19,0.07945917325972368,0.4180412292480469,0.7588803454326037,intensity: cyto
cell-specific,Astrocyte,bnd_cyto_p90,19,0.027986565925793933,0.312408447265625,0.6547619047619048,intensity: cyto
cell-specific,Astrocyte,bnd_glcm_asm,19,-0.03265775953391223,0.6507492065429688,0.8961136614690062,texture (Haralick)
cell-specific,Astrocyte,bnd_glcm_contrast,19,-0.006415743211257152,0.5948867797851562,0.8711031539530694,texture (Haralick)
cell-specific,Astrocyte,bnd_glcm_correlation,19,0.029748110454472138,0.1956329345703125,0.5337139354032628,texture (Haralick)
cell-specific,Astrocyte,bnd_glcm_entropy,19,0.033740846833718655,0.76800537109375,0.944922720227197,texture (Haralick)
cell-specific,Astrocyte,bnd_glcm_homogeneity,19,0.0012060756875305265,1.0,1.0,texture (Haralick)
cell-specific,Astrocyte,bnd_nuc_mean,19,0.035665213514290944,0.70855712890625,0.9169562844669118,intensity: nuc
cell-specific,Astrocyte,bnd_nuc_p90,19,0.015631612308915438,0.25792694091796875,0.614871236204191,intensity: nuc
cell-specific,Astrocyte,bnd_polarity_nuc,19,-0.0025904396916568984,0.8905677795410156,0.9692398448714941,polarity
cell-specific,Astrocyte,bnd_polarity_shape,19,0.0013868660583123606,0.8595733642578125,0.9569226368364081,polarity
cell-specific,Astrocyte,bnd_radial_b0,19,0.016094726391885764,0.3320655822753906,0.6713973698522121,radial profile
cell-specific,Astrocyte,bnd_radial_b1,19,0.01891918646304454,0.4180412292480469,0.7588803454326037,radial profile
cell-specific,Astrocyte,bnd_radial_b2,19,0.021548308368707914,0.9217147827148438,0.9822441283762116,radial profile
cell-specific,Astrocyte,bnd_radial_b3,19,-0.015071561307368357,0.4653167724609375,0.7860195571369402,radial profile
cell-specific,Astrocyte,bnd_radial_b4,19,-0.008238614179475273,0.7380905151367188,0.9368071922889123,radial profile
cell-specific,Astrocyte,bnd_rim_mean,19,0.06356453744603252,0.48996734619140625,0.7998760209909176,intensity: rim
cell-specific,Astrocyte,bnd_rim_p90,19,0.006646104362915101,0.312408447265625,0.6547619047619048,intensity: rim
cell-specific,Astrocyte,dapi_cyto_mean,19,-0.01286971590278142,0.70855712890625,0.9169562844669118,intensity: cyto
cell-specific,Astrocyte,dapi_cyto_p90,19,-0.017328209393009556,0.8595733642578125,0.9569226368364081,intensity: cyto
cell-specific,Astrocyte,dapi_glcm_asm,19,0.020729739728620952,0.25792694091796875,0.614871236204191,texture (Haralick)
cell-specific,Astrocyte,dapi_glcm_contrast,19,-0.016991865022234542,0.5948867797851562,0.8711031539530694,texture (Haralick)
cell-specific,Astrocyte,dapi_glcm_correlation,19,0.0007137369729791898,0.76800537109375,0.944922720227197,texture (Haralick)
cell-specific,Astrocyte,dapi_glcm_entropy,19,-0.036525133505217966,0.18186569213867188,0.5235012446608499,texture (Haralick)
cell-specific,Astrocyte,dapi_glcm_homogeneity,19,0.02279284866801272,0.37359619140625,0.716188549500778,texture (Haralick)
cell-specific,Astrocyte,dapi_nuc_mean,19,-0.02539605267941497,0.2934989929199219,0.6535798402932974,intensity: nuc
cell-specific,Astrocyte,dapi_nuc_p90,19,-0.08156081689774916,0.22532272338867188,0.5767263058480133,intensity: nuc
cell-specific,Astrocyte,dapi_polarity_nuc,19,-0.008690650544498569,0.8287849426269531,0.9523108953880112,polarity
cell-specific,Astrocyte,dapi_polarity_shape,19,-0.0003247694518645067,0.9217147827148438,0.9822441283762116,polarity
cell-specific,Astrocyte,dapi_radial_b0,19,-0.019920702751015512,0.6507492065429688,0.8961136614690062,radial profile
cell-specific,Astrocyte,dapi_radial_b1,19,-0.016817707126610355,0.5412178039550781,0.8433140823853157,radial profile
cell-specific,Astrocyte,dapi_radial_b2,19,0.02802999117805261,0.3954620361328125,0.7411905099122085,radial profile
cell-specific,Astrocyte,dapi_radial_b3,19,0.013486012881069216,0.4653167724609375,0.7860195571369402,radial profile
cell-specific,Astrocyte,dapi_radial_b4,19,0.014585859823793795,0.9217147827148438,0.9822441283762116,radial profile
cell-specific,Astrocyte,dapi_rim_mean,19,0.006057478268688483,0.8905677795410156,0.9692398448714941,intensity: rim
cell-specific,Astrocyte,dapi_rim_p90,19,0.01977412366765627,0.6225624084472656,0.8789954337899544,intensity: rim
cell-specific,Astrocyte,morph_cell_area_um2,19,0.016879474695246793,0.3954620361328125,0.7411905099122085,morphology
cell-specific,Astrocyte,morph_cell_circularity,19,-0.02349692609887316,0.6794281005859375,0.9059041341145834,morphology
cell-specific,Astrocyte,morph_cell_eccentricity,19,0.06322996530993634,0.104156494140625,0.4254979296022107,morphology
cell-specific,Astrocyte,morph_cell_major_um,19,0.024501651349810173,0.1336212158203125,0.46069404260436103,morphology
cell-specific,Astrocyte,morph_cell_minor_um,19,-0.008830253748465786,0.8287849426269531,0.9523108953880112,morphology
cell-specific,Astrocyte,morph_cell_perimeter_um,19,0.02606051650112362,0.4413337707519531,0.7650889384142677,morphology
cell-specific,Astrocyte,morph_cell_solidity,19,-0.005419722946874962,0.8595733642578125,0.9569226368364081,morphology
cell-specific,Astrocyte,morph_nuc_area_um2,19,0.03982138591206787,0.104156494140625,0.4254979296022107,morphology
cell-specific,Astrocyte,morph_nuc_cell_ratio,19,0.010125547116379419,0.1956329345703125,0.5337139354032628,morphology
cell-specific,Astrocyte,morph_nuc_eccentricity,19,-0.023669257049408587,0.4180412292480469,0.7588803454326037,morphology
cell-specific,Astrocyte,morph_nuc_perimeter_um,19,0.021694350665189877,0.4180412292480469,0.7588803454326037,morphology
cell-specific,Astrocyte,morph_nuc_solidity,19,0.02816584287719804,0.5677604675292969,0.8545078543441995,morphology
cell-specific,Astrocyte,nuc_offset,19,0.0016515477401087414,0.8595733642578125,0.9569226368364081,morphology
cell-specific,Astrocyte,r18s_cyto_mean,19,-0.009043033926063392,0.70855712890625,0.9169562844669118,intensity: cyto
cell-specific,Astrocyte,r18s_cyto_p90,19,0.023776912198780357,0.8595733642578125,0.9569226368364081,intensity: cyto
cell-specific,Astrocyte,r18s_glcm_asm,19,0.021885568340421255,0.4653167724609375,0.7860195571369402,texture (Haralick)
cell-specific,Astrocyte,r18s_glcm_contrast,19,-0.006768020621648621,0.7982521057128906,0.9523108953880112,texture (Haralick)
cell-specific,Astrocyte,r18s_glcm_correlation,19,0.010485374375652144,0.9217147827148438,0.9822441283762116,texture (Haralick)
cell-specific,Astrocyte,r18s_glcm_entropy,19,0.01272330750066793,0.6507492065429688,0.8961136614690062,texture (Haralick)
cell-specific,Astrocyte,r18s_glcm_homogeneity,19,-0.010784502083245794,0.76800537109375,0.944922720227197,texture (Haralick)
cell-specific,Astrocyte,r18s_nuc_mean,19,-0.016142689777698165,0.8595733642578125,0.9569226368364081,intensity: nuc
cell-specific,Astrocyte,r18s_nuc_p90,19,0.010455982213306195,0.9217147827148438,0.9822441283762116,intensity: nuc
cell-specific,Astrocyte,r18s_polarity_nuc,19,-0.009598765444051,0.7380905151367188,0.9368071922889123,polarity
cell-specific,Astrocyte,r18s_polarity_shape,19,-0.030227590131723003,0.4653167724609375,0.7860195571369402,polarity
cell-specific,Astrocyte,r18s_radial_b0,19,0.033235612501714945,0.48996734619140625,0.7998760209909176,radial profile
cell-specific,Astrocyte,r18s_radial_b1,19,0.003130328319171205,0.6794281005859375,0.9059041341145834,radial profile
cell-specific,Astrocyte,r18s_radial_b2,19,-0.023294344223101622,0.70855712890625,0.9169562844669118,radial profile
cell-specific,Astrocyte,r18s_radial_b3,19,0.020618127444150054,0.8905677795410156,0.9692398448714941,radial profile
cell-specific,Astrocyte,r18s_radial_b4,19,0.010769805232641858,0.9843215942382812,0.9994650033804087,radial profile
cell-specific,Astrocyte,r18s_rim_mean,19,-0.011772278881887241,0.5948867797851562,0.8711031539530694,intensity: rim
cell-specific,Astrocyte,r18s_rim_p90,19,0.010986014470609151,0.76800537109375,0.944922720227197,intensity: rim
cell-specific,Astrocyte,smavim_cyto_mean,19,0.008476839393712184,0.7380905151367188,0.9368071922889123,intensity: cyto
cell-specific,Astrocyte,smavim_cyto_p90,19,-0.014388194057152304,0.9843215942382812,0.9994650033804087,intensity: cyto
cell-specific,Astrocyte,smavim_glcm_asm,19,-0.0017335240149138065,0.8905677795410156,0.9692398448714941,texture (Haralick)
cell-specific,Astrocyte,smavim_glcm_contrast,19,0.04853334684318952,0.8905677795410156,0.9692398448714941,texture (Haralick)
cell-specific,Astrocyte,smavim_glcm_entropy,19,-0.012574618034744689,0.6794281005859375,0.9059041341145834,texture (Haralick)
cell-specific,Astrocyte,smavim_glcm_homogeneity,19,0.0036206272812557005,0.9217147827148438,0.9822441283762116,texture (Haralick)
cell-specific,Astrocyte,smavim_nuc_mean,19,0.027868728713239505,0.18186569213867188,0.5235012446608499,intensity: nuc
cell-specific,Astrocyte,smavim_nuc_p90,19,0.041888121996794064,0.3524589538574219,0.6899832062802073,intensity: nuc
cell-specific,Astrocyte,smavim_polarity_nuc,19,0.006790423573951385,0.8287849426269531,0.9523108953880112,polarity
cell-specific,Astrocyte,smavim_polarity_shape,19,0.0013479558348593323,0.3320655822753906,0.6713973698522121,polarity
cell-specific,Astrocyte,smavim_radial_b0,19,0.003904599226463225,0.9529838562011719,0.9873165535527234,radial profile
cell-specific,Astrocyte,smavim_radial_b1,19,-0.005349033973696359,0.4413337707519531,0.7650889384142677,radial profile
cell-specific,Astrocyte,smavim_radial_b2,19,-0.014307745764669186,0.3524589538574219,0.6899832062802073,radial profile
cell-specific,Astrocyte,smavim_radial_b3,19,-0.03986262397078809,0.7380905151367188,0.9368071922889123,radial profile
cell-specific,Astrocyte,smavim_radial_b4,19,-0.006136219781726425,0.7380905151367188,0.9368071922889123,radial profile
cell-specific,Astrocyte,smavim_rim_mean,19,0.017432054421271034,0.8595733642578125,0.9569226368364081,intensity: rim
cell-specific,Astrocyte,smavim_rim_p90,19,-0.017366908136332293,0.8287849426269531,0.9523108953880112,intensity: rim
cell-specific,DC,bnd_cyto_mean,5,-0.023337193515596648,0.625,0.8789954337899544,intensity: cyto
cell-specific,DC,bnd_cyto_p90,5,-0.24492974165161313,0.0625,0.3458083832335329,intensity: cyto
cell-specific,DC,bnd_glcm_asm,5,0.04376642078438149,0.4375,0.7650889384142677,texture (Haralick)
cell-specific,DC,bnd_glcm_contrast,5,0.139424900462352,0.0625,0.3458083832335329,texture (Haralick)
cell-specific,DC,bnd_glcm_correlation,5,-0.16623928932152277,0.0625,0.3458083832335329,texture (Haralick)
cell-specific,DC,bnd_glcm_entropy,5,-0.06509247893315587,0.1875,0.5269811928990376,texture (Haralick)
cell-specific,DC,bnd_glcm_homogeneity,5,0.02936714723594227,0.1875,0.5269811928990376,texture (Haralick)
cell-specific,DC,bnd_nuc_mean,5,0.18375891589609586,0.125,0.4425287356321839,intensity: nuc
cell-specific,DC,bnd_nuc_p90,5,0.08139393081851237,0.125,0.4425287356321839,intensity: nuc
cell-specific,DC,bnd_polarity_nuc,5,-0.1646363272281552,0.3125,0.6547619047619048,polarity
cell-specific,DC,bnd_polarity_shape,5,-0.028714175119013776,0.4375,0.7650889384142677,polarity
cell-specific,DC,bnd_radial_b0,5,0.06714090392230146,0.125,0.4425287356321839,radial profile
cell-specific,DC,bnd_radial_b1,5,0.09266915403588905,0.625,0.8789954337899544,radial profile
cell-specific,DC,bnd_radial_b2,5,0.006804380944904431,1.0,1.0,radial profile
cell-specific,DC,bnd_radial_b3,5,-0.06839270885584416,1.0,1.0,radial profile
cell-specific,DC,bnd_radial_b4,5,-0.0870129794360141,0.8125,0.9523108953880112,radial profile
cell-specific,DC,bnd_rim_mean,5,-0.014395392219392601,0.625,0.8789954337899544,intensity: rim
cell-specific,DC,bnd_rim_p90,5,-0.1773059567209343,0.0625,0.3458083832335329,intensity: rim
cell-specific,DC,dapi_cyto_mean,5,0.2835818864354933,0.125,0.4425287356321839,intensity: cyto
cell-specific,DC,dapi_cyto_p90,5,0.21805790673197634,0.0625,0.3458083832335329,intensity: cyto
cell-specific,DC,dapi_glcm_asm,5,0.11376785907795256,0.0625,0.3458083832335329,texture (Haralick)
cell-specific,DC,dapi_glcm_contrast,5,-0.10322945706559473,0.4375,0.7650889384142677,texture (Haralick)
cell-specific,DC,dapi_glcm_correlation,5,0.10373450097033045,0.8125,0.9523108953880112,texture (Haralick)
cell-specific,DC,dapi_glcm_entropy,5,-0.1536066471622278,0.125,0.4425287356321839,texture (Haralick)
cell-specific,DC,dapi_glcm_homogeneity,5,0.08028412477104714,0.3125,0.6547619047619048,texture (Haralick)
cell-specific,DC,dapi_nuc_mean,5,0.1227228548934243,0.0625,0.3458083832335329,intensity: nuc
cell-specific,DC,dapi_nuc_p90,5,0.09307526872939732,0.0625,0.3458083832335329,intensity: nuc
cell-specific,DC,dapi_polarity_nuc,5,0.11079027520166145,0.3125,0.6547619047619048,polarity
cell-specific,DC,dapi_polarity_shape,5,-0.11008622031614607,0.125,0.4425287356321839,polarity
cell-specific,DC,dapi_radial_b0,5,-0.12509701111270163,0.4375,0.7650889384142677,radial profile
cell-specific,DC,dapi_radial_b1,5,-0.09196119720759455,0.4375,0.7650889384142677,radial profile
cell-specific,DC,dapi_radial_b2,5,-0.2264896802805288,0.3125,0.6547619047619048,radial profile
cell-specific,DC,dapi_radial_b3,5,-0.07850278586403325,1.0,1.0,radial profile
cell-specific,DC,dapi_radial_b4,5,0.1627112877045523,0.625,0.8789954337899544,radial profile
cell-specific,DC,dapi_rim_mean,5,0.1757492190250948,0.125,0.4425287356321839,intensity: rim
cell-specific,DC,dapi_rim_p90,5,0.1800763063667287,0.4375,0.7650889384142677,intensity: rim
cell-specific,DC,morph_cell_area_um2,5,-0.04227684262250502,0.4375,0.7650889384142677,morphology
cell-specific,DC,morph_cell_circularity,5,-0.07082397302436105,0.8125,0.9523108953880112,morphology
cell-specific,DC,morph_cell_eccentricity,5,0.038030967777678705,0.8125,0.9523108953880112,morphology
cell-specific,DC,morph_cell_major_um,5,-0.0036696268170264,0.625,0.8789954337899544,morphology
cell-specific,DC,morph_cell_minor_um,5,-0.0807518290984415,0.4375,0.7650889384142677,morphology
cell-specific,DC,morph_cell_perimeter_um,5,-0.05670926899671672,0.625,0.8789954337899544,morphology
cell-specific,DC,morph_cell_solidity,5,-0.13494801515904165,0.8125,0.9523108953880112,morphology
cell-specific,DC,morph_nuc_area_um2,5,0.01750770638481569,1.0,1.0,morphology
cell-specific,DC,morph_nuc_cell_ratio,5,0.07837348835072633,0.3125,0.6547619047619048,morphology
cell-specific,DC,morph_nuc_eccentricity,5,-0.03377570550523466,0.8125,0.9523108953880112,morphology
cell-specific,DC,morph_nuc_perimeter_um,5,0.08119230587499432,0.8125,0.9523108953880112,morphology
cell-specific,DC,morph_nuc_solidity,5,-0.10742128350676187,0.8125,0.9523108953880112,morphology
cell-specific,DC,nuc_offset,5,-0.010403464740282989,0.625,0.8789954337899544,morphology
cell-specific,DC,r18s_cyto_mean,5,0.27416442315303446,0.0625,0.3458083832335329,intensity: cyto
cell-specific,DC,r18s_cyto_p90,5,0.22516511912095588,0.0625,0.3458083832335329,intensity: cyto
cell-specific,DC,r18s_glcm_asm,5,-0.18214742403843098,0.3125,0.6547619047619048,texture (Haralick)
cell-specific,DC,r18s_glcm_contrast,5,0.007732697046857553,0.8125,0.9523108953880112,texture (Haralick)
cell-specific,DC,r18s_glcm_correlation,5,0.12775950327141317,0.125,0.4425287356321839,texture (Haralick)
cell-specific,DC,r18s_glcm_entropy,5,0.1851286773821887,0.4375,0.7650889384142677,texture (Haralick)
cell-specific,DC,r18s_glcm_homogeneity,5,-0.08974648889053213,0.625,0.8789954337899544,texture (Haralick)
cell-specific,DC,r18s_nuc_mean,5,0.14429565949374792,0.0625,0.3458083832335329,intensity: nuc
cell-specific,DC,r18s_nuc_p90,5,0.0986677832876143,0.0625,0.3458083832335329,intensity: nuc
cell-specific,DC,r18s_polarity_nuc,5,-0.02744636628537475,1.0,1.0,polarity
cell-specific,DC,r18s_polarity_shape,5,0.038909317570441034,1.0,1.0,polarity
cell-specific,DC,r18s_radial_b0,5,-0.054677597655973104,0.8125,0.9523108953880112,radial profile
cell-specific,DC,r18s_radial_b1,5,-0.024465244262671916,0.625,0.8789954337899544,radial profile
cell-specific,DC,r18s_radial_b2,5,-0.15977575823480533,0.125,0.4425287356321839,radial profile
cell-specific,DC,r18s_radial_b3,5,-0.2840655211937722,0.125,0.4425287356321839,radial profile
cell-specific,DC,r18s_radial_b4,5,0.18720545107352748,0.0625,0.3458083832335329,radial profile
cell-specific,DC,r18s_rim_mean,5,0.2327726184946335,0.0625,0.3458083832335329,intensity: rim
cell-specific,DC,r18s_rim_p90,5,0.1772830535110858,0.0625,0.3458083832335329,intensity: rim
cell-specific,DC,smavim_cyto_mean,5,-0.024494190839207522,0.625,0.8789954337899544,intensity: cyto
cell-specific,DC,smavim_cyto_p90,5,-0.029251854141801446,0.4375,0.7650889384142677,intensity: cyto
cell-specific,DC,smavim_glcm_asm,5,0.13670503370350373,0.3125,0.6547619047619048,texture (Haralick)
cell-specific,DC,smavim_glcm_contrast,5,-0.2598558052882467,0.1875,0.5269811928990376,texture (Haralick)
cell-specific,DC,smavim_glcm_entropy,5,-0.08645230299000574,0.4375,0.7650889384142677,texture (Haralick)
cell-specific,DC,smavim_glcm_homogeneity,5,0.10245115899756572,0.3125,0.6547619047619048,texture (Haralick)
cell-specific,DC,smavim_nuc_mean,5,0.08860835947524792,0.1875,0.5269811928990376,intensity: nuc
cell-specific,DC,smavim_nuc_p90,5,-0.02102905831672041,0.125,0.4425287356321839,intensity: nuc
cell-specific,DC,smavim_polarity_nuc,5,-0.10107126562574806,0.625,0.8789954337899544,polarity
cell-specific,DC,smavim_polarity_shape,5,0.03989081614258476,0.4375,0.7650889384142677,polarity
cell-specific,DC,smavim_radial_b0,5,-0.14219245060136412,0.8125,0.9523108953880112,radial profile
cell-specific,DC,smavim_radial_b1,5,-0.21840805477152245,0.3125,0.6547619047619048,radial profile
cell-specific,DC,smavim_radial_b2,5,-0.23747215061596985,0.3125,0.6547619047619048,radial profile
cell-specific,DC,smavim_radial_b3,5,-0.10728016082459861,0.8125,0.9523108953880112,radial profile
cell-specific,DC,smavim_radial_b4,5,0.18158181951182706,0.4375,0.7650889384142677,radial profile
cell-specific,DC,smavim_rim_mean,5,-0.00715084250878989,0.8125,0.9523108953880112,intensity: rim
cell-specific,DC,smavim_rim_p90,5,-0.03030611759967662,0.1875,0.5269811928990376,intensity: rim
cell-specific,Endothelial,bnd_cyto_mean,22,-0.011879533158898309,0.30530881881713867,0.6547619047619048,intensity: cyto
cell-specific,Endothelial,bnd_cyto_p90,22,-0.07999910323886411,0.12888002395629883,0.4540824890136719,intensity: cyto
cell-specific,Endothelial,bnd_glcm_asm,22,-0.04276777212655637,0.6788630485534668,0.9059041341145834,texture (Haralick)
cell-specific,Endothelial,bnd_glcm_contrast,22,-0.03303855117508296,0.4060330390930176,0.7545034899683056,texture (Haralick)
cell-specific,Endothelial,bnd_glcm_correlation,22,0.025271571655943095,0.2615199089050293,0.614871236204191,texture (Haralick)
cell-specific,Endothelial,bnd_glcm_entropy,22,0.02270167031959982,0.9239659309387207,0.9822441283762116,texture (Haralick)
cell-specific,Endothelial,bnd_glcm_homogeneity,22,-0.039585184172519716,0.9492697715759277,0.9873165535527234,texture (Haralick)
cell-specific,Endothelial,bnd_nuc_mean,22,0.054384498580947946,0.3705310821533203,0.7147614194356325,intensity: nuc
cell-specific,Endothelial,bnd_nuc_p90,22,-0.013885536050327232,0.7990336418151855,0.9523108953880112,intensity: nuc
cell-specific,Endothelial,bnd_polarity_nuc,22,-0.022096205720414527,0.3705310821533203,0.7147614194356325,polarity
cell-specific,Endothelial,bnd_polarity_shape,22,-0.009003585451097708,0.7023849487304688,0.9169562844669118,polarity
cell-specific,Endothelial,bnd_radial_b0,22,0.010495034760328434,0.6788630485534668,0.9059041341145834,radial profile
cell-specific,Endothelial,bnd_radial_b1,22,0.029905982898268648,0.8485937118530273,0.9569226368364081,radial profile
cell-specific,Endothelial,bnd_radial_b2,22,0.009551619317390797,0.898735523223877,0.9735423487208233,radial profile
cell-specific,Endothelial,bnd_radial_b3,22,0.03748346912386627,0.5879268646240234,0.8711031539530694,radial profile
cell-specific,Endothelial,bnd_radial_b4,22,-0.006202301369526438,0.9492697715759277,0.9873165535527234,radial profile
cell-specific,Endothelial,bnd_rim_mean,22,-0.014266500540257646,0.4434065818786621,0.7672428495428535,intensity: rim
cell-specific,Endothelial,bnd_rim_p90,22,-0.0512648032434244,0.11287164688110352,0.4420252932777888,intensity: rim
cell-specific,Endothelial,dapi_cyto_mean,22,0.04560725367844381,0.19821882247924805,0.5355385730141088,intensity: cyto
cell-specific,Endothelial,dapi_cyto_p90,22,0.05838670930917339,0.1054534912109375,0.4254979296022107,intensity: cyto
cell-specific,Endothelial,dapi_glcm_asm,22,0.04028024617853487,0.12067747116088867,0.4425287356321839,texture (Haralick)
cell-specific,Endothelial,dapi_glcm_contrast,22,-0.034740638221368275,0.11287164688110352,0.4420252932777888,texture (Haralick)
cell-specific,Endothelial,dapi_glcm_correlation,22,0.0007395911137821065,0.4060330390930176,0.7545034899683056,texture (Haralick)
cell-specific,Endothelial,dapi_glcm_entropy,22,-0.03632949474524457,0.07942724227905273,0.3946811451631434,texture (Haralick)
cell-specific,Endothelial,dapi_glcm_homogeneity,22,0.011698944568677955,0.20992755889892578,0.5531294080946181,texture (Haralick)
cell-specific,Endothelial,dapi_nuc_mean,22,0.05539584794887341,0.017200946807861328,0.1938253030544374,intensity: nuc
cell-specific,Endothelial,dapi_nuc_p90,22,0.03638003925175399,0.042498111724853516,0.3241965226301058,intensity: nuc
cell-specific,Endothelial,dapi_polarity_nuc,22,-0.008244814292267732,0.9746217727661133,0.9983930355165063,polarity
cell-specific,Endothelial,dapi_polarity_shape,22,-0.024577568120748544,0.27562665939331055,0.6334186422413793,polarity
cell-specific,Endothelial,dapi_radial_b0,22,-0.018562841735712127,0.6556386947631836,0.8988281216041271,radial profile
cell-specific,Endothelial,dapi_radial_b1,22,-0.0359356626819248,0.6788630485534668,0.9059041341145834,radial profile
cell-specific,Endothelial,dapi_radial_b2,22,-0.05113055472863051,0.1054534912109375,0.4254979296022107,radial profile
cell-specific,Endothelial,dapi_radial_b3,22,-0.004488220305114796,0.8485937118530273,0.9569226368364081,radial profile
cell-specific,Endothelial,dapi_radial_b4,22,0.05092090325804181,0.30530881881713867,0.6547619047619048,radial profile
cell-specific,Endothelial,dapi_rim_mean,22,0.06254741808564065,0.07942724227905273,0.3946811451631434,intensity: rim
cell-specific,Endothelial,dapi_rim_p90,22,0.06464932043865801,0.05869007110595703,0.3458083832335329,intensity: rim
cell-specific,Endothelial,morph_cell_area_um2,22,-0.007315156483136012,0.9746217727661133,0.9983930355165063,morphology
cell-specific,Endothelial,morph_cell_circularity,22,-0.019608790612145443,0.3880448341369629,0.7338642986274204,morphology
cell-specific,Endothelial,morph_cell_eccentricity,22,0.025723447175648662,0.6556386947631836,0.8988281216041271,morphology
cell-specific,Endothelial,morph_cell_major_um,22,0.01745477884055637,0.5235109329223633,0.8212633311040131,morphology
cell-specific,Endothelial,morph_cell_minor_um,22,-0.012745722708678641,0.3880448341369629,0.7338642986274204,morphology
cell-specific,Endothelial,morph_cell_perimeter_um,22,-0.009725389367156459,0.9492697715759277,0.9873165535527234,morphology
cell-specific,Endothelial,morph_cell_solidity,22,-0.018545107523313543,0.46277761459350586,0.7860195571369402,morphology
cell-specific,Endothelial,morph_nuc_area_um2,22,0.025188136532953175,0.09841060638427734,0.4254979296022107,morphology
cell-specific,Endothelial,morph_nuc_cell_ratio,22,0.04140316271899639,0.16585874557495117,0.5160049862331815,morphology
cell-specific,Endothelial,morph_nuc_eccentricity,22,0.00010157540543527868,0.774528980255127,0.9504180315481239,morphology
cell-specific,Endothelial,morph_nuc_perimeter_um,22,0.024700222242065886,0.20992755889892578,0.5531294080946181,morphology
cell-specific,Endothelial,morph_nuc_solidity,22,-0.016327336288244423,0.6101517677307129,0.8789954337899544,morphology
cell-specific,Endothelial,nuc_offset,22,-0.02842274561601009,0.3369474411010742,0.6797804270248746,morphology
cell-specific,Endothelial,r18s_cyto_mean,22,0.013281889978584378,0.9239659309387207,0.9822441283762116,intensity: cyto
cell-specific,Endothelial,r18s_cyto_p90,22,-0.0024066716418070806,0.8485937118530273,0.9569226368364081,intensity: cyto
cell-specific,Endothelial,r18s_glcm_asm,22,0.0062944796069313745,0.8237285614013672,0.9523108953880112,texture (Haralick)
cell-specific,Endothelial,r18s_glcm_contrast,22,0.01302644001977047,0.8485937118530273,0.9569226368364081,texture (Haralick)
cell-specific,Endothelial,r18s_glcm_correlation,22,6.762729414870258e-05,0.6788630485534668,0.9059041341145834,texture (Haralick)
cell-specific,Endothelial,r18s_glcm_entropy,22,-0.025011994262473213,0.6556386947631836,0.8988281216041271,texture (Haralick)
cell-specific,Endothelial,r18s_glcm_homogeneity,22,0.014880670242000701,0.774528980255127,0.9504180315481239,texture (Haralick)
cell-specific,Endothelial,r18s_nuc_mean,22,0.0135198781319305,0.9492697715759277,0.9873165535527234,intensity: nuc
cell-specific,Endothelial,r18s_nuc_p90,22,0.009609272202697123,0.9746217727661133,0.9983930355165063,intensity: nuc
cell-specific,Endothelial,r18s_polarity_nuc,22,-0.06380408743412735,0.05869007110595703,0.3458083832335329,polarity
cell-specific,Endothelial,r18s_polarity_shape,22,0.004903667149848623,0.6101517677307129,0.8789954337899544,polarity
cell-specific,Endothelial,r18s_radial_b0,22,-0.032100201350210536,0.5660676956176758,0.8545078543441995,radial profile
cell-specific,Endothelial,r18s_radial_b1,22,-0.02129682508948754,0.19821882247924805,0.5355385730141088,radial profile
cell-specific,Endothelial,r18s_radial_b2,22,-0.013138368444051798,0.18697643280029297,0.5269811928990376,radial profile
cell-specific,Endothelial,r18s_radial_b3,22,-0.01582062471158239,0.32088327407836914,0.666283472468344,radial profile
cell-specific,Endothelial,r18s_radial_b4,22,0.028311033932241755,0.05869007110595703,0.3458083832335329,radial profile
cell-specific,Endothelial,r18s_rim_mean,22,0.02111876012693819,0.8485937118530273,0.9569226368364081,intensity: rim
cell-specific,Endothelial,r18s_rim_p90,22,-0.0023064535558356275,0.8485937118530273,0.9569226368364081,intensity: rim
cell-specific,Endothelial,smavim_cyto_mean,22,0.07123298799579206,0.07942724227905273,0.3946811451631434,intensity: cyto
cell-specific,Endothelial,smavim_cyto_p90,22,0.045821478263459246,0.1465167999267578,0.48488934608540923,intensity: cyto
cell-specific,Endothelial,smavim_glcm_asm,22,-0.02091422716832419,0.7023849487304688,0.9169562844669118,texture (Haralick)
cell-specific,Endothelial,smavim_glcm_contrast,22,0.05392782468599269,0.5235109329223633,0.8212633311040131,texture (Haralick)
cell-specific,Endothelial,smavim_glcm_entropy,22,0.02078527806090677,0.8237285614013672,0.9523108953880112,texture (Haralick)
cell-specific,Endothelial,smavim_glcm_homogeneity,22,-0.016482888756113222,0.3880448341369629,0.7338642986274204,texture (Haralick)
cell-specific,Endothelial,smavim_nuc_mean,22,0.04640896071356058,0.30530881881713867,0.6547619047619048,intensity: nuc
cell-specific,Endothelial,smavim_nuc_p90,22,0.04046086543903508,0.1761918067932129,0.5235012446608499,intensity: nuc
cell-specific,Endothelial,smavim_polarity_nuc,22,-0.04787225627551575,0.020858287811279297,0.22152940158186288,polarity
cell-specific,Endothelial,smavim_polarity_shape,22,-0.04456845937789775,0.1054534912109375,0.4254979296022107,polarity
cell-specific,Endothelial,smavim_radial_b0,22,-0.03663481697994681,0.9239659309387207,0.9822441283762116,radial profile
cell-specific,Endothelial,smavim_radial_b1,22,-0.02346971172839427,0.5660676956176758,0.8545078543441995,radial profile
cell-specific,Endothelial,smavim_radial_b2,22,-0.04057430424944872,0.046160221099853516,0.33321909606456757,radial profile
cell-specific,Endothelial,smavim_radial_b3,22,-0.05547538784101008,0.02513885498046875,0.24450844212582237,radial profile
cell-specific,Endothelial,smavim_radial_b4,22,0.08344595328388016,0.005275726318359375,0.09948512486049108,radial profile
cell-specific,Endothelial,smavim_rim_mean,22,0.050529199005196514,0.09173250198364258,0.41549427369061637,intensity: rim
cell-specific,Endothelial,smavim_rim_p90,22,0.07400386500770628,0.1761918067932129,0.5235012446608499,intensity: rim
cell-specific,Fibroblast,bnd_cyto_mean,20,0.1633828174467774,0.0042209625244140625,0.09286117553710938,intensity: cyto
cell-specific,Fibroblast,bnd_cyto_p90,20,0.10944290961164244,0.10539817810058594,0.4254979296022107,intensity: cyto
cell-specific,Fibroblast,bnd_glcm_asm,20,-0.09885231056969804,0.2942523956298828,0.6535798402932974,texture (Haralick)
cell-specific,Fibroblast,bnd_glcm_contrast,20,0.07889405149126577,0.0003223419189453125,0.0281982421875,texture (Haralick)
cell-specific,Fibroblast,bnd_glcm_correlation,20,-0.07876622473698057,0.0042209625244140625,0.09286117553710938,texture (Haralick)
cell-specific,Fibroblast,bnd_glcm_entropy,20,0.08206991435917599,0.10539817810058594,0.4254979296022107,texture (Haralick)
cell-specific,Fibroblast,bnd_glcm_homogeneity,20,-0.07753294927743895,0.05316925048828125,0.3458083832335329,texture (Haralick)
cell-specific,Fibroblast,bnd_nuc_mean,20,0.20310538439255155,0.0023250579833984375,0.07151892877394153,intensity: nuc
cell-specific,Fibroblast,bnd_nuc_p90,20,0.1499629404918889,0.0005855560302734375,0.037230491638183594,intensity: nuc
cell-specific,Fibroblast,bnd_polarity_nuc,20,-0.062479692352376534,0.08969497680664062,0.4085966965247845,polarity
cell-specific,Fibroblast,bnd_polarity_shape,20,-0.09608555380102639,0.009435653686523438,0.13077445652173914,polarity
cell-specific,Fibroblast,bnd_radial_b0,20,0.03800846124542051,0.10539817810058594,0.4254979296022107,radial profile
cell-specific,Fibroblast,bnd_radial_b1,20,0.08895239903042981,0.0042209625244140625,0.09286117553710938,radial profile
cell-specific,Fibroblast,bnd_radial_b2,20,0.1298637056579697,0.0019855499267578125,0.07151892877394153,radial profile
cell-specific,Fibroblast,bnd_radial_b3,20,0.017923568651701693,0.47490501403808594,0.7906526720201646,radial profile
cell-specific,Fibroblast,bnd_radial_b4,20,-0.1504218310350391,0.0003948211669921875,0.02982506385216346,radial profile
cell-specific,Fibroblast,bnd_rim_mean,20,0.1718159345927095,0.006389617919921875,0.11051052906474129,intensity: rim
cell-specific,Fibroblast,bnd_rim_p90,20,0.1001201974400768,0.09730720520019531,0.4254979296022107,intensity: rim
cell-specific,Fibroblast,dapi_cyto_mean,20,0.08054512433981226,0.03623390197753906,0.29628429581633714,intensity: cyto
cell-specific,Fibroblast,dapi_cyto_p90,20,0.07106329653045226,0.04405403137207031,0.3241965226301058,intensity: cyto
cell-specific,Fibroblast,dapi_glcm_asm,20,-0.004850564951172062,0.9272785186767578,0.9822441283762116,texture (Haralick)
cell-specific,Fibroblast,dapi_glcm_contrast,20,-0.06226972950300119,0.06372261047363281,0.3484005448380871,texture (Haralick)
cell-specific,Fibroblast,dapi_glcm_correlation,20,0.08532130907606619,0.04405403137207031,0.3241965226301058,texture (Haralick)
cell-specific,Fibroblast,dapi_glcm_entropy,20,-0.015615990467922943,0.6215133666992188,0.8789954337899544,texture (Haralick)
cell-specific,Fibroblast,dapi_glcm_homogeneity,20,0.028619814710257423,0.34881019592285156,0.6899832062802073,texture (Haralick)
cell-specific,Fibroblast,dapi_nuc_mean,20,0.015612186113726868,0.7841262817382812,0.9508302943913016,intensity: nuc
cell-specific,Fibroblast,dapi_nuc_p90,20,0.017751977602816493,0.7561664581298828,0.944922720227197,intensity: nuc
cell-specific,Fibroblast,dapi_polarity_nuc,20,0.047835761168341984,0.21616744995117188,0.5610638307721427,polarity
cell-specific,Fibroblast,dapi_polarity_shape,20,0.010201883107439125,0.8408222198486328,0.9567976984484442,polarity
cell-specific,Fibroblast,dapi_radial_b0,20,-0.02212975572543409,0.36827659606933594,0.7133911420714181,radial profile
cell-specific,Fibroblast,dapi_radial_b1,20,-0.0612904174510631,0.04405403137207031,0.3241965226301058,radial profile
cell-specific,Fibroblast,dapi_radial_b2,20,-0.10261553549673866,0.04844093322753906,0.3443032484788161,radial profile
cell-specific,Fibroblast,dapi_radial_b3,20,0.03346484951706086,0.6476554870605469,0.8961136614690062,radial profile
cell-specific,Fibroblast,dapi_radial_b4,20,0.18032339873170805,0.00485992431640625,0.093994140625,radial profile
cell-specific,Fibroblast,dapi_rim_mean,20,0.0652933548997714,0.2305126190185547,0.5819498906370069,intensity: rim
cell-specific,Fibroblast,dapi_rim_p90,20,0.07301781526008974,0.24548721313476562,0.6032717684482006,intensity: rim
cell-specific,Fibroblast,morph_cell_area_um2,20,-0.08615841378716299,0.03276824951171875,0.2856402127247936,morphology
cell-specific,Fibroblast,morph_cell_circularity,20,0.08611195968942095,0.029575347900390625,0.26791785745059743,morphology
cell-specific,Fibroblast,morph_cell_eccentricity,20,-0.11223268781263826,0.06372261047363281,0.3484005448380871,morphology
cell-specific,Fibroblast,morph_cell_major_um,20,-0.09169613595194528,0.006389617919921875,0.11051052906474129,morphology
cell-specific,Fibroblast,morph_cell_minor_um,20,-0.008994351489969861,0.38837623596191406,0.7338642986274204,morphology
cell-specific,Fibroblast,morph_cell_perimeter_um,20,-0.093281492454564,0.017181396484375,0.1938253030544374,morphology
cell-specific,Fibroblast,morph_cell_solidity,20,0.01672647665921463,0.13272666931152344,0.45932375447133955,morphology
cell-specific,Fibroblast,morph_nuc_area_um2,20,-0.012879440050807666,0.20244979858398438,0.5437895752662836,morphology
cell-specific,Fibroblast,morph_nuc_cell_ratio,20,0.02275052117590637,0.2773551940917969,0.6334186422413793,morphology
cell-specific,Fibroblast,morph_nuc_eccentricity,20,-0.12609845826980953,0.0023250579833984375,0.07151892877394153,morphology
cell-specific,Fibroblast,morph_nuc_perimeter_um,20,-0.005757564010668313,0.17685317993164062,0.5235012446608499,morphology
cell-specific,Fibroblast,morph_nuc_solidity,20,0.010145543346742898,0.7841262817382812,0.9508302943913016,morphology
cell-specific,Fibroblast,nuc_offset,20,0.00023618726853930896,0.956329345703125,0.9873165535527234,morphology
cell-specific,Fibroblast,r18s_cyto_mean,20,0.09550930587772948,0.026641845703125,0.2531367710658482,intensity: cyto
cell-specific,Fibroblast,r18s_cyto_p90,20,0.1148712568360249,0.0031528472900390625,0.08323516845703124,intensity: cyto
cell-specific,Fibroblast,r18s_glcm_asm,20,0.046564657740368706,0.023950576782226562,0.2379605693201865,texture (Haralick)
cell-specific,Fibroblast,r18s_glcm_contrast,20,-0.09521984389541469,0.002712249755859375,0.07370937571806066,texture (Haralick)
cell-specific,Fibroblast,r18s_glcm_correlation,20,0.06584930195040574,0.03623390197753906,0.29628429581633714,texture (Haralick)
cell-specific,Fibroblast,r18s_glcm_entropy,20,-0.07452410557149268,0.01068878173828125,0.1391047088193222,texture (Haralick)
cell-specific,Fibroblast,r18s_glcm_homogeneity,20,0.06798211443821998,0.00485992431640625,0.093994140625,texture (Haralick)
cell-specific,Fibroblast,r18s_nuc_mean,20,0.07154248525855708,0.04405403137207031,0.3241965226301058,intensity: nuc
cell-specific,Fibroblast,r18s_nuc_p90,20,0.04807806307825367,0.023950576782226562,0.2379605693201865,intensity: nuc
cell-specific,Fibroblast,r18s_polarity_nuc,20,-0.06202902855070722,0.2942523956298828,0.6535798402932974,polarity
cell-specific,Fibroblast,r18s_polarity_shape,20,0.04330135965961156,0.01068878173828125,0.1391047088193222,polarity
cell-specific,Fibroblast,r18s_radial_b0,20,-0.04853756199252256,0.01923370361328125,0.2090816722196691,radial profile
cell-specific,Fibroblast,r18s_radial_b1,20,-0.059097214073469934,0.012079238891601562,0.15501689910888672,radial profile
cell-specific,Fibroblast,r18s_radial_b2,20,-0.06567556158125068,0.002712249755859375,0.07370937571806066,radial profile
cell-specific,Fibroblast,r18s_radial_b3,20,-0.10253276374426122,0.21616744995117188,0.5610638307721427,radial profile
cell-specific,Fibroblast,r18s_radial_b4,20,0.08980601368043575,0.0001678466796875,0.02215576171875,radial profile
cell-specific,Fibroblast,r18s_rim_mean,20,0.1172802693143476,0.013616561889648438,0.1684375,intensity: rim
cell-specific,Fibroblast,r18s_rim_p90,20,0.11354538239136241,0.0023250579833984375,0.07151892877394153,intensity: rim
cell-specific,Fibroblast,smavim_cyto_mean,20,0.17577118167624217,0.01531219482421875,0.18139061560997596,intensity: cyto
cell-specific,Fibroblast,smavim_cyto_p90,20,0.13880628464792494,0.00830841064453125,0.1238221199281754,intensity: cyto
cell-specific,Fibroblast,smavim_glcm_asm,20,-0.10938042650879115,0.10539817810058594,0.4254979296022107,texture (Haralick)
cell-specific,Fibroblast,smavim_glcm_contrast,20,0.04657403884585637,0.13272666931152344,0.45932375447133955,texture (Haralick)
cell-specific,Fibroblast,smavim_glcm_entropy,20,0.11542917232766156,0.08969497680664062,0.4085966965247845,texture (Haralick)
cell-specific,Fibroblast,smavim_glcm_homogeneity,20,-0.11579432185137832,0.11398696899414062,0.4425287356321839,texture (Haralick)
cell-specific,Fibroblast,smavim_nuc_mean,20,0.11547478877087516,0.0072956085205078125,0.11051052906474129,intensity: nuc
cell-specific,Fibroblast,smavim_nuc_p90,20,0.1473843692427998,0.0072956085205078125,0.11051052906474129,intensity: nuc
cell-specific,Fibroblast,smavim_polarity_nuc,20,-0.04806408057010633,0.5958194732666016,0.8711031539530694,polarity
cell-specific,Fibroblast,smavim_polarity_shape,20,-0.024624212414939544,0.20244979858398438,0.5437895752662836,polarity
cell-specific,Fibroblast,smavim_radial_b0,20,0.02510255895104208,0.26109886169433594,0.614871236204191,radial profile
cell-specific,Fibroblast,smavim_radial_b1,20,0.005168707656248744,0.6742229461669922,0.9059041341145834,radial profile
cell-specific,Fibroblast,smavim_radial_b2,20,-0.029120772638342812,0.5458755493164062,0.8462902811549654,radial profile
cell-specific,Fibroblast,smavim_radial_b3,20,0.004328457664790139,0.49800872802734375,0.8030716661383345,radial profile
cell-specific,Fibroblast,smavim_radial_b4,20,-0.0029158295980566858,0.9272785186767578,0.9822441283762116,radial profile
cell-specific,Fibroblast,smavim_rim_mean,20,0.1716509686580786,0.029575347900390625,0.26791785745059743,intensity: rim
cell-specific,Fibroblast,smavim_rim_p90,20,0.13422492600863736,0.009435653686523438,0.13077445652173914,intensity: rim
cell-specific,Myeloid,bnd_cyto_mean,19,-0.10893160869651405,0.003917694091796875,0.09286117553710938,intensity: cyto
cell-specific,Myeloid,bnd_cyto_p90,19,-0.1628991524674863,7.2479248046875e-05,0.02215576171875,intensity: cyto
cell-specific,Myeloid,bnd_glcm_asm,19,-0.0244604339854598,0.6794281005859375,0.9059041341145834,texture (Haralick)
cell-specific,Myeloid,bnd_glcm_contrast,19,0.04714351358178874,0.104156494140625,0.4254979296022107,texture (Haralick)
cell-specific,Myeloid,bnd_glcm_correlation,19,-0.12592909632110427,0.025821685791015625,0.2485337257385254,texture (Haralick)
cell-specific,Myeloid,bnd_glcm_entropy,19,0.011525464669065781,0.8905677795410156,0.9692398448714941,texture (Haralick)
cell-specific,Myeloid,bnd_glcm_homogeneity,19,-0.03714511995216536,0.6225624084472656,0.8789954337899544,texture (Haralick)
cell-specific,Myeloid,bnd_nuc_mean,19,0.06260807934749962,0.156402587890625,0.49322863894517915,intensity: nuc
cell-specific,Myeloid,bnd_nuc_p90,19,-0.04457602652354144,0.21011734008789062,0.5531294080946181,intensity: nuc
cell-specific,Myeloid,bnd_polarity_nuc,19,-0.049798923978468766,0.104156494140625,0.4254979296022107,polarity
cell-specific,Myeloid,bnd_polarity_shape,19,-0.03158712527494867,0.25792694091796875,0.614871236204191,polarity
cell-specific,Myeloid,bnd_radial_b0,19,0.009410851800337544,0.1956329345703125,0.5337139354032628,radial profile
cell-specific,Myeloid,bnd_radial_b1,19,-0.006613312895911896,0.5677604675292969,0.8545078543441995,radial profile
cell-specific,Myeloid,bnd_radial_b2,19,0.010003037560408962,0.5152778625488281,0.8194780464631966,radial profile
cell-specific,Myeloid,bnd_radial_b3,19,0.01839048233952348,0.9217147827148438,0.9822441283762116,radial profile
cell-specific,Myeloid,bnd_radial_b4,19,-0.016061707750350512,0.48996734619140625,0.7998760209909176,radial profile
cell-specific,Myeloid,bnd_rim_mean,19,-0.06239666809354634,0.00945281982421875,0.13077445652173914,intensity: rim
cell-specific,Myeloid,bnd_rim_p90,19,-0.15038081317279503,1.9073486328125e-05,0.0176239013671875,intensity: rim
cell-specific,Myeloid,dapi_cyto_mean,19,0.05900165989331781,0.036067962646484375,0.29628429581633714,intensity: cyto
cell-specific,Myeloid,dapi_cyto_p90,19,0.0448660554099691,0.015972137451171875,0.1868133544921875,intensity: cyto
cell-specific,Myeloid,dapi_glcm_asm,19,-0.003591264286389284,0.9529838562011719,0.9873165535527234,texture (Haralick)
cell-specific,Myeloid,dapi_glcm_contrast,19,-0.0420106713166568,0.2934989929199219,0.6535798402932974,texture (Haralick)
cell-specific,Myeloid,dapi_glcm_correlation,19,0.012477774756121468,0.6794281005859375,0.9059041341145834,texture (Haralick)
cell-specific,Myeloid,dapi_glcm_entropy,19,-0.004208020672956905,0.8287849426269531,0.9523108953880112,texture (Haralick)
cell-specific,Myeloid,dapi_glcm_homogeneity,19,0.019836857928312746,0.5152778625488281,0.8194780464631966,texture (Haralick)
cell-specific,Myeloid,dapi_nuc_mean,19,0.04189890574787733,0.007144927978515625,0.11051052906474129,intensity: nuc
cell-specific,Myeloid,dapi_nuc_p90,19,0.048485589811225,0.014068603515625,0.1688232421875,intensity: nuc
cell-specific,Myeloid,dapi_polarity_nuc,19,-0.014549046670836147,0.9843215942382812,0.9994650033804087,polarity
cell-specific,Myeloid,dapi_polarity_shape,19,-0.06373994421134822,0.044559478759765625,0.3241965226301058,polarity
cell-specific,Myeloid,dapi_radial_b0,19,-0.037227394319335305,0.3954620361328125,0.7411905099122085,radial profile
cell-specific,Myeloid,dapi_radial_b1,19,-0.0006824493528028996,0.8287849426269531,0.9523108953880112,radial profile
cell-specific,Myeloid,dapi_radial_b2,19,-0.04152097047164424,0.6794281005859375,0.9059041341145834,radial profile
cell-specific,Myeloid,dapi_radial_b3,19,-0.01691401608080069,0.6507492065429688,0.8961136614690062,radial profile
cell-specific,Myeloid,dapi_radial_b4,19,0.018828105262839075,0.25792694091796875,0.614871236204191,radial profile
cell-specific,Myeloid,dapi_rim_mean,19,0.059807729243387564,0.00202178955078125,0.07151892877394153,intensity: rim
cell-specific,Myeloid,dapi_rim_p90,19,0.0743034376491983,0.00457763671875,0.093994140625,intensity: rim
cell-specific,Myeloid,morph_cell_area_um2,19,-0.0046998827562297375,0.9529838562011719,0.9873165535527234,morphology
cell-specific,Myeloid,morph_cell_circularity,19,0.013675521614162259,0.9529838562011719,0.9873165535527234,morphology
cell-specific,Myeloid,morph_cell_eccentricity,19,-0.02790821853126636,0.3320655822753906,0.6713973698522121,morphology
cell-specific,Myeloid,morph_cell_major_um,19,-0.011038741439071194,0.76800537109375,0.944922720227197,morphology
cell-specific,Myeloid,morph_cell_minor_um,19,0.021746541237861253,0.168792724609375,0.5164386673478891,morphology
cell-specific,Myeloid,morph_cell_perimeter_um,19,0.006404020131072545,0.5948867797851562,0.8711031539530694,morphology
cell-specific,Myeloid,morph_cell_solidity,19,0.046322694849903354,0.5412178039550781,0.8433140823853157,morphology
cell-specific,Myeloid,morph_nuc_area_um2,19,0.04641504834913823,0.0289306640625,0.2673193359375,morphology
cell-specific,Myeloid,morph_nuc_cell_ratio,19,0.04903777639039651,0.05457305908203125,0.3458083832335329,morphology
cell-specific,Myeloid,morph_nuc_eccentricity,19,-0.029092629711965773,0.24125289916992188,0.5992410721317414,morphology
cell-specific,Myeloid,morph_nuc_perimeter_um,19,0.06310147012638305,0.020412445068359375,0.21931510747865188,morphology
cell-specific,Myeloid,morph_nuc_solidity,19,0.01961041647202405,0.5152778625488281,0.8194780464631966,morphology
cell-specific,Myeloid,nuc_offset,19,-0.1065613676192324,0.007144927978515625,0.11051052906474129,morphology
cell-specific,Myeloid,r18s_cyto_mean,19,0.08716557918883311,0.000164031982421875,0.02215576171875,intensity: cyto
cell-specific,Myeloid,r18s_cyto_p90,19,0.09714179658840022,0.002399444580078125,0.07151892877394153,intensity: cyto
cell-specific,Myeloid,r18s_glcm_asm,19,-0.02757841778271184,0.312408447265625,0.6547619047619048,texture (Haralick)
cell-specific,Myeloid,r18s_glcm_contrast,19,-0.026329427552571838,0.22532272338867188,0.5767263058480133,texture (Haralick)
cell-specific,Myeloid,r18s_glcm_correlation,19,0.1022533403453228,0.014068603515625,0.1688232421875,texture (Haralick)
cell-specific,Myeloid,r18s_glcm_entropy,19,0.02393437945164652,0.2753410339355469,0.6334186422413793,texture (Haralick)
cell-specific,Myeloid,r18s_glcm_homogeneity,19,0.0007837950625377982,0.8287849426269531,0.9523108953880112,texture (Haralick)
cell-specific,Myeloid,r18s_nuc_mean,19,0.08128202163349835,0.00141143798828125,0.06520843505859375,intensity: nuc
cell-specific,Myeloid,r18s_nuc_p90,19,0.12283124416240429,0.000644683837890625,0.037230491638183594,intensity: nuc
cell-specific,Myeloid,r18s_polarity_nuc,19,-0.11780504425406041,0.002399444580078125,0.07151892877394153,polarity
cell-specific,Myeloid,r18s_polarity_shape,19,-0.03533223579544547,0.3320655822753906,0.6713973698522121,polarity
cell-specific,Myeloid,r18s_radial_b0,19,-0.01045442323107848,0.76800537109375,0.944922720227197,radial profile
cell-specific,Myeloid,r18s_radial_b1,19,0.01453974605596614,0.7982521057128906,0.9523108953880112,radial profile
cell-specific,Myeloid,r18s_radial_b2,19,-0.0007783654185350916,0.5677604675292969,0.8545078543441995,radial profile
cell-specific,Myeloid,r18s_radial_b3,19,-0.019921047282215075,0.8595733642578125,0.9569226368364081,radial profile
cell-specific,Myeloid,r18s_radial_b4,19,-0.007312750634735576,0.9529838562011719,0.9873165535527234,radial profile
cell-specific,Myeloid,r18s_rim_mean,19,0.08536101853659284,0.000125885009765625,0.02215576171875,intensity: rim
cell-specific,Myeloid,r18s_rim_p90,19,0.07971444232859823,0.00041961669921875,0.02982506385216346,intensity: rim
cell-specific,Myeloid,smavim_cyto_mean,19,-0.03853365793324601,0.4413337707519531,0.7650889384142677,intensity: cyto
cell-specific,Myeloid,smavim_cyto_p90,19,-0.06119499565914904,0.07283401489257812,0.3738812764485677,intensity: cyto
cell-specific,Myeloid,smavim_glcm_asm,19,-0.001030962475048497,0.8905677795410156,0.9692398448714941,texture (Haralick)
cell-specific,Myeloid,smavim_glcm_contrast,19,0.0757308557732913,0.0016937255859375,0.071136474609375,texture (Haralick)
cell-specific,Myeloid,smavim_glcm_entropy,19,-0.010312012143441629,0.4653167724609375,0.7860195571369402,texture (Haralick)
cell-specific,Myeloid,smavim_glcm_homogeneity,19,-0.013391933662879569,0.76800537109375,0.944922720227197,texture (Haralick)
cell-specific,Myeloid,smavim_nuc_mean,19,0.03134936597574525,0.5152778625488281,0.8194780464631966,intensity: nuc
cell-specific,Myeloid,smavim_nuc_p90,19,-0.010239450125974721,0.76800537109375,0.944922720227197,intensity: nuc
cell-specific,Myeloid,smavim_polarity_nuc,19,-0.07510916372327847,0.000335693359375,0.0281982421875,polarity
cell-specific,Myeloid,smavim_polarity_shape,19,-0.043075329048913584,0.060207366943359375,0.3458083832335329,polarity
cell-specific,Myeloid,smavim_radial_b0,19,0.036683566212897964,0.05457305908203125,0.3458083832335329,radial profile
cell-specific,Myeloid,smavim_radial_b1,19,0.09783313057920298,0.11337661743164062,0.4420252932777888,radial profile
cell-specific,Myeloid,smavim_radial_b2,19,0.04575916851377326,0.156402587890625,0.49322863894517915,radial profile
cell-specific,Myeloid,smavim_radial_b3,19,-0.013195526258356668,0.5948867797851562,0.8711031539530694,radial profile
cell-specific,Myeloid,smavim_radial_b4,19,-0.04242854910128516,0.21011734008789062,0.5531294080946181,radial profile
cell-specific,Myeloid,smavim_rim_mean,19,0.002350837689655466,0.7982521057128906,0.9523108953880112,intensity: rim
cell-specific,Myeloid,smavim_rim_p90,19,-0.08511121607936542,0.22532272338867188,0.5767263058480133,intensity: rim
cell-specific,Neuron,bnd_cyto_mean,19,0.024662874512590804,0.9843215942382812,0.9994650033804087,intensity: cyto
cell-specific,Neuron,bnd_cyto_p90,19,0.0649312792654016,0.060207366943359375,0.3458083832335329,intensity: cyto
cell-specific,Neuron,bnd_glcm_asm,19,0.10364156689150478,0.000644683837890625,0.037230491638183594,texture (Haralick)
cell-specific,Neuron,bnd_glcm_contrast,19,-0.025500378337474906,0.25792694091796875,0.614871236204191,texture (Haralick)
cell-specific,Neuron,bnd_glcm_correlation,19,-0.008709166265300505,0.9217147827148438,0.9822441283762116,texture (Haralick)
cell-specific,Neuron,bnd_glcm_entropy,19,-0.059848728260773046,0.036067962646484375,0.29628429581633714,texture (Haralick)
cell-specific,Neuron,bnd_glcm_homogeneity,19,0.032791550540273176,0.05457305908203125,0.3458083832335329,texture (Haralick)
cell-specific,Neuron,bnd_nuc_mean,19,-0.05785882338781029,0.07283401489257812,0.3738812764485677,intensity: nuc
cell-specific,Neuron,bnd_nuc_p90,19,0.024202833079507158,0.9217147827148438,0.9822441283762116,intensity: nuc
cell-specific,Neuron,bnd_polarity_nuc,19,-0.005863200743866086,0.70855712890625,0.9169562844669118,polarity
cell-specific,Neuron,bnd_polarity_shape,19,0.014937430340655505,0.48996734619140625,0.7998760209909176,polarity
cell-specific,Neuron,bnd_radial_b0,19,-0.06846803122170123,0.08742904663085938,0.40800221761067706,radial profile
cell-specific,Neuron,bnd_radial_b1,19,-0.07360177181669546,0.0180816650390625,0.1988983154296875,radial profile
cell-specific,Neuron,bnd_radial_b2,19,-0.05408869459884927,0.07987594604492188,0.3946811451631434,radial profile
cell-specific,Neuron,bnd_radial_b3,19,-0.08419173453611245,0.25792694091796875,0.614871236204191,radial profile
cell-specific,Neuron,bnd_radial_b4,19,0.07939048970587445,0.036067962646484375,0.29628429581633714,radial profile
cell-specific,Neuron,bnd_rim_mean,19,0.03336909698759988,0.6225624084472656,0.8789954337899544,intensity: rim
cell-specific,Neuron,bnd_rim_p90,19,0.08642620186835462,0.040130615234375,0.3241965226301058,intensity: rim
cell-specific,Neuron,dapi_cyto_mean,19,-0.021446757547659706,0.70855712890625,0.9169562844669118,intensity: cyto
cell-specific,Neuron,dapi_cyto_p90,19,-0.011257681195447185,0.8287849426269531,0.9523108953880112,intensity: cyto
cell-specific,Neuron,dapi_glcm_asm,19,0.01871707970610849,0.21011734008789062,0.5531294080946181,texture (Haralick)
cell-specific,Neuron,dapi_glcm_contrast,19,0.0007236278504169913,0.9843215942382812,0.9994650033804087,texture (Haralick)
cell-specific,Neuron,dapi_glcm_correlation,19,0.008137363539223605,0.5677604675292969,0.8545078543441995,texture (Haralick)
cell-specific,Neuron,dapi_glcm_entropy,19,-0.006866252609334149,0.3524589538574219,0.6899832062802073,texture (Haralick)
cell-specific,Neuron,dapi_glcm_homogeneity,19,0.0005022730213327109,0.6225624084472656,0.8789954337899544,texture (Haralick)
cell-specific,Neuron,dapi_nuc_mean,19,-0.0027674898009456272,0.6794281005859375,0.9059041341145834,intensity: nuc
cell-specific,Neuron,dapi_nuc_p90,19,0.00021857713793044242,0.76800537109375,0.944922720227197,intensity: nuc
cell-specific,Neuron,dapi_polarity_nuc,19,0.029428249548522953,0.37359619140625,0.716188549500778,polarity
cell-specific,Neuron,dapi_polarity_shape,19,-0.006608844264432812,1.0,1.0,polarity
cell-specific,Neuron,dapi_radial_b0,19,0.03173421642023553,0.18186569213867188,0.5235012446608499,radial profile
cell-specific,Neuron,dapi_radial_b1,19,0.020132260397579718,0.08742904663085938,0.40800221761067706,radial profile
cell-specific,Neuron,dapi_radial_b2,19,0.04313613186316806,0.18186569213867188,0.5235012446608499,radial profile
cell-specific,Neuron,dapi_radial_b3,19,-0.02234604826306784,0.06628799438476562,0.353759765625,radial profile
cell-specific,Neuron,dapi_radial_b4,19,-0.027415283010030322,0.2753410339355469,0.6334186422413793,radial profile
cell-specific,Neuron,dapi_rim_mean,19,-0.04709471323020555,0.060207366943359375,0.3458083832335329,intensity: rim
cell-specific,Neuron,dapi_rim_p90,19,-0.0385177509098883,0.08742904663085938,0.40800221761067706,intensity: rim
cell-specific,Neuron,morph_cell_area_um2,19,-0.005293265120010949,0.70855712890625,0.9169562844669118,morphology
cell-specific,Neuron,morph_cell_circularity,19,0.013795372040732822,0.7380905151367188,0.9368071922889123,morphology
cell-specific,Neuron,morph_cell_eccentricity,19,0.0014672557599155062,0.5677604675292969,0.8545078543441995,morphology
cell-specific,Neuron,morph_cell_major_um,19,-0.008890309579908218,0.8905677795410156,0.9692398448714941,morphology
cell-specific,Neuron,morph_cell_minor_um,19,0.005268252209295027,0.312408447265625,0.6547619047619048,morphology
cell-specific,Neuron,morph_cell_perimeter_um,19,-0.0031016904389221875,0.8595733642578125,0.9569226368364081,morphology
cell-specific,Neuron,morph_cell_solidity,19,0.015681738325260403,0.9217147827148438,0.9822441283762116,morphology
cell-specific,Neuron,morph_nuc_area_um2,19,-0.008698109313466824,0.5412178039550781,0.8433140823853157,morphology
cell-specific,Neuron,morph_nuc_cell_ratio,19,-0.04596376405716647,0.11337661743164062,0.4420252932777888,morphology
cell-specific,Neuron,morph_nuc_eccentricity,19,-0.028661978982293015,0.18186569213867188,0.5235012446608499,morphology
cell-specific,Neuron,morph_nuc_perimeter_um,19,-0.02222374731420585,0.48996734619140625,0.7998760209909176,morphology
cell-specific,Neuron,morph_nuc_solidity,19,0.025692164380478888,0.9529838562011719,0.9873165535527234,morphology
cell-specific,Neuron,nuc_offset,19,0.020924420795507014,0.5152778625488281,0.8194780464631966,morphology
cell-specific,Neuron,r18s_cyto_mean,19,0.01754288514495521,0.6225624084472656,0.8789954337899544,intensity: cyto
cell-specific,Neuron,r18s_cyto_p90,19,0.0037621786489467346,0.9529838562011719,0.9873165535527234,intensity: cyto
cell-specific,Neuron,r18s_glcm_asm,19,0.04479573620369775,0.104156494140625,0.4254979296022107,texture (Haralick)
cell-specific,Neuron,r18s_glcm_contrast,19,0.0030913342681458122,0.37359619140625,0.716188549500778,texture (Haralick)
cell-specific,Neuron,r18s_glcm_correlation,19,-0.0023000029760283786,0.5152778625488281,0.8194780464631966,texture (Haralick)
cell-specific,Neuron,r18s_glcm_entropy,19,-0.05241691454594326,0.25792694091796875,0.614871236204191,texture (Haralick)
cell-specific,Neuron,r18s_glcm_homogeneity,19,0.00591658788603238,0.8287849426269531,0.9523108953880112,texture (Haralick)
cell-specific,Neuron,r18s_nuc_mean,19,0.0023921433063758338,0.7380905151367188,0.9368071922889123,intensity: nuc
cell-specific,Neuron,r18s_nuc_p90,19,-0.025772511493775796,0.48996734619140625,0.7998760209909176,intensity: nuc
cell-specific,Neuron,r18s_polarity_nuc,19,0.030194812780179187,0.76800537109375,0.944922720227197,polarity
cell-specific,Neuron,r18s_polarity_shape,19,-0.017269338432044028,0.2753410339355469,0.6334186422413793,polarity
cell-specific,Neuron,r18s_radial_b0,19,0.004614519373085879,0.8287849426269531,0.9523108953880112,radial profile
cell-specific,Neuron,r18s_radial_b1,19,-0.02673330879904816,0.8595733642578125,0.9569226368364081,radial profile
cell-specific,Neuron,r18s_radial_b2,19,-0.011833222251872388,0.8287849426269531,0.9523108953880112,radial profile
cell-specific,Neuron,r18s_radial_b3,19,-0.009005733710237565,0.8905677795410156,0.9692398448714941,radial profile
cell-specific,Neuron,r18s_radial_b4,19,0.008828449177563008,0.76800537109375,0.944922720227197,radial profile
cell-specific,Neuron,r18s_rim_mean,19,0.018435385039218547,0.6794281005859375,0.9059041341145834,intensity: rim
cell-specific,Neuron,r18s_rim_p90,19,-0.01417805932680724,0.8595733642578125,0.9569226368364081,intensity: rim
cell-specific,Neuron,smavim_cyto_mean,19,-0.04940321011969517,0.168792724609375,0.5164386673478891,intensity: cyto
cell-specific,Neuron,smavim_cyto_p90,19,0.04989385889878062,0.08742904663085938,0.40800221761067706,intensity: cyto
cell-specific,Neuron,smavim_glcm_asm,19,-0.00016878379218636386,0.76800537109375,0.944922720227197,texture (Haralick)
cell-specific,Neuron,smavim_glcm_contrast,19,-0.005657152932688342,0.312408447265625,0.6547619047619048,texture (Haralick)
cell-specific,Neuron,smavim_glcm_entropy,19,0.013281382111562087,0.5152778625488281,0.8194780464631966,texture (Haralick)
cell-specific,Neuron,smavim_glcm_homogeneity,19,0.00275036426431019,0.70855712890625,0.9169562844669118,texture (Haralick)
cell-specific,Neuron,smavim_nuc_mean,19,-0.16269514404845348,7.2479248046875e-05,0.02215576171875,intensity: nuc
cell-specific,Neuron,smavim_nuc_p90,19,-0.10979146677507612,0.00457763671875,0.093994140625,intensity: nuc
cell-specific,Neuron,smavim_polarity_nuc,19,-0.03862460120594585,0.11337661743164062,0.4420252932777888,polarity
cell-specific,Neuron,smavim_polarity_shape,19,-0.022634715341028597,0.049365997314453125,0.3455619812011719,polarity
cell-specific,Neuron,smavim_radial_b0,19,-0.019237091479365667,0.104156494140625,0.4254979296022107,radial profile
cell-specific,Neuron,smavim_radial_b1,19,-0.009770901326057554,0.06628799438476562,0.353759765625,radial profile
cell-specific,Neuron,smavim_radial_b2,19,-0.06953573094383962,0.0061798095703125,0.11051052906474129,radial profile
cell-specific,Neuron,smavim_radial_b3,19,-0.04666881972206198,0.18186569213867188,0.5235012446608499,radial profile
cell-specific,Neuron,smavim_radial_b4,19,0.08314029370321571,0.000164031982421875,0.02215576171875,radial profile
cell-specific,Neuron,smavim_rim_mean,19,-0.03230923817522263,0.48996734619140625,0.7998760209909176,intensity: rim
cell-specific,Neuron,smavim_rim_p90,19,0.057160697960522644,0.06628799438476562,0.353759765625,intensity: rim
cell-specific,OPC,bnd_cyto_mean,18,-0.033428918949572506,0.28372955322265625,0.6409929270849252,intensity: cyto
cell-specific,OPC,bnd_cyto_p90,18,-0.020877261099075596,0.34654998779296875,0.6899832062802073,intensity: cyto
cell-specific,OPC,bnd_glcm_asm,18,0.09049027610098243,0.08142852783203125,0.3953567976804124,texture (Haralick)
cell-specific,OPC,bnd_glcm_contrast,18,0.0415302591245653,0.8650436401367188,0.9583936732449978,texture (Haralick)
cell-specific,OPC,bnd_glcm_correlation,18,-0.019449532572783212,0.49507904052734375,0.8030716661383345,texture (Haralick)
cell-specific,OPC,bnd_glcm_entropy,18,-0.11570110248272575,0.1083831787109375,0.4316640393487338,texture (Haralick)
cell-specific,OPC,bnd_glcm_homogeneity,18,0.07327471913647926,0.18146514892578125,0.5235012446608499,texture (Haralick)
cell-specific,OPC,bnd_nuc_mean,18,-0.03803603387322184,0.932281494140625,0.9822441283762116,intensity: nuc
cell-specific,OPC,bnd_nuc_p90,18,-0.0020796008181322816,0.8650436401367188,0.9583936732449978,intensity: nuc
cell-specific,OPC,bnd_polarity_nuc,18,-0.014398205385782757,0.6396942138671875,0.8942170251335572,polarity
cell-specific,OPC,bnd_polarity_shape,18,0.015350163570099728,0.6094589233398438,0.8789954337899544,polarity
cell-specific,OPC,bnd_radial_b0,18,-0.08284556510438973,0.30379486083984375,0.6547619047619048,radial profile
cell-specific,OPC,bnd_radial_b1,18,-0.02997230006915157,0.32472991943359375,0.6697554588317871,radial profile
cell-specific,OPC,bnd_radial_b2,18,-0.051449529036268274,0.06653594970703125,0.353759765625,radial profile
cell-specific,OPC,bnd_radial_b3,18,-0.0519687642641241,0.11870574951171875,0.4425287356321839,radial profile
cell-specific,OPC,bnd_radial_b4,18,0.056797640846893024,0.16735076904296875,0.5164386673478891,radial profile
cell-specific,OPC,bnd_rim_mean,18,-0.038172637943906976,0.32472991943359375,0.6697554588317871,intensity: rim
cell-specific,OPC,bnd_rim_p90,18,-0.02746265613399172,0.28372955322265625,0.6409929270849252,intensity: rim
cell-specific,OPC,dapi_cyto_mean,18,0.06737936558222984,0.19638824462890625,0.5337139354032628,intensity: cyto
cell-specific,OPC,dapi_cyto_p90,18,0.05326612686855091,0.16735076904296875,0.5164386673478891,intensity: cyto
cell-specific,OPC,dapi_glcm_asm,18,0.012854683795611962,0.932281494140625,0.9822441283762116,texture (Haralick)
cell-specific,OPC,dapi_glcm_contrast,18,-0.04163386244497025,0.39273834228515625,0.7405923025948661,texture (Haralick)
cell-specific,OPC,dapi_glcm_correlation,18,0.006682301134233123,0.7660293579101562,0.944922720227197,texture (Haralick)
cell-specific,OPC,dapi_glcm_entropy,18,-0.00936773857804182,0.932281494140625,0.9822441283762116,texture (Haralick)
cell-specific,OPC,dapi_glcm_homogeneity,18,0.021051428120084516,0.8650436401367188,0.9583936732449978,texture (Haralick)
cell-specific,OPC,dapi_nuc_mean,18,0.022616845536116835,0.15404510498046875,0.4891329106596327,intensity: nuc
cell-specific,OPC,dapi_nuc_p90,18,0.0100002517219204,0.7337265014648438,0.9368071922889123,intensity: nuc
cell-specific,OPC,dapi_polarity_nuc,18,0.008020556508514885,1.0,1.0,polarity
cell-specific,OPC,dapi_polarity_shape,18,-0.0455517061472258,0.08142852783203125,0.3953567976804124,polarity
cell-specific,OPC,dapi_radial_b0,18,0.0037937241369969815,0.7018814086914062,0.9169562844669118,radial profile
cell-specific,OPC,dapi_radial_b1,18,-0.01090768359113042,0.550872802734375,0.8483441162109375,radial profile
cell-specific,OPC,dapi_radial_b2,18,-0.018074889752540402,0.932281494140625,0.9822441283762116,radial profile
cell-specific,OPC,dapi_radial_b3,18,0.004511491007810791,0.522613525390625,0.8212633311040131,radial profile
cell-specific,OPC,dapi_radial_b4,18,-0.0007585047594682801,0.7660293579101562,0.944922720227197,radial profile
cell-specific,OPC,dapi_rim_mean,18,0.04909788877801451,0.19638824462890625,0.5337139354032628,intensity: rim
cell-specific,OPC,dapi_rim_p90,18,0.03576371484715163,0.49507904052734375,0.8030716661383345,intensity: rim
cell-specific,OPC,morph_cell_area_um2,18,0.01393288411962756,0.18146514892578125,0.5235012446608499,morphology
cell-specific,OPC,morph_cell_circularity,18,-0.010325775847139576,0.7660293579101562,0.944922720227197,morphology
cell-specific,OPC,morph_cell_eccentricity,18,0.004089222458110331,0.522613525390625,0.8212633311040131,morphology
cell-specific,OPC,morph_cell_major_um,18,-0.0002171340156047214,0.550872802734375,0.8483441162109375,morphology
cell-specific,OPC,morph_cell_minor_um,18,0.03154701405250835,0.0897674560546875,0.4085966965247845,morphology
cell-specific,OPC,morph_cell_perimeter_um,18,0.003207534598490394,0.32472991943359375,0.6697554588317871,morphology
cell-specific,OPC,morph_cell_solidity,18,-0.01063195837393749,0.7018814086914062,0.9169562844669118,morphology
cell-specific,OPC,morph_nuc_area_um2,18,0.01855209004759558,0.932281494140625,0.9822441283762116,morphology
cell-specific,OPC,morph_nuc_cell_ratio,18,0.0262281298488482,0.7987060546875,0.9523108953880112,morphology
cell-specific,OPC,morph_nuc_eccentricity,18,-0.03155859683457882,0.6396942138671875,0.8942170251335572,morphology
cell-specific,OPC,morph_nuc_perimeter_um,18,0.005125488414818506,0.5798416137695312,0.862759502613602,morphology
cell-specific,OPC,morph_nuc_solidity,18,-0.01784083010325725,0.34654998779296875,0.6899832062802073,morphology
cell-specific,OPC,nuc_offset,18,-0.0305982015531334,0.15404510498046875,0.4891329106596327,morphology
cell-specific,OPC,r18s_cyto_mean,18,-0.05172908249621659,0.0987396240234375,0.4254979296022107,intensity: cyto
cell-specific,OPC,r18s_cyto_p90,18,-0.04040431682173588,0.15404510498046875,0.4891329106596327,intensity: cyto
cell-specific,OPC,r18s_glcm_asm,18,0.0034218562708593706,0.6705245971679688,0.9059041341145834,texture (Haralick)
cell-specific,OPC,r18s_glcm_contrast,18,0.015215284619037935,0.8650436401367188,0.9583936732449978,texture (Haralick)
cell-specific,OPC,r18s_glcm_correlation,18,-0.02062652527921604,0.22875213623046875,0.5806784996619592,texture (Haralick)
cell-specific,OPC,r18s_glcm_entropy,18,-0.02280883971241926,0.468292236328125,0.7896022378963276,texture (Haralick)
cell-specific,OPC,r18s_glcm_homogeneity,18,-0.0030354193436479097,0.8985748291015625,0.9735423487208233,texture (Haralick)
cell-specific,OPC,r18s_nuc_mean,18,0.008601677229806218,0.83172607421875,0.9523108953880112,intensity: nuc
cell-specific,OPC,r18s_nuc_p90,18,0.006376243916597045,0.9661178588867188,0.9929843176989189,intensity: nuc
cell-specific,OPC,r18s_polarity_nuc,18,-0.02423215786455951,0.550872802734375,0.8483441162109375,polarity
cell-specific,OPC,r18s_polarity_shape,18,-0.004421032640922987,0.6705245971679688,0.9059041341145834,polarity
cell-specific,OPC,r18s_radial_b0,18,0.018924076700590813,0.22875213623046875,0.5806784996619592,radial profile
cell-specific,OPC,r18s_radial_b1,18,0.033260410793594236,0.12973785400390625,0.4540824890136719,radial profile
cell-specific,OPC,r18s_radial_b2,18,0.02810305613573557,0.4171142578125,0.7588803454326037,radial profile
cell-specific,OPC,r18s_radial_b3,18,0.00978932734370289,0.4171142578125,0.7588803454326037,radial profile
cell-specific,OPC,r18s_radial_b4,18,-0.034744483467482136,0.030364990234375,0.27240049491808255,radial profile
cell-specific,OPC,r18s_rim_mean,18,-0.02378296920807141,0.22875213623046875,0.5806784996619592,intensity: rim
cell-specific,OPC,r18s_rim_p90,18,-0.03870457191445434,0.0987396240234375,0.4254979296022107,intensity: rim
cell-specific,OPC,smavim_cyto_mean,18,-0.08620722976866833,0.00400543212890625,0.09286117553710938,intensity: cyto
cell-specific,OPC,smavim_cyto_p90,18,-0.017782615943510383,0.6094589233398438,0.8789954337899544,intensity: cyto
cell-specific,OPC,smavim_glcm_asm,18,-0.050608875044744414,0.04827880859375,0.3443032484788161,texture (Haralick)
cell-specific,OPC,smavim_glcm_contrast,18,-0.058092310090702134,0.1083831787109375,0.4316640393487338,texture (Haralick)
cell-specific,OPC,smavim_glcm_entropy,18,0.04889009160052749,0.03423309326171875,0.29562035676474885,texture (Haralick)
cell-specific,OPC,smavim_glcm_homogeneity,18,-0.0365351454981227,0.19638824462890625,0.5337139354032628,texture (Haralick)
cell-specific,OPC,smavim_nuc_mean,18,-0.1775728487289172,0.00400543212890625,0.09286117553710938,intensity: nuc
cell-specific,OPC,smavim_nuc_p90,18,-0.08181226366634388,0.02684783935546875,0.2531367710658482,intensity: nuc
cell-specific,OPC,smavim_polarity_nuc,18,0.026672474251772327,0.6396942138671875,0.8942170251335572,polarity
cell-specific,OPC,smavim_polarity_shape,18,0.03944669380456671,1.0,1.0,polarity
cell-specific,OPC,smavim_radial_b0,18,-0.02706258619944333,0.550872802734375,0.8483441162109375,radial profile
cell-specific,OPC,smavim_radial_b1,18,-0.05042841186303923,0.12973785400390625,0.4540824890136719,radial profile
cell-specific,OPC,smavim_radial_b2,18,-0.04436291287181418,0.1083831787109375,0.4316640393487338,radial profile
cell-specific,OPC,smavim_radial_b3,18,0.003033897617213375,0.7018814086914062,0.9169562844669118,radial profile
cell-specific,OPC,smavim_radial_b4,18,0.03747022514482933,0.28372955322265625,0.6409929270849252,radial profile
cell-specific,OPC,smavim_rim_mean,18,-0.1119166626874815,0.0065765380859375,0.11051052906474129,intensity: rim
cell-specific,OPC,smavim_rim_p90,18,-0.03731843142331409,0.7018814086914062,0.9169562844669118,intensity: rim
cell-specific,Oligodendrocyte,bnd_cyto_mean,19,-0.04968201682617117,0.7380905151367188,0.9368071922889123,intensity: cyto
cell-specific,Oligodendrocyte,bnd_cyto_p90,19,-0.013673824000573296,0.3524589538574219,0.6899832062802073,intensity: cyto
cell-specific,Oligodendrocyte,bnd_glcm_asm,19,0.0357733048849152,0.5152778625488281,0.8194780464631966,texture (Haralick)
cell-specific,Oligodendrocyte,bnd_glcm_contrast,19,0.009872118636768568,0.6794281005859375,0.9059041341145834,texture (Haralick)
cell-specific,Oligodendrocyte,bnd_glcm_correlation,19,-0.0319432151095078,0.1956329345703125,0.5337139354032628,texture (Haralick)
cell-specific,Oligodendrocyte,bnd_glcm_entropy,19,-0.0486400911824751,0.4413337707519531,0.7650889384142677,texture (Haralick)
cell-specific,Oligodendrocyte,bnd_glcm_homogeneity,19,0.06838319272857941,0.6507492065429688,0.8961136614690062,texture (Haralick)
cell-specific,Oligodendrocyte,bnd_nuc_mean,19,0.03324783570755789,0.24125289916992188,0.5992410721317414,intensity: nuc
cell-specific,Oligodendrocyte,bnd_nuc_p90,19,-0.04501367907153285,0.5948867797851562,0.8711031539530694,intensity: nuc
cell-specific,Oligodendrocyte,bnd_polarity_nuc,19,-0.00862327687992722,0.9843215942382812,0.9994650033804087,polarity
cell-specific,Oligodendrocyte,bnd_polarity_shape,19,-0.0036104808914437098,0.7982521057128906,0.9523108953880112,polarity
cell-specific,Oligodendrocyte,bnd_radial_b0,19,0.012831544953676308,0.4413337707519531,0.7650889384142677,radial profile
cell-specific,Oligodendrocyte,bnd_radial_b1,19,0.04059141435024288,0.3524589538574219,0.6899832062802073,radial profile
cell-specific,Oligodendrocyte,bnd_radial_b2,19,0.01247989663834341,0.6507492065429688,0.8961136614690062,radial profile
cell-specific,Oligodendrocyte,bnd_radial_b3,19,0.002192685140803478,0.3524589538574219,0.6899832062802073,radial profile
cell-specific,Oligodendrocyte,bnd_radial_b4,19,-0.016809179546637007,0.6507492065429688,0.8961136614690062,radial profile
cell-specific,Oligodendrocyte,bnd_rim_mean,19,-0.031037043594519417,0.8905677795410156,0.9692398448714941,intensity: rim
cell-specific,Oligodendrocyte,bnd_rim_p90,19,-0.01245898933604514,0.48996734619140625,0.7998760209909176,intensity: rim
cell-specific,Oligodendrocyte,dapi_cyto_mean,19,-0.035731756500187214,0.9217147827148438,0.9822441283762116,intensity: cyto
cell-specific,Oligodendrocyte,dapi_cyto_p90,19,-0.02195624075460334,0.9217147827148438,0.9822441283762116,intensity: cyto
cell-specific,Oligodendrocyte,dapi_glcm_asm,19,-0.011800306558918634,0.48996734619140625,0.7998760209909176,texture (Haralick)
cell-specific,Oligodendrocyte,dapi_glcm_contrast,19,0.01800681930434858,0.0180816650390625,0.1988983154296875,texture (Haralick)
cell-specific,Oligodendrocyte,dapi_glcm_correlation,19,-0.03352521351741869,0.0289306640625,0.2673193359375,texture (Haralick)
cell-specific,Oligodendrocyte,dapi_glcm_entropy,19,0.008418816164601474,0.312408447265625,0.6547619047619048,texture (Haralick)
cell-specific,Oligodendrocyte,dapi_glcm_homogeneity,19,-0.023668910695724188,0.07283401489257812,0.3738812764485677,texture (Haralick)
cell-specific,Oligodendrocyte,dapi_nuc_mean,19,-0.03807950749766649,0.25792694091796875,0.614871236204191,intensity: nuc
cell-specific,Oligodendrocyte,dapi_nuc_p90,19,-0.042096432256173974,0.18186569213867188,0.5235012446608499,intensity: nuc
cell-specific,Oligodendrocyte,dapi_polarity_nuc,19,0.0006293135041209527,0.7982521057128906,0.9523108953880112,polarity
cell-specific,Oligodendrocyte,dapi_polarity_shape,19,-0.02103918932351111,0.7380905151367188,0.9368071922889123,polarity
cell-specific,Oligodendrocyte,dapi_radial_b0,19,-0.01885204978119989,0.48996734619140625,0.7998760209909176,radial profile
cell-specific,Oligodendrocyte,dapi_radial_b1,19,-0.015015903523778365,0.8595733642578125,0.9569226368364081,radial profile
cell-specific,Oligodendrocyte,dapi_radial_b2,19,0.034963186297239934,0.12318801879882812,0.4425287356321839,radial profile
cell-specific,Oligodendrocyte,dapi_radial_b3,19,0.016078491106421094,0.48996734619140625,0.7998760209909176,radial profile
cell-specific,Oligodendrocyte,dapi_radial_b4,19,-0.01759815689000183,0.4653167724609375,0.7860195571369402,radial profile
cell-specific,Oligodendrocyte,dapi_rim_mean,19,-0.006988867404172344,0.168792724609375,0.5164386673478891,intensity: rim
cell-specific,Oligodendrocyte,dapi_rim_p90,19,-0.01414920679379274,0.1956329345703125,0.5337139354032628,intensity: rim
cell-specific,Oligodendrocyte,morph_cell_area_um2,19,0.03337709091273587,0.044559478759765625,0.3241965226301058,morphology
cell-specific,Oligodendrocyte,morph_cell_circularity,19,0.01670567076597556,0.70855712890625,0.9169562844669118,morphology
cell-specific,Oligodendrocyte,morph_cell_eccentricity,19,-0.03864951990815721,0.05457305908203125,0.3458083832335329,morphology
cell-specific,Oligodendrocyte,morph_cell_major_um,19,0.021416065133916203,0.4413337707519531,0.7650889384142677,morphology
cell-specific,Oligodendrocyte,morph_cell_minor_um,19,0.03594578985137259,0.049365997314453125,0.3455619812011719,morphology
cell-specific,Oligodendrocyte,morph_cell_perimeter_um,19,0.027048431762714258,0.07987594604492188,0.3946811451631434,morphology
cell-specific,Oligodendrocyte,morph_cell_solidity,19,0.0024199317128378584,0.7982521057128906,0.9523108953880112,morphology
cell-specific,Oligodendrocyte,morph_nuc_area_um2,19,0.0005519179459345302,0.70855712890625,0.9169562844669118,morphology
cell-specific,Oligodendrocyte,morph_nuc_cell_ratio,19,-0.03857775205176635,0.07283401489257812,0.3738812764485677,morphology
cell-specific,Oligodendrocyte,morph_nuc_eccentricity,19,-0.0547814678334512,0.044559478759765625,0.3241965226301058,morphology
cell-specific,Oligodendrocyte,morph_nuc_perimeter_um,19,-0.022246703702125316,0.9529838562011719,0.9873165535527234,morphology
cell-specific,Oligodendrocyte,morph_nuc_solidity,19,0.01764477877222654,0.5677604675292969,0.8545078543441995,morphology
cell-specific,Oligodendrocyte,nuc_offset,19,-0.016172601625195095,0.7380905151367188,0.9368071922889123,morphology
cell-specific,Oligodendrocyte,r18s_cyto_mean,19,0.0027220473172992633,0.9843215942382812,0.9994650033804087,intensity: cyto
cell-specific,Oligodendrocyte,r18s_cyto_p90,19,-0.007876515953555334,0.6225624084472656,0.8789954337899544,intensity: cyto
cell-specific,Oligodendrocyte,r18s_glcm_asm,19,-0.04202185776897702,0.036067962646484375,0.29628429581633714,texture (Haralick)
cell-specific,Oligodendrocyte,r18s_glcm_contrast,19,0.00977750711776558,0.3524589538574219,0.6899832062802073,texture (Haralick)
cell-specific,Oligodendrocyte,r18s_glcm_correlation,19,-0.02555090673710317,0.4413337707519531,0.7650889384142677,texture (Haralick)
cell-specific,Oligodendrocyte,r18s_glcm_entropy,19,0.0552427108789838,0.044559478759765625,0.3241965226301058,texture (Haralick)
cell-specific,Oligodendrocyte,r18s_glcm_homogeneity,19,-0.046202246404831594,0.03234100341796875,0.284600830078125,texture (Haralick)
cell-specific,Oligodendrocyte,r18s_nuc_mean,19,0.015175999757133456,0.70855712890625,0.9169562844669118,intensity: nuc
cell-specific,Oligodendrocyte,r18s_nuc_p90,19,0.004821587848345021,0.76800537109375,0.944922720227197,intensity: nuc
cell-specific,Oligodendrocyte,r18s_polarity_nuc,19,0.015447829789358727,0.25792694091796875,0.614871236204191,polarity
cell-specific,Oligodendrocyte,r18s_polarity_shape,19,0.01201407931186041,0.8287849426269531,0.9523108953880112,polarity
cell-specific,Oligodendrocyte,r18s_radial_b0,19,0.01644853705037902,0.8905677795410156,0.9692398448714941,radial profile
cell-specific,Oligodendrocyte,r18s_radial_b1,19,0.0045856625940143975,0.4653167724609375,0.7860195571369402,radial profile
cell-specific,Oligodendrocyte,r18s_radial_b2,19,-0.0010836981560616576,0.2753410339355469,0.6334186422413793,radial profile
cell-specific,Oligodendrocyte,r18s_radial_b3,19,0.03632777247867505,0.312408447265625,0.6547619047619048,radial profile
cell-specific,Oligodendrocyte,r18s_radial_b4,19,-0.020260968260426247,0.22532272338867188,0.5767263058480133,radial profile
cell-specific,Oligodendrocyte,r18s_rim_mean,19,0.009726025075332836,0.8287849426269531,0.9523108953880112,intensity: rim
cell-specific,Oligodendrocyte,r18s_rim_p90,19,-0.010093655619752596,0.22532272338867188,0.5767263058480133,intensity: rim
cell-specific,Oligodendrocyte,smavim_cyto_mean,19,-0.014433845768077692,0.3320655822753906,0.6713973698522121,intensity: cyto
cell-specific,Oligodendrocyte,smavim_cyto_p90,19,0.01956114253295562,0.5412178039550781,0.8433140823853157,intensity: cyto
cell-specific,Oligodendrocyte,smavim_glcm_asm,19,-0.037159729455597576,0.104156494140625,0.4254979296022107,texture (Haralick)
cell-specific,Oligodendrocyte,smavim_glcm_contrast,19,-0.020563126374800664,0.9843215942382812,0.9994650033804087,texture (Haralick)
cell-specific,Oligodendrocyte,smavim_glcm_entropy,19,0.03628243250776672,0.14468765258789062,0.48488934608540923,texture (Haralick)
cell-specific,Oligodendrocyte,smavim_glcm_homogeneity,19,-0.03190705780940001,0.12318801879882812,0.4425287356321839,texture (Haralick)
cell-specific,Oligodendrocyte,smavim_nuc_mean,19,-0.041128432234757616,0.24125289916992188,0.5992410721317414,intensity: nuc
cell-specific,Oligodendrocyte,smavim_nuc_p90,19,0.025879864917564013,0.7380905151367188,0.9368071922889123,intensity: nuc
cell-specific,Oligodendrocyte,smavim_polarity_nuc,19,-0.006560751180138755,0.6225624084472656,0.8789954337899544,polarity
cell-specific,Oligodendrocyte,smavim_polarity_shape,19,-0.018150028468833818,0.7380905151367188,0.9368071922889123,polarity
cell-specific,Oligodendrocyte,smavim_radial_b0,19,0.0015292145938247126,0.9529838562011719,0.9873165535527234,radial profile
cell-specific,Oligodendrocyte,smavim_radial_b1,19,0.032862843989669044,0.5677604675292969,0.8545078543441995,radial profile
cell-specific,Oligodendrocyte,smavim_radial_b2,19,0.026736699758153265,0.5948867797851562,0.8711031539530694,radial profile
cell-specific,Oligodendrocyte,smavim_radial_b3,19,-0.01666712177413209,0.8905677795410156,0.9692398448714941,radial profile
cell-specific,Oligodendrocyte,smavim_radial_b4,19,-0.021028799665287284,1.0,1.0,radial profile
cell-specific,Oligodendrocyte,smavim_rim_mean,19,0.0194911983460544,0.3524589538574219,0.6899832062802073,intensity: rim
cell-specific,Oligodendrocyte,smavim_rim_p90,19,0.009686317399024313,0.5677604675292969,0.8545078543441995,intensity: rim
cell-specific,Schwann cell,bnd_cyto_mean,20,-0.04363652410078327,0.4304332733154297,0.7650889384142677,intensity: cyto
cell-specific,Schwann cell,bnd_cyto_p90,20,-0.015666970279474966,0.40909767150878906,0.7545034899683056,intensity: cyto
cell-specific,Schwann cell,bnd_glcm_asm,20,0.053837426324494383,0.16495704650878906,0.5149334830206793,texture (Haralick)
cell-specific,Schwann cell,bnd_glcm_contrast,20,0.010429004354127441,0.7841262817382812,0.9508302943913016,texture (Haralick)
cell-specific,Schwann cell,bnd_glcm_correlation,20,-0.014963139820155125,0.7011814117431641,0.9169562844669118,texture (Haralick)
cell-specific,Schwann cell,bnd_glcm_entropy,20,-0.045959483574079904,0.2942523956298828,0.6535798402932974,texture (Haralick)
cell-specific,Schwann cell,bnd_glcm_homogeneity,20,0.024274378518055008,0.4304332733154297,0.7650889384142677,texture (Haralick)
cell-specific,Schwann cell,bnd_nuc_mean,20,0.011864090769813096,0.38837623596191406,0.7338642986274204,intensity: nuc
cell-specific,Schwann cell,bnd_nuc_p90,20,-0.02782187897039866,0.4523754119873047,0.7769421573908356,intensity: nuc
cell-specific,Schwann cell,bnd_polarity_nuc,20,-0.01134589740613952,0.8694877624511719,0.9598646266486055,polarity
cell-specific,Schwann cell,bnd_polarity_shape,20,0.015957106993841702,0.1893482208251953,0.5269811928990376,polarity
cell-specific,Schwann cell,bnd_radial_b0,20,-0.02274459384144895,0.4523754119873047,0.7769421573908356,radial profile
cell-specific,Schwann cell,bnd_radial_b1,20,0.009827368583502846,0.956329345703125,0.9873165535527234,radial profile
cell-specific,Schwann cell,bnd_radial_b2,20,0.028683104096813194,0.6742229461669922,0.9059041341145834,radial profile
cell-specific,Schwann cell,bnd_radial_b3,20,0.014688359636406554,0.26109886169433594,0.614871236204191,radial profile
cell-specific,Schwann cell,bnd_radial_b4,20,-0.017065682683577624,0.7841262817382812,0.9508302943913016,radial profile
cell-specific,Schwann cell,bnd_rim_mean,20,-0.04229304432454153,0.49800872802734375,0.8030716661383345,intensity: rim
cell-specific,Schwann cell,bnd_rim_p90,20,-0.019419295938617825,0.38837623596191406,0.7338642986274204,intensity: rim
cell-specific,Schwann cell,dapi_cyto_mean,20,-0.053662548468536415,0.15364646911621094,0.4891329106596327,intensity: cyto
cell-specific,Schwann cell,dapi_cyto_p90,20,-0.05198726036492737,0.1893482208251953,0.5269811928990376,intensity: cyto
cell-specific,Schwann cell,dapi_glcm_asm,20,-0.035729405336543854,0.2773551940917969,0.6334186422413793,texture (Haralick)
cell-specific,Schwann cell,dapi_glcm_contrast,20,0.045997186408818384,0.1230926513671875,0.4425287356321839,texture (Haralick)
cell-specific,Schwann cell,dapi_glcm_correlation,20,-0.002485867272411263,0.6742229461669922,0.9059041341145834,texture (Haralick)
cell-specific,Schwann cell,dapi_glcm_entropy,20,0.05225763612463129,0.16495704650878906,0.5149334830206793,texture (Haralick)
cell-specific,Schwann cell,dapi_glcm_homogeneity,20,-0.0539456236877303,0.17685317993164062,0.5235012446608499,texture (Haralick)
cell-specific,Schwann cell,dapi_nuc_mean,20,0.011179741396370988,1.0,1.0,intensity: nuc
cell-specific,Schwann cell,dapi_nuc_p90,20,0.0032608928473656373,0.956329345703125,0.9873165535527234,intensity: nuc
cell-specific,Schwann cell,dapi_polarity_nuc,20,0.03491684948461616,0.40909767150878906,0.7545034899683056,polarity
cell-specific,Schwann cell,dapi_polarity_shape,20,-0.015419940289256029,0.7841262817382812,0.9508302943913016,polarity
cell-specific,Schwann cell,dapi_radial_b0,20,0.04769550579177235,0.21616744995117188,0.5610638307721427,radial profile
cell-specific,Schwann cell,dapi_radial_b1,20,0.08538135670694535,0.2305126190185547,0.5819498906370069,radial profile
cell-specific,Schwann cell,dapi_radial_b2,20,0.020692001757981637,0.7841262817382812,0.9508302943913016,radial profile
cell-specific,Schwann cell,dapi_radial_b3,20,-0.021945327996914635,0.47490501403808594,0.7906526720201646,radial profile
cell-specific,Schwann cell,dapi_radial_b4,20,-0.12190368823714626,0.14290618896484375,0.48488934608540923,radial profile
cell-specific,Schwann cell,dapi_rim_mean,20,-0.011532754006446213,0.1230926513671875,0.4425287356321839,intensity: rim
cell-specific,Schwann cell,dapi_rim_p90,20,0.002458210055435898,0.34881019592285156,0.6899832062802073,intensity: rim
cell-specific,Schwann cell,morph_cell_area_um2,20,0.011577566006398553,0.40909767150878906,0.7545034899683056,morphology
cell-specific,Schwann cell,morph_cell_circularity,20,-0.017354742049209282,0.38837623596191406,0.7338642986274204,morphology
cell-specific,Schwann cell,morph_cell_eccentricity,20,0.09823126082084388,0.17685317993164062,0.5235012446608499,morphology
cell-specific,Schwann cell,morph_cell_major_um,20,0.06483808522739838,0.15364646911621094,0.4891329106596327,morphology
cell-specific,Schwann cell,morph_cell_minor_um,20,-0.026247344500393392,0.8408222198486328,0.9567976984484442,morphology
cell-specific,Schwann cell,morph_cell_perimeter_um,20,0.03502197722419316,0.24548721313476562,0.6032717684482006,morphology
cell-specific,Schwann cell,morph_cell_solidity,20,0.020108051158214367,0.8123550415039062,0.9523108953880112,morphology
cell-specific,Schwann cell,morph_nuc_area_um2,20,-0.01417818459763183,0.3299827575683594,0.6713973698522121,morphology
cell-specific,Schwann cell,morph_nuc_cell_ratio,20,-0.021769912270894594,0.2942523956298828,0.6535798402932974,morphology
cell-specific,Schwann cell,morph_nuc_eccentricity,20,0.004096059897335398,0.47490501403808594,0.7906526720201646,morphology
cell-specific,Schwann cell,morph_nuc_perimeter_um,20,-0.017712620782659345,0.49800872802734375,0.8030716661383345,morphology
cell-specific,Schwann cell,morph_nuc_solidity,20,0.000692167792793276,0.8408222198486328,0.9567976984484442,morphology
cell-specific,Schwann cell,nuc_offset,20,0.00548027008157928,0.5216732025146484,0.8212633311040131,morphology
cell-specific,Schwann cell,r18s_cyto_mean,20,0.0412714450257414,0.3299827575683594,0.6713973698522121,intensity: cyto
cell-specific,Schwann cell,r18s_cyto_p90,20,0.06551122574405122,0.3117942810058594,0.6547619047619048,intensity: cyto
cell-specific,Schwann cell,r18s_glcm_asm,20,-0.012295749371228069,0.26109886169433594,0.614871236204191,texture (Haralick)
cell-specific,Schwann cell,r18s_glcm_contrast,20,0.03765496068516156,0.1893482208251953,0.5269811928990376,texture (Haralick)
cell-specific,Schwann cell,r18s_glcm_correlation,20,-0.008815456699011154,0.6742229461669922,0.9059041341145834,texture (Haralick)
cell-specific,Schwann cell,r18s_glcm_entropy,20,0.011263503487448551,0.26109886169433594,0.614871236204191,texture (Haralick)
cell-specific,Schwann cell,r18s_glcm_homogeneity,20,-0.00858958225235324,0.4523754119873047,0.7769421573908356,texture (Haralick)
cell-specific,Schwann cell,r18s_nuc_mean,20,0.04870265583590589,0.26109886169433594,0.614871236204191,intensity: nuc
cell-specific,Schwann cell,r18s_nuc_p90,20,0.006758884344316046,0.24548721313476562,0.6032717684482006,intensity: nuc
cell-specific,Schwann cell,r18s_polarity_nuc,20,-0.02706486548059897,0.47490501403808594,0.7906526720201646,polarity
cell-specific,Schwann cell,r18s_polarity_shape,20,0.022498261663377046,0.47490501403808594,0.7906526720201646,polarity
cell-specific,Schwann cell,r18s_radial_b0,20,0.02627164422330643,0.40909767150878906,0.7545034899683056,radial profile
cell-specific,Schwann cell,r18s_radial_b1,20,0.042850327928762796,0.023950576782226562,0.2379605693201865,radial profile
cell-specific,Schwann cell,r18s_radial_b2,20,0.037130318393160895,0.15364646911621094,0.4891329106596327,radial profile
cell-specific,Schwann cell,r18s_radial_b3,20,0.004042650548868338,0.3117942810058594,0.6547619047619048,radial profile
cell-specific,Schwann cell,r18s_radial_b4,20,-0.06936277515142292,0.21616744995117188,0.5610638307721427,radial profile
cell-specific,Schwann cell,r18s_rim_mean,20,0.05480929749167728,0.49800872802734375,0.8030716661383345,intensity: rim
cell-specific,Schwann cell,r18s_rim_p90,20,0.05915761445101296,0.47490501403808594,0.7906526720201646,intensity: rim
cell-specific,Schwann cell,smavim_cyto_mean,20,0.05804312927149056,0.956329345703125,0.9873165535527234,intensity: cyto
cell-specific,Schwann cell,smavim_cyto_p90,20,0.0668218240707353,0.5705966949462891,0.8545078543441995,intensity: cyto
cell-specific,Schwann cell,smavim_glcm_asm,20,-0.08329108596276555,0.26109886169433594,0.614871236204191,texture (Haralick)
cell-specific,Schwann cell,smavim_glcm_contrast,20,0.0033447015335033095,0.9272785186767578,0.9822441283762116,texture (Haralick)
cell-specific,Schwann cell,smavim_glcm_entropy,20,0.08607162288466672,0.3117942810058594,0.6547619047619048,texture (Haralick)
cell-specific,Schwann cell,smavim_glcm_homogeneity,20,-0.06485854450201196,0.34881019592285156,0.6899832062802073,texture (Haralick)
cell-specific,Schwann cell,smavim_nuc_mean,20,-0.07176594183484826,0.3117942810058594,0.6547619047619048,intensity: nuc
cell-specific,Schwann cell,smavim_nuc_p90,20,-0.012677545215586788,0.6476554870605469,0.8961136614690062,intensity: nuc
cell-specific,Schwann cell,smavim_polarity_nuc,20,-0.01295495455745407,0.7841262817382812,0.9508302943913016,polarity
cell-specific,Schwann cell,smavim_polarity_shape,20,-0.007449773360892737,0.7561664581298828,0.944922720227197,polarity
cell-specific,Schwann cell,smavim_radial_b0,20,0.05376598073918891,0.5458755493164062,0.8462902811549654,radial profile
cell-specific,Schwann cell,smavim_radial_b1,20,0.015173092330972585,0.5216732025146484,0.8212633311040131,radial profile
cell-specific,Schwann cell,smavim_radial_b2,20,-0.008828612228063006,0.7841262817382812,0.9508302943913016,radial profile
cell-specific,Schwann cell,smavim_radial_b3,20,-0.07726024584125568,0.2773551940917969,0.6334186422413793,radial profile
cell-specific,Schwann cell,smavim_radial_b4,20,0.0005320711060371568,0.7011814117431641,0.9169562844669118,radial profile
cell-specific,Schwann cell,smavim_rim_mean,20,0.045854032849633075,0.8983173370361328,0.9735423487208233,intensity: rim
cell-specific,Schwann cell,smavim_rim_p90,20,0.06578582128629021,0.5705966949462891,0.8545078543441995,intensity: rim
cell-specific,T cell,bnd_cyto_mean,11,-0.0603203745637521,0.1748046875,0.5235012446608499,intensity: cyto
cell-specific,T cell,bnd_cyto_p90,11,-0.05340251643229399,0.0830078125,0.3953567976804124,intensity: cyto
cell-specific,T cell,bnd_glcm_asm,11,0.06077867082697794,0.1474609375,0.48488934608540923,texture (Haralick)
cell-specific,T cell,bnd_glcm_contrast,11,0.03647282487641565,0.0673828125,0.353759765625,texture (Haralick)
cell-specific,T cell,bnd_glcm_correlation,11,-0.10902224998852378,0.009765625,0.13077445652173914,texture (Haralick)
cell-specific,T cell,bnd_glcm_entropy,11,-0.07604037959053865,0.1474609375,0.48488934608540923,texture (Haralick)
cell-specific,T cell,bnd_glcm_homogeneity,11,0.015147673540060066,0.7001953125,0.9169562844669118,texture (Haralick)
cell-specific,T cell,bnd_nuc_mean,11,0.03046355024844384,0.240234375,0.5992410721317414,intensity: nuc
cell-specific,T cell,bnd_nuc_p90,11,-0.017482185621905448,0.8310546875,0.9523108953880112,intensity: nuc
cell-specific,T cell,bnd_polarity_nuc,11,-0.039005878991043644,0.8310546875,0.9523108953880112,polarity
cell-specific,T cell,bnd_polarity_shape,11,0.03042256575604781,1.0,1.0,polarity
cell-specific,T cell,bnd_radial_b0,11,0.014369697537365653,0.51953125,0.8212633311040131,radial profile
cell-specific,T cell,bnd_radial_b1,11,0.043108973751865204,0.4130859375,0.758829833499006,radial profile
cell-specific,T cell,bnd_radial_b2,11,-0.04283076893839533,0.9658203125,0.9929843176989189,radial profile
cell-specific,T cell,bnd_radial_b3,11,-0.1268722192144903,0.0537109375,0.3458083832335329,radial profile
cell-specific,T cell,bnd_radial_b4,11,0.02810369389931703,0.7646484375,0.944922720227197,radial profile
cell-specific,T cell,bnd_rim_mean,11,-0.05486904882810051,0.240234375,0.5992410721317414,intensity: rim
cell-specific,T cell,bnd_rim_p90,11,-0.04481807180384907,0.1474609375,0.48488934608540923,intensity: rim
cell-specific,T cell,dapi_cyto_mean,11,0.13452144130582577,0.0068359375,0.11051052906474129,intensity: cyto
cell-specific,T cell,dapi_cyto_p90,11,0.15542932486495187,0.001953125,0.07151892877394153,intensity: cyto
cell-specific,T cell,dapi_glcm_asm,11,0.10861538147982842,0.1748046875,0.5235012446608499,texture (Haralick)
cell-specific,T cell,dapi_glcm_contrast,11,-0.08095700048745709,0.0009765625,0.04749177631578947,texture (Haralick)
cell-specific,T cell,dapi_glcm_correlation,11,0.06357026795333659,0.0830078125,0.3953567976804124,texture (Haralick)
cell-specific,T cell,dapi_glcm_entropy,11,-0.09199549251243275,0.123046875,0.4425287356321839,texture (Haralick)
cell-specific,T cell,dapi_glcm_homogeneity,11,0.08803227370908348,0.0419921875,0.3241965226301058,texture (Haralick)
cell-specific,T cell,dapi_nuc_mean,11,0.16400998877906012,0.0244140625,0.23998503989361702,intensity: nuc
cell-specific,T cell,dapi_nuc_p90,11,0.19036756289282858,0.0322265625,0.284600830078125,intensity: nuc
cell-specific,T cell,dapi_polarity_nuc,11,0.0609864631871523,0.365234375,0.7104769736842105,polarity
cell-specific,T cell,dapi_polarity_shape,11,5.658005315564707e-05,0.8984375,0.9735423487208233,polarity
cell-specific,T cell,dapi_radial_b0,11,-0.0396239419666099,0.7646484375,0.944922720227197,radial profile
cell-specific,T cell,dapi_radial_b1,11,-0.07208740119653742,0.1474609375,0.48488934608540923,radial profile
cell-specific,T cell,dapi_radial_b2,11,-0.13529115723984766,0.009765625,0.13077445652173914,radial profile
cell-specific,T cell,dapi_radial_b3,11,0.013600766665855524,0.6376953125,0.8942170251335572,radial profile
cell-specific,T cell,dapi_radial_b4,11,0.07714515533255037,0.0830078125,0.3953567976804124,radial profile
cell-specific,T cell,dapi_rim_mean,11,0.08514162045002176,0.013671875,0.1684375,intensity: rim
cell-specific,T cell,dapi_rim_p90,11,0.16140396877307409,0.0673828125,0.353759765625,intensity: rim
cell-specific,T cell,morph_cell_area_um2,11,-0.03438495796127172,0.2783203125,0.6334186422413793,morphology
cell-specific,T cell,morph_cell_circularity,11,0.06880861048980015,0.365234375,0.7104769736842105,morphology
cell-specific,T cell,morph_cell_eccentricity,11,-0.008334381598738817,0.7646484375,0.944922720227197,morphology
cell-specific,T cell,morph_cell_major_um,11,-0.04350442684149343,0.1015625,0.4254979296022107,morphology
cell-specific,T cell,morph_cell_minor_um,11,-0.050167637711144866,0.240234375,0.5992410721317414,morphology
cell-specific,T cell,morph_cell_perimeter_um,11,-0.04222320545320951,0.1015625,0.4254979296022107,morphology
cell-specific,T cell,morph_cell_solidity,11,0.009935635024634057,0.51953125,0.8212633311040131,morphology
cell-specific,T cell,morph_nuc_area_um2,11,0.0023258519750507635,0.5771484375,0.8601373487903226,morphology
cell-specific,T cell,morph_nuc_cell_ratio,11,0.06685867557390193,0.0537109375,0.3458083832335329,morphology
cell-specific,T cell,morph_nuc_eccentricity,11,-0.019165430892216742,0.5771484375,0.8601373487903226,morphology
cell-specific,T cell,morph_nuc_perimeter_um,11,-0.025782231686751103,0.8310546875,0.9523108953880112,morphology
cell-specific,T cell,morph_nuc_solidity,11,-0.06401637678711704,0.5771484375,0.8601373487903226,morphology
cell-specific,T cell,nuc_offset,11,-0.13916450683999357,0.2783203125,0.6334186422413793,morphology
cell-specific,T cell,r18s_cyto_mean,11,0.0763231720142673,0.0537109375,0.3458083832335329,intensity: cyto
cell-specific,T cell,r18s_cyto_p90,11,0.12141896615418048,0.009765625,0.13077445652173914,intensity: cyto
cell-specific,T cell,r18s_glcm_asm,11,0.08990819862332217,0.2060546875,0.5502732117052023,texture (Haralick)
cell-specific,T cell,r18s_glcm_contrast,11,-0.05936386552433941,0.2783203125,0.6334186422413793,texture (Haralick)
cell-specific,T cell,r18s_glcm_correlation,11,0.04468113457578357,0.46484375,0.7860195571369402,texture (Haralick)
cell-specific,T cell,r18s_glcm_entropy,11,-0.0472239236249426,0.1474609375,0.48488934608540923,texture (Haralick)
cell-specific,T cell,r18s_glcm_homogeneity,11,0.05957849124172107,0.0830078125,0.3953567976804124,texture (Haralick)
cell-specific,T cell,r18s_nuc_mean,11,0.05366243648499222,0.3203125,0.666283472468344,intensity: nuc
cell-specific,T cell,r18s_nuc_p90,11,0.04827803347265701,0.1474609375,0.48488934608540923,intensity: nuc
cell-specific,T cell,r18s_polarity_nuc,11,0.003231830206515747,0.8310546875,0.9523108953880112,polarity
cell-specific,T cell,r18s_polarity_shape,11,-0.05878001304823717,0.4130859375,0.758829833499006,polarity
cell-specific,T cell,r18s_radial_b0,11,-0.1386677975191472,0.123046875,0.4425287356321839,radial profile
cell-specific,T cell,r18s_radial_b1,11,-0.1283857299779106,0.1015625,0.4254979296022107,radial profile
cell-specific,T cell,r18s_radial_b2,11,-0.13603815387523163,0.0048828125,0.093994140625,radial profile
cell-specific,T cell,r18s_radial_b3,11,-0.04699324891375905,0.1474609375,0.48488934608540923,radial profile
cell-specific,T cell,r18s_radial_b4,11,0.187400753840211,0.0068359375,0.11051052906474129,radial profile
cell-specific,T cell,r18s_rim_mean,11,0.11623798512700691,0.0537109375,0.3458083832335329,intensity: rim
cell-specific,T cell,r18s_rim_p90,11,0.10868262927596853,0.0048828125,0.093994140625,intensity: rim
cell-specific,T cell,smavim_cyto_mean,11,-0.02943408116808611,0.365234375,0.7104769736842105,intensity: cyto
cell-specific,T cell,smavim_cyto_p90,11,0.018761891328736277,0.9658203125,0.9929843176989189,intensity: cyto
cell-specific,T cell,smavim_glcm_asm,11,0.07809907103195034,0.1474609375,0.48488934608540923,texture (Haralick)
cell-specific,T cell,smavim_glcm_contrast,11,-0.23746654888894017,0.0009765625,0.04749177631578947,texture (Haralick)
cell-specific,T cell,smavim_glcm_entropy,11,-0.0820309302908622,0.0673828125,0.353759765625,texture (Haralick)
cell-specific,T cell,smavim_glcm_homogeneity,11,0.13418845315261813,0.009765625,0.13077445652173914,texture (Haralick)
cell-specific,T cell,smavim_nuc_mean,11,-0.09941905784246,0.2060546875,0.5502732117052023,intensity: nuc
cell-specific,T cell,smavim_nuc_p90,11,-0.12398532807922813,0.3203125,0.666283472468344,intensity: nuc
cell-specific,T cell,smavim_polarity_nuc,11,-0.15718878127995242,0.3203125,0.666283472468344,polarity
cell-specific,T cell,smavim_polarity_shape,11,0.004245883049686892,0.9658203125,0.9929843176989189,polarity
cell-specific,T cell,smavim_radial_b0,11,0.004350757878531099,0.8310546875,0.9523108953880112,radial profile
cell-specific,T cell,smavim_radial_b1,11,0.021735766092514718,0.7646484375,0.944922720227197,radial profile
cell-specific,T cell,smavim_radial_b2,11,-0.1623054893212441,0.0419921875,0.3241965226301058,radial profile
cell-specific,T cell,smavim_radial_b3,11,-0.0756208863742886,0.0419921875,0.3241965226301058,radial profile
cell-specific,T cell,smavim_radial_b4,11,0.1609121977702339,0.013671875,0.1684375,radial profile
cell-specific,T cell,smavim_rim_mean,11,-0.09537090956543437,0.1474609375,0.48488934608540923,intensity: rim
cell-specific,T cell,smavim_rim_p90,11,-0.059954016648771515,0.7646484375,0.944922720227197,intensity: rim
cell-specific,VSMC,bnd_cyto_mean,20,-0.03870317400931772,0.4523754119873047,0.7769421573908356,intensity: cyto
cell-specific,VSMC,bnd_cyto_p90,20,-0.07890772491470444,0.15364646911621094,0.4891329106596327,intensity: cyto
cell-specific,VSMC,bnd_glcm_asm,20,0.04483096873925456,0.0758514404296875,0.38509192833533656,texture (Haralick)
cell-specific,VSMC,bnd_glcm_contrast,20,-0.03821857277395891,0.05316925048828125,0.3458083832335329,texture (Haralick)
cell-specific,VSMC,bnd_glcm_correlation,20,-0.02610643106016558,0.8123550415039062,0.9523108953880112,texture (Haralick)
cell-specific,VSMC,bnd_glcm_entropy,20,-0.06212424570570096,0.05316925048828125,0.3458083832335329,texture (Haralick)
cell-specific,VSMC,bnd_glcm_homogeneity,20,0.026877669258036835,0.17685317993164062,0.5235012446608499,texture (Haralick)
cell-specific,VSMC,bnd_nuc_mean,20,-0.03041286015316179,0.5458755493164062,0.8462902811549654,intensity: nuc
cell-specific,VSMC,bnd_nuc_p90,20,-0.043285268043216425,0.34881019592285156,0.6899832062802073,intensity: nuc
cell-specific,VSMC,bnd_polarity_nuc,20,-0.03269599380650795,0.1230926513671875,0.4425287356321839,polarity
cell-specific,VSMC,bnd_polarity_shape,20,0.002696984414595607,0.8408222198486328,0.9567976984484442,polarity
cell-specific,VSMC,bnd_radial_b0,20,0.04652951637436917,0.05316925048828125,0.3458083832335329,radial profile
cell-specific,VSMC,bnd_radial_b1,20,0.068327352320851,0.0758514404296875,0.38509192833533656,radial profile
cell-specific,VSMC,bnd_radial_b2,20,0.010099570161433303,0.5705966949462891,0.8545078543441995,radial profile
cell-specific,VSMC,bnd_radial_b3,20,0.016667016001349906,0.9854354858398438,0.9994976826740017,radial profile
cell-specific,VSMC,bnd_radial_b4,20,0.010949984126041937,0.4304332733154297,0.7650889384142677,radial profile
cell-specific,VSMC,bnd_rim_mean,20,-0.049867895011151436,0.17685317993164062,0.5235012446608499,intensity: rim
cell-specific,VSMC,bnd_rim_p90,20,-0.09222165440308278,0.082550048828125,0.3953567976804124,intensity: rim
cell-specific,VSMC,dapi_cyto_mean,20,0.05570401055427046,0.058258056640625,0.3458083832335329,intensity: cyto
cell-specific,VSMC,dapi_cyto_p90,20,0.05639706878778031,0.17685317993164062,0.5235012446608499,intensity: cyto
cell-specific,VSMC,dapi_glcm_asm,20,0.031232924433729402,0.1230926513671875,0.4425287356321839,texture (Haralick)
cell-specific,VSMC,dapi_glcm_contrast,20,-0.011599169574340238,0.26109886169433594,0.614871236204191,texture (Haralick)
cell-specific,VSMC,dapi_glcm_correlation,20,0.018072995319445333,0.6215133666992188,0.8789954337899544,texture (Haralick)
cell-specific,VSMC,dapi_glcm_entropy,20,-0.03204856796094512,0.1893482208251953,0.5269811928990376,texture (Haralick)
cell-specific,VSMC,dapi_glcm_homogeneity,20,0.014492757542906314,0.36827659606933594,0.7133911420714181,texture (Haralick)
cell-specific,VSMC,dapi_nuc_mean,20,0.07089580601838083,0.1230926513671875,0.4425287356321839,intensity: nuc
cell-specific,VSMC,dapi_nuc_p90,20,0.05298085704365795,0.13272666931152344,0.45932375447133955,intensity: nuc
cell-specific,VSMC,dapi_polarity_nuc,20,-0.03426094502098538,0.1893482208251953,0.5269811928990376,polarity
cell-specific,VSMC,dapi_polarity_shape,20,-0.06794973124344922,0.08969497680664062,0.4085966965247845,polarity
cell-specific,VSMC,dapi_radial_b0,20,-0.027383018893745885,0.2942523956298828,0.6535798402932974,radial profile
cell-specific,VSMC,dapi_radial_b1,20,-0.05203422478769329,0.08969497680664062,0.4085966965247845,radial profile
cell-specific,VSMC,dapi_radial_b2,20,-0.0412524598653972,0.10539817810058594,0.4254979296022107,radial profile
cell-specific,VSMC,dapi_radial_b3,20,0.06610312057346682,0.24548721313476562,0.6032717684482006,radial profile
cell-specific,VSMC,dapi_radial_b4,20,0.017696552165727273,0.10539817810058594,0.4254979296022107,radial profile
cell-specific,VSMC,dapi_rim_mean,20,0.09759022713192736,0.0003223419189453125,0.0281982421875,intensity: rim
cell-specific,VSMC,dapi_rim_p90,20,0.11340164443628943,0.0019855499267578125,0.07151892877394153,intensity: rim
cell-specific,VSMC,morph_cell_area_um2,20,-0.01954359157962796,0.10539817810058594,0.4254979296022107,morphology
cell-specific,VSMC,morph_cell_circularity,20,0.027851587654576595,0.5705966949462891,0.8545078543441995,morphology
cell-specific,VSMC,morph_cell_eccentricity,20,-0.02587121094813985,0.40909767150878906,0.7545034899683056,morphology
cell-specific,VSMC,morph_cell_major_um,20,-0.036741528122471494,0.16495704650878906,0.5149334830206793,morphology
cell-specific,VSMC,morph_cell_minor_um,20,-0.008542701662972364,0.40909767150878906,0.7545034899683056,morphology
cell-specific,VSMC,morph_cell_perimeter_um,20,-0.02591478367446931,0.1230926513671875,0.4425287356321839,morphology
cell-specific,VSMC,morph_cell_solidity,20,-0.0034479938950378805,0.5958194732666016,0.8711031539530694,morphology
cell-specific,VSMC,morph_nuc_area_um2,20,0.05528640577895996,0.001689910888671875,0.071136474609375,morphology
cell-specific,VSMC,morph_nuc_cell_ratio,20,0.09465722482993214,0.000209808349609375,0.024232864379882812,morphology
cell-specific,VSMC,morph_nuc_eccentricity,20,0.02623028469608527,0.15364646911621094,0.4891329106596327,morphology
cell-specific,VSMC,morph_nuc_perimeter_um,20,0.043813760540741285,0.023950576782226562,0.2379605693201865,morphology
cell-specific,VSMC,morph_nuc_solidity,20,-0.020057978076470296,0.2773551940917969,0.6334186422413793,morphology
cell-specific,VSMC,nuc_offset,20,-0.044800458925200286,0.04405403137207031,0.3241965226301058,morphology
cell-specific,VSMC,r18s_cyto_mean,20,0.0024677263295451307,0.7285060882568359,0.9368071922889123,intensity: cyto
cell-specific,VSMC,r18s_cyto_p90,20,0.04065675856508215,0.21616744995117188,0.5610638307721427,intensity: cyto
cell-specific,VSMC,r18s_glcm_asm,20,0.0018058715857299425,0.7011814117431641,0.9169562844669118,texture (Haralick)
cell-specific,VSMC,r18s_glcm_contrast,20,0.013510688652649677,0.9272785186767578,0.9822441283762116,texture (Haralick)
cell-specific,VSMC,r18s_glcm_correlation,20,0.04434548442062896,0.956329345703125,0.9873165535527234,texture (Haralick)
cell-specific,VSMC,r18s_glcm_entropy,20,-0.0027188078027502484,0.8123550415039062,0.9523108953880112,texture (Haralick)
cell-specific,VSMC,r18s_glcm_homogeneity,20,0.015021965254263026,0.5705966949462891,0.8545078543441995,texture (Haralick)
cell-specific,VSMC,r18s_nuc_mean,20,-0.01294238484647163,0.49800872802734375,0.8030716661383345,intensity: nuc
cell-specific,VSMC,r18s_nuc_p90,20,0.03645068490441047,0.6215133666992188,0.8789954337899544,intensity: nuc
cell-specific,VSMC,r18s_polarity_nuc,20,-0.1112628745367466,0.005580902099609375,0.10313507080078126,polarity
cell-specific,VSMC,r18s_polarity_shape,20,-0.04029217311598056,0.05316925048828125,0.3458083832335329,polarity
cell-specific,VSMC,r18s_radial_b0,20,-0.014163999178372355,0.5705966949462891,0.8545078543441995,radial profile
cell-specific,VSMC,r18s_radial_b1,20,-0.05859026897292182,0.017181396484375,0.1938253030544374,radial profile
cell-specific,VSMC,r18s_radial_b2,20,-0.10017974536501419,0.021484375,0.22305126404494383,radial profile
cell-specific,VSMC,r18s_radial_b3,20,-0.08246870568317277,0.021484375,0.22305126404494383,radial profile
cell-specific,VSMC,r18s_radial_b4,20,0.07505539251087129,0.0007076263427734375,0.03846157298368566,radial profile
cell-specific,VSMC,r18s_rim_mean,20,0.0073239782632753755,0.6476554870605469,0.8961136614690062,intensity: rim
cell-specific,VSMC,r18s_rim_p90,20,0.019149441719240424,0.3299827575683594,0.6713973698522121,intensity: rim
cell-specific,VSMC,smavim_cyto_mean,20,0.04616572958928324,0.5958194732666016,0.8711031539530694,intensity: cyto
cell-specific,VSMC,smavim_cyto_p90,20,0.016660893460538652,0.8694877624511719,0.9598646266486055,intensity: cyto
cell-specific,VSMC,smavim_glcm_asm,20,-0.10573673058060781,0.0072956085205078125,0.11051052906474129,texture (Haralick)
cell-specific,VSMC,smavim_glcm_contrast,20,0.016757140920601085,0.7841262817382812,0.9508302943913016,texture (Haralick)
cell-specific,VSMC,smavim_glcm_entropy,20,0.09712332975144178,0.002712249755859375,0.07370937571806066,texture (Haralick)
cell-specific,VSMC,smavim_glcm_homogeneity,20,-0.09714318951148007,0.00365447998046875,0.09286117553710938,texture (Haralick)
cell-specific,VSMC,smavim_nuc_mean,20,0.07618676908490704,0.15364646911621094,0.4891329106596327,intensity: nuc
cell-specific,VSMC,smavim_nuc_p90,20,0.08429240123267143,0.09730720520019531,0.4254979296022107,intensity: nuc
cell-specific,VSMC,smavim_polarity_nuc,20,-0.058384115101844436,0.3299827575683594,0.6713973698522121,polarity
cell-specific,VSMC,smavim_polarity_shape,20,0.02843976491463268,0.8694877624511719,0.9598646266486055,polarity
cell-specific,VSMC,smavim_radial_b0,20,0.032006454501861334,0.8408222198486328,0.9567976984484442,radial profile
cell-specific,VSMC,smavim_radial_b1,20,-0.011220109821120356,0.47490501403808594,0.7906526720201646,radial profile
cell-specific,VSMC,smavim_radial_b2,20,-0.044942155534563266,0.15364646911621094,0.4891329106596327,radial profile
cell-specific,VSMC,smavim_radial_b3,20,0.0030799229721589763,0.4304332733154297,0.7650889384142677,radial profile
cell-specific,VSMC,smavim_radial_b4,20,0.058172377878967105,0.14290618896484375,0.48488934608540923,radial profile
cell-specific,VSMC,smavim_rim_mean,20,0.06271934056232237,0.2773551940917969,0.6334186422413793,intensity: rim
cell-specific,VSMC,smavim_rim_p90,20,0.05437218274952911,0.5705966949462891,0.8545078543441995,intensity: rim
