seg,reg,sample_name,n_in,n_out,immune_in,immune_out,immune_out2,active_in,vim_tissue,vim_astro,n_astro,depth,log_depth,stage,arm
C2_G1_Bot_0@43|18_16,C2_G1_Bot_0@43,C_S16_2,9.0,11.0,0.2222222222222222,0.0,0.0,0.2222222222222222,0.08797078772074993,0.9275337166447702,3.0,408.0441152620633,6.013823011502631,SEVERE16,chronic
C2_G1_Bot_0@43|19_15,C2_G1_Bot_0@43,C_S16_2,16.0,10.0,0.25,0.0,0.0,0.8125,-0.007812319455480569,1.832636530290932,2.0,254.2567793898966,5.542270016495778,SEVERE16,chronic
C2_G1_Bot_0@43|21_14,C2_G1_Bot_0@43,C_S16_2,18.0,5.0,0.05555555555555555,0.0,,0.0,0.43755071960559433,1.4063137460827972,4.0,22.360679774997898,3.1510542574937324,SEVERE16,chronic
C2_G1_Bot_0@43|21_16,C2_G1_Bot_0@43,C_S16_2,11.0,17.0,0.18181818181818182,0.058823529411764705,0.0,0.0,-0.15463848492066384,0.02764294500877229,4.0,176.91806012954132,5.1813231079538875,SEVERE16,chronic
C2_G1_Bot_0@43|22_16,C2_G1_Bot_0@43,C_S16_2,5.0,8.0,0.0,0.125,0.0,0.0,-0.5268696223436241,,1.0,107.70329614269008,4.688622116967238,SEVERE16,chronic
C2_G1_Bot_0@43|23_16,C2_G1_Bot_0@43,C_S16_2,6.0,10.0,0.0,0.0,0.0,0.0,-0.43309932506800664,,,52.420921603636444,3.9782024595666288,SEVERE16,chronic
C2_G1_Bot_0@43|24_16,C2_G1_Bot_0@43,C_S16_2,6.0,6.0,0.3333333333333333,0.16666666666666666,0.0,0.0,0.41941473501111853,1.283010356894388,1.0,49.77028760231481,3.927311293751507,SEVERE16,chronic
C2_G1_Bot_0@4|10_12,C2_G1_Bot_0@4,C_S16_2,10.0,21.0,0.0,0.0,0.0,0.0,-0.04739905515615571,0.041192185329167755,4.0,317.8049716414141,5.764579541654606,SEVERE16,chronic
C2_G1_Bot_0@4|10_13,C2_G1_Bot_0@4,C_S16_2,9.0,13.0,0.0,0.0,0.0,0.0,-0.08342121637378708,,,271.84548215941567,5.608905635530764,SEVERE16,chronic
C2_G1_Bot_0@4|10_14,C2_G1_Bot_0@4,C_S16_2,12.0,16.0,0.0,0.0,,0.0,-0.14141538907124732,0.7091266907043087,1.0,290.8599786566016,5.676274162110705,SEVERE16,chronic
C2_G1_Bot_0@4|10_18,C2_G1_Bot_0@4,C_S16_2,11.0,11.0,0.09090909090909091,0.0,,0.0,-0.10803493992126197,-0.12443892823640804,5.0,361.45427309313385,5.892898323146653,SEVERE16,chronic
C2_G1_Bot_0@4|10_19,C2_G1_Bot_0@4,C_S16_2,8.0,7.0,0.0,0.0,,0.0,-0.04926715954256046,0.6094713426049649,5.0,304.138126514911,5.720764547910394,SEVERE16,chronic
C2_G1_Bot_0@4|10_22,C2_G1_Bot_0@4,C_S16_2,5.0,14.0,0.0,0.07142857142857142,0.0,0.0,-0.028043908124542112,5.806931250581481,1.0,189.73665961010278,5.250893731205672,SEVERE16,chronic
C2_G1_Bot_0@4|10_27,C2_G1_Bot_0@4,C_S16_2,19.0,9.0,0.05263157894736842,0.0,,0.0,2.0210600439250017,-0.5813083394942532,8.0,21.18033988749895,3.0992063058579626,SEVERE16,chronic
C2_G1_Bot_0@4|11_11,C2_G1_Bot_0@4,C_S16_2,5.0,8.0,0.0,0.0,0.0,0.0,0.17147218008704815,0.06494433651859534,4.0,327.56678708318395,5.794740126493581,SEVERE16,chronic
C2_G1_Bot_0@4|11_14,C2_G1_Bot_0@4,C_S16_2,11.0,10.0,0.0,0.0,,0.0,-0.029721692615879,0.010053357692300023,2.0,361.24783736376884,5.892328611172672,SEVERE16,chronic
C2_G1_Bot_0@4|11_20,C2_G1_Bot_0@4,C_S16_2,17.0,5.0,0.0,0.0,,0.23529411764705882,0.15724569004009747,0.09453589970046652,4.0,335.4101966249684,5.818331238653004,SEVERE16,chronic
C2_G1_Bot_0@4|11_23,C2_G1_Bot_0@4,C_S16_2,10.0,12.0,0.2,0.0,0.0,0.0,-0.1929142775699278,0.717677756463189,2.0,291.36310859514555,5.677996552320561,SEVERE16,chronic
C2_G1_Bot_0@4|11_24,C2_G1_Bot_0@4,C_S16_2,7.0,10.0,0.14285714285714285,0.0,0.0,0.0,-0.1553927920170039,-0.4390046349965244,3.0,250.59928172283335,5.527837669984505,SEVERE16,chronic
C2_G1_Bot_0@4|11_25,C2_G1_Bot_0@4,C_S16_2,8.0,5.0,0.0,0.0,,0.375,-0.2376220074465527,0.18233867042437335,3.0,228.0350850198276,5.433875201512404,SEVERE16,chronic
C2_G1_Bot_0@4|12_10,C2_G1_Bot_0@4,C_S16_2,25.0,9.0,0.04,0.2222222222222222,0.0,0.0,-0.05513567363934113,0.058828936169521895,2.0,292.8282090696599,5.682995273663216,SEVERE16,chronic
C2_G1_Bot_0@4|12_14,C2_G1_Bot_0@4,C_S16_2,17.0,6.0,0.058823529411764705,0.0,,0.0,-0.012329659227838744,-0.023170137493612214,4.0,463.89654018972806,6.141814886616208,SEVERE16,chronic
C2_G1_Bot_0@4|12_17,C2_G1_Bot_0@4,C_S16_2,16.0,10.0,0.0,0.0,0.0,0.0,-0.022084895299771607,-0.01972681766616465,5.0,565.685424949238,6.339804343679907,SEVERE16,chronic
C2_G1_Bot_0@4|12_19,C2_G1_Bot_0@4,C_S16_2,8.0,12.0,0.125,0.0,0.0,1.0,-0.06711899199873447,-0.03266108508617126,5.0,434.1658669218482,6.075727261679684,SEVERE16,chronic
C2_G1_Bot_0@4|12_20,C2_G1_Bot_0@4,C_S16_2,12.0,7.0,0.25,0.0,,0.75,0.17517077328649877,0.09834600252411838,1.0,402.49223594996215,6.000157245765181,SEVERE16,chronic
C2_G1_Bot_0@4|12_25,C2_G1_Bot_0@4,C_S16_2,12.0,5.0,0.0,0.0,,0.16666666666666666,-0.0302877976276911,0.18897395824761315,2.0,147.648230602334,5.001582646260812,SEVERE16,chronic
C2_G1_Bot_0@4|12_26,C2_G1_Bot_0@4,C_S16_2,10.0,8.0,0.0,0.125,0.5,0.3,-0.13058129754680198,1.0217280691376394,2.0,159.05694150420948,5.075529636323303,SEVERE16,chronic
C2_G1_Bot_0@4|12_27,C2_G1_Bot_0@4,C_S16_2,15.0,11.0,0.0,0.09090909090909091,0.0,0.06666666666666667,0.047958974863014134,1.0351576958466175,3.0,143.70013082566155,4.974663537753557,SEVERE16,chronic
C2_G1_Bot_0@4|12_9,C2_G1_Bot_0@4,C_S16_2,19.0,12.0,0.05263157894736842,0.0,,0.05263157894736842,0.18895877880658613,0.8668870184535534,6.0,205.18284528683193,5.328763373586755,SEVERE16,chronic
C2_G1_Bot_0@4|13_14,C2_G1_Bot_0@4,C_S16_2,10.0,14.0,0.0,0.0,0.125,0.0,-0.013640139517283411,0.24650994091628164,3.0,576.0943900183993,6.358005840682666,SEVERE16,chronic
C2_G1_Bot_0@4|13_17,C2_G1_Bot_0@4,C_S16_2,7.0,13.0,0.0,0.0,0.0,0.0,0.05054841570109385,0.021233774556997917,2.0,633.6708563590482,6.453106528067475,SEVERE16,chronic
C2_G1_Bot_0@4|13_19,C2_G1_Bot_0@4,C_S16_2,7.0,6.0,0.14285714285714285,0.0,0.0,0.5714285714285714,0.5028548086168612,0.7377732257653573,1.0,505.3711507397311,6.227269899893826,SEVERE16,chronic
C2_G1_Bot_0@4|13_9,C2_G1_Bot_0@4,C_S16_2,10.0,19.0,0.1,0.0,0.0,0.0,0.19348455622122518,0.7653742199582376,3.0,240.41630560342614,5.486522852378269,SEVERE16,chronic
C2_G1_Bot_0@4|14_14,C2_G1_Bot_0@4,C_S16_2,12.0,10.0,0.0,0.0,0.0,0.0,-0.18600171953138445,-0.10165400626175954,3.0,650.0384592629001,6.478568717672336,SEVERE16,chronic
C2_G1_Bot_0@4|14_15,C2_G1_Bot_0@4,C_S16_2,11.0,19.0,0.0,0.0,0.05263157894736842,0.0,0.03764102431248932,0.019640450787782888,4.0,676.4243008034657,6.518297813379829,SEVERE16,chronic
C2_G1_Bot_0@4|14_17,C2_G1_Bot_0@4,C_S16_2,17.0,21.0,0.0,0.0,0.0,0.0,-0.024713120579719722,-0.022031435632531283,7.0,728.4914338361779,6.592347625380089,SEVERE16,chronic
C2_G1_Bot_0@4|14_7,C2_G1_Bot_0@4,C_S16_2,7.0,7.0,0.0,0.0,0.0,0.0,0.3386107836750103,0.7821801841711663,3.0,89.44271909999159,4.504716712194347,SEVERE16,chronic
C2_G1_Bot_0@4|15_15,C2_G1_Bot_0@4,C_S16_2,13.0,11.0,0.0,0.0,0.0,0.0,0.08585202009338389,0.10515496934656043,3.0,646.7976790632557,6.473578423932502,SEVERE16,chronic
C2_G1_Bot_0@4|3_13,C2_G1_Bot_0@4,C_S16_2,15.0,7.0,0.06666666666666667,0.0,,0.0,-0.45585407525067384,1.4497748433027735,5.0,22.360679774997898,3.1510542574937324,SEVERE16,chronic
C2_G1_Bot_0@4|4_16,C2_G1_Bot_0@4,C_S16_2,8.0,12.0,0.0,0.0,0.0,0.0,1.943956752689977,1.418091251961312,4.0,112.91047069245164,4.735412795046656,SEVERE16,chronic
C2_G1_Bot_0@4|6_12,C2_G1_Bot_0@4,C_S16_2,15.0,7.0,0.06666666666666667,0.0,0.0,0.0,-0.2029771032228635,,,60.0,4.110873864173311,SEVERE16,chronic
C2_G1_Bot_0@4|6_16,C2_G1_Bot_0@4,C_S16_2,12.0,14.0,0.08333333333333333,0.0,0.08333333333333333,0.0,-0.7741346408034262,-0.009998887875364099,2.0,88.01162633521314,4.488766994180318,SEVERE16,chronic
C2_G1_Bot_0@4|6_17,C2_G1_Bot_0@4,C_S16_2,10.0,8.0,0.2,0.0,0.0,0.2,-0.4822347940221231,0.12677902969469784,6.0,170.29386365926402,5.143380582500844,SEVERE16,chronic
C2_G1_Bot_0@4|7_13,C2_G1_Bot_0@4,C_S16_2,5.0,8.0,0.0,0.0,0.0,0.0,-0.11563043076823781,0.04407775071536952,3.0,50.0,3.9318256327243257,SEVERE16,chronic
C2_G1_Bot_0@4|7_16,C2_G1_Bot_0@4,C_S16_2,5.0,5.0,0.0,0.2,,0.0,0.018992629348813336,1.2838603925781724,4.0,120.37008393786303,4.79884442270461,SEVERE16,chronic
C2_G1_Bot_0@4|7_17,C2_G1_Bot_0@4,C_S16_2,11.0,7.0,0.0,0.0,,0.18181818181818182,-0.32644314439890243,4.94886621346203,2.0,157.31932071670212,5.064614010713492,SEVERE16,chronic
C2_G1_Bot_0@4|7_21,C2_G1_Bot_0@4,C_S16_2,35.0,8.0,0.08571428571428572,0.0,,0.05714285714285714,5.381594380027254,,,28.284271247461902,3.377050554392157,SEVERE16,chronic
C2_G1_Bot_0@4|8_19,C2_G1_Bot_0@4,C_S16_2,12.0,6.0,0.0,0.0,0.0,0.0,-0.4271426408166519,1.2426521015222796,3.0,196.25023003298566,5.2844731259254845,SEVERE16,chronic
C2_G1_Bot_0@4|8_20,C2_G1_Bot_0@4,C_S16_2,16.0,5.0,0.0,0.2,,0.0625,-0.4910963975368215,-0.8975857746280038,5.0,117.04699910719626,4.771082842684876,SEVERE16,chronic
C2_G1_Bot_0@4|9_10,C2_G1_Bot_0@4,C_S16_2,12.0,8.0,0.08333333333333333,0.0,,0.0,0.19991638755805918,,,224.4711526817864,5.418192224736381,SEVERE16,chronic
C2_G1_Bot_0@4|9_11,C2_G1_Bot_0@4,C_S16_2,6.0,16.0,0.0,0.0,0.0,0.16666666666666666,-0.03737555154314855,0.011952331449120012,1.0,195.8012145342131,5.282194156012794,SEVERE16,chronic
C2_G1_Bot_0@4|9_18,C2_G1_Bot_0@4,C_S16_2,14.0,15.0,0.0,0.0,0.0,0.0,-0.21812240537255434,0.7167122276220662,2.0,313.2091952673165,5.7500589910435655,SEVERE16,chronic
C2_G1_Bot_0@59|25_17,C2_G1_Bot_0@59,C_S16_2,7.0,9.0,0.0,0.0,0.0,0.0,-1.0856057612546535,,,21.18033988749895,3.0992063058579626,SEVERE16,chronic
C2_G1_Bot_0@59|25_18,C2_G1_Bot_0@59,C_S16_2,13.0,23.0,0.15384615384615385,0.043478260869565216,0.0,0.0,-0.20802623234904022,-0.10386536581797282,5.0,87.72001872658765,4.485485554117243,SEVERE16,chronic
C2_G1_Bot_0@59|26_18,C2_G1_Bot_0@59,C_S16_2,10.0,14.0,0.0,0.0,0.0,0.0,-0.8063139899965517,-0.9396753882429554,6.0,63.24555320336759,4.16271251053762,SEVERE16,chronic
C2_G1_Bot_0@59|27_18,C2_G1_Bot_0@59,C_S16_2,9.0,7.0,0.2222222222222222,0.14285714285714285,,0.0,2.494089123374117,6.163741966215687,4.0,10.0,2.3978952727983707,SEVERE16,chronic
C2_G1_Bot_0@61|21_18,C2_G1_Bot_0@61,C_S16_2,13.0,5.0,0.0,0.0,0.0,0.0,0.02243898316753547,,,353.41194094144583,5.870459911564687,SEVERE16,chronic
C2_G1_Bot_0@62|14_19,C2_G1_Bot_0@62,C_S16_2,6.0,5.0,0.0,0.0,0.0,0.0,-0.008469247485021428,,,600.7495318350236,6.399841298657101,SEVERE16,chronic
C2_G1_Bot_0@62|15_19,C2_G1_Bot_0@62,C_S16_2,8.0,6.0,0.0,0.0,0.0,0.0,0.6319464062209147,0.4276297941312127,4.0,597.2356359463317,6.393984716381275,SEVERE16,chronic
C2_G1_Bot_0@65|13_25,C2_G1_Bot_0@65,C_S16_2,7.0,12.0,0.0,0.0,0.0,0.0,-0.1442024195963444,0.046221083517183646,6.0,92.19544457292886,4.534698842524112,SEVERE16,chronic
C2_G1_Bot_0@65|13_26,C2_G1_Bot_0@65,C_S16_2,13.0,5.0,0.07692307692307693,0.0,0.0,0.0,-0.13742562135883446,0.4167980903977786,4.0,56.568542494923804,4.0529762812736765,SEVERE16,chronic
C2_G1_Bot_0@65|14_21,C2_G1_Bot_0@65,C_S16_2,17.0,7.0,0.0,0.0,0.0,0.0,0.006440290933581094,-0.07883004654192036,3.0,375.0675552332175,5.929768795424952,SEVERE16,chronic
C2_G1_Bot_0@65|14_22,C2_G1_Bot_0@65,C_S16_2,7.0,13.0,0.14285714285714285,0.0,0.0,0.0,-0.07724143707290307,0.3867782414683947,4.0,296.141857899217,5.694209660795222,SEVERE16,chronic
C2_G1_Bot_0@65|14_23,C2_G1_Bot_0@65,C_S16_2,9.0,8.0,0.0,0.0,,0.0,-0.03513921488547315,0.8130922026265577,2.0,206.15528128088303,5.333468663158029,SEVERE16,chronic
C2_G1_Bot_0@65|14_24,C2_G1_Bot_0@65,C_S16_2,18.0,14.0,0.05555555555555555,0.0,,0.0,-0.0695146032816833,0.29775402622158376,6.0,118.52349955359813,4.783513001022773,SEVERE16,chronic
C2_G1_Bot_0@65|14_28,C2_G1_Bot_0@65,C_S16_2,22.0,10.0,0.045454545454545456,0.0,,0.0,-0.029683083300651402,2.2690688293929933,3.0,38.643284505408246,3.679921564389673,SEVERE16,chronic
C2_G1_Bot_0@65|16_20,C2_G1_Bot_0@65,C_S16_2,13.0,14.0,0.07692307692307693,0.0,0.0,0.0,0.0017408703636978239,0.36026106780561834,9.0,515.4609587543949,6.246999697618346,SEVERE16,chronic
C2_G1_Bot_0@65|16_21,C2_G1_Bot_0@65,C_S16_2,5.0,5.0,0.0,0.0,,0.0,0.04747652591297386,,,452.64585947198964,6.1173168484318925,SEVERE16,chronic
C2_G1_Bot_0@65|17_20,C2_G1_Bot_0@65,C_S16_2,9.0,12.0,0.0,0.0,0.0,0.0,-0.05695441267660308,0.16183150287395331,1.0,541.2947441089743,6.295809661948628,SEVERE16,chronic
C2_G1_Bot_0@65|18_20,C2_G1_Bot_0@65,C_S16_2,10.0,14.0,0.0,0.0,0.0,0.0,-0.0773516528206551,,,618.5062638051668,6.428922812083726,SEVERE16,chronic
C2_G1_Bot_0@65|18_21,C2_G1_Bot_0@65,C_S16_2,9.0,16.0,0.0,0.0,0.0,0.0,-0.1748670781096252,0.17129272197188572,2.0,536.0037313302959,6.286005042958274,SEVERE16,chronic
C2_G1_Bot_0@65|18_27,C2_G1_Bot_0@65,C_S16_2,18.0,8.0,0.0,0.0,,0.0,0.005121510328632742,0.6614570553269472,3.0,64.03124237432849,4.174867806332253,SEVERE16,chronic
C2_G1_Bot_0@65|19_20,C2_G1_Bot_0@65,C_S16_2,13.0,13.0,0.07692307692307693,0.07692307692307693,0.0,0.0,0.012697831553871157,-0.007540109782390544,5.0,617.818404405514,6.427811860346982,SEVERE16,chronic
C2_G1_Bot_0@65|19_21,C2_G1_Bot_0@65,C_S16_2,17.0,13.0,0.058823529411764705,0.0,,0.0,-0.03687050260193082,-0.03463685521548158,7.0,608.5227516193995,6.412676276558357,SEVERE16,chronic
C2_G1_Bot_0@65|19_26,C2_G1_Bot_0@65,C_S16_2,18.0,17.0,0.0,0.0,0.06666666666666667,0.0,0.003114907369258977,0.6612906643181659,6.0,210.95023109728987,5.356351488136763,SEVERE16,chronic
C2_G1_Bot_0@65|20_21,C2_G1_Bot_0@65,C_S16_2,11.0,17.0,0.09090909090909091,0.0,0.0,0.0,-0.013866732517827031,-0.027573714265838982,10.0,622.5752137700297,6.435469389392453,SEVERE16,chronic
C2_G1_Bot_0@65|20_23,C2_G1_Bot_0@65,C_S16_2,12.0,7.0,0.0,0.0,0.0,0.0,-0.033677793249776156,0.041213976680305735,3.0,501.1985634456667,6.218995586197025,SEVERE16,chronic
C2_G1_Bot_0@65|20_24,C2_G1_Bot_0@65,C_S16_2,10.0,10.0,0.0,0.0,0.0,0.0,-0.03861886923857909,0.4073900008917128,2.0,392.80690138923967,5.975860691163803,SEVERE16,chronic
C2_G1_Bot_0@65|20_25,C2_G1_Bot_0@65,C_S16_2,10.0,5.0,0.1,0.0,0.0,0.0,-0.014714647858209268,0.5286818291517745,2.0,325.7299494980466,5.789133987187843,SEVERE16,chronic
C2_G1_Bot_0@65|20_26,C2_G1_Bot_0@65,C_S16_2,7.0,18.0,0.0,0.0,0.13333333333333333,0.14285714285714285,-0.16580874628661935,1.0566744885949784,2.0,228.47319317591726,5.435786217344631,SEVERE16,chronic
C2_G1_Bot_0@65|21_21,C2_G1_Bot_0@65,C_S16_2,19.0,9.0,0.0,0.0,0.0,0.0,0.011368632568334671,-0.025499192722415555,6.0,562.1802875665094,6.333599803461599,SEVERE16,chronic
C2_G1_Bot_0@65|21_22,C2_G1_Bot_0@65,C_S16_2,6.0,12.0,0.0,0.0,0.0,0.0,0.01486973178951349,0.08229262369143213,3.0,567.1408868652055,6.342369428219897,SEVERE16,chronic
C2_G1_Bot_0@65|21_26,C2_G1_Bot_0@65,C_S16_2,12.0,5.0,0.16666666666666666,0.2,0.0,0.0,0.04001965136581496,,,203.9607805437114,5.32281864641455,SEVERE16,chronic
C2_G1_Bot_0@65|22_26,C2_G1_Bot_0@65,C_S16_2,7.0,5.0,0.14285714285714285,0.0,0.0,0.0,0.4491972765619757,1.5295826743651069,3.0,176.7639650828565,5.180456631464199,SEVERE16,chronic
C2_G1_Bot_0@65|23_27,C2_G1_Bot_0@65,C_S16_2,15.0,11.0,0.3333333333333333,0.18181818181818182,0.14285714285714285,0.4,-0.013794755468458108,,1.0,20.0,3.044522437723423,SEVERE16,chronic
C2_G1_Bot_0@65|24_27,C2_G1_Bot_0@65,C_S16_2,27.0,12.0,0.07407407407407407,0.0,0.0,0.0,0.6010562171759838,,,28.284271247461902,3.377050554392157,SEVERE16,chronic
C2_G1_Bot_0@65|26_22,C2_G1_Bot_0@65,C_S16_2,11.0,11.0,0.09090909090909091,0.0,0.0,0.0,-0.20899239380819767,0.0596344362332938,3.0,111.80339887498948,4.725646470480477,SEVERE16,chronic
C2_G1_Bot_0@66|12_22,C2_G1_Bot_0@66,C_S16_2,6.0,8.0,0.16666666666666666,0.0,0.0,0.0,-0.20879376761582955,,,342.0526275297414,5.837883868427612,SEVERE16,chronic
C2_G1_Bot_0@66|13_23,C2_G1_Bot_0@66,C_S16_2,9.0,7.0,0.0,0.0,0.0,0.0,-0.05464551249894771,0.30023081174390265,2.0,256.8042023974458,5.552200391370853,SEVERE16,chronic
C2_G1_Bot_0@66|14_21,C2_G1_Bot_0@66,C_S16_2,5.0,10.0,0.0,0.0,0.0,0.0,-0.11658978672467954,0.3637107457316436,1.0,373.36309405188945,5.9252261661653876,SEVERE16,chronic
C2_G1_Bot_1@11|63_12,C2_G1_Bot_1@11,C_M16_1,33.0,11.0,0.15151515151515152,0.0,0.0,0.18181818181818182,1.1039022444518043,10.734723534794728,1.0,22.360679774997898,3.1510542574937324,MILD16,chronic
C2_G1_Bot_1@12|58_12,C2_G1_Bot_1@12,C_M16_1,11.0,9.0,0.09090909090909091,0.0,0.0,0.0,-0.10094879472727233,-0.06715820707798914,3.0,397.0489929002376,5.986575095447823,MILD16,chronic
C2_G1_Bot_1@12|58_13,C2_G1_Bot_1@12,C_M16_1,10.0,11.0,0.1,0.09090909090909091,0.0,0.0,-0.07013565325886835,-0.10700106738674722,1.0,390.5124837953327,5.970017402011448,MILD16,chronic
C2_G1_Bot_1@12|59_13,C2_G1_Bot_1@12,C_M16_1,5.0,7.0,0.0,0.0,0.0,0.0,-0.27639928948624226,,,296.30372859738463,5.694754271457142,MILD16,chronic
C2_G1_Bot_1@13|50_13,C2_G1_Bot_1@13,C_M16_1,6.0,5.0,0.3333333333333333,0.0,0.0,0.0,-0.025517447713749277,-0.4217502633574102,1.0,330.15148038438355,5.802575915355493,MILD16,chronic
C2_G1_Bot_1@13|50_14,C2_G1_Bot_1@13,C_M16_1,9.0,11.0,0.0,0.0,0.0,0.0,-0.14032698514409864,0.9757258957397283,2.0,349.21216167279596,5.8585391470408625,MILD16,chronic
C2_G1_Bot_1@14|48_15,C2_G1_Bot_1@14,C_M16_1,12.0,7.0,0.0,0.0,0.16666666666666666,0.0,0.46055268344167033,0.0668573306827814,1.0,130.384048104053,4.878124699168459,MILD16,chronic
C2_G1_Bot_1@14|48_18,C2_G1_Bot_1@14,C_M16_1,22.0,9.0,0.13636363636363635,0.2222222222222222,,0.0,3.823485716924826,5.473658618539905,3.0,14.142135623730951,2.7174812964321107,MILD16,chronic
C2_G1_Bot_1@14|51_18,C2_G1_Bot_1@14,C_M16_1,6.0,5.0,0.16666666666666666,0.0,0.0,0.0,0.04370390861699543,0.7277408700493416,5.0,284.42925306655786,5.653994198271407,MILD16,chronic
C2_G1_Bot_1@15|54_16,C2_G1_Bot_1@15,C_M16_1,8.0,6.0,0.0,0.0,0.0,0.0,-0.31753915209170513,,,635.6804229161037,6.456267838813654,MILD16,chronic
C2_G1_Bot_1@15|55_17,C2_G1_Bot_1@15,C_M16_1,15.0,8.0,0.06666666666666667,0.0,0.0,0.0,0.02513492543949722,-0.0010396710366092153,3.0,677.2001181334805,6.519442403878313,MILD16,chronic
C2_G1_Bot_1@17|62_19,C2_G1_Bot_1@17,C_M16_1,8.0,12.0,0.0,0.0,0.0,0.0,0.23081402966700557,2.6048132757255735,3.0,50.495097567963924,3.941486610283494,MILD16,chronic
C2_G1_Bot_1@17|62_20,C2_G1_Bot_1@17,C_M16_1,9.0,21.0,0.0,0.0,0.07142857142857142,0.0,1.8767616869384744,0.5666709350156327,4.0,30.811388300841898,3.4598243483434987,MILD16,chronic
C2_G1_Bot_1@18|53_21,C2_G1_Bot_1@18,C_M16_1,8.0,8.0,0.125,0.0,0.0,0.0,-0.12608944582792725,0.6162701922041526,1.0,345.5225668720804,5.84794794456717,MILD16,chronic
C2_G1_Bot_1@18|54_19,C2_G1_Bot_1@18,C_M16_1,9.0,8.0,0.0,0.0,0.0,0.0,-0.07690314942085298,-0.06428956100007427,1.0,545.6189146281496,6.303751877044818,MILD16,chronic
C2_G1_Bot_1@18|56_20,C2_G1_Bot_1@18,C_M16_1,6.0,6.0,0.0,0.0,0.0,0.0,-0.23387616263578662,-0.15701838033168905,3.0,497.6946855251722,6.21199405583833,MILD16,chronic
C2_G1_Bot_1@1|48_13,C2_G1_Bot_1@1,C_M16_1,7.0,7.0,0.0,0.14285714285714285,,0.0,0.0381846398054526,1.951375549794831,1.0,155.56349186104046,5.053461626499295,MILD16,chronic
C2_G1_Bot_1@1|48_8,C2_G1_Bot_1@1,C_M16_1,6.0,28.0,0.5,0.17857142857142858,0.07142857142857142,0.0,5.6818397036038295,,,22.360679774997898,3.1510542574937324,MILD16,chronic
C2_G1_Bot_1@1|49_10,C2_G1_Bot_1@1,C_M16_1,5.0,5.0,0.0,0.0,0.0,0.0,0.9688910079899942,1.2715698202035641,2.0,151.6517745957563,5.028159344372117,MILD16,chronic
C2_G1_Bot_1@1|51_5,C2_G1_Bot_1@1,C_M16_1,6.0,5.0,0.0,0.0,0.0,0.0,1.7044482804959984,,,10.0,2.3978952727983707,MILD16,chronic
C2_G1_Bot_1@20|51_23,C2_G1_Bot_1@20,C_M16_1,12.0,7.0,0.0,0.14285714285714285,0.0,0.0,0.2464328253808695,3.370348852878081,2.0,78.10249675906654,4.370744438865426,MILD16,chronic
C2_G1_Bot_1@20|51_24,C2_G1_Bot_1@20,C_M16_1,14.0,15.0,0.2857142857142857,0.06666666666666667,,0.0,3.1316288132758627,3.5354960950089964,2.0,14.142135623730951,2.7174812964321107,MILD16,chronic
C2_G1_Bot_1@20|52_24,C2_G1_Bot_1@20,C_M16_1,16.0,10.0,0.0625,0.0,0.0,0.0,0.9323484477774433,0.29700462431868657,9.0,22.360679774997898,3.1510542574937324,MILD16,chronic
C2_G1_Bot_1@20|54_23,C2_G1_Bot_1@20,C_M16_1,7.0,5.0,0.0,0.0,0.0,0.14285714285714285,-0.19294972646019581,0.11514699786736277,3.0,177.46002786946462,5.184364642638443,MILD16,chronic
C2_G1_Bot_1@20|54_25,C2_G1_Bot_1@20,C_M16_1,30.0,6.0,0.13333333333333333,0.16666666666666666,,0.0,2.306119818806203,1.0169233044042212,4.0,20.0,3.044522437723423,MILD16,chronic
C2_G1_Bot_1@20|56_23,C2_G1_Bot_1@20,C_M16_1,7.0,9.0,0.0,0.0,0.0,0.0,0.24110420228140067,,,195.14916009857038,5.278875390712009,MILD16,chronic
C2_G1_Bot_1@20|56_24,C2_G1_Bot_1@20,C_M16_1,9.0,6.0,0.1111111111111111,0.16666666666666666,0.5,0.0,0.4345043305981846,,,140.356688476182,4.951286401564024,MILD16,chronic
C2_G1_Bot_1@20|57_24,C2_G1_Bot_1@20,C_M16_1,6.0,5.0,0.0,0.0,0.0,0.0,0.18998109482675185,3.166006259811586,2.0,94.86832980505139,4.562975685481548,MILD16,chronic
C2_G1_Bot_1@20|57_25,C2_G1_Bot_1@20,C_M16_1,33.0,15.0,0.24242424242424243,0.2,0.0,0.030303030303030304,0.5078426597096081,-0.16595147281852018,1.0,22.360679774997898,3.1510542574937324,MILD16,chronic
C2_G1_Bot_1@20|59_24,C2_G1_Bot_1@20,C_M16_1,9.0,14.0,0.1111111111111111,0.0,0.0,0.0,12.60013322923307,5.117153290014357,3.0,28.284271247461902,3.377050554392157,MILD16,chronic
C2_G1_Bot_1@20|61_21,C2_G1_Bot_1@20,C_M16_1,6.0,8.0,0.0,0.0,0.0,0.0,-1.535037478870672,-0.6295310402963405,4.0,22.360679774997898,3.1510542574937324,MILD16,chronic
C2_G1_Bot_1@4|59_7,C2_G1_Bot_1@4,C_M16_1,29.0,15.0,0.0,0.0,0.0,0.0,-1.033199790065454,0.5523567361446082,3.0,78.07886552931954,4.370445652338607,MILD16,chronic
C2_G1_Bot_1@4|60_7,C2_G1_Bot_1@4,C_M16_1,31.0,17.0,0.12903225806451613,0.0,0.0,0.0,-1.119361804103892,9.826138166970225,3.0,22.360679774997898,3.1510542574937324,MILD16,chronic
C2_G1_Bot_1@9|57_10,C2_G1_Bot_1@9,C_M16_1,9.0,12.0,0.0,0.0,0.0,0.0,-0.028339525966925582,-0.06546970887861803,2.0,400.24992192379,5.994584479861752,MILD16,chronic
C2_G1_Bot_1@9|57_11,C2_G1_Bot_1@9,C_M16_1,6.0,7.0,0.0,0.0,0.0,0.0,0.01389897223785686,-0.028169646671325176,2.0,478.01673610868477,6.171735536484641,MILD16,chronic
C2_G1_Bot_2@13|82_10,C2_G1_Bot_2@13,C_S30_2,5.0,10.0,0.0,0.1,0.16666666666666666,0.0,0.09967446039830767,7.280240787356908,1.0,120.0,4.795790545596741,SEVERE30,chronic
C2_G1_Bot_2@13|82_11,C2_G1_Bot_2@13,C_S30_2,5.0,12.0,0.2,0.0,0.0,0.0,-1.1560369718379417,-1.2503817191294708,2.0,158.11388300841895,5.0696201911749235,SEVERE30,chronic
C2_G1_Bot_2@13|82_8,C2_G1_Bot_2@13,C_S30_2,27.0,14.0,0.25925925925925924,0.21428571428571427,,0.037037037037037035,0.15384037516419952,-0.6694932125182733,2.0,28.284271247461902,3.377050554392157,SEVERE30,chronic
C2_G1_Bot_2@13|83_10,C2_G1_Bot_2@13,C_S30_2,12.0,7.0,0.0,0.14285714285714285,,0.08333333333333333,0.9713119912541179,0.7978888405846151,1.0,200.24984394500788,5.30454714086984,SEVERE30,chronic
C2_G1_Bot_2@13|83_11,C2_G1_Bot_2@13,C_S30_2,15.0,6.0,0.0,0.0,0.0,0.0,0.3795284777730551,0.19972043783641957,2.0,238.53720883753127,5.478708765274515,SEVERE30,chronic
C2_G1_Bot_2@13|83_8,C2_G1_Bot_2@13,C_S30_2,12.0,6.0,0.08333333333333333,0.16666666666666666,,0.08333333333333333,1.9834974484113284,-0.8775376890717221,2.0,64.03124237432849,4.174867806332253,SEVERE30,chronic
C2_G1_Bot_2@13|84_10,C2_G1_Bot_2@13,C_S30_2,9.0,9.0,0.1111111111111111,0.1111111111111111,,0.0,1.1584472694497148,2.3201858401070536,2.0,281.1579668794692,5.642467080342825,SEVERE30,chronic
C2_G1_Bot_2@13|84_11,C2_G1_Bot_2@13,C_S30_2,13.0,7.0,0.0,0.0,,0.0,0.321139406718728,1.9373339397139389,2.0,335.4101966249684,5.818331238653004,SEVERE30,chronic
C2_G1_Bot_2@13|85_12,C2_G1_Bot_2@13,C_S30_2,6.0,8.0,0.0,0.0,0.0,0.0,0.19446188913098067,0.9698147073147293,4.0,467.6472524631233,6.149850358512604,SEVERE30,chronic
C2_G1_Bot_2@13|86_12,C2_G1_Bot_2@13,C_S30_2,6.0,13.0,0.0,0.07692307692307693,0.0,0.0,1.485103971178017,3.2195961428269264,3.0,528.1098370604357,6.271196041800072,SEVERE30,chronic
C2_G1_Bot_2@17|89_11,C2_G1_Bot_2@17,C_S30_2,8.0,12.0,0.0,0.0,0.0,0.0,-0.09617647972951224,-0.29318293297624154,2.0,430.23243250030885,6.066647231284659,SEVERE30,chronic
C2_G1_Bot_2@17|90_11,C2_G1_Bot_2@17,C_S30_2,11.0,8.0,0.0,0.0,0.0,0.0,-0.18030924843573384,0.09544389687125725,2.0,451.22056690713913,6.1141700406918185,SEVERE30,chronic
C2_G1_Bot_2@17|90_12,C2_G1_Bot_2@17,C_S30_2,13.0,5.0,0.0,0.0,,0.0,-0.29771771612446674,0.25204085494284795,3.0,533.0549734108395,6.280498780123818,SEVERE30,chronic
C2_G1_Bot_2@17|90_13,C2_G1_Bot_2@17,C_S30_2,6.0,15.0,0.0,0.0,0.0,0.0,-0.06400066972361601,-0.049626978740385734,6.0,532.5410782277739,6.279536065392965,SEVERE30,chronic
C2_G1_Bot_2@17|91_13,C2_G1_Bot_2@17,C_S30_2,10.0,8.0,0.0,0.0,0.0,0.0,-0.07298030859421387,-0.07871137463049677,3.0,485.8926817116652,6.188043732703271,SEVERE30,chronic
C2_G1_Bot_2@18|92_11,C2_G1_Bot_2@18,C_S30_2,6.0,10.0,0.0,0.0,0.0,0.0,-0.24606155575692246,,,500.04999500099973,6.216705886527289,SEVERE30,chronic
C2_G1_Bot_2@18|92_12,C2_G1_Bot_2@18,C_S30_2,9.0,6.0,0.0,0.0,,0.0,-0.08479538217888348,-0.0040777971354475275,1.0,522.398315464359,6.260342771642947,SEVERE30,chronic
C2_G1_Bot_2@18|93_11,C2_G1_Bot_2@18,C_S30_2,5.0,6.0,0.0,0.0,0.0,0.0,-0.4776031423713388,2.387811740863261,1.0,431.8564576337837,6.070406166422586,SEVERE30,chronic
C2_G1_Bot_2@18|93_12,C2_G1_Bot_2@18,C_S30_2,16.0,13.0,0.0,0.0,0.0,0.0,-0.17826961768644664,-0.39132982292603175,1.0,436.0045871318328,6.079943691909681,SEVERE30,chronic
C2_G1_Bot_2@1|79_17,C2_G1_Bot_2@1,C_S30_2,5.0,8.0,0.0,0.0,0.0,0.0,4.352620224177658,10.696151503055436,1.0,10.0,2.3978952727983707,SEVERE30,chronic
C2_G1_Bot_2@1|80_17,C2_G1_Bot_2@1,C_S30_2,5.0,6.0,0.0,0.0,0.0,0.0,3.1804693038034704,1.1734892896973381,3.0,40.0,3.713572066704308,SEVERE30,chronic
C2_G1_Bot_2@1|81_18,C2_G1_Bot_2@1,C_S30_2,11.0,5.0,0.36363636363636365,0.0,,0.0,-0.9629858994252609,3.029104415703177,2.0,140.90615462616068,4.955165956207521,SEVERE30,chronic
C2_G1_Bot_2@1|81_20,C2_G1_Bot_2@1,C_S30_2,11.0,19.0,0.09090909090909091,0.10526315789473684,0.0,0.0,6.544499135074396,18.463428135797706,2.0,22.360679774997898,3.1510542574937324,SEVERE30,chronic
C2_G1_Bot_2@1|82_19,C2_G1_Bot_2@1,C_S30_2,6.0,5.0,0.0,0.0,0.0,0.0,-1.0715932189447848,7.765219396707396,1.0,166.43316977093238,5.120584285206658,SEVERE30,chronic
C2_G1_Bot_2@1|85_19,C2_G1_Bot_2@1,C_S30_2,6.0,5.0,0.0,0.0,0.0,0.0,-0.24813929895050288,1.377799311161796,1.0,233.45235059857504,5.4572523714975985,SEVERE30,chronic
C2_G1_Bot_2@1|85_21,C2_G1_Bot_2@1,C_S30_2,29.0,18.0,0.06896551724137931,0.0,,0.0,-2.1230402118124854,0.5340833116802816,13.0,36.05551275463989,3.6124171329715926,SEVERE30,chronic
C2_G1_Bot_2@1|86_21,C2_G1_Bot_2@1,C_S30_2,28.0,27.0,0.10714285714285714,0.0,0.25,0.39285714285714285,-4.1979471683544665,-1.1611793802956505,10.0,28.284271247461902,3.377050554392157,SEVERE30,chronic
C2_G1_Bot_2@1|87_21,C2_G1_Bot_2@1,C_S30_2,33.0,26.0,0.030303030303030304,0.11538461538461539,0.1111111111111111,0.24242424242424243,-3.582815086906196,-4.541325022193534,2.0,28.284271247461902,3.377050554392157,SEVERE30,chronic
C2_G1_Bot_2@1|88_19,C2_G1_Bot_2@1,C_S30_2,5.0,10.0,0.0,0.0,0.0,0.0,-0.5183271402955896,,,180.27756377319946,5.200029358162469,SEVERE30,chronic
C2_G1_Bot_2@1|88_21,C2_G1_Bot_2@1,C_S30_2,35.0,10.0,0.02857142857142857,0.0,0.0,0.0,21.513673799285485,11.448945764755003,7.0,20.0,3.044522437723423,SEVERE30,chronic
C2_G1_Bot_2@1|90_16,C2_G1_Bot_2@1,C_S30_2,12.0,8.0,0.0,0.0,0.0,0.0,1.832323766124634,0.49302918783588595,5.0,318.5904918194152,5.7670404631974295,SEVERE30,chronic
C2_G1_Bot_2@1|90_7,C2_G1_Bot_2@1,C_S30_2,10.0,10.0,0.1,0.0,0.0,0.0,1.161478149567632,-2.257242751868662,4.0,53.779368815425826,4.003313641596697,SEVERE30,chronic
C2_G1_Bot_2@1|91_10,C2_G1_Bot_2@1,C_S30_2,7.0,8.0,0.0,0.0,0.0,0.0,0.596045347111753,5.898185543664504,1.0,388.9730067755345,5.966077523332269,SEVERE30,chronic
C2_G1_Bot_2@1|92_16,C2_G1_Bot_2@1,C_S30_2,6.0,7.0,0.0,0.14285714285714285,0.0,0.0,-0.7269881054724416,4.240066097230624,1.0,186.01075237738274,5.2311661145458555,SEVERE30,chronic
C2_G1_Bot_2@1|94_6,C2_G1_Bot_2@1,C_S30_2,32.0,17.0,0.3125,0.058823529411764705,,0.3125,2.128614974514693,6.482732593127462,1.0,20.0,3.044522437723423,SEVERE30,chronic
C2_G1_Bot_2@1|95_13,C2_G1_Bot_2@1,C_S30_2,5.0,7.0,0.0,0.14285714285714285,0.0,0.0,1.517818360767775,5.295671666000477,1.0,219.3171219946131,5.395067972052855,SEVERE30,chronic
C2_G1_Bot_2@1|97_12,C2_G1_Bot_2@1,C_S30_2,24.0,20.0,0.041666666666666664,0.15,,0.08333333333333333,-3.837809380748408,6.412398186067305,8.0,28.284271247461902,3.377050554392157,SEVERE30,chronic
C2_G1_Bot_2@1|97_13,C2_G1_Bot_2@1,C_S30_2,45.0,18.0,0.08888888888888889,0.1111111111111111,,0.044444444444444446,-4.588035358432946,-8.960441231772952,1.0,70.71067811865476,4.272639664252711,SEVERE30,chronic
C2_G1_Bot_2@1|97_14,C2_G1_Bot_2@1,C_S30_2,28.0,11.0,0.14285714285714285,0.09090909090909091,0.07142857142857142,0.14285714285714285,5.433198580727744,,,22.360679774997898,3.1510542574937324,SEVERE30,chronic
C2_G1_Bot_2@1|97_7,C2_G1_Bot_2@1,C_S30_2,22.0,13.0,0.2727272727272727,0.0,0.0,0.8181818181818182,0.9021431260794188,,,22.360679774997898,3.1510542574937324,SEVERE30,chronic
C2_G1_Bot_2@1|98_13,C2_G1_Bot_2@1,C_S30_2,5.0,14.0,0.0,0.0,0.0,0.0,8.481511993702538,,,80.0,4.394449154672439,SEVERE30,chronic
C2_G1_Bot_2@26|86_15,C2_G1_Bot_2@26,C_S30_2,8.0,11.0,0.0,0.0,0.0,0.0,0.048438111170462296,-0.019872209060291662,3.0,561.426753904728,6.332260910319346,SEVERE30,chronic
C2_G1_Bot_2@26|86_16,C2_G1_Bot_2@26,C_S30_2,11.0,12.0,0.0,0.0,0.0,0.0,0.013369776183771569,-0.06201561470434673,6.0,494.7726750741192,6.206117505283048,SEVERE30,chronic
C2_G1_Bot_2@6|86_6,C2_G1_Bot_2@6,C_S30_2,5.0,16.0,0.0,0.0,0.0,0.0,1.2979742318715246,,,40.0,3.713572066704308,SEVERE30,chronic
C2_G1_Bot_2@6|86_7,C2_G1_Bot_2@6,C_S30_2,26.0,21.0,0.038461538461538464,0.0,0.0,0.0,-0.38756253752840797,-0.8306469759732339,2.0,98.48857801796103,4.600042843785899,SEVERE30,chronic
C2_G1_Mid_0@25|12_9,C2_G1_Mid_0@25,C_OS1_5,17.0,5.0,0.23529411764705882,0.2,,0.5294117647058824,1.085338345606528,1.5645048499104164,1.0,10.0,2.3978952727983707,OS1,chronic
C2_G1_Mid_0@3|20_6,C2_G1_Mid_0@3,C_OS1_5,12.0,10.0,0.25,0.0,0.0,0.4166666666666667,-0.06761167832457254,-0.04589875498603148,3.0,31.795868015587253,3.490302532320029,OS1,chronic
C2_G1_Mid_0@3|21_6,C2_G1_Mid_0@3,C_OS1_5,18.0,12.0,0.1111111111111111,0.08333333333333333,0.0,0.3333333333333333,-0.05282054676620977,-0.02090922412766531,5.0,20.0,3.044522437723423,OS1,chronic
C2_G1_Mid_0@47|7_13,C2_G1_Mid_0@47,C_OS1_5,11.0,8.0,0.09090909090909091,0.0,0.0,0.09090909090909091,-0.20570853214430773,-0.187675333419841,5.0,14.142135623730951,2.7174812964321107,OS1,chronic
C2_G1_Mid_0@54|24_15,C2_G1_Mid_0@54,C_OS1_5,15.0,19.0,0.0,0.0,0.0,0.0,-0.07409261403959874,-0.08508078821139728,6.0,311.1269837220809,5.743410104117045,OS1,chronic
C2_G1_Mid_0@56|26_16,C2_G1_Mid_0@56,C_OS1_5,7.0,15.0,0.0,0.0,0.0,0.0,-0.31681797619179136,0.3411451426737857,1.0,80.62257748298549,4.402105908540379,OS1,chronic
C2_G1_Mid_0@56|26_17,C2_G1_Mid_0@56,C_OS1_5,21.0,16.0,0.14285714285714285,0.0625,0.0,0.047619047619047616,0.1941208227507477,1.0850230927921474,2.0,36.05551275463989,3.6124171329715926,OS1,chronic
C2_G1_Mid_0@56|27_16,C2_G1_Mid_0@56,C_OS1_5,25.0,17.0,0.16,0.11764705882352941,,0.2,0.3831273470500794,0.2897991652855664,5.0,33.839144678161844,3.5507416016875912,OS1,chronic
C2_G1_Mid_0@56|27_17,C2_G1_Mid_0@56,C_OS1_5,16.0,5.0,0.0625,0.0,,0.0,0.2076201098337535,5.428662343170219,1.0,14.142135623730951,2.7174812964321107,OS1,chronic
C2_G1_Mid_0@61|6_19,C2_G1_Mid_0@61,C_OS1_5,8.0,23.0,0.125,0.17391304347826086,,0.25,0.17586888632833225,,,14.142135623730951,2.7174812964321107,OS1,chronic
C2_G1_Mid_0@62|24_18,C2_G1_Mid_0@62,C_OS1_5,5.0,6.0,0.0,0.0,0.0,0.0,0.08609139718713774,0.652346746797122,1.0,80.62257748298549,4.402105908540379,OS1,chronic
C2_G1_Mid_0@62|25_18,C2_G1_Mid_0@62,C_OS1_5,11.0,30.0,0.2727272727272727,0.03333333333333333,0.0,0.09090909090909091,0.7598400407119911,8.047150428130703,3.0,36.05551275463989,3.6124171329715926,OS1,chronic
C2_G1_Mid_0@70|13_23,C2_G1_Mid_0@70,C_OS1_5,13.0,8.0,0.07692307692307693,0.0,0.0,0.0,-0.008027190155311968,-0.05009959993843464,4.0,94.86832980505139,4.562975685481548,OS1,chronic
C2_G1_Mid_0@70|14_23,C2_G1_Mid_0@70,C_OS1_5,5.0,10.0,0.0,0.0,0.0,0.0,-0.059846520869078566,-0.11754343539548662,7.0,92.19544457292886,4.534698842524112,OS1,chronic
C2_G1_Mid_0@72|15_24,C2_G1_Mid_0@72,C_OS1_5,12.0,10.0,0.0,0.0,0.0,0.0,0.2149101445559412,0.04709091793878705,6.0,22.360679774997898,3.1510542574937324,OS1,chronic
C2_G1_Mid_0@72|16_24,C2_G1_Mid_0@72,C_OS1_5,25.0,11.0,0.08,0.0,0.0,0.0,0.19062136376764038,0.15163691451703093,8.0,36.05551275463989,3.6124171329715926,OS1,chronic
C2_G1_Mid_0@7|22_6,C2_G1_Mid_0@7,C_OS1_5,11.0,9.0,0.09090909090909091,0.1111111111111111,0.2222222222222222,0.36363636363636365,-0.1315181785752202,0.22444446404165797,1.0,29.95352392457285,3.4324868512783744,OS1,chronic
C2_G1_Mid_0@7|24_7,C2_G1_Mid_0@7,C_OS1_5,10.0,14.0,0.0,0.35714285714285715,1.0,0.4,0.2949590902964868,,,28.284271247461902,3.377050554392157,OS1,chronic
C2_G1_Mid_1@18|52_22,C2_G1_Mid_1@18,C_S16_1,12.0,7.0,0.0,0.14285714285714285,0.2,0.0,-2.4494887464787487,,,20.0,3.044522437723423,SEVERE16,chronic
C2_G1_Mid_1@18|54_21,C2_G1_Mid_1@18,C_S16_1,8.0,5.0,0.0,0.0,,0.0,0.5208144513849325,-0.1504320244451515,1.0,94.86832980505139,4.562975685481548,SEVERE16,chronic
C2_G1_Mid_1@18|55_22,C2_G1_Mid_1@18,C_S16_1,13.0,17.0,0.0,0.11764705882352941,0.0,0.0,12.338656294427286,3.5906582753407976,5.0,17.071067811865476,2.8943121959332228,SEVERE16,chronic
C2_G1_Mid_1@1|44_14,C2_G1_Mid_1@1,C_S16_1,16.0,6.0,0.25,0.0,,0.0,-3.6974235317172344,6.792664492281531,4.0,12.071067811865476,2.570401223753042,SEVERE16,chronic
C2_G1_Mid_1@1|44_15,C2_G1_Mid_1@1,C_S16_1,26.0,5.0,0.11538461538461539,0.4,,0.0,-1.5990321560461371,1.6220453250066764,1.0,20.0,3.044522437723423,SEVERE16,chronic
C2_G1_Mid_1@1|44_16,C2_G1_Mid_1@1,C_S16_1,15.0,9.0,0.06666666666666667,0.0,,0.0,-0.2596138501011515,-0.579711392426376,1.0,22.360679774997898,3.1510542574937324,SEVERE16,chronic
C2_G1_Mid_1@1|45_15,C2_G1_Mid_1@1,C_S16_1,7.0,7.0,0.0,0.0,0.0,0.0,-1.107964440914516,-0.1803490839969808,1.0,112.0087712549569,4.727465437425213,SEVERE16,chronic
C2_G1_Mid_1@1|46_10,C2_G1_Mid_1@1,C_S16_1,11.0,22.0,0.18181818181818182,0.09090909090909091,0.0,0.0,0.8439588343744936,-0.6042108334433612,2.0,20.0,3.044522437723423,SEVERE16,chronic
C2_G1_Mid_1@1|47_9,C2_G1_Mid_1@1,C_S16_1,29.0,14.0,0.034482758620689655,0.14285714285714285,,0.0,5.038324931138658,3.115583567894899,6.0,22.360679774997898,3.1510542574937324,SEVERE16,chronic
C2_G1_Mid_1@1|48_12,C2_G1_Mid_1@1,C_S16_1,8.0,8.0,0.0,0.0,0.0,0.0,-0.1274309542288872,2.0369000522848912,1.0,268.79366552436124,5.5976574650857325,SEVERE16,chronic
C2_G1_Mid_1@1|48_13,C2_G1_Mid_1@1,C_S16_1,7.0,8.0,0.0,0.0,,0.0,0.7662268712526675,2.410251743589155,1.0,339.41125496954277,5.830154460105447,SEVERE16,chronic
C2_G1_Mid_1@1|48_14,C2_G1_Mid_1@1,C_S16_1,6.0,8.0,0.0,0.0,0.0,0.3333333333333333,-0.208914367366033,,,404.4749683231337,6.005059141250891,SEVERE16,chronic
C2_G1_Mid_1@1|49_11,C2_G1_Mid_1@1,C_S16_1,6.0,11.0,0.0,0.0,0.0,0.0,0.08628233030810531,0.3203606010972647,2.0,284.60498941515414,5.654609700253848,SEVERE16,chronic
C2_G1_Mid_1@1|49_12,C2_G1_Mid_1@1,C_S16_1,10.0,9.0,0.0,0.0,0.0,0.0,0.45959249156980586,1.592576751085041,4.0,338.3784863137726,5.8271159633832,SEVERE16,chronic
C2_G1_Mid_1@1|49_13,C2_G1_Mid_1@1,C_S16_1,5.0,8.0,0.0,0.0,0.0,0.0,-0.054898417579275216,0.566402469575848,1.0,431.39309220245985,6.069335110157471,SEVERE16,chronic
C2_G1_Mid_1@1|50_10,C2_G1_Mid_1@1,C_S16_1,5.0,6.0,0.0,0.0,0.0,0.0,0.45385728105307666,2.193072831551104,1.0,228.25424421026653,5.43483162442329,SEVERE16,chronic
C2_G1_Mid_1@1|50_13,C2_G1_Mid_1@1,C_S16_1,8.0,9.0,0.0,0.0,0.0,0.0,-0.1348712531015095,-0.006428064059915384,2.0,496.78969393496885,6.210177686494928,SEVERE16,chronic
C2_G1_Mid_1@1|51_14,C2_G1_Mid_1@1,C_S16_1,10.0,7.0,0.1,0.0,0.0,0.0,-0.011745342206985756,-0.0056186955986556805,3.0,625.1399843235114,6.439573963231725,SEVERE16,chronic
C2_G1_Mid_1@1|52_13,C2_G1_Mid_1@1,C_S16_1,12.0,6.0,0.0,0.0,,0.0,-0.019864718977551626,-0.07805813573217696,2.0,580.0431002454635,6.364824936967045,SEVERE16,chronic
C2_G1_Mid_1@1|52_7,C2_G1_Mid_1@1,C_S16_1,9.0,5.0,0.0,0.4,,0.0,0.05073924262721724,,,10.0,2.3978952727983707,SEVERE16,chronic
C2_G1_Mid_1@1|53_14,C2_G1_Mid_1@1,C_S16_1,10.0,10.0,0.0,0.1,0.0,0.0,-0.07433152343538987,-0.10656106258594063,2.0,640.9757604304549,6.464550546638318,SEVERE16,chronic
C2_G1_Mid_1@1|56_11,C2_G1_Mid_1@1,C_S16_1,10.0,6.0,0.0,0.0,,0.0,-0.5405961065755199,,,343.99878482621034,5.843540894782288,SEVERE16,chronic
C2_G1_Mid_1@1|56_13,C2_G1_Mid_1@1,C_S16_1,6.0,7.0,0.0,0.0,0.0,0.0,0.1186135680092089,-0.08522994938266325,3.0,572.1887800367987,6.351215121507028,SEVERE16,chronic
C2_G1_Mid_1@1|56_14,C2_G1_Mid_1@1,C_S16_1,15.0,11.0,0.0,0.0,0.0,0.0,-0.0032970513356280757,-0.072095098004432,4.0,559.240511801461,6.328366176886508,SEVERE16,chronic
C2_G1_Mid_1@1|57_9,C2_G1_Mid_1@1,C_S16_1,5.0,6.0,0.0,0.0,0.0,0.0,0.48454388621724925,1.2838064355104017,1.0,104.40306508910551,4.657791716226229,SEVERE16,chronic
C2_G1_Mid_1@1|58_13,C2_G1_Mid_1@1,C_S16_1,5.0,10.0,0.0,0.0,,0.0,-0.1093753368792238,-0.10559592235770779,3.0,438.4062043356595,6.085424279868255,SEVERE16,chronic
C2_G1_Mid_1@1|58_14,C2_G1_Mid_1@1,C_S16_1,10.0,7.0,0.0,0.0,0.0,0.0,-0.02006992302131788,-0.06868238146355848,3.0,417.2529209005013,6.036086323465982,SEVERE16,chronic
C2_G1_Mid_1@1|58_8,C2_G1_Mid_1@1,C_S16_1,11.0,5.0,0.0,0.4,,0.0,-2.098596893379513,6.462078195266802,2.0,14.142135623730951,2.7174812964321107,SEVERE16,chronic
C2_G1_Mid_1@21|48_21,C2_G1_Mid_1@21,C_S16_1,10.0,19.0,0.0,0.0,0.0,0.0,-3.282383213301853,-1.5499808994725528,3.0,82.46211251235322,4.424392786517565,SEVERE16,chronic
C2_G1_Mid_1@21|49_22,C2_G1_Mid_1@21,C_S16_1,8.0,5.0,0.0,0.0,0.0,0.0,0.2223434731315574,,,14.142135623730951,2.7174812964321107,SEVERE16,chronic
C2_G1_Mid_1@3|60_11,C2_G1_Mid_1@3,C_S16_1,6.0,15.0,0.0,0.0,,0.0,0.2435673288415004,1.569519995374823,1.0,196.97715603592206,5.288151650482545,SEVERE16,chronic
C2_G1_Mid_1@3|62_10,C2_G1_Mid_1@3,C_S16_1,28.0,11.0,0.2857142857142857,0.0,0.0,0.25,-1.5486893174346008,0.7595468686445915,1.0,28.284271247461902,3.377050554392157,SEVERE16,chronic
C2_G1_Mid_1@3|62_11,C2_G1_Mid_1@3,C_S16_1,7.0,8.0,0.0,0.5,,0.0,5.432729586631195,,,28.284271247461902,3.377050554392157,SEVERE16,chronic
C2_G1_Mid_1@3|62_12,C2_G1_Mid_1@3,C_S16_1,9.0,8.0,0.0,0.0,,0.0,-0.5809206885424788,,,89.44271909999159,4.504716712194347,SEVERE16,chronic
C2_G1_Mid_1@4|63_15,C2_G1_Mid_1@4,C_S16_1,35.0,8.0,0.17142857142857143,0.5,,0.0,-1.4846495821759977,-3.906404754829613,3.0,20.0,3.044522437723423,SEVERE16,chronic
C2_G1_Mid_1@5|61_15,C2_G1_Mid_1@5,C_S16_1,7.0,5.0,0.0,0.0,0.0,0.14285714285714285,-1.1423182730417996,0.6513464804620589,1.0,155.88424268958676,5.055508225693661,SEVERE16,chronic
C2_G1_Mid_1@6|52_16,C2_G1_Mid_1@6,C_S16_1,12.0,7.0,0.08333333333333333,0.0,0.0,0.0,0.02180424720865507,-0.053537184262660145,4.0,573.149195236284,6.352889284560124,SEVERE16,chronic
C2_G1_Mid_2@1|81_9,C2_G1_Mid_2@1,C_P1_4,32.0,8.0,0.0,0.0,0.0,0.0,1.450377896023824,,,14.142135623730951,2.7174812964321107,PEAK1,chronic
C2_G1_Mid_2@1|91_5,C2_G1_Mid_2@1,C_P1_4,7.0,14.0,0.0,0.0,0.0,0.0,0.04628519612632578,1.2193358784370112,5.0,151.32745950421557,5.026032542429386,PEAK1,chronic
C2_G1_Mid_2@1|92_5,C2_G1_Mid_2@1,C_P1_4,15.0,14.0,0.0,0.0,0.0,0.0,1.2397177002117825,0.034606492134592784,8.0,158.11388300841895,5.0696201911749235,PEAK1,chronic
C2_G1_Mid_2@1|93_5,C2_G1_Mid_2@1,C_P1_4,8.0,21.0,0.0,0.0,0.0,0.0,-0.656266114029942,-0.13077383086349853,5.0,170.88007490635061,5.146796994712789,PEAK1,chronic
C2_G1_Mid_2@1|93_9,C2_G1_Mid_2@1,C_P1_4,10.0,7.0,0.0,0.0,0.0,0.0,0.008595123397597866,0.012391361952493945,3.0,303.6445290137795,5.719145618265665,PEAK1,chronic
C2_G1_Mid_2@1|94_10,C2_G1_Mid_2@1,C_P1_4,9.0,7.0,0.0,0.0,0.0,0.0,-0.05743312745300196,0.07667907132653415,1.0,241.2464055238687,5.4899554127820265,PEAK1,chronic
C2_G1_Mid_2@1|94_6,C2_G1_Mid_2@1,C_P1_4,7.0,13.0,0.0,0.0,0.0,0.0,-0.017145922984515432,-0.017601294754966308,4.0,155.24174696260025,5.051404467782157,PEAK1,chronic
C2_G1_Mid_2@1|94_7,C2_G1_Mid_2@1,C_P1_4,5.0,5.0,0.0,0.0,0.0,0.0,0.018211016976098754,,,128.21532543763868,4.86148020225233,PEAK1,chronic
C2_G1_Mid_2@1|95_10,C2_G1_Mid_2@1,C_P1_4,9.0,10.0,0.0,0.0,0.0,0.0,-0.19230224263244228,0.07666048592168029,2.0,152.31546211727817,5.0324976426133325,PEAK1,chronic
C2_G1_Mid_2@1|95_20,C2_G1_Mid_2@1,C_P1_4,29.0,6.0,0.27586206896551724,0.3333333333333333,,0.3448275862068966,6.232533817810689,,,20.0,3.044522437723423,PEAK1,chronic
C2_G1_Mid_2@1|95_5,C2_G1_Mid_2@1,C_P1_4,9.0,6.0,0.0,0.0,0.0,0.0,-0.23142557446336015,,,158.11388300841895,5.0696201911749235,PEAK1,chronic
C2_G1_Mid_2@1|95_8,C2_G1_Mid_2@1,C_P1_4,16.0,12.0,0.0,0.08333333333333333,,0.0,0.003948248623494184,-0.05225134089163795,3.0,68.54101966249685,4.2419167894359315,PEAK1,chronic
C2_G1_Mid_2@1|96_10,C2_G1_Mid_2@1,C_P1_4,6.0,10.0,0.0,0.0,,0.0,-0.14165705505873155,0.030364327225172655,1.0,71.75588850572997,4.287109844435521,PEAK1,chronic
C2_G1_Mid_2@1|96_6,C2_G1_Mid_2@1,C_P1_4,13.0,16.0,0.0,0.0,0.0,0.0,-0.7277004466855141,0.19775974634263127,4.0,42.426406871192846,3.771067709327022,PEAK1,chronic
C2_G1_Mid_2@5|100_6,C2_G1_Mid_2@5,C_P1_4,42.0,18.0,0.3333333333333333,0.16666666666666666,0.0,0.5238095238095238,-0.21388572621338883,,,0.0,0.0,PEAK1,chronic
C2_G1_Mid_2@5|100_7,C2_G1_Mid_2@5,C_P1_4,10.0,7.0,0.2,0.0,,0.8,1.4308191768671819,,,0.0,0.0,PEAK1,chronic
C2_G1_Top_0@15|11_20,C2_G1_Top_0@15,C_M16_2,5.0,8.0,0.0,0.0,0.0,0.0,-0.07027177058028715,,,516.6236541235796,6.249248441763012,MILD16,chronic
C2_G1_Top_0@15|13_27,C2_G1_Top_0@15,C_M16_2,13.0,14.0,0.3076923076923077,0.07142857142857142,0.0,0.0,2.697371835970757,3.918913973931338,1.0,22.360679774997898,3.1510542574937324,MILD16,chronic
C2_G1_Top_0@15|14_27,C2_G1_Top_0@15,C_M16_2,12.0,14.0,0.0,0.0,0.15384615384615385,0.0,3.0698673736996676,,1.0,59.1547594742265,4.096920566043889,MILD16,chronic
C2_G1_Top_0@15|16_24,C2_G1_Top_0@15,C_M16_2,7.0,6.0,0.0,0.0,0.0,0.0,0.8285028785424012,2.488461864908568,2.0,260.0,5.564520407322694,MILD16,chronic
C2_G1_Top_0@15|16_27,C2_G1_Top_0@15,C_M16_2,26.0,25.0,0.23076923076923078,0.0,0.0,0.11538461538461539,-0.5213988783042968,,,41.23105625617661,3.743155880619243,MILD16,chronic
C2_G1_Top_0@15|17_26,C2_G1_Top_0@15,C_M16_2,23.0,21.0,0.08695652173913043,0.09523809523809523,,0.0,0.06971000026383507,6.824300497958255,3.0,44.721359549995796,3.822565574923594,MILD16,chronic
C2_G1_Top_0@15|18_25,C2_G1_Top_0@15,C_M16_2,16.0,7.0,0.0,0.0,0.0,0.5,0.02861356217951456,2.179678632319225,7.0,42.426406871192846,3.771067709327022,MILD16,chronic
C2_G1_Top_0@15|5_16,C2_G1_Top_0@15,C_M16_2,23.0,11.0,0.043478260869565216,0.0,0.0,0.0,4.192817797807985,9.421136839204086,2.0,22.360679774997898,3.1510542574937324,MILD16,chronic
C2_G1_Top_0@15|5_17,C2_G1_Top_0@15,C_M16_2,10.0,27.0,0.0,0.0,0.0,0.0,5.124147099538945,,,20.0,3.044522437723423,MILD16,chronic
C2_G1_Top_0@15|6_17,C2_G1_Top_0@15,C_M16_2,15.0,5.0,0.26666666666666666,0.2,,0.06666666666666667,3.095033748347627,1.64391807423084,1.0,41.23105625617661,3.743155880619243,MILD16,chronic
C2_G1_Top_0@15|6_18,C2_G1_Top_0@15,C_M16_2,22.0,13.0,0.045454545454545456,0.15384615384615385,0.0,0.045454545454545456,2.566154479441332,20.10274463720346,2.0,67.0820393249937,4.220713438648939,MILD16,chronic
C2_G1_Top_0@15|6_19,C2_G1_Top_0@15,C_M16_2,17.0,12.0,0.17647058823529413,0.0,0.0,0.0,2.6740219011202937,,,50.99019513592785,3.951055145724373,MILD16,chronic
C2_G1_Top_0@15|6_21,C2_G1_Top_0@15,C_M16_2,11.0,16.0,0.18181818181818182,0.0,0.0,0.36363636363636365,1.0337616762819006,7.386357763398646,2.0,22.360679774997898,3.1510542574937324,MILD16,chronic
C2_G1_Top_0@15|9_20,C2_G1_Top_0@15,C_M16_2,5.0,6.0,0.0,0.0,0.0,0.0,0.05143253608129212,0.6392932137796498,3.0,306.75723300355935,5.7293112676431575,MILD16,chronic
C2_G1_Top_0@17|12_17,C2_G1_Top_0@17,C_M16_2,5.0,6.0,0.0,0.0,0.0,0.0,-0.14584430948189678,-0.27660415281126366,2.0,688.839603971781,6.536459112556842,MILD16,chronic
C2_G1_Top_0@17|13_17,C2_G1_Top_0@17,C_M16_2,9.0,7.0,0.0,0.0,0.0,0.0,-0.25792265538049347,-0.12416370037677045,1.0,675.4615621274361,6.5168756272640564,MILD16,chronic
C2_G1_Top_0@20|13_20,C2_G1_Top_0@20,C_M16_2,16.0,9.0,0.0,0.0,0.0,0.0,-0.09549832978678699,1.2807158949886777,3.0,644.0496875241847,6.469327348749952,MILD16,chronic
C2_G1_Top_0@22|13_22,C2_G1_Top_0@22,C_M16_2,21.0,6.0,0.047619047619047616,0.0,,0.0,-0.11398388022461711,-0.012013192671921488,5.0,444.07206622349037,6.098236215623952,MILD16,chronic
C2_G1_Top_0@23|21_23,C2_G1_Top_0@23,C_M16_2,23.0,6.0,0.0,0.0,0.0,0.0,-0.42550949649651826,-0.4146732128445434,7.0,90.0,4.51085950651685,MILD16,chronic
C2_G1_Top_0@23|22_22,C2_G1_Top_0@23,C_M16_2,13.0,20.0,0.23076923076923078,0.05,0.14285714285714285,0.07692307692307693,-0.1363140482361816,0.48729595658963226,7.0,80.62257748298549,4.402105908540379,MILD16,chronic
C2_G1_Top_0@2|10_13,C2_G1_Top_0@2,C_M16_2,7.0,9.0,0.0,0.0,0.0,0.0,-0.1892146701190336,0.18617400006265217,2.0,411.15528128088306,6.021400174654775,MILD16,chronic
C2_G1_Top_0@2|10_14,C2_G1_Top_0@2,C_M16_2,10.0,6.0,0.0,0.0,0.0,0.0,0.01915419793102687,-0.013224655964815245,1.0,490.40799340956914,6.1972747265595185,MILD16,chronic
C2_G1_Top_0@2|11_13,C2_G1_Top_0@2,C_M16_2,12.0,5.0,0.0,0.0,0.0,0.0,-0.11306367385935726,0.16722389181378292,1.0,430.11626335213134,6.066377806284217,MILD16,chronic
C2_G1_Top_0@2|11_16,C2_G1_Top_0@2,C_M16_2,15.0,6.0,0.0,0.0,0.0,0.0,-0.0765421256681848,-0.032759371561209574,2.0,578.7054518492115,6.362520132905934,MILD16,chronic
C2_G1_Top_0@2|11_9,C2_G1_Top_0@2,C_M16_2,39.0,25.0,0.15384615384615385,0.12,,0.05128205128205128,4.4748867901412295,7.9396383621117845,3.0,22.360679774997898,3.1510542574937324,MILD16,chronic
C2_G1_Top_0@2|12_10,C2_G1_Top_0@2,C_M16_2,6.0,5.0,0.0,0.2,0.25,0.3333333333333333,0.5611756464092057,,,120.41594578792296,4.79922221915902,MILD16,chronic
C2_G1_Top_0@2|12_11,C2_G1_Top_0@2,C_M16_2,7.0,6.0,0.0,0.0,0.0,0.5714285714285714,-0.3594613144597021,0.7921448127555402,3.0,210.2379604162864,5.352985272500917,MILD16,chronic
C2_G1_Top_0@2|12_13,C2_G1_Top_0@2,C_M16_2,10.0,7.0,0.0,0.0,0.6666666666666666,0.0,-0.12149660304457027,0.20355851174835773,2.0,396.232255123179,5.984521135125678,MILD16,chronic
C2_G1_Top_0@2|5_14,C2_G1_Top_0@2,C_M16_2,32.0,28.0,0.0,0.03571428571428571,0.0,0.0,4.468934623860925,3.4219178151685425,7.0,25.3224755112299,3.2704231564123165,MILD16,chronic
C2_G1_Top_0@2|5_15,C2_G1_Top_0@2,C_M16_2,9.0,21.0,0.0,0.047619047619047616,0.0,0.0,1.188067225882289,17.008729399869207,2.0,20.0,3.044522437723423,MILD16,chronic
C2_G1_Top_0@2|6_12,C2_G1_Top_0@2,C_M16_2,47.0,28.0,0.14893617021276595,0.14285714285714285,0.0,0.10638297872340426,12.004698883360001,9.805217653670493,1.0,60.82762530298219,4.124350275958941,MILD16,chronic
C2_G1_Top_0@2|6_14,C2_G1_Top_0@2,C_M16_2,7.0,7.0,0.0,0.0,,0.0,-0.3909572886390791,0.2473275599085002,1.0,109.75334750883978,4.707305634281906,MILD16,chronic
C2_G1_Top_0@2|7_10,C2_G1_Top_0@2,C_M16_2,17.0,38.0,0.11764705882352941,0.13157894736842105,0.0,0.0,-1.8573992689904069,,,31.622776601683796,3.485010713180571,MILD16,chronic
C2_G1_Top_0@2|8_12,C2_G1_Top_0@2,C_M16_2,5.0,11.0,0.0,0.0,0.0,0.0,1.946954233177287,,,187.44874742696518,5.238826072978214,MILD16,chronic
C2_G1_Top_0@2|8_15,C2_G1_Top_0@2,C_M16_2,5.0,6.0,0.2,0.0,,0.0,-1.2297316131030482,-1.122164880189668,5.0,310.0,5.739792912179234,MILD16,chronic
C2_G1_Top_0@2|8_9,C2_G1_Top_0@2,C_M16_2,35.0,13.0,0.34285714285714286,0.0,0.0,0.22857142857142856,-2.5512687240019014,7.0429586469899865,1.0,22.360679774997898,3.1510542574937324,MILD16,chronic
C2_G1_Top_0@2|9_15,C2_G1_Top_0@2,C_M16_2,11.0,7.0,0.0,0.0,,0.0,-0.06724535115967516,-0.021512357582475834,4.0,420.59454809027307,6.044044065668856,MILD16,chronic
C2_G1_Top_0@6|14_10,C2_G1_Top_0@6,C_M16_2,13.0,12.0,0.07692307692307693,0.0,0.0,0.0,0.690902783053263,1.4968317458131506,11.0,42.426406871192846,3.771067709327022,MILD16,chronic
C2_G1_Top_0@6|15_10,C2_G1_Top_0@6,C_M16_2,8.0,10.0,0.0,0.0,0.16666666666666666,0.0,-0.604842937216413,-0.7212961687626267,1.0,41.82873156368473,3.7572091755848236,MILD16,chronic
C2_G1_Top_0@6|16_11,C2_G1_Top_0@6,C_M16_2,14.0,15.0,0.0,0.0,0.0,0.0,0.0125243498814744,-0.024600225552598415,5.0,58.309518948453004,4.08276981501776,MILD16,chronic
C2_G1_Top_2@10|78_29,C2_G1_Top_2@10,C_S30_2,13.0,24.0,0.0,0.08333333333333333,0.08333333333333333,0.0,5.82634643222514,2.661214576341005,5.0,20.0,3.044522437723423,SEVERE30,chronic
C2_G1_Top_2@10|78_31,C2_G1_Top_2@10,C_S30_2,20.0,5.0,0.1,0.0,0.0,0.0,10.380225253383635,12.01800901129808,1.0,10.0,2.3978952727983707,SEVERE30,chronic
C2_G1_Top_2@11|81_29,C2_G1_Top_2@11,C_S30_2,5.0,5.0,0.0,0.0,,0.0,0.48100981443299023,8.514739599000372,2.0,140.178344238091,4.9500239438782305,SEVERE30,chronic
C2_G1_Top_2@11|82_29,C2_G1_Top_2@11,C_S30_2,7.0,7.0,0.14285714285714285,0.0,0.25,0.0,-0.12119645985944477,8.517204562293678,1.0,191.02391033501766,5.257619897269075,SEVERE30,chronic
C2_G1_Top_2@13|81_31,C2_G1_Top_2@13,C_S30_2,10.0,11.0,0.0,0.0,0.0,0.0,-0.045611668650871524,0.5496820913916344,1.0,139.2838827718412,4.943668103616054,SEVERE30,chronic
C2_G1_Top_2@13|82_31,C2_G1_Top_2@13,C_S30_2,19.0,16.0,0.0,0.0,0.0,0.0,-0.13994733483218835,-0.09348392542727954,6.0,219.3171219946131,5.395067972052855,SEVERE30,chronic
C2_G1_Top_2@15|80_35,C2_G1_Top_2@15,C_S30_2,8.0,5.0,0.0,0.0,,0.0,7.1833532115229435,,,14.142135623730951,2.7174812964321107,SEVERE30,chronic
C2_G1_Top_2@15|81_35,C2_G1_Top_2@15,C_S30_2,45.0,6.0,0.37777777777777777,0.0,,0.0,2.0282058062836907,2.0476788825203247,6.0,22.360679774997898,3.1510542574937324,SEVERE30,chronic
C2_G1_Top_2@15|82_35,C2_G1_Top_2@15,C_S30_2,7.0,10.0,0.0,0.0,0.0,0.0,0.45971548120180367,,1.0,82.46211251235322,4.424392786517565,SEVERE30,chronic
C2_G1_Top_2@1|82_21,C2_G1_Top_2@1,C_S30_2,11.0,8.0,0.18181818181818182,0.125,0.0,0.0,1.6626250208975815,0.6994454818177256,4.0,28.284271247461902,3.377050554392157,SEVERE30,chronic
C2_G1_Top_2@1|83_22,C2_G1_Top_2@1,C_S30_2,5.0,5.0,0.0,0.0,0.0,0.0,0.2589080976311517,4.312906795361077,2.0,180.37767961509968,5.200581484989635,SEVERE30,chronic
C2_G1_Top_2@1|84_20,C2_G1_Top_2@1,C_S30_2,7.0,12.0,0.0,0.08333333333333333,0.05,0.0,-1.7871806564687431,3.5389311136632413,2.0,40.0,3.713572066704308,SEVERE30,chronic
C2_G1_Top_2@1|85_20,C2_G1_Top_2@1,C_S30_2,7.0,11.0,0.0,0.09090909090909091,0.0,0.0,3.972771082513891,10.782648953175412,1.0,47.85577734296182,3.8888726384960433,SEVERE30,chronic
C2_G1_Top_2@1|86_29,C2_G1_Top_2@1,C_S30_2,9.0,14.0,0.1111111111111111,0.0,0.0,0.0,-0.017279768370956676,-0.014054788600803314,3.0,373.36309405188945,5.9252261661653876,SEVERE30,chronic
C2_G1_Top_2@1|87_29,C2_G1_Top_2@1,C_S30_2,9.0,17.0,0.1111111111111111,0.0,0.0,0.0,-0.04699231856052562,0.05350499720291806,5.0,408.10537395061715,6.013972760880895,SEVERE30,chronic
C2_G1_Top_2@1|87_37,C2_G1_Top_2@1,C_S30_2,21.0,19.0,0.19047619047619047,0.05263157894736842,0.0,0.0,-1.052406326855936,,,38.027756377319946,3.6642730949724527,SEVERE30,chronic
C2_G1_Top_2@1|88_20,C2_G1_Top_2@1,C_S30_2,6.0,5.0,0.0,0.0,,0.0,14.989680923000442,2.68693256573012,1.0,20.0,3.044522437723423,SEVERE30,chronic
C2_G1_Top_2@1|88_30,C2_G1_Top_2@1,C_S30_2,6.0,9.0,0.0,0.0,0.0,0.0,0.013025775490218775,0.036077954658130094,3.0,389.48684188300894,5.967394273149956,SEVERE30,chronic
C2_G1_Top_2@1|89_20,C2_G1_Top_2@1,C_S30_2,7.0,12.0,0.14285714285714285,0.08333333333333333,0.0,0.0,1.9871034272743433,-1.9475525539034928,1.0,14.142135623730951,2.7174812964321107,SEVERE30,chronic
C2_G1_Top_2@1|89_29,C2_G1_Top_2@1,C_S30_2,10.0,9.0,0.0,0.0,0.0,0.0,0.03958359166541347,-0.07393608584965072,4.0,504.8762224545735,6.226292019708205,SEVERE30,chronic
C2_G1_Top_2@1|89_31,C2_G1_Top_2@1,C_S30_2,12.0,15.0,0.0,0.0,0.0,0.0,-0.05455204999771023,1.4089312105106895,3.0,382.7531841800928,5.949999596404684,SEVERE30,chronic
C2_G1_Top_2@1|91_21,C2_G1_Top_2@1,C_S30_2,19.0,18.0,0.10526315789473684,0.05555555555555555,1.0,0.0,18.19190088940921,7.133209586401769,4.0,22.360679774997898,3.1510542574937324,SEVERE30,chronic
C2_G1_Top_2@1|91_30,C2_G1_Top_2@1,C_S30_2,8.0,16.0,0.0,0.0,0.0,0.0,0.4834308169775989,0.4410790394366601,3.0,328.55356743490995,5.797738912610551,SEVERE30,chronic
C2_G1_Top_2@1|91_35,C2_G1_Top_2@1,C_S30_2,23.0,13.0,0.30434782608695654,0.0,,0.08695652173913043,-3.6871998894397144,25.42630016307856,1.0,20.0,3.044522437723423,SEVERE30,chronic
C2_G1_Top_2@1|92_31,C2_G1_Top_2@1,C_S30_2,9.0,5.0,0.2222222222222222,0.0,,0.0,2.7880067658860983,4.895734680948022,3.0,198.61349999046496,5.296382996812976,SEVERE30,chronic
C2_G1_Top_2@1|92_34,C2_G1_Top_2@1,C_S30_2,11.0,26.0,0.0,0.07692307692307693,0.1111111111111111,0.0,14.61203681096708,9.960374781106635,5.0,50.0,3.9318256327243257,SEVERE30,chronic
C2_G1_Top_2@1|93_24,C2_G1_Top_2@1,C_S30_2,8.0,5.0,0.0,0.0,,0.0,4.588180922592916,25.262514967404908,2.0,10.0,2.3978952727983707,SEVERE30,chronic
C2_G1_Top_2@1|93_26,C2_G1_Top_2@1,C_S30_2,42.0,22.0,0.16666666666666666,0.2727272727272727,0.3333333333333333,0.07142857142857142,1.008147256572932,1.5613362302175553,1.0,36.05551275463989,3.6124171329715926,SEVERE30,chronic
C2_G1_Top_2@1|93_27,C2_G1_Top_2@1,C_S30_2,22.0,30.0,0.09090909090909091,0.0,,0.0,0.3857883843473071,0.9668608431657439,8.0,77.13011390885282,4.3583755639475985,SEVERE30,chronic
C2_G1_Top_2@1|93_33,C2_G1_Top_2@1,C_S30_2,28.0,36.0,0.03571428571428571,0.1111111111111111,0.0,0.0,2.854471246904755,-7.246241073033334,4.0,41.82873156368473,3.7572091755848236,SEVERE30,chronic
C2_G1_Top_2@1|94_27,C2_G1_Top_2@1,C_S30_2,18.0,9.0,0.05555555555555555,0.1111111111111111,,0.0,0.05576917220201898,16.423203973948834,1.0,20.0,3.044522437723423,SEVERE30,chronic
C2_G1_Top_2@1|94_28,C2_G1_Top_2@1,C_S30_2,5.0,6.0,0.0,0.0,0.16666666666666666,0.0,1.112223309022219,26.155308229862687,1.0,20.0,3.044522437723423,SEVERE30,chronic
C2_G1_Top_2@1|94_30,C2_G1_Top_2@1,C_S30_2,6.0,6.0,0.0,0.0,0.0,0.0,5.958652350229814,11.589628926766327,6.0,21.18033988749895,3.0992063058579626,SEVERE30,chronic
C2_G1_Top_2@1|94_31,C2_G1_Top_2@1,C_S30_2,10.0,12.0,0.0,0.16666666666666666,0.0,0.0,5.440064818538648,13.533768547282756,4.0,22.360679774997898,3.1510542574937324,SEVERE30,chronic
C2_G1_Top_2@3|84_23,C2_G1_Top_2@3,C_S30_2,7.0,5.0,0.0,0.0,,0.0,-0.2489929155337844,0.041909556218654866,3.0,318.27660925679095,5.766057840716631,SEVERE30,chronic
C2_G1_Top_2@4|86_24,C2_G1_Top_2@4,C_S30_2,8.0,8.0,0.0,0.0,0.0,0.0,-0.09913969907900697,-0.16910288077538388,4.0,486.05004139045207,6.188366872198897,SEVERE30,chronic
C2_G1_Top_2@4|87_25,C2_G1_Top_2@4,C_S30_2,6.0,10.0,0.0,0.1,0.0,0.0,0.1570643959487894,0.2127664674278316,1.0,504.01771591761076,6.224593509685007,SEVERE30,chronic
C2_G1_Top_2@4|88_25,C2_G1_Top_2@4,C_S30_2,6.0,7.0,0.0,0.0,0.0,0.0,-0.05351726998052608,0.008062628994111136,2.0,388.9730067755345,5.966077523332269,SEVERE30,chronic
C2_G1_Top_2@9|80_28,C2_G1_Top_2@9,C_S30_2,9.0,9.0,0.1111111111111111,0.0,0.0,0.0,-0.2700080174066438,0.9645252690463565,4.0,14.142135623730951,2.7174812964321107,SEVERE30,chronic
C2_G2_Bot_0@24|6_35,C2_G2_Bot_0@24,C_P1_5,14.0,18.0,0.07142857142857142,0.05555555555555555,0.0,0.0,-0.11883495183288079,-0.3340469943462338,5.0,170.14693182963202,5.142522438023992,PEAK1,chronic
C2_G2_Bot_0@24|7_35,C2_G2_Bot_0@24,C_P1_5,18.0,13.0,0.0,0.0,0.0,0.0,-0.11066121460624531,-0.36054399325855213,2.0,252.98221281347037,5.537264236273018,PEAK1,chronic
C2_G2_Bot_0@25|4_35,C2_G2_Bot_0@25,C_P1_5,5.0,5.0,0.0,0.0,0.0,0.0,4.115666718630458,1.7327410628635147,1.0,20.0,3.044522437723423,PEAK1,chronic
C2_G2_Bot_0@25|5_36,C2_G2_Bot_0@25,C_P1_5,26.0,20.0,0.038461538461538464,0.0,0.0,0.0,0.03860397575723025,4.672513220760662,2.0,60.0,4.110873864173311,PEAK1,chronic
C2_G2_Bot_0@25|5_37,C2_G2_Bot_0@25,C_P1_5,7.0,5.0,0.0,0.0,,0.0,1.7248562795977374,4.428574125901297,3.0,90.44579123773883,4.515746351227109,PEAK1,chronic
C2_G2_Bot_0@25|5_38,C2_G2_Bot_0@25,C_P1_5,12.0,12.0,0.0,0.0,0.0,0.0,-0.09895000896074758,0.08840273506757158,4.0,62.01562118716424,4.1433826510074985,PEAK1,chronic
C2_G2_Bot_0@28|10_42,C2_G2_Bot_0@28,C_P1_5,32.0,12.0,0.25,0.0,,0.46875,5.896726408325237,5.537150974288982,2.0,20.0,3.044522437723423,PEAK1,chronic
C2_G2_Bot_0@28|11_41,C2_G2_Bot_0@28,C_P1_5,13.0,11.0,0.15384615384615385,0.09090909090909091,0.0,0.0,-0.366806996989075,-0.1411806059053893,6.0,154.10343354288898,5.044092207544739,PEAK1,chronic
C2_G2_Bot_0@28|11_42,C2_G2_Bot_0@28,C_P1_5,11.0,16.0,0.09090909090909091,0.125,,0.0,2.4705487690242687,,,78.10249675906654,4.370744438865426,PEAK1,chronic
C2_G2_Bot_0@28|12_42,C2_G2_Bot_0@28,C_P1_5,5.0,15.0,0.0,0.0,0.0,0.0,-1.7238798075677528,3.9287665043309192,1.0,123.68259850937685,4.82577129611103,PEAK1,chronic
C2_G2_Bot_0@28|13_42,C2_G2_Bot_0@28,C_P1_5,9.0,17.0,0.0,0.0,0.0,0.0,-0.9047159048885122,0.07030156029774406,2.0,161.24515496597098,5.089108493603487,PEAK1,chronic
C2_G2_Bot_0@28|13_43,C2_G2_Bot_0@28,C_P1_5,30.0,12.0,0.0,0.0,,0.0,-0.9053356687593044,-0.30980631216004084,6.0,107.70329614269008,4.688622116967238,PEAK1,chronic
C2_G2_Bot_0@28|14_44,C2_G2_Bot_0@28,C_P1_5,50.0,11.0,0.18,0.0,,0.46,3.095647496805934,2.8179072349848457,6.0,50.99019513592785,3.951055145724373,PEAK1,chronic
C2_G2_Bot_0@28|15_44,C2_G2_Bot_0@28,C_P1_5,20.0,20.0,0.05,0.0,0.0,0.05,2.559660525546831,-1.0433505791143682,2.0,53.85164807134504,4.004632233149422,PEAK1,chronic
C2_G2_Bot_0@28|16_44,C2_G2_Bot_0@28,C_P1_5,11.0,13.0,0.0,0.0,0.0,0.0,-2.6559051207888795,-2.211484484952897,10.0,30.811388300841898,3.4598243483434987,PEAK1,chronic
C2_G2_Bot_0@28|5_39,C2_G2_Bot_0@28,C_P1_5,10.0,9.0,0.1,0.0,0.0,0.0,5.611284685575525,1.7994090118932675,1.0,22.360679774997898,3.1510542574937324,PEAK1,chronic
C2_G2_Bot_0@28|6_38,C2_G2_Bot_0@28,C_P1_5,18.0,21.0,0.0,0.0,0.0,0.0,0.40148464621869556,-0.011712489339256038,3.0,120.41594578792296,4.79922221915902,PEAK1,chronic
C2_G2_Bot_0@28|6_39,C2_G2_Bot_0@28,C_P1_5,28.0,10.0,0.0,0.0,,0.0,2.4976579909776886,0.7451555718113537,4.0,86.02325267042627,4.466175355017631,PEAK1,chronic
C2_G2_Bot_0@28|7_39,C2_G2_Bot_0@28,C_P1_5,8.0,31.0,0.0,0.0,0.0,0.0,-0.3480157209651928,1.9378994721813223,3.0,89.44271909999159,4.504716712194347,PEAK1,chronic
C2_G2_Bot_0@28|8_38,C2_G2_Bot_0@28,C_P1_5,13.0,10.0,0.0,0.0,0.0,0.0,-0.2931066329820153,-0.31210505210291917,2.0,232.59406699226017,5.453584852481963,PEAK1,chronic
C2_G2_Bot_0@28|9_38,C2_G2_Bot_0@28,C_P1_5,11.0,5.0,0.0,0.0,0.0,0.0,-0.03228234575620226,,,302.15237345549184,5.714235561797636,PEAK1,chronic
C2_G2_Bot_0@28|9_39,C2_G2_Bot_0@28,C_P1_5,5.0,6.0,0.2,0.0,,0.0,0.5413194570301982,1.9591681758210098,1.0,202.48456731316588,5.315590165707993,PEAK1,chronic
C2_G2_Bot_0@2|10_37,C2_G2_Bot_0@2,C_P1_5,11.0,7.0,0.09090909090909091,0.14285714285714285,0.0,0.0,0.017684451066158468,0.35161405493900333,2.0,411.4976678013304,6.022230551943796,PEAK1,chronic
C2_G2_Bot_0@2|11_34,C2_G2_Bot_0@2,C_P1_5,5.0,12.0,0.0,0.0,0.0,0.0,-0.3558591989003754,-0.46291290882280384,6.0,542.3098745182499,6.297679828467317,PEAK1,chronic
C2_G2_Bot_0@2|11_36,C2_G2_Bot_0@2,C_P1_5,19.0,17.0,0.0,0.0,0.0,0.0,-0.20094979404251795,-0.4578351934632581,4.0,545.7563385931984,6.304003252709975,PEAK1,chronic
C2_G2_Bot_0@2|11_37,C2_G2_Bot_0@2,C_P1_5,5.0,10.0,0.0,0.1,0.2,0.0,-0.20764994948194954,-0.48161672415958157,3.0,466.47615158762403,6.147348334780759,PEAK1,chronic
C2_G2_Bot_0@2|12_23,C2_G2_Bot_0@2,C_P1_5,33.0,7.0,0.3333333333333333,0.14285714285714285,,0.5757575757575758,1.6461687411765875,,,20.0,3.044522437723423,PEAK1,chronic
C2_G2_Bot_0@2|12_33,C2_G2_Bot_0@2,C_P1_5,13.0,6.0,0.0,0.0,,0.0,-0.14618302456126042,-0.4042412317431115,3.0,532.5410782277739,6.279536065392965,PEAK1,chronic
C2_G2_Bot_0@2|12_41,C2_G2_Bot_0@2,C_P1_5,9.0,25.0,0.0,0.04,0.0,0.0,-0.5044521157364018,-0.7984790991609236,1.0,222.03603311174518,5.407333341867658,PEAK1,chronic
C2_G2_Bot_0@2|13_23,C2_G2_Bot_0@2,C_P1_5,13.0,11.0,0.07692307692307693,0.18181818181818182,0.0,0.0,0.8938266716230504,,,10.0,2.3978952727983707,PEAK1,chronic
C2_G2_Bot_0@2|13_34,C2_G2_Bot_0@2,C_P1_5,6.0,6.0,0.0,0.0,0.0,0.0,-0.20373035742835982,-0.19863192548406916,4.0,648.3032632065442,6.475899885231897,PEAK1,chronic
C2_G2_Bot_0@2|13_38,C2_G2_Bot_0@2,C_P1_5,7.0,13.0,0.0,0.0,0.0,0.0,-0.22745726056796517,,,544.5181356024793,6.301736050554554,PEAK1,chronic
C2_G2_Bot_0@2|13_42,C2_G2_Bot_0@2,C_P1_5,14.0,8.0,0.0,0.0,0.0,0.0,-0.29464742295949664,,,205.18284528683193,5.328763373586755,PEAK1,chronic
C2_G2_Bot_0@2|14_36,C2_G2_Bot_0@2,C_P1_5,10.0,17.0,0.0,0.0,0.0,0.0,-0.22192095682185226,,1.0,735.3910524340095,6.601761298869584,PEAK1,chronic
C2_G2_Bot_0@2|14_37,C2_G2_Bot_0@2,C_P1_5,17.0,10.0,0.0,0.0,,0.0,-0.22255000796490504,-0.4783301264375486,4.0,650.5382386916237,6.479336088152759,PEAK1,chronic
C2_G2_Bot_0@2|14_38,C2_G2_Bot_0@2,C_P1_5,11.0,16.0,0.0,0.0,0.0,0.0,-0.2701412113996365,-0.4790139901743793,1.0,563.0275304103699,6.335103063091098,PEAK1,chronic
C2_G2_Bot_0@2|14_39,C2_G2_Bot_0@2,C_P1_5,8.0,5.0,0.0,0.0,,0.0,-0.041117381864424436,0.6580245313149491,1.0,502.09560842532767,6.220780228429812,PEAK1,chronic
C2_G2_Bot_0@2|14_41,C2_G2_Bot_0@2,C_P1_5,5.0,6.0,0.0,0.0,0.0,0.0,-0.14869561088910324,-0.0952862623527146,1.0,328.9376840679705,5.798903800471068,PEAK1,chronic
C2_G2_Bot_0@2|15_38,C2_G2_Bot_0@2,C_P1_5,12.0,16.0,0.0,0.0625,0.0,0.0,-0.2519540406598481,-0.48163558927846317,6.0,614.6543744251724,6.422685725590349,PEAK1,chronic
C2_G2_Bot_0@2|15_39,C2_G2_Bot_0@2,C_P1_5,16.0,9.0,0.0,0.1111111111111111,0.0,0.0,-0.20378254025599588,-0.18353605989690283,1.0,523.2590180780452,6.261985871499688,PEAK1,chronic
C2_G2_Bot_0@2|16_41,C2_G2_Bot_0@2,C_P1_5,13.0,15.0,0.0,0.0,0.14285714285714285,0.0,-0.28510339687408626,-0.4711596527719678,5.0,312.0041724574604,5.746216520986319,PEAK1,chronic
C2_G2_Bot_0@2|17_42,C2_G2_Bot_0@2,C_P1_5,10.0,12.0,0.0,0.0,0.0,0.0,0.02007076200069039,0.7791232584175813,2.0,160.31219541881399,5.083341589333316,PEAK1,chronic
C2_G2_Bot_0@2|17_43,C2_G2_Bot_0@2,C_P1_5,20.0,14.0,0.0,0.0,0.0,0.0,-0.0943106796760792,0.37809609372308206,3.0,81.54234499766935,4.413311434360282,PEAK1,chronic
C2_G2_Bot_0@2|17_44,C2_G2_Bot_0@2,C_P1_5,13.0,11.0,0.0,0.09090909090909091,,0.0,-0.4613718616698966,0.34143943500904855,6.0,22.360679774997898,3.1510542574937324,PEAK1,chronic
C2_G2_Bot_0@2|18_27,C2_G2_Bot_0@2,C_P1_5,25.0,6.0,0.48,0.16666666666666666,,0.88,0.7174283986388743,0.7030048719318247,1.0,20.0,3.044522437723423,PEAK1,chronic
C2_G2_Bot_0@2|18_28,C2_G2_Bot_0@2,C_P1_5,31.0,19.0,0.3548387096774194,0.05263157894736842,0.0,0.7096774193548387,2.330981585462638,0.33701170306475803,1.0,42.426406871192846,3.771067709327022,PEAK1,chronic
C2_G2_Bot_0@2|26_32,C2_G2_Bot_0@2,C_P1_5,11.0,8.0,0.18181818181818182,0.0,0.0,0.7272727272727273,0.4803678635677529,,,14.142135623730951,2.7174812964321107,PEAK1,chronic
C2_G2_Bot_0@2|5_33,C2_G2_Bot_0@2,C_P1_5,7.0,5.0,0.0,0.0,,0.0,-0.075449471399973,-0.26733263873390095,1.0,96.67845391150621,4.5816810015804,PEAK1,chronic
C2_G2_Bot_0@2|7_31,C2_G2_Bot_0@2,C_P1_5,5.0,6.0,0.0,0.0,0.0,0.0,-0.0765598959100278,0.1413572805186208,1.0,211.8962010041709,5.3608047277015745,PEAK1,chronic
C2_G2_Bot_0@2|7_33,C2_G2_Bot_0@2,C_P1_5,5.0,6.0,0.0,0.0,0.25,0.0,-0.10469639485088802,-0.4109942259517913,2.0,282.842712474619,5.648420255426381,PEAK1,chronic
C2_G2_Bot_0@2|7_34,C2_G2_Bot_0@2,C_P1_5,6.0,13.0,0.0,0.0,0.0,0.0,-0.11233332026612738,-0.3878721080527915,3.0,280.178514522438,5.6389897506249245,PEAK1,chronic
C2_G2_Bot_0@2|8_30,C2_G2_Bot_0@2,C_P1_5,8.0,9.0,0.0,0.0,,0.0,0.11994304376025963,0.8208744397318708,1.0,70.0,4.2626798770413155,PEAK1,chronic
C2_G2_Bot_0@2|8_35,C2_G2_Bot_0@2,C_P1_5,16.0,8.0,0.0,0.0,0.0,0.0,-0.16488366289614198,-0.42014511027291945,6.0,368.2847333008782,5.91156798144506,PEAK1,chronic
C2_G2_Bot_0@2|9_35,C2_G2_Bot_0@2,C_P1_5,7.0,9.0,0.0,0.0,0.0,0.0,-0.1416759417744699,-0.4318435397394406,3.0,479.269722280108,6.174347867500107,PEAK1,chronic
C2_G2_Bot_0@30|15_42,C2_G2_Bot_0@30,C_P1_5,18.0,10.0,0.0,0.0,0.0,0.0,-0.18583366094863954,-0.5252017221637755,2.0,268.0457608196259,5.594881479705096,PEAK1,chronic
C2_G2_Bot_0@30|16_42,C2_G2_Bot_0@30,C_P1_5,17.0,12.0,0.0,0.0,0.0,0.0,-0.49532019032765806,-0.7150140854854234,3.0,220.2271554554524,5.399190026378419,PEAK1,chronic
C2_G2_Bot_2@10|95_14,C2_G2_Bot_2@10,C_S30_1,9.0,7.0,0.1111111111111111,0.0,0.0,0.0,0.22756029107771392,-0.3813782748975215,1.0,178.73900761994648,5.191505841017403,SEVERE30,chronic
C2_G2_Bot_2@10|95_16,C2_G2_Bot_2@10,C_S30_1,5.0,6.0,0.0,0.0,0.0,0.0,-0.23835580780859805,,,140.356688476182,4.951286401564024,SEVERE30,chronic
C2_G2_Bot_2@10|97_15,C2_G2_Bot_2@10,C_S30_1,11.0,27.0,0.0,0.037037037037037035,0.0,0.0,2.2967702438179334,,,20.0,3.044522437723423,SEVERE30,chronic
C2_G2_Bot_2@11|85_14,C2_G2_Bot_2@11,C_S30_1,11.0,9.0,0.0,0.0,0.0,0.0,-0.14198498323575898,0.30307167230763427,3.0,166.5799998574353,5.121460848334414,SEVERE30,chronic
C2_G2_Bot_2@15|83_20,C2_G2_Bot_2@15,C_S30_1,7.0,15.0,0.14285714285714285,0.0,0.0,0.0,0.40266078191840216,6.5656234691548825,4.0,21.18033988749895,3.0992063058579626,SEVERE30,chronic
C2_G2_Bot_2@15|84_19,C2_G2_Bot_2@15,C_S30_1,5.0,6.0,0.0,0.0,,0.0,0.08961992358992736,,,155.24174696260025,5.051404467782157,SEVERE30,chronic
C2_G2_Bot_2@15|84_21,C2_G2_Bot_2@15,C_S30_1,13.0,6.0,0.0,0.0,0.0,0.0,3.0397087873197774,0.25494771572535124,5.0,50.0,3.9318256327243257,SEVERE30,chronic
C2_G2_Bot_2@15|84_22,C2_G2_Bot_2@15,C_S30_1,14.0,23.0,0.0,0.0,0.09090909090909091,0.0,2.676677977073916,,,36.05551275463989,3.6124171329715926,SEVERE30,chronic
C2_G2_Bot_2@15|85_19,C2_G2_Bot_2@15,C_S30_1,8.0,5.0,0.125,0.0,0.0,0.0,-0.03091757502258307,-0.1872774709363969,4.0,250.79872407968907,5.5286300543999864,SEVERE30,chronic
C2_G2_Bot_2@15|85_22,C2_G2_Bot_2@15,C_S30_1,10.0,11.0,0.1,0.0,,0.0,3.0407550287142318,1.454142546250609,3.0,98.48857801796103,4.600042843785899,SEVERE30,chronic
C2_G2_Bot_2@15|85_23,C2_G2_Bot_2@15,C_S30_1,9.0,17.0,0.0,0.0,0.0,0.0,-4.21197420456724,-0.23643863200898063,2.0,130.1920240520265,4.876662082375679,SEVERE30,chronic
C2_G2_Bot_2@15|86_19,C2_G2_Bot_2@15,C_S30_1,6.0,7.0,0.0,0.0,0.0,0.0,-0.18628338602615518,-0.553039318621974,2.0,342.0526275297414,5.837883868427612,SEVERE30,chronic
C2_G2_Bot_2@15|86_20,C2_G2_Bot_2@15,C_S30_1,9.0,12.0,0.0,0.0,0.0,0.0,-0.5769507740042638,-0.3556878148918464,5.0,288.44410203711914,5.667962193869386,SEVERE30,chronic
C2_G2_Bot_2@15|86_24,C2_G2_Bot_2@15,C_S30_1,15.0,5.0,0.0,0.0,0.25,0.0,3.679925122195979,,,110.2268050859363,4.711571405698974,SEVERE30,chronic
C2_G2_Bot_2@15|87_24,C2_G2_Bot_2@15,C_S30_1,14.0,18.0,0.14285714285714285,0.05555555555555555,,0.0,6.97708395388924,-3.387336490939627,4.0,92.19544457292886,4.534698842524112,SEVERE30,chronic
C2_G2_Bot_2@15|88_21,C2_G2_Bot_2@15,C_S30_1,6.0,7.0,0.0,0.0,0.0,0.0,0.34954594727129307,1.0561915524973549,1.0,337.34255586866,5.824058861161369,SEVERE30,chronic
C2_G2_Bot_2@15|89_21,C2_G2_Bot_2@15,C_S30_1,6.0,5.0,0.0,0.0,0.0,0.0,-0.5481641606645737,0.2327211571746698,2.0,304.138126514911,5.720764547910394,SEVERE30,chronic
C2_G2_Bot_2@15|89_24,C2_G2_Bot_2@15,C_S30_1,30.0,15.0,0.3,0.0,0.0,0.0,1.6739482275450763,-0.9187213761326091,3.0,28.284271247461902,3.377050554392157,SEVERE30,chronic
C2_G2_Bot_2@15|90_24,C2_G2_Bot_2@15,C_S30_1,11.0,12.0,0.09090909090909091,0.0,0.0,0.0,-2.9714749042885398,-1.5622350935530287,1.0,36.05551275463989,3.6124171329715926,SEVERE30,chronic
C2_G2_Bot_2@15|91_22,C2_G2_Bot_2@15,C_S30_1,7.0,7.0,0.0,0.0,0.0,0.0,-0.8821234054725616,,,150.95581634510856,5.023589796650017,SEVERE30,chronic
C2_G2_Bot_2@15|93_22,C2_G2_Bot_2@15,C_S30_1,14.0,8.0,0.07142857142857142,0.125,0.0,0.0,1.0914809099484457,-1.491390907956773,7.0,81.47765525072612,4.4125274112096395,SEVERE30,chronic
C2_G2_Bot_2@1|88_7,C2_G2_Bot_2@1,C_S30_1,16.0,39.0,0.0625,0.1282051282051282,0.0,0.0,2.3987897172893784,-0.3154808280761217,6.0,22.360679774997898,3.1510542574937324,SEVERE30,chronic
C2_G2_Bot_2@1|90_7,C2_G2_Bot_2@1,C_S30_1,16.0,14.0,0.0625,0.14285714285714285,0.2,0.0,-0.8785829413417929,1.33406993249046,1.0,30.0,3.4339872044851463,SEVERE30,chronic
C2_G2_Bot_2@1|91_7,C2_G2_Bot_2@1,C_S30_1,8.0,14.0,0.0,0.35714285714285715,0.0,0.0,0.3211925833133601,-1.0572798576083493,2.0,22.360679774997898,3.1510542574937324,SEVERE30,chronic
C2_G2_Bot_2@1|94_8,C2_G2_Bot_2@1,C_S30_1,22.0,14.0,0.4090909090909091,0.0,0.0,0.45454545454545453,2.844659791751257,2.2421647858487437,5.0,22.360679774997898,3.1510542574937324,SEVERE30,chronic
C2_G2_Mid_0@13|11_20,C2_G2_Mid_0@13,C_M16_3,13.0,5.0,0.0,0.0,0.0,0.0,-0.457477978379323,-0.4334393667508941,1.0,175.46597177041787,5.173128063284221,MILD16,chronic
C2_G2_Mid_0@13|11_22,C2_G2_Mid_0@13,C_M16_3,7.0,12.0,0.14285714285714285,0.16666666666666666,0.25,0.0,-0.8111045782274658,4.088931867409508,1.0,20.0,3.044522437723423,MILD16,chronic
C2_G2_Mid_0@13|13_22,C2_G2_Mid_0@13,C_M16_3,12.0,7.0,0.0,0.14285714285714285,0.14285714285714285,0.0,10.18052226416468,,,14.142135623730951,2.7174812964321107,MILD16,chronic
C2_G2_Mid_0@2|11_5,C2_G2_Mid_0@2,C_M16_3,35.0,5.0,0.2,0.0,,0.0,-0.6616486615603726,-0.451418026664652,2.0,28.284271247461902,3.377050554392157,MILD16,chronic
C2_G2_Mid_0@3|12_5,C2_G2_Mid_0@3,C_M16_3,8.0,7.0,0.0,0.0,0.0,0.0,-0.6909156372491009,,,14.142135623730951,2.7174812964321107,MILD16,chronic
C2_G2_Mid_0@3|12_7,C2_G2_Mid_0@3,C_M16_3,5.0,5.0,0.2,0.0,0.0,0.0,0.05831727173911173,,,197.58119540594691,5.291198061357432,MILD16,chronic
C2_G2_Mid_0@3|16_6,C2_G2_Mid_0@3,C_M16_3,10.0,13.0,0.1,0.23076923076923078,0.0,0.0,1.8805665636956148,1.196840638098634,7.0,28.284271247461902,3.377050554392157,MILD16,chronic
C2_G2_Mid_0@3|17_7,C2_G2_Mid_0@3,C_M16_3,25.0,16.0,0.08,0.1875,0.0,0.0,3.4869415402807418,1.5473208819969235,2.0,22.360679774997898,3.1510542574937324,MILD16,chronic
C2_G2_Mid_0@3|18_7,C2_G2_Mid_0@3,C_M16_3,5.0,7.0,0.2,0.14285714285714285,0.0,0.0,-0.2919425499766394,,,10.0,2.3978952727983707,MILD16,chronic
C2_G2_Mid_0@4|17_11,C2_G2_Mid_0@4,C_M16_3,5.0,5.0,0.0,0.0,0.0,0.0,-0.3884158877802568,,,162.78820596099706,5.098574166146536,MILD16,chronic
C2_G2_Mid_0@4|18_10,C2_G2_Mid_0@4,C_M16_3,6.0,6.0,0.0,0.0,0.0,0.0,0.08845452186624764,0.38027709419310896,2.0,41.23105625617661,3.743155880619243,MILD16,chronic
C2_G2_Mid_0@4|21_13,C2_G2_Mid_0@4,C_M16_3,30.0,6.0,0.26666666666666666,0.0,,0.0,0.9057681332060232,3.9944526058350527,1.0,17.071067811865476,2.8943121959332228,MILD16,chronic
C2_G2_Mid_0@9|4_14,C2_G2_Mid_0@9,C_M16_3,15.0,9.0,0.0,0.2222222222222222,0.0,0.0,8.657664096970533,,,14.142135623730951,2.7174812964321107,MILD16,chronic
C2_G2_Mid_0@9|5_14,C2_G2_Mid_0@9,C_M16_3,10.0,6.0,0.0,0.0,0.16666666666666666,0.0,3.0972603058966217,-1.3624741542731786,3.0,76.71183818789534,4.353007603398927,MILD16,chronic
C2_G2_Mid_0@9|5_15,C2_G2_Mid_0@9,C_M16_3,25.0,7.0,0.2,0.14285714285714285,0.0,0.0,7.738996195280203,2.188094124059594,2.0,40.6155281280883,3.7284733699282553,MILD16,chronic
C2_G2_Mid_1@11|59_16,C2_G2_Mid_1@11,C_S16_2,6.0,6.0,0.0,0.0,0.0,0.16666666666666666,1.6095885564631773,3.929425329683813,3.0,112.91047069245164,4.735412795046656,SEVERE16,chronic
C2_G2_Mid_1@13|46_16,C2_G2_Mid_1@13,C_S16_2,6.0,13.0,0.0,0.07692307692307693,0.0,0.0,-0.9772386785403029,-0.6927059263547679,1.0,53.85164807134504,4.004632233149422,SEVERE16,chronic
C2_G2_Mid_1@13|47_15,C2_G2_Mid_1@13,C_S16_2,12.0,15.0,0.0,0.0,0.0,0.0,0.4596955826078267,1.4173102067694274,8.0,40.0,3.713572066704308,SEVERE16,chronic
C2_G2_Mid_1@16|39_16,C2_G2_Mid_1@16,C_S16_2,27.0,16.0,0.2962962962962963,0.0,0.0,0.0,2.439561937967608,,,20.0,3.044522437723423,SEVERE16,chronic
C2_G2_Mid_1@16|42_17,C2_G2_Mid_1@16,C_S16_2,33.0,8.0,0.15151515151515152,0.0,0.0,0.36363636363636365,1.3621164283551652,,,22.360679774997898,3.1510542574937324,SEVERE16,chronic
C2_G2_Mid_1@16|42_19,C2_G2_Mid_1@16,C_S16_2,14.0,6.0,0.14285714285714285,0.0,0.0,0.0,-0.18140909418636716,,,82.7376956126856,4.427689241854176,SEVERE16,chronic
C2_G2_Mid_1@16|44_18,C2_G2_Mid_1@16,C_S16_2,8.0,13.0,0.0,0.07692307692307693,0.0,0.125,-0.45878788582826213,-0.044251086830603914,5.0,170.29386365926402,5.143380582500844,SEVERE16,chronic
C2_G2_Mid_1@17|59_18,C2_G2_Mid_1@17,C_S16_2,8.0,6.0,0.125,0.0,0.0,0.0,-0.10546323566265292,0.41057223131776244,1.0,36.05551275463989,3.6124171329715926,SEVERE16,chronic
C2_G2_Mid_1@17|61_16,C2_G2_Mid_1@17,C_S16_2,21.0,28.0,0.09523809523809523,0.03571428571428571,0.0,0.0,0.100068499377641,3.2732004332590288,13.0,42.426406871192846,3.771067709327022,SEVERE16,chronic
C2_G2_Mid_1@17|61_19,C2_G2_Mid_1@17,C_S16_2,5.0,8.0,0.0,0.125,0.0,0.0,-0.05096535674834536,3.830867747455066,1.0,20.0,3.044522437723423,SEVERE16,chronic
C2_G2_Mid_1@17|62_19,C2_G2_Mid_1@17,C_S16_2,11.0,9.0,0.0,0.0,0.0,0.0,-1.1160268230557406,0.6027544770062347,2.0,107.20153254455275,4.6839955303097875,SEVERE16,chronic
C2_G2_Mid_1@17|62_21,C2_G2_Mid_1@17,C_S16_2,7.0,8.0,0.0,0.0,0.0,0.0,-0.4932736445287239,,,50.99019513592785,3.951055145724373,SEVERE16,chronic
C2_G2_Mid_1@17|63_19,C2_G2_Mid_1@17,C_S16_2,12.0,15.0,0.0,0.13333333333333333,0.0,0.0,-0.7964918921416729,1.817196762612163,1.0,140.356688476182,4.951286401564024,SEVERE16,chronic
C2_G2_Mid_1@17|63_20,C2_G2_Mid_1@17,C_S16_2,10.0,37.0,0.1,0.02702702702702703,0.0,0.0,-1.1045620103624656,-0.2610825313427715,5.0,139.2838827718412,4.943668103616054,SEVERE16,chronic
C2_G2_Mid_1@17|63_21,C2_G2_Mid_1@17,C_S16_2,6.0,5.0,0.16666666666666666,0.2,0.0,0.0,0.5201365239459395,,,156.5247584249853,5.059582642260749,SEVERE16,chronic
C2_G2_Mid_1@17|63_22,C2_G2_Mid_1@17,C_S16_2,8.0,6.0,0.0,0.0,0.0,0.125,-0.07724658218760225,,,165.22683929858744,5.113353357341378,SEVERE16,chronic
C2_G2_Mid_1@17|64_17,C2_G2_Mid_1@17,C_S16_2,6.0,6.0,0.0,0.0,0.0,0.0,4.579057854831713,3.732578407674939,7.0,17.071067811865476,2.8943121959332228,SEVERE16,chronic
C2_G2_Mid_1@17|64_19,C2_G2_Mid_1@17,C_S16_2,21.0,18.0,0.19047619047619047,0.16666666666666666,0.0,0.14285714285714285,-2.9409797988185433,,,82.46211251235322,4.424392786517565,SEVERE16,chronic
C2_G2_Mid_1@17|64_22,C2_G2_Mid_1@17,C_S16_2,6.0,6.0,0.0,0.0,,0.0,0.04353400222794434,,,94.24428900898052,4.5564450542982975,SEVERE16,chronic
C2_G2_Mid_1@17|64_24,C2_G2_Mid_1@17,C_S16_2,5.0,5.0,0.2,0.0,0.0,0.0,0.5450931231161773,9.566285087926476,1.0,169.99432871384528,5.141630390536566,SEVERE16,chronic
C2_G2_Mid_1@30|46_19,C2_G2_Mid_1@30,C_S16_2,9.0,5.0,0.0,0.0,0.0,0.0,-0.37706652034450716,-0.12409230196519774,2.0,28.284271247461902,3.377050554392157,SEVERE16,chronic
C2_G2_Mid_1@36|41_22,C2_G2_Mid_1@36,C_S16_2,6.0,5.0,0.0,0.0,,0.16666666666666666,-0.7345775019098539,,,30.0,3.4339872044851463,SEVERE16,chronic
C2_G2_Mid_1@36|42_24,C2_G2_Mid_1@36,C_S16_2,5.0,9.0,0.0,0.1111111111111111,0.3333333333333333,0.0,-0.5456772906399633,,1.0,87.44137827658345,4.482339940180153,SEVERE16,chronic
C2_G2_Mid_1@36|43_22,C2_G2_Mid_1@36,C_S16_2,5.0,9.0,0.0,0.0,0.0,0.0,-0.47337055794811655,,,163.40020031478218,5.102303701081083,SEVERE16,chronic
C2_G2_Mid_1@45|48_25,C2_G2_Mid_1@45,C_S16_2,18.0,13.0,0.16666666666666666,0.0,0.0,0.0,0.09543608732272392,0.14232261352189043,5.0,20.0,3.044522437723423,SEVERE16,chronic
C2_G2_Mid_1@45|49_25,C2_G2_Mid_1@45,C_S16_2,6.0,12.0,0.16666666666666666,0.0,0.0,0.0,0.046300595595013795,0.17197708518732657,3.0,33.839144678161844,3.5507416016875912,SEVERE16,chronic
C2_G2_Mid_1@49|43_28,C2_G2_Mid_1@49,C_S16_2,13.0,8.0,0.15384615384615385,0.0,0.0,0.0,1.2500907998372,-1.621557530817674,4.0,14.142135623730951,2.7174812964321107,SEVERE16,chronic
C2_G2_Mid_1@50|56_30,C2_G2_Mid_1@50,C_S16_2,10.0,8.0,0.0,0.0,,0.0,0.8392411916459231,,1.0,156.6778149855096,5.060553805477458,SEVERE16,chronic
C2_G2_Mid_1@50|58_28,C2_G2_Mid_1@50,C_S16_2,13.0,7.0,0.0,0.0,0.0,0.0,-0.650304192893741,2.1709864886725763,2.0,30.0,3.4339872044851463,SEVERE16,chronic
C2_G2_Mid_1@50|58_29,C2_G2_Mid_1@50,C_S16_2,15.0,11.0,0.13333333333333333,0.0,,0.0,-0.2871212651579676,5.41434255941553,2.0,120.41594578792296,4.79922221915902,SEVERE16,chronic
C2_G2_Mid_1@6|50_14,C2_G2_Mid_1@6,C_S16_2,7.0,13.0,0.0,0.0,0.0,0.0,-0.7479171563914477,0.1520520547093063,5.0,20.0,3.044522437723423,SEVERE16,chronic
C2_G2_Mid_1@9|54_15,C2_G2_Mid_1@9,C_S16_2,8.0,17.0,0.0,0.0,0.0,0.0,-0.8665732509005497,,,41.23105625617661,3.743155880619243,SEVERE16,chronic
C2_G2_Top_1@15|49_22,C2_G2_Top_1@15,C_S16_1,25.0,11.0,0.04,0.0,0.0,0.0,0.03825252747400852,0.02439031707818198,7.0,194.80045310108233,5.277096044195276,SEVERE16,chronic
C2_G2_Top_1@15|50_22,C2_G2_Top_1@15,C_S16_1,6.0,18.0,0.0,0.0,0.0,0.0,0.028715441861542627,0.011850229084623224,7.0,195.12492197250396,5.278751813207376,SEVERE16,chronic
C2_G2_Top_1@17|57_23,C2_G2_Top_1@17,C_S16_1,8.0,7.0,0.0,0.0,0.0,0.0,0.008330899488929152,-0.027130585452865227,1.0,407.18546143004664,6.011721633450549,SEVERE16,chronic
C2_G2_Top_1@3|52_20,C2_G2_Top_1@3,C_S16_1,43.0,6.0,0.32558139534883723,0.0,,0.023255813953488372,1.266346474213292,9.615883314056527,4.0,20.0,3.044522437723423,SEVERE16,chronic
C2_G2_Top_1@3|53_21,C2_G2_Top_1@3,C_S16_1,8.0,9.0,0.0,0.0,0.0,0.25,-0.005670563542676361,0.48049500409669804,1.0,140.0,4.948759890378168,SEVERE16,chronic
C2_G2_Top_1@6|48_21,C2_G2_Top_1@6,C_S16_1,23.0,27.0,0.21739130434782608,0.0,0.0,0.0,-0.02961047614946704,0.20819515706860228,5.0,45.6155281280883,3.841933707258398,SEVERE16,chronic
C2_G2_Top_1@6|49_21,C2_G2_Top_1@6,C_S16_1,20.0,21.0,0.0,0.0,0.0,0.1,-0.6323144731630292,0.018400413666737496,2.0,67.0820393249937,4.220713438648939,SEVERE16,chronic
C2_G2_Top_1@6|50_20,C2_G2_Top_1@6,C_S16_1,26.0,7.0,0.11538461538461539,0.0,,0.038461538461538464,3.274289409676396,1.4105959735393852,3.0,14.142135623730951,2.7174812964321107,SEVERE16,chronic
C2_G2_Top_1@6|50_21,C2_G2_Top_1@6,C_S16_1,20.0,28.0,0.05,0.0,0.0,0.0,-0.2254109279430151,-0.08440829281360387,4.0,85.44003745317531,4.459450964923822,SEVERE16,chronic
C2_G2_Top_1@6|51_20,C2_G2_Top_1@6,C_S16_1,6.0,15.0,0.16666666666666666,0.0,0.0,0.0,1.434892621832513,1.4310286043459148,1.0,22.360679774997898,3.1510542574937324,SEVERE16,chronic
C2_G2_Top_1@8|41_25,C2_G2_Top_1@8,C_S16_1,12.0,10.0,0.25,0.2,0.5,0.0,-0.9522257802951634,,,20.0,3.044522437723423,SEVERE16,chronic
C2_G2_Top_1@8|43_22,C2_G2_Top_1@8,C_S16_1,15.0,10.0,0.06666666666666667,0.0,0.0,0.3333333333333333,1.5620934032383156,3.8446170614815056,7.0,14.142135623730951,2.7174812964321107,SEVERE16,chronic
C2_G2_Top_1@8|44_22,C2_G2_Top_1@8,C_S16_1,8.0,11.0,0.125,0.0,0.09090909090909091,0.0,-0.15618195185973874,-0.751090465145803,2.0,64.03124237432849,4.174867806332253,SEVERE16,chronic
C2_G2_Top_1@8|44_26,C2_G2_Top_1@8,C_S16_1,5.0,5.0,0.2,0.0,0.0,0.0,-0.006462394081045136,0.37269941362478354,2.0,167.03185795666724,5.124153592120079,SEVERE16,chronic
C2_G2_Top_1@8|46_26,C2_G2_Top_1@8,C_S16_1,9.0,8.0,0.1111111111111111,0.0,0.0,0.0,0.002473205607688274,-0.052633553680247046,3.0,330.0,5.802118375377063,SEVERE16,chronic
C2_G2_Top_1@8|47_23,C2_G2_Top_1@8,C_S16_1,8.0,6.0,0.125,0.0,0.0,0.0,0.12371311345436525,,,222.03603311174518,5.407333341867658,SEVERE16,chronic
C2_G2_Top_1@8|47_24,C2_G2_Top_1@8,C_S16_1,6.0,11.0,0.0,0.0,0.0,0.0,0.09385319107398007,0.1353767667407621,2.0,332.41540277189324,5.8093891683254135,SEVERE16,chronic
C2_G2_Top_1@8|47_25,C2_G2_Top_1@8,C_S16_1,7.0,8.0,0.0,0.0,0.0,0.0,-0.01906019832789378,-0.010290482483362251,1.0,408.0441152620633,6.013823011502631,SEVERE16,chronic
C2_G2_Top_1@8|47_26,C2_G2_Top_1@8,C_S16_1,5.0,22.0,0.0,0.0,0.0,0.0,0.007291840145337564,,,437.3785545725808,6.083082816947755,SEVERE16,chronic
C2_G2_Top_1@8|47_28,C2_G2_Top_1@8,C_S16_1,7.0,17.0,0.0,0.0,0.0,0.0,-0.04324363164058438,-0.3779261071860504,1.0,296.98484809834997,5.697042639905187,SEVERE16,chronic
C2_G2_Top_1@8|47_31,C2_G2_Top_1@8,C_S16_1,6.0,6.0,0.0,0.0,0.0,0.0,-0.48097292087948573,2.9452449829270777,5.0,17.071067811865476,2.8943121959332228,SEVERE16,chronic
C2_G2_Top_1@8|48_26,C2_G2_Top_1@8,C_S16_1,12.0,13.0,0.0,0.0,0.0,0.0,-0.023442943754665185,,1.0,501.59744815937813,6.219789547817212,SEVERE16,chronic
C2_G2_Top_1@8|48_28,C2_G2_Top_1@8,C_S16_1,8.0,16.0,0.25,0.0,0.0,0.0,-0.1551905954882097,-0.15054081132007388,5.0,324.7295533680135,5.786067446170084,SEVERE16,chronic
C2_G2_Top_1@8|48_29,C2_G2_Top_1@8,C_S16_1,8.0,8.0,0.125,0.0,0.0,0.0,0.19535126166844982,0.04148614386344112,1.0,236.1822878491451,5.4688289925359355,SEVERE16,chronic
C2_G2_Top_1@8|48_30,C2_G2_Top_1@8,C_S16_1,10.0,6.0,0.0,0.16666666666666666,,0.0,-0.13453344285725158,,,125.20797289396148,4.837931124767348,SEVERE16,chronic
C2_G2_Top_1@8|48_31,C2_G2_Top_1@8,C_S16_1,10.0,6.0,0.1,0.0,,0.0,1.902520525477011,1.2506882701035442,4.0,14.142135623730951,2.7174812964321107,SEVERE16,chronic
C2_G2_Top_1@8|49_26,C2_G2_Top_1@8,C_S16_1,11.0,11.0,0.0,0.0,0.0,0.0,-0.009180826297319443,-0.07645543004567366,3.0,529.6191413575415,6.274044515982358,SEVERE16,chronic
C2_G2_Top_1@8|49_27,C2_G2_Top_1@8,C_S16_1,13.0,13.0,0.0,0.0,0.0,0.0,-0.030342348403261703,-0.024694270638060085,8.0,423.6148941815303,6.051182626801672,SEVERE16,chronic
C2_G2_Top_1@8|49_28,C2_G2_Top_1@8,C_S16_1,11.0,14.0,0.0,0.0,0.0,0.0,-0.025750140499130186,-0.03651899746072994,6.0,352.2782990761707,5.867256128974978,SEVERE16,chronic
C2_G2_Top_1@8|49_29,C2_G2_Top_1@8,C_S16_1,7.0,12.0,0.14285714285714285,0.0,0.0,0.0,-0.05068302086342772,-0.15389857644606378,5.0,220.90722034374522,5.402259368137185,SEVERE16,chronic
C2_G2_Top_1@8|50_28,C2_G2_Top_1@8,C_S16_1,5.0,10.0,0.0,0.1,,0.0,0.020857848064133915,-0.03157863269148661,1.0,330.0,5.802118375377063,SEVERE16,chronic
C2_G2_Top_1@8|50_30,C2_G2_Top_1@8,C_S16_1,10.0,5.0,0.2,0.0,,0.0,-0.08983956560659384,,,131.52946437965906,4.88680499338181,SEVERE16,chronic
C2_G2_Top_1@8|51_25,C2_G2_Top_1@8,C_S16_1,8.0,11.0,0.0,0.0,0.0,0.0,-0.09528000680626021,-0.049614953335633476,2.0,533.3854141237834,6.281117327919904,SEVERE16,chronic
C2_G2_Top_1@8|51_26,C2_G2_Top_1@8,C_S16_1,23.0,12.0,0.13043478260869565,0.0,,0.0,-0.08325946671817322,-0.10242276743324298,2.0,560.8921464952064,6.331309921325704,SEVERE16,chronic
C2_G2_Top_1@8|51_29,C2_G2_Top_1@8,C_S16_1,9.0,8.0,0.0,0.0,,0.0,0.03536991654949894,-0.19246036184506896,1.0,250.0,5.5254529391317835,SEVERE16,chronic
C2_G2_Top_1@8|51_30,C2_G2_Top_1@8,C_S16_1,6.0,9.0,0.16666666666666666,0.0,0.0,0.16666666666666666,0.00737906596925712,-0.06747918593201815,1.0,145.60219778561037,4.9877227810564815,SEVERE16,chronic
C2_G2_Top_1@8|52_23,C2_G2_Top_1@8,C_S16_1,10.0,16.0,0.0,0.0,0.0,0.0,0.04201949760833453,,,322.49030993194197,5.779169159649801,SEVERE16,chronic
C2_G2_Top_1@8|52_25,C2_G2_Top_1@8,C_S16_1,15.0,6.0,0.0,0.0,0.0,0.0,-0.06994867656741773,-0.07664750703275407,3.0,491.6299421312742,6.199758267702905,SEVERE16,chronic
C2_G2_Top_1@8|52_26,C2_G2_Top_1@8,C_S16_1,10.0,5.0,0.1,0.0,,0.0,-0.11441285626925998,-0.0160268935356268,2.0,560.8921464952064,6.331309921325704,SEVERE16,chronic
C2_G2_Top_1@8|52_28,C2_G2_Top_1@8,C_S16_1,7.0,7.0,0.0,0.0,0.0,0.0,-0.47191975231751904,-1.171170916034607,5.0,372.22130017873945,5.922171541778426,SEVERE16,chronic
C2_G2_Top_1@8|53_23,C2_G2_Top_1@8,C_S16_1,23.0,6.0,0.0,0.0,0.0,0.0,-0.023301475606053782,-0.1853069971012747,6.0,366.742416417845,5.907382737699497,SEVERE16,chronic
C2_G2_Top_1@8|53_24,C2_G2_Top_1@8,C_S16_1,8.0,12.0,0.125,0.0,0.0,0.0,-0.018272282268027393,-0.022404673400717143,3.0,438.34810365117835,6.085292045672558,SEVERE16,chronic
C2_G2_Top_1@8|53_25,C2_G2_Top_1@8,C_S16_1,19.0,9.0,0.05263157894736842,0.0,,0.0,-0.014249794885753399,-0.031133829975658424,6.0,508.1797780234433,6.232801152664973,SEVERE16,chronic
C2_G2_Top_1@8|53_27,C2_G2_Top_1@8,C_S16_1,7.0,8.0,0.0,0.0,0.0,0.0,-0.027880064254314222,-0.08444187314224237,7.0,471.2748667179272,6.157561160830028,SEVERE16,chronic
C2_G2_Top_1@8|54_24,C2_G2_Top_1@8,C_S16_1,17.0,13.0,0.0,0.0,0.0,0.0,-0.027398206747668016,-0.007348506867752201,4.0,428.7755832643195,6.063263173065417,SEVERE16,chronic
C2_G2_Top_1@8|55_23,C2_G2_Top_1@8,C_S16_1,11.0,17.0,0.0,0.0,0.0,0.0,0.009524132221494706,0.005845474531066468,5.0,366.1187075997202,5.90568524970481,SEVERE16,chronic
C2_G2_Top_1@8|57_25,C2_G2_Top_1@8,C_S16_1,26.0,20.0,0.038461538461538464,0.0,0.0,0.0,-0.026373347566008495,-0.005891910431527817,4.0,516.7168031224738,6.249428380639144,SEVERE16,chronic
C2_G2_Top_1@8|59_23,C2_G2_Top_1@8,C_S16_1,7.0,5.0,0.14285714285714285,0.0,0.0,0.0,0.024759916912119845,0.3843779322643503,2.0,224.69726061580707,5.419194546469403,SEVERE16,chronic
C2_G2_Top_1@8|59_26,C2_G2_Top_1@8,C_S16_1,6.0,10.0,0.16666666666666666,0.1,0.0,0.3333333333333333,0.034987530975409624,,,345.14492751706547,5.846857553014253,SEVERE16,chronic
C2_G2_Top_1@8|60_20,C2_G2_Top_1@8,C_S16_1,13.0,27.0,0.0,0.07407407407407407,0.0,0.0,0.18180998951559962,0.33554035303491125,5.0,87.44137827658345,4.482339940180153,SEVERE16,chronic
C2_G2_Top_1@8|60_21,C2_G2_Top_1@8,C_S16_1,17.0,17.0,0.11764705882352941,0.0,0.0,0.0,-0.012656414517845514,0.04394739707503459,10.0,121.03559819694368,4.80431279067081,SEVERE16,chronic
C2_G2_Top_1@8|61_21,C2_G2_Top_1@8,C_S16_1,43.0,13.0,0.37209302325581395,0.15384615384615385,0.0,0.09302325581395349,0.3290166970604122,0.18419557846946394,2.0,30.811388300841898,3.4598243483434987,SEVERE16,chronic
C2_G2_Top_1@8|61_22,C2_G2_Top_1@8,C_S16_1,17.0,9.0,0.11764705882352941,0.2222222222222222,,0.0,0.12664363266813142,0.021135869222582548,5.0,10.0,2.3978952727983707,SEVERE16,chronic
C2_G2_Top_1@8|61_29,C2_G2_Top_1@8,C_S16_1,26.0,16.0,0.23076923076923078,0.3125,0.0,0.15384615384615385,0.8025797798791907,,,28.284271247461902,3.377050554392157,SEVERE16,chronic
C2_G2_Top_1@8|61_30,C2_G2_Top_1@8,C_S16_1,15.0,17.0,0.26666666666666666,0.058823529411764705,0.0,0.4666666666666667,3.3767041861426135,,,18.251407699364425,2.9575841852998375,SEVERE16,chronic
C2_G2_Top_2@11|100_22,C2_G2_Top_2@11,C_M16_3,6.0,5.0,0.0,0.0,0.0,0.0,-2.4912698731951832,-2.116765199615978,2.0,420.5948168962618,6.04404470326226,MILD16,chronic
C2_G2_Top_2@11|100_23,C2_G2_Top_2@11,C_M16_3,6.0,5.0,0.3333333333333333,0.0,0.0,0.0,-2.5168452476987704,-2.3803908717697038,2.0,344.81879299133334,5.845914918190445,MILD16,chronic
C2_G2_Top_2@15|89_25,C2_G2_Top_2@15,C_M16_3,11.0,13.0,0.0,0.0,0.0,0.0,19.609074430847638,40.771964057238286,2.0,20.0,3.044522437723423,MILD16,chronic
C2_G2_Top_2@15|90_25,C2_G2_Top_2@15,C_M16_3,33.0,19.0,0.06060606060606061,0.05263157894736842,,0.0,1.740067625783808,6.589527345925009,3.0,41.82873156368473,3.7572091755848236,MILD16,chronic
C2_G2_Top_2@17|91_25,C2_G2_Top_2@17,C_M16_3,7.0,14.0,0.0,0.0,0.0,0.0,-4.853342726794352,7.051725406882205,4.0,31.622776601683796,3.485010713180571,MILD16,chronic
C2_G2_Top_2@17|92_25,C2_G2_Top_2@17,C_M16_3,15.0,15.0,0.06666666666666667,0.0,0.0,0.0,0.45579161945425944,-0.8254113043264413,6.0,30.811388300841898,3.4598243483434987,MILD16,chronic
C2_G2_Top_2@1|100_8,C2_G2_Top_2@1,C_M16_3,15.0,15.0,0.06666666666666667,0.0,0.0,0.0,1.4390963851813607,23.70734287658939,1.0,14.142135623730951,2.7174812964321107,MILD16,chronic
C2_G2_Top_2@20|97_26,C2_G2_Top_2@20,C_M16_3,7.0,7.0,0.0,0.0,0.0,0.0,9.625864404665652,40.40269976466982,2.0,85.73164506180079,4.4628188121378445,MILD16,chronic
C2_G2_Top_2@4|103_16,C2_G2_Top_2@4,C_M16_3,7.0,13.0,0.14285714285714285,0.15384615384615385,0.0,0.0,-0.6483015063866411,12.844914227449395,3.0,64.03124237432849,4.174867806332253,MILD16,chronic
C2_G2_Top_2@8|90_19,C2_G2_Top_2@8,C_M16_3,5.0,5.0,0.0,0.0,0.0,0.0,-0.5620815158247631,,,130.0,4.875197323201151,MILD16,chronic
C2_G2_Top_2@8|91_20,C2_G2_Top_2@8,C_M16_3,6.0,6.0,0.0,0.3333333333333333,0.0,0.0,0.4737247764809759,,,234.28260704619908,5.460787374795533,MILD16,chronic
C2_G2_Top_2@9|89_22,C2_G2_Top_2@9,C_M16_3,6.0,5.0,0.16666666666666666,0.0,0.0,0.0,-0.8782186114975352,8.013790303184528,2.0,41.23105625617661,3.743155880619243,MILD16,chronic
C2_G3_Bot_0@12|12_7,C2_G3_Bot_0@12,C_S16_3,7.0,7.0,0.0,0.0,0.0,0.0,0.01851350573379908,0.25328959639610793,2.0,451.0261162296052,6.113739957432111,SEVERE16,chronic
C2_G3_Bot_0@12|13_7,C2_G3_Bot_0@12,C_S16_3,8.0,9.0,0.0,0.0,0.0,0.0,-0.06669915016295866,0.17577733729101974,2.0,415.9326868617085,6.03292478637482,SEVERE16,chronic
C2_G3_Bot_0@14|13_8,C2_G3_Bot_0@14,C_S16_3,16.0,11.0,0.0,0.0,0.0,0.0,-0.17940089263462428,-0.14966370259617734,5.0,500.0,6.2166061010848646,SEVERE16,chronic
C2_G3_Bot_0@14|13_9,C2_G3_Bot_0@14,C_S16_3,9.0,13.0,0.0,0.0,0.0,0.0,-0.0034134952809760106,-0.20703866925438305,1.0,570.2604009925396,6.347845149469427,SEVERE16,chronic
C2_G3_Bot_0@14|14_8,C2_G3_Bot_0@14,C_S16_3,17.0,11.0,0.0,0.0,0.0,0.0,-0.009128337100244178,-0.04127899548759807,2.0,436.2290034690354,6.080457093235241,SEVERE16,chronic
C2_G3_Bot_0@14|15_7,C2_G3_Bot_0@14,C_S16_3,10.0,10.0,0.0,0.0,0.0,0.0,-0.055739788469537394,-0.16320359460447983,3.0,296.03081866510234,5.69383589996849,SEVERE16,chronic
C2_G3_Bot_0@19|16_11,C2_G3_Bot_0@19,C_S16_3,5.0,8.0,0.0,0.125,0.0,0.0,-0.056241603614377585,-0.15867640076469824,4.0,547.8138369920935,6.307759289271842,SEVERE16,chronic
C2_G3_Bot_0@19|16_12,C2_G3_Bot_0@19,C_S16_3,9.0,12.0,0.0,0.0,0.0,0.0,-0.1282991658749253,-0.20695450359889667,2.0,471.6990566028302,6.1584589420341995,SEVERE16,chronic
C2_G3_Bot_0@19|17_11,C2_G3_Bot_0@19,C_S16_3,6.0,10.0,0.0,0.0,0.0,0.0,-0.10500369443779861,-0.09744720184709732,5.0,483.19883274123566,6.182495633805546,SEVERE16,chronic
C2_G3_Bot_0@19|17_12,C2_G3_Bot_0@19,C_S16_3,6.0,8.0,0.0,0.0,0.0,0.0,-0.03325332977522657,0.11974187016993927,2.0,445.5333881989093,6.101514175121989,SEVERE16,chronic
C2_G3_Bot_0@1|10_6,C2_G3_Bot_0@1,C_S16_3,6.0,5.0,0.0,0.2,,0.0,-0.19593320203278128,,,322.02484376209236,5.777729235936911,SEVERE16,chronic
C2_G3_Bot_0@1|13_2,C2_G3_Bot_0@1,C_S16_3,8.0,17.0,0.0,0.23529411764705882,0.1,0.0,-0.6337888361894196,5.932063508776684,1.0,20.0,3.044522437723423,SEVERE16,chronic
C2_G3_Bot_0@1|14_2,C2_G3_Bot_0@1,C_S16_3,8.0,6.0,0.125,0.16666666666666666,0.0,0.0,-0.07693715193806273,,,10.0,2.3978952727983707,SEVERE16,chronic
C2_G3_Bot_0@1|7_6,C2_G3_Bot_0@1,C_S16_3,12.0,8.0,0.0,0.0,,0.08333333333333333,0.48167202733318515,2.1105717025448847,5.0,63.63839778884804,4.16880862722322,SEVERE16,chronic
C2_G3_Bot_0@1|8_7,C2_G3_Bot_0@1,C_S16_3,7.0,8.0,0.14285714285714285,0.0,0.0,0.0,-0.19056929672708,-0.34665646077390416,2.0,201.24611797498108,5.309485361563938,SEVERE16,chronic
C2_G3_Bot_0@20|11_12,C2_G3_Bot_0@20,C_S16_3,12.0,6.0,0.0,0.0,0.16666666666666666,0.0,0.31919080038301056,2.8960961010988155,2.0,367.6955262170047,5.909971171228333,SEVERE16,chronic
C2_G3_Bot_0@20|9_11,C2_G3_Bot_0@20,C_S16_3,7.0,15.0,0.0,0.0,0.0,0.0,-0.3793647994004442,,,255.244811231626,5.546133281395416,SEVERE16,chronic
C2_G3_Bot_0@20|9_14,C2_G3_Bot_0@20,C_S16_3,13.0,11.0,0.07692307692307693,0.09090909090909091,0.0,0.15384615384615385,-0.0807335375214002,0.8671568276079443,5.0,102.64820374673158,4.6410025087435045,SEVERE16,chronic
C2_G3_Bot_0@3|14_15,C2_G3_Bot_0@3,C_S16_3,9.0,5.0,0.1111111111111111,0.0,0.0,0.0,-0.29309198690352867,7.048532233260814,1.0,224.65856099730655,5.419023064827903,SEVERE16,chronic
C2_G3_Bot_0@3|17_10,C2_G3_Bot_0@3,C_S16_3,5.0,6.0,0.0,0.0,0.0,0.0,-0.15587797780949975,0.32848635272043913,1.0,451.7742799230607,6.115393722985602,SEVERE16,chronic
C2_G3_Bot_0@3|17_14,C2_G3_Bot_0@3,C_S16_3,5.0,11.0,0.0,0.0,0.14285714285714285,0.0,0.32314444181571766,,,270.64382526571706,5.604491742261433,SEVERE16,chronic
C2_G3_Bot_0@3|17_17,C2_G3_Bot_0@3,C_S16_3,15.0,15.0,0.2,0.26666666666666666,0.0,0.13333333333333333,-1.4556819530258736,,,36.05551275463989,3.6124171329715926,SEVERE16,chronic
C2_G3_Bot_0@3|18_10,C2_G3_Bot_0@3,C_S16_3,12.0,8.0,0.08333333333333333,0.125,0.0,0.0,-0.1849336767134616,0.08602372641367076,2.0,390.5124837953327,5.970017402011448,SEVERE16,chronic
C2_G3_Bot_0@3|18_11,C2_G3_Bot_0@3,C_S16_3,12.0,15.0,0.0,0.0,,0.0,0.006440544120633419,-0.17837994890791223,4.0,375.89892258425004,5.931977041644037,SEVERE16,chronic
C2_G3_Bot_0@3|18_12,C2_G3_Bot_0@3,C_S16_3,19.0,10.0,0.0,0.1,,0.0,3.5731757106187796e-05,5.278629576244157,1.0,353.5533905932738,5.870858942793474,SEVERE16,chronic
C2_G3_Bot_0@3|18_13,C2_G3_Bot_0@3,C_S16_3,6.0,11.0,0.16666666666666666,0.0,0.0,0.3333333333333333,-0.03243892892205541,,,290.6888370749727,5.675687607629154,SEVERE16,chronic
C2_G3_Bot_0@3|18_8,C2_G3_Bot_0@3,C_S16_3,7.0,6.0,0.0,0.0,,0.0,-0.3231982133807634,4.126000149513872,2.0,304.7950130825634,5.722914985587507,SEVERE16,chronic
C2_G3_Bot_0@3|19_15,C2_G3_Bot_0@3,C_S16_3,15.0,5.0,0.3333333333333333,0.0,,0.5333333333333333,-0.0060982714415011175,4.731339009447838,1.0,36.05551275463989,3.6124171329715926,SEVERE16,chronic
C2_G3_Bot_0@3|19_8,C2_G3_Bot_0@3,C_S16_3,7.0,16.0,0.0,0.0625,0.3333333333333333,0.0,-1.1112668339147962,3.382608527864889,3.0,205.18284528683193,5.328763373586755,SEVERE16,chronic
C2_G3_Bot_0@3|20_10,C2_G3_Bot_0@3,C_S16_3,5.0,9.0,0.0,0.0,0.2,0.0,-0.12949237771560687,3.8840046977829465,3.0,208.43141695851494,5.344396320413307,SEVERE16,chronic
C2_G3_Bot_0@3|20_14,C2_G3_Bot_0@3,C_S16_3,16.0,15.0,0.3125,0.13333333333333333,,0.875,4.798727222052122,,,36.05551275463989,3.6124171329715926,SEVERE16,chronic
C2_G3_Bot_0@3|20_9,C2_G3_Bot_0@3,C_S16_3,5.0,8.0,0.0,0.0,0.0,0.0,0.73974143459054,1.3103595618768862,1.0,214.7091055358389,5.373930766393044,SEVERE16,chronic
C2_G3_Bot_0@3|21_12,C2_G3_Bot_0@3,C_S16_3,16.0,7.0,0.0625,0.2857142857142857,,0.375,-0.5878739886657487,0.21574948676466366,6.0,41.23105625617661,3.743155880619243,SEVERE16,chronic
C2_G3_Bot_0@3|21_13,C2_G3_Bot_0@3,C_S16_3,31.0,19.0,0.12903225806451613,0.05263157894736842,0.25,0.4838709677419355,1.4730272068961372,0.7851551174160599,3.0,25.3224755112299,3.2704231564123165,SEVERE16,chronic
C2_G3_Bot_0@3|22_10,C2_G3_Bot_0@3,C_S16_3,7.0,7.0,0.0,0.0,0.0,0.0,-0.5898507028040951,4.877461526106815,2.0,12.071067811865476,2.570401223753042,SEVERE16,chronic
C2_G3_Bot_0@8|14_5,C2_G3_Bot_0@8,C_S16_3,11.0,7.0,0.09090909090909091,0.0,,0.0,-0.9171809410765784,-0.7831782903797969,5.0,234.82972940742707,5.463110059067897,SEVERE16,chronic
C2_G3_Bot_2@17|84_8,C2_G3_Bot_2@17,C_S30_1,13.0,9.0,0.0,0.0,0.0,0.0,0.05111516298983496,0.22278078677434265,6.0,610.9411708155671,6.41663615177356,SEVERE30,chronic
C2_G3_Bot_2@17|84_9,C2_G3_Bot_2@17,C_S30_1,12.0,7.0,0.08333333333333333,0.0,0.0,0.0,-0.08046069634315878,0.4278478611342092,1.0,517.8802950489621,6.25167321118543,SEVERE30,chronic
C2_G3_Bot_2@17|85_8,C2_G3_Bot_2@17,C_S30_1,9.0,11.0,0.0,0.0,0.0,0.0,-0.09417532155576488,0.0011164477827379435,5.0,612.6159438749751,6.419369233866337,SEVERE30,chronic
C2_G3_Bot_2@17|85_9,C2_G3_Bot_2@17,C_S30_1,7.0,11.0,0.14285714285714285,0.0,0.0,0.0,-0.0962653310760822,1.020605186180608,1.0,539.7094290490184,6.292882034832207,SEVERE30,chronic
C2_G3_Bot_2@18|81_13,C2_G3_Bot_2@18,C_S30_1,10.0,8.0,0.0,0.0,0.0,0.1,1.0543346299791299,-0.5651239067942515,7.0,94.86832980505139,4.562975685481548,SEVERE30,chronic
C2_G3_Bot_2@18|81_14,C2_G3_Bot_2@18,C_S30_1,25.0,18.0,0.16,0.2222222222222222,0.0,0.0,-1.2628328861172133,4.0962070823859,1.0,22.360679774997898,3.1510542574937324,SEVERE30,chronic
C2_G3_Bot_2@18|82_14,C2_G3_Bot_2@18,C_S30_1,32.0,9.0,0.1875,0.0,,0.0,-1.793067423633409,,,20.0,3.044522437723423,SEVERE30,chronic
C2_G3_Bot_2@18|83_14,C2_G3_Bot_2@18,C_S30_1,26.0,6.0,0.15384615384615385,0.0,0.0,0.0,-0.8554840222722219,,,14.142135623730951,2.7174812964321107,SEVERE30,chronic
C2_G3_Bot_2@1|72_7,C2_G3_Bot_2@1,C_S30_1,20.0,12.0,0.15,0.16666666666666666,,0.0,3.563952421765837,5.460586860394803,6.0,33.839144678161844,3.5507416016875912,SEVERE30,chronic
C2_G3_Bot_2@1|72_8,C2_G3_Bot_2@1,C_S30_1,8.0,5.0,0.125,0.2,0.0,0.0,2.386074172111367,,,28.284271247461902,3.377050554392157,SEVERE30,chronic
C2_G3_Bot_2@1|73_3,C2_G3_Bot_2@1,C_S30_1,38.0,5.0,0.13157894736842105,0.0,,0.0,1.9076466353953767,8.811523507793613,2.0,20.0,3.044522437723423,SEVERE30,chronic
C2_G3_Bot_2@1|73_9,C2_G3_Bot_2@1,C_S30_1,16.0,11.0,0.0625,0.0,,0.0,0.14807557066350122,0.28392072215779396,4.0,78.10249675906654,4.370744438865426,SEVERE30,chronic
C2_G3_Bot_2@1|74_5,C2_G3_Bot_2@1,C_S30_1,6.0,6.0,0.0,0.0,,0.0,-0.7868143439360746,2.34976919728612,2.0,174.4427190999916,5.167312602735491,SEVERE30,chronic
C2_G3_Bot_2@1|76_2,C2_G3_Bot_2@1,C_S30_1,36.0,26.0,0.05555555555555555,0.07692307692307693,0.0,0.0,5.399967769922525,2.808058001760172,12.0,60.4138126514911,4.117634771603666,SEVERE30,chronic
C2_G3_Bot_2@1|76_3,C2_G3_Bot_2@1,C_S30_1,8.0,5.0,0.0,0.0,0.0,0.0,1.2858579425060086,3.406781708051675,2.0,114.0175425099138,4.745084660294132,SEVERE30,chronic
C2_G3_Bot_2@1|77_1,C2_G3_Bot_2@1,C_S30_1,6.0,19.0,0.0,0.0,0.0,0.0,3.5918553018937804,0.8134649712029097,2.0,50.99019513592785,3.951055145724373,SEVERE30,chronic
C2_G3_Bot_2@1|77_2,C2_G3_Bot_2@1,C_S30_1,25.0,28.0,0.08,0.07142857142857142,0.0,0.0,3.146615019734191,1.510557172849826,12.0,114.0175425099138,4.745084660294132,SEVERE30,chronic
C2_G3_Bot_2@1|77_3,C2_G3_Bot_2@1,C_S30_1,9.0,6.0,0.0,0.0,0.0,0.0,-0.29862861963261983,3.463922494769884,2.0,206.15528128088303,5.333468663158029,SEVERE30,chronic
C2_G3_Bot_2@1|77_4,C2_G3_Bot_2@1,C_S30_1,7.0,12.0,0.14285714285714285,0.0,0.0,0.0,0.131066135211882,0.0415974279834208,2.0,268.70057685088807,5.59731236900468,SEVERE30,chronic
C2_G3_Bot_2@1|78_1,C2_G3_Bot_2@1,C_S30_1,48.0,22.0,0.1875,0.045454545454545456,0.0,0.0,5.098319610319543,3.2572509452648415,9.0,30.0,3.4339872044851463,SEVERE30,chronic
C2_G3_Bot_2@1|78_4,C2_G3_Bot_2@1,C_S30_1,8.0,7.0,0.0,0.0,0.0,0.0,-0.2282940033546849,0.13584772038526285,2.0,318.9043743820395,5.768022121079047,SEVERE30,chronic
C2_G3_Bot_2@1|79_1,C2_G3_Bot_2@1,C_S30_1,15.0,25.0,0.0,0.08,0.0,0.0,5.190926709034148,6.495638082191672,7.0,56.568542494923804,4.0529762812736765,SEVERE30,chronic
C2_G3_Bot_2@1|79_3,C2_G3_Bot_2@1,C_S30_1,9.0,13.0,0.0,0.23076923076923078,0.0,0.0,-0.09785461935638146,1.9310530972576088,1.0,257.45241229474567,5.554711585298415,SEVERE30,chronic
C2_G3_Bot_2@1|80_1,C2_G3_Bot_2@1,C_S30_1,21.0,38.0,0.0,0.02631578947368421,0.0,0.0,2.4919672378140616,9.485599227955653,5.0,50.0,3.9318256327243257,SEVERE30,chronic
C2_G3_Bot_2@1|81_1,C2_G3_Bot_2@1,C_S30_1,29.0,5.0,0.06896551724137931,0.0,,0.0,4.0179576792233975,3.7402354587820072,3.0,25.3224755112299,3.2704231564123165,SEVERE30,chronic
C2_G3_Bot_2@1|82_1,C2_G3_Bot_2@1,C_S30_1,18.0,5.0,0.16666666666666666,0.0,,0.0,0.9948250945070115,2.033695646176725,1.0,14.142135623730951,2.7174812964321107,SEVERE30,chronic
C2_G3_Bot_2@1|82_3,C2_G3_Bot_2@1,C_S30_1,7.0,5.0,0.0,0.0,0.0,0.0,0.045067649694243386,6.480782068073024,1.0,195.3168527166805,5.2797299494398455,SEVERE30,chronic
C2_G3_Bot_2@1|87_3,C2_G3_Bot_2@1,C_S30_1,6.0,8.0,0.0,0.0,0.0,0.0,-0.09533780932542048,,,188.1008018626079,5.242280216071117,SEVERE30,chronic
C2_G3_Bot_2@1|87_4,C2_G3_Bot_2@1,C_S30_1,5.0,12.0,0.0,0.0,0.0,0.0,0.06804210114301419,-0.11069750444702414,1.0,290.6888370749727,5.675687607629154,SEVERE30,chronic
C2_G3_Bot_2@1|88_2,C2_G3_Bot_2@1,C_S30_1,25.0,27.0,0.0,0.037037037037037035,0.0,0.0,4.578814257086841,2.8926597042032762,13.0,53.85164807134504,4.004632233149422,SEVERE30,chronic
C2_G3_Bot_2@1|89_2,C2_G3_Bot_2@1,C_S30_1,29.0,28.0,0.06896551724137931,0.03571428571428571,0.0,0.0,5.176499362642795,2.918858896194581,19.0,41.23105625617661,3.743155880619243,SEVERE30,chronic
C2_G3_Bot_2@1|90_2,C2_G3_Bot_2@1,C_S30_1,14.0,39.0,0.07142857142857142,0.10256410256410256,0.10344827586206896,0.0,5.890255023052556,2.0400979953033698,9.0,31.622776601683796,3.485010713180571,SEVERE30,chronic
C2_G3_Bot_2@1|90_3,C2_G3_Bot_2@1,C_S30_1,29.0,27.0,0.06896551724137931,0.0,0.0,0.06896551724137931,3.6311502815089307,2.454820165629186,19.0,47.3606797749979,3.8786870822027604,SEVERE30,chronic
C2_G3_Bot_2@1|90_4,C2_G3_Bot_2@1,C_S30_1,9.0,7.0,0.0,0.0,0.0,0.0,0.1590212267212687,,,137.46957249092623,4.930650608284997,SEVERE30,chronic
C2_G3_Bot_2@1|91_3,C2_G3_Bot_2@1,C_S30_1,18.0,35.0,0.05555555555555555,0.02857142857142857,0.0,0.16666666666666666,-1.091542228998136,2.018178774335828,13.0,30.0,3.4339872044851463,SEVERE30,chronic
C2_G3_Bot_2@1|91_4,C2_G3_Bot_2@1,C_S30_1,24.0,6.0,0.041666666666666664,0.16666666666666666,,0.375,6.028912347043759,4.198265740101153,4.0,70.71067811865476,4.272639664252711,SEVERE30,chronic
C2_G3_Bot_2@1|92_11,C2_G3_Bot_2@1,C_S30_1,11.0,10.0,0.09090909090909091,0.0,0.0,0.18181818181818182,0.29503425562210384,3.521570944208677,5.0,72.11102550927978,4.291979183142695,SEVERE30,chronic
C2_G3_Bot_2@1|92_4,C2_G3_Bot_2@1,C_S30_1,18.0,17.0,0.05555555555555555,0.0,,0.0,7.207507274585487,4.491390933001963,11.0,40.0,3.713572066704308,SEVERE30,chronic
C2_G3_Bot_2@1|92_6,C2_G3_Bot_2@1,C_S30_1,7.0,8.0,0.0,0.0,0.0,0.0,0.20971174000385184,1.0461446802191197,4.0,212.13203435596427,5.361911853268888,SEVERE30,chronic
C2_G3_Bot_2@1|92_9,C2_G3_Bot_2@1,C_S30_1,8.0,6.0,0.125,0.0,,0.0,-0.7343139939901491,0.3636102869697021,1.0,186.01075237738274,5.2311661145458555,SEVERE30,chronic
C2_G3_Bot_2@1|93_10,C2_G3_Bot_2@1,C_S30_1,29.0,5.0,0.27586206896551724,0.0,,0.034482758620689655,6.181700872670787,6.074487942377612,2.0,22.360679774997898,3.1510542574937324,SEVERE30,chronic
C2_G3_Bot_2@1|93_6,C2_G3_Bot_2@1,C_S30_1,14.0,12.0,0.0,0.0,,0.0,3.7540442919486843,2.657551240260056,9.0,156.5247584249853,5.059582642260749,SEVERE30,chronic
C2_G3_Bot_2@1|93_7,C2_G3_Bot_2@1,C_S30_1,16.0,10.0,0.0,0.0,,0.0625,2.2503538537858336,2.6087378090968287,3.0,152.64302376253085,5.0346318841128,SEVERE30,chronic
C2_G3_Bot_2@1|94_6,C2_G3_Bot_2@1,C_S30_1,14.0,25.0,0.07142857142857142,0.04,0.1111111111111111,0.0,5.860600947849138,4.710461683185347,20.0,80.62257748298549,4.402105908540379,SEVERE30,chronic
C2_G3_Bot_2@1|94_7,C2_G3_Bot_2@1,C_S30_1,31.0,5.0,0.03225806451612903,0.0,,0.0,3.4826288550752795,4.254248655168798,10.0,56.568542494923804,4.0529762812736765,SEVERE30,chronic
C2_G3_Bot_2@24|88_14,C2_G3_Bot_2@24,C_S30_1,13.0,27.0,0.0,0.1111111111111111,0.07692307692307693,0.0,1.2464014380002073,0.5896631128569151,9.0,33.839144678161844,3.5507416016875912,SEVERE30,chronic
C2_G3_Bot_2@24|89_13,C2_G3_Bot_2@24,C_S30_1,21.0,17.0,0.047619047619047616,0.0,0.0,0.0,0.2809772085951681,-0.9841069251270204,7.0,63.63839778884804,4.16880862722322,SEVERE30,chronic
C2_G3_Bot_2@3|78_5,C2_G3_Bot_2@3,C_S30_1,8.0,10.0,0.0,0.0,0.0,0.0,-0.04960794865644774,-0.06628052782850974,5.0,403.8557269489028,6.003530773885852,SEVERE30,chronic
C2_G3_Bot_2@3|78_6,C2_G3_Bot_2@3,C_S30_1,8.0,6.0,0.0,0.0,0.0,0.0,-0.07475387778009546,-0.0702563806132626,4.0,489.7954928774848,6.196027529578382,SEVERE30,chronic
C2_G3_Bot_2@3|79_6,C2_G3_Bot_2@3,C_S30_1,5.0,7.0,0.0,0.0,0.08333333333333333,0.0,-0.053590955290591186,-0.1353033585394623,1.0,522.3451924468982,6.260241270144051,SEVERE30,chronic
C2_G3_Bot_2@8|83_7,C2_G3_Bot_2@8,C_S30_1,5.0,6.0,0.0,0.0,,0.0,0.0948322772725852,0.07395562508816823,1.0,520.8646657242167,6.25740829320396,SEVERE30,chronic
C2_G3_Mid_0@12|5_11,C2_G3_Mid_0@12,C_S16_3,7.0,13.0,0.42857142857142855,0.23076923076923078,0.0,0.8571428571428571,4.665153030299575,,,14.142135623730951,2.7174812964321107,SEVERE16,chronic
C2_G3_Mid_0@12|5_12,C2_G3_Mid_0@12,C_S16_3,36.0,5.0,0.1388888888888889,0.2,,0.19444444444444445,2.671416114189004,0.5769921878529384,8.0,20.0,3.044522437723423,SEVERE16,chronic
C2_G3_Mid_0@12|6_10,C2_G3_Mid_0@12,C_S16_3,8.0,13.0,0.0,0.15384615384615385,0.0,0.0,-0.1528570734106497,0.009059628018087412,3.0,28.284271247461902,3.377050554392157,SEVERE16,chronic
C2_G3_Mid_0@12|6_11,C2_G3_Mid_0@12,C_S16_3,33.0,19.0,0.09090909090909091,0.0,0.0,0.2727272727272727,0.17201564694257115,0.41389386539601636,14.0,38.643284505408246,3.679921564389673,SEVERE16,chronic
C2_G3_Mid_0@12|6_12,C2_G3_Mid_0@12,C_S16_3,10.0,17.0,0.0,0.0,0.0,0.0,-0.3185766813990231,-0.16814074441325083,3.0,80.62257748298549,4.402105908540379,SEVERE16,chronic
C2_G3_Mid_0@14|11_12,C2_G3_Mid_0@14,C_S16_3,6.0,13.0,0.0,0.0,0.0,0.0,0.018119587852842775,-0.034058318089097005,1.0,544.2425929675111,6.301230820335658,SEVERE16,chronic
C2_G3_Mid_0@14|12_12,C2_G3_Mid_0@14,C_S16_3,40.0,17.0,0.025,0.0,0.0,0.0,-0.010887793202280081,-0.022511383454289755,11.0,606.7124524847005,6.409701830102506,SEVERE16,chronic
C2_G3_Mid_0@14|12_13,C2_G3_Mid_0@14,C_S16_3,5.0,13.0,0.0,0.0,0.0,0.0,-0.06073883923323493,,,599.2892603935652,6.397411639698904,SEVERE16,chronic
C2_G3_Mid_0@14|13_11,C2_G3_Mid_0@14,C_S16_3,7.0,9.0,0.0,0.0,0.0,0.0,-0.027918301424530004,0.22517263929222617,1.0,593.3370799334887,6.387446633045305,SEVERE16,chronic
C2_G3_Mid_0@23|12_24,C2_G3_Mid_0@23,C_S16_3,29.0,20.0,0.10344827586206896,0.0,,0.0,0.6955734396399333,0.884566166379469,6.0,40.0,3.713572066704308,SEVERE16,chronic
C2_G3_Mid_0@23|13_17,C2_G3_Mid_0@23,C_S16_3,16.0,24.0,0.0,0.041666666666666664,0.0,0.0,-0.10080403816950641,-0.010613598413715413,4.0,602.9925372672534,6.403561842340692,SEVERE16,chronic
C2_G3_Mid_0@23|13_24,C2_G3_Mid_0@23,C_S16_3,21.0,7.0,0.047619047619047616,0.0,0.0,0.0,-0.5416029124467718,0.42285038991027973,7.0,81.54234499766935,4.413311434360282,SEVERE16,chronic
C2_G3_Mid_0@23|14_18,C2_G3_Mid_0@23,C_S16_3,18.0,12.0,0.0,0.0,0.0,0.0,-0.02357408106403371,-0.055778108044751536,3.0,650.0384592629001,6.478568717672336,SEVERE16,chronic
C2_G3_Mid_0@23|15_16,C2_G3_Mid_0@23,C_S16_3,12.0,8.0,0.0,0.125,0.0,0.0,-0.0012076320678399291,-0.04674824740606855,10.0,614.00325732035,6.421627564248346,SEVERE16,chronic
C2_G3_Mid_0@23|15_17,C2_G3_Mid_0@23,C_S16_3,21.0,6.0,0.0,0.0,,0.0,-0.14278564986749684,-0.10073743582123758,3.0,677.4215821775979,6.519768897323071,SEVERE16,chronic
C2_G3_Mid_0@23|15_19,C2_G3_Mid_0@23,C_S16_3,8.0,10.0,0.0,0.0,0.0,0.0,-0.04805362028929516,-0.13942996660131246,2.0,621.082244511578,6.433072309900964,SEVERE16,chronic
C2_G3_Mid_0@23|15_20,C2_G3_Mid_0@23,C_S16_3,17.0,13.0,0.058823529411764705,0.0,0.0,0.0,0.030983054445050562,1.0582756596415195,3.0,505.11530650740514,6.226764521800243,SEVERE16,chronic
C2_G3_Mid_0@23|15_23,C2_G3_Mid_0@23,C_S16_3,5.0,6.0,0.0,0.0,0.0,0.0,0.5195229212446835,2.906472529993278,2.0,220.2271554554524,5.399190026378419,SEVERE16,chronic
C2_G3_Mid_0@23|15_24,C2_G3_Mid_0@23,C_S16_3,5.0,7.0,0.0,0.0,0.0,0.0,-0.5254055160403291,3.9604671796023565,2.0,130.20797289396148,4.87678364367248,SEVERE16,chronic
C2_G3_Mid_0@23|15_25,C2_G3_Mid_0@23,C_S16_3,25.0,8.0,0.08,0.0,,0.04,7.3825830318351855,3.49748807122875,5.0,20.0,3.044522437723423,SEVERE16,chronic
C2_G3_Mid_0@23|16_17,C2_G3_Mid_0@23,C_S16_3,7.0,13.0,0.0,0.0,0.0,0.0,0.03506194251067898,-0.04280454544940572,6.0,599.0361768786238,6.396989948196194,SEVERE16,chronic
C2_G3_Mid_0@23|16_18,C2_G3_Mid_0@23,C_S16_3,18.0,15.0,0.0,0.0,0.0,0.0,-0.051065856023203036,0.5595403164263794,1.0,600.832755431992,6.39997959181409,SEVERE16,chronic
C2_G3_Mid_0@23|16_21,C2_G3_Mid_0@23,C_S16_3,11.0,12.0,0.0,0.08333333333333333,0.0,0.0,0.04439642468604237,0.24787325690292242,6.0,430.11626335213134,6.066377806284217,SEVERE16,chronic
C2_G3_Mid_0@23|16_25,C2_G3_Mid_0@23,C_S16_3,15.0,12.0,0.13333333333333333,0.0,0.0,0.0,4.364384244898555,1.4878114543930465,6.0,22.360679774997898,3.1510542574937324,SEVERE16,chronic
C2_G3_Mid_0@23|17_25,C2_G3_Mid_0@23,C_S16_3,22.0,23.0,0.045454545454545456,0.13043478260869565,,0.0,3.9909239656791984,5.13704283581444,6.0,20.0,3.044522437723423,SEVERE16,chronic
C2_G3_Mid_0@23|18_16,C2_G3_Mid_0@23,C_S16_3,9.0,8.0,0.0,0.0,0.0,0.0,0.015636928302838315,0.4324672993160172,2.0,370.1351104664349,5.916566175465113,SEVERE16,chronic
C2_G3_Mid_0@23|18_17,C2_G3_Mid_0@23,C_S16_3,13.0,11.0,0.0,0.0,0.0,0.0,-0.05802791554832176,,1.0,454.03236511304095,6.120368548537755,SEVERE16,chronic
C2_G3_Mid_0@23|18_18,C2_G3_Mid_0@23,C_S16_3,8.0,6.0,0.125,0.0,0.0,0.0,-0.0596727627724606,-0.09321652335551046,3.0,426.32056749476476,6.057534475109111,SEVERE16,chronic
C2_G3_Mid_0@23|18_19,C2_G3_Mid_0@23,C_S16_3,7.0,9.0,0.0,0.1111111111111111,0.0,0.0,-0.023681561383578874,-0.05514372405007682,5.0,394.61146434966224,5.980432578978964,SEVERE16,chronic
C2_G3_Mid_0@23|18_20,C2_G3_Mid_0@23,C_S16_3,10.0,7.0,0.1,0.0,0.0,0.0,-0.0305474241518549,-0.07974365259133132,1.0,380.52595180880894,5.944178874122032,SEVERE16,chronic
C2_G3_Mid_0@23|18_25,C2_G3_Mid_0@23,C_S16_3,26.0,17.0,0.038461538461538464,0.058823529411764705,,0.0,6.08111865335684,8.476365213116768,2.0,22.360679774997898,3.1510542574937324,SEVERE16,chronic
C2_G3_Mid_0@23|19_18,C2_G3_Mid_0@23,C_S16_3,6.0,6.0,0.0,0.0,0.0,0.0,-0.22214907728456773,-0.19934993388218156,1.0,354.16304013470824,5.872576952029248,SEVERE16,chronic
C2_G3_Mid_0@23|19_19,C2_G3_Mid_0@23,C_S16_3,10.0,10.0,0.0,0.0,0.0,0.0,0.0179552734069904,0.14425331035775232,4.0,290.6888370749727,5.675687607629154,SEVERE16,chronic
C2_G3_Mid_0@23|19_21,C2_G3_Mid_0@23,C_S16_3,5.0,6.0,0.0,0.16666666666666666,0.0,0.0,-0.24763716044243386,2.0022117649116242,3.0,298.328677803526,5.701542226518239,SEVERE16,chronic
C2_G3_Mid_0@23|20_22,C2_G3_Mid_0@23,C_S16_3,10.0,10.0,0.0,0.0,,0.0,0.09325478126183051,3.844860035722846,6.0,188.27603826639842,5.243206469465798,SEVERE16,chronic
C2_G3_Mid_0@23|21_24,C2_G3_Mid_0@23,C_S16_3,9.0,18.0,0.1111111111111111,0.0,0.0,0.0,-0.1190808607146864,,,28.284271247461902,3.377050554392157,SEVERE16,chronic
C2_G3_Mid_0@23|22_19,C2_G3_Mid_0@23,C_S16_3,16.0,8.0,0.0625,0.0,,0.125,-0.5806922761406629,3.344053579733147,8.0,14.142135623730951,2.7174812964321107,SEVERE16,chronic
C2_G3_Mid_0@23|23_18,C2_G3_Mid_0@23,C_S16_3,7.0,17.0,0.14285714285714285,0.23529411764705882,0.3333333333333333,0.14285714285714285,0.07714712718050845,-1.1654021007558988,3.0,20.0,3.044522437723423,SEVERE16,chronic
C2_G3_Mid_0@26|8_19,C2_G3_Mid_0@26,C_S16_3,6.0,7.0,0.0,0.0,0.0,0.0,-0.702760172632555,5.160125528351094,2.0,111.80339887498948,4.725646470480477,SEVERE16,chronic
C2_G3_Mid_0@26|8_20,C2_G3_Mid_0@26,C_S16_3,17.0,9.0,0.11764705882352941,0.0,0.0,0.0,0.3823839266818435,1.9211889891857141,4.0,86.02325267042627,4.466175355017631,SEVERE16,chronic
C2_G3_Mid_0@26|8_21,C2_G3_Mid_0@26,C_S16_3,8.0,6.0,0.125,0.16666666666666666,0.0,0.0,0.5369389891942371,1.2299513496314503,4.0,25.0,3.258096538021482,SEVERE16,chronic
C2_G3_Mid_0@26|9_19,C2_G3_Mid_0@26,C_S16_3,8.0,10.0,0.0,0.0,0.0,0.0,-0.43837561128439867,,1.0,155.21467256284856,5.051231167455279,SEVERE16,chronic
C2_G3_Mid_0@26|9_20,C2_G3_Mid_0@26,C_S16_3,5.0,12.0,0.0,0.0,0.0,0.0,-0.16748647164504496,-0.19724501146425372,3.0,150.0,5.017279836814924,SEVERE16,chronic
C2_G3_Mid_0@29|8_21,C2_G3_Mid_0@29,C_S16_3,10.0,6.0,0.0,0.0,,0.0,0.9760688238212172,3.72901115038139,3.0,18.251407699364425,2.9575841852998375,SEVERE16,chronic
C2_G3_Mid_0@29|8_22,C2_G3_Mid_0@29,C_S16_3,19.0,14.0,0.15789473684210525,0.21428571428571427,,0.3157894736842105,1.8858677462861828,2.3462181041641132,7.0,14.142135623730951,2.7174812964321107,SEVERE16,chronic
C2_G3_Mid_0@29|9_22,C2_G3_Mid_0@29,C_S16_3,17.0,13.0,0.17647058823529413,0.0,0.0,0.0,0.1559601973651651,2.1555859717533754,7.0,46.21320343559643,3.8546735872783127,SEVERE16,chronic
C2_G3_Mid_0@3|12_5,C2_G3_Mid_0@3,C_S16_3,8.0,7.0,0.0,0.14285714285714285,0.1111111111111111,0.0,-0.3902766871985328,0.8826251344913327,6.0,36.05551275463989,3.6124171329715926,SEVERE16,chronic
C2_G3_Mid_0@3|15_7,C2_G3_Mid_0@3,C_S16_3,6.0,12.0,0.0,0.0,0.16666666666666666,0.0,0.050072628698726175,,,215.05784891060952,5.3755461908576505,SEVERE16,chronic
C2_G3_Mid_0@3|16_9,C2_G3_Mid_0@3,C_S16_3,6.0,6.0,0.0,0.0,0.0,0.0,-0.06916332643666741,0.07088148821286636,4.0,269.07248094147417,5.598690370904062,SEVERE16,chronic
C2_G3_Mid_0@3|17_10,C2_G3_Mid_0@3,C_S16_3,12.0,9.0,0.0,0.0,,0.0,-0.05243748512579428,0.29791929492414704,6.0,281.7800560721074,5.644669408452477,SEVERE16,chronic
C2_G3_Mid_0@3|18_13,C2_G3_Mid_0@3,C_S16_3,5.0,6.0,0.2,0.0,0.0,0.0,-0.09749080999010697,,,270.7397274136177,5.604844723680998,SEVERE16,chronic
C2_G3_Mid_0@3|18_7,C2_G3_Mid_0@3,C_S16_3,22.0,22.0,0.2727272727272727,0.18181818181818182,,0.09090909090909091,-1.9115960972239432,-1.4874779546642163,2.0,17.071067811865476,2.8943121959332228,SEVERE16,chronic
C2_G3_Mid_0@3|19_11,C2_G3_Mid_0@3,C_S16_3,9.0,12.0,0.1111111111111111,0.08333333333333333,0.0,0.0,0.15432551509146772,1.008613295764154,4.0,155.24174696260025,5.051404467782157,SEVERE16,chronic
C2_G3_Mid_0@3|19_12,C2_G3_Mid_0@3,C_S16_3,13.0,5.0,0.07692307692307693,0.0,0.0,0.15384615384615385,-0.06558802728229346,0.9030886095297534,2.0,156.4852927038918,5.059332074247706,SEVERE16,chronic
C2_G3_Mid_0@3|19_15,C2_G3_Mid_0@3,C_S16_3,5.0,6.0,0.0,0.0,0.0,0.0,0.4799613394772933,1.5384242393298628,3.0,247.58836806279896,5.515798388210411,SEVERE16,chronic
C2_G3_Mid_0@3|19_8,C2_G3_Mid_0@3,C_S16_3,23.0,19.0,0.13043478260869565,0.10526315789473684,,0.17391304347826086,1.5492234208859859,1.9390562218773135,5.0,20.0,3.044522437723423,SEVERE16,chronic
C2_G3_Mid_0@3|20_11,C2_G3_Mid_0@3,C_S16_3,21.0,11.0,0.047619047619047616,0.09090909090909091,,0.047619047619047616,-0.17369242333619483,0.2744770546644768,15.0,62.036589253174895,4.143715339599484,SEVERE16,chronic
C2_G3_Mid_0@3|20_8,C2_G3_Mid_0@3,C_S16_3,14.0,6.0,0.2857142857142857,0.5,,0.0,-0.067710833750177,,,20.0,3.044522437723423,SEVERE16,chronic
C2_G3_Mid_0@3|21_14,C2_G3_Mid_0@3,C_S16_3,26.0,9.0,0.23076923076923078,0.1111111111111111,0.0,0.038461538461538464,0.5997092887063137,4.909741825885797,1.0,20.0,3.044522437723423,SEVERE16,chronic
C2_G3_Mid_0@3|21_15,C2_G3_Mid_0@3,C_S16_3,9.0,7.0,0.1111111111111111,0.14285714285714285,0.0,0.0,0.2062656698831438,2.003028287056575,3.0,100.24937810560445,4.6175865638009155,SEVERE16,chronic
C2_G3_Mid_0@3|22_16,C2_G3_Mid_0@3,C_S16_3,16.0,10.0,0.1875,0.0,,0.0,-0.15003929302278285,0.1483386590105351,7.0,29.14213562373095,3.4059240474807915,SEVERE16,chronic
C2_G3_Mid_0@6|8_8,C2_G3_Mid_0@6,C_S16_3,8.0,8.0,0.125,0.0,0.0,0.125,-0.15941287011202782,0.6744907594765952,3.0,102.64820374673158,4.6410025087435045,SEVERE16,chronic
C2_G3_Mid_0@6|9_8,C2_G3_Mid_0@6,C_S16_3,5.0,6.0,0.0,0.0,0.0,0.0,-0.2970067968759713,,,183.5755975068582,5.21805912214361,SEVERE16,chronic
C2_G3_Mid_0@7|12_8,C2_G3_Mid_0@7,C_S16_3,11.0,13.0,0.0,0.0,0.0,0.0,0.016669366860307067,-0.027938062515453423,6.0,251.89046844657972,5.532956463944633,SEVERE16,chronic
C2_G3_Mid_0@7|13_8,C2_G3_Mid_0@7,C_S16_3,13.0,5.0,0.07692307692307693,0.0,,0.0,-0.04053303805201723,-0.08534220885231328,4.0,305.44978519142137,5.725053908973496,SEVERE16,chronic
C2_G3_Mid_0@7|13_9,C2_G3_Mid_0@7,C_S16_3,6.0,13.0,0.0,0.0,0.0,0.0,0.003936808718066045,-0.031024482941214553,1.0,348.8552708502482,5.8575195571074214,SEVERE16,chronic
C2_G3_Mid_0@9|14_11,C2_G3_Mid_0@9,C_S16_3,11.0,8.0,0.0,0.0,,0.0,0.030123210914288323,,,563.6488268416781,6.336203992494056,SEVERE16,chronic
C2_G3_Mid_0@9|14_12,C2_G3_Mid_0@9,C_S16_3,13.0,11.0,0.07692307692307693,0.0,0.0,0.0,-0.011921949263177889,,,615.3860362356884,6.423873449451023,SEVERE16,chronic
C2_G3_Mid_0@9|14_9,C2_G3_Mid_0@9,C_S16_3,15.0,6.0,0.0,0.0,0.0,0.0,-0.09318966009926305,-0.038527005447691096,4.0,418.80783182743846,6.03979706330455,SEVERE16,chronic
C2_G3_Mid_1@16|49_13,C2_G3_Mid_1@16,C_M16_2,5.0,5.0,0.0,0.0,0.0,0.0,-0.1826742094042257,-0.11482217488984287,6.0,380.060313459786,5.942957665642154,MILD16,chronic
C2_G3_Mid_1@16|51_11,C2_G3_Mid_1@16,C_M16_2,10.0,11.0,0.0,0.0,0.0,0.0,-0.08157039289277931,-0.400827744401532,2.0,213.7755832643195,5.369593684219743,MILD16,chronic
C2_G3_Mid_1@19|56_15,C2_G3_Mid_1@19,C_M16_2,6.0,5.0,0.0,0.0,,0.0,-0.7913036883985466,0.8538472502308583,4.0,140.356688476182,4.951286401564024,MILD16,chronic
C2_G3_Mid_1@19|57_13,C2_G3_Mid_1@19,C_M16_2,14.0,14.0,0.07142857142857142,0.0,0.0,0.0,0.318190986229991,6.595223047366697,1.0,20.0,3.044522437723423,MILD16,chronic
C2_G3_Mid_1@19|57_14,C2_G3_Mid_1@19,C_M16_2,18.0,6.0,0.05555555555555555,0.0,0.0,0.0,1.4068646619097953,4.090746402536362,3.0,22.360679774997898,3.1510542574937324,MILD16,chronic
C2_G3_Mid_1@19|57_15,C2_G3_Mid_1@19,C_M16_2,10.0,11.0,0.1,0.0,0.047619047619047616,0.0,3.65258627178644,3.175200417236566,5.0,50.0,3.9318256327243257,MILD16,chronic
C2_G3_Mid_1@21|53_17,C2_G3_Mid_1@21,C_M16_2,16.0,6.0,0.125,0.0,0.0,0.0,-0.05100066665257087,-0.12546460998628842,2.0,364.1946510772167,5.9004305020560945,MILD16,chronic
C2_G3_Mid_1@24|50_18,C2_G3_Mid_1@24,C_M16_2,9.0,10.0,0.0,0.1,0.0,0.0,0.04943767105486837,,,460.4345773288535,6.134340282959648,MILD16,chronic
C2_G3_Mid_1@24|50_19,C2_G3_Mid_1@24,C_M16_2,7.0,9.0,0.0,0.1111111111111111,0.0,0.0,0.25889058297551365,,,376.3628664323667,5.933207234962544,MILD16,chronic
C2_G3_Mid_1@24|51_18,C2_G3_Mid_1@24,C_M16_2,6.0,12.0,0.0,0.0,0.0,0.0,-0.2357897080275163,0.08519920862965523,1.0,404.04101102062964,6.003988323759244,MILD16,chronic
C2_G3_Mid_1@24|51_19,C2_G3_Mid_1@24,C_M16_2,15.0,9.0,0.06666666666666667,0.1111111111111111,0.0,0.0,-0.4888096676971393,3.7811070047859134,1.0,319.35903797438993,5.769442360499262,MILD16,chronic
C2_G3_Mid_1@27|51_21,C2_G3_Mid_1@27,C_M16_2,9.0,6.0,0.0,0.16666666666666666,0.0,0.0,-1.1372173260914935,10.410136685475004,2.0,148.66068747318505,5.008370648208314,MILD16,chronic
C2_G3_Mid_1@27|52_22,C2_G3_Mid_1@27,C_M16_2,15.0,32.0,0.26666666666666666,0.03125,0.14285714285714285,0.0,7.67605675034883,5.566405414230478,2.0,22.360679774997898,3.1510542574937324,MILD16,chronic
C2_G3_Mid_1@2|48_9,C2_G3_Mid_1@2,C_M16_2,6.0,9.0,0.0,0.0,0.125,0.0,-0.23561202407018295,1.6623137578361993,1.0,60.0,4.110873864173311,MILD16,chronic
C2_G3_Mid_1@8|42_17,C2_G3_Mid_1@8,C_M16_2,5.0,6.0,0.0,0.0,0.0,0.0,-0.04858852742065499,4.069616363429447,2.0,98.48857801796103,4.600042843785899,MILD16,chronic
C2_G3_Mid_1@8|42_19,C2_G3_Mid_1@8,C_M16_2,6.0,10.0,0.0,0.0,0.1,0.0,-0.8202700866379973,2.0599628557110536,5.0,60.4138126514911,4.117634771603666,MILD16,chronic
C2_G3_Mid_1@8|42_20,C2_G3_Mid_1@8,C_M16_2,32.0,11.0,0.125,0.09090909090909091,0.0,0.03125,-0.7651726253540135,-3.3628302482924464,3.0,20.0,3.044522437723423,MILD16,chronic
C2_G3_Mid_1@8|44_18,C2_G3_Mid_1@8,C_M16_2,5.0,6.0,0.0,0.0,0.0,0.0,-0.4525335943516563,,,250.19992006393608,5.526249116377178,MILD16,chronic
C2_G3_Mid_1@8|45_9,C2_G3_Mid_1@8,C_M16_2,8.0,9.0,0.0,0.1111111111111111,0.05,0.0,-0.7892956117930845,,,30.0,3.4339872044851463,MILD16,chronic
C2_G3_Mid_1@8|46_13,C2_G3_Mid_1@8,C_M16_2,11.0,5.0,0.0,0.0,,0.0,-0.04062871252996455,0.19856572263712177,4.0,289.6531154341045,5.672130512941124,MILD16,chronic
C2_G3_Mid_1@8|46_16,C2_G3_Mid_1@8,C_M16_2,12.0,5.0,0.0,0.0,,0.0,-0.035501921555199434,0.1842532750343278,5.0,475.3945729601885,6.166246445645034,MILD16,chronic
C2_G3_Mid_1@8|46_17,C2_G3_Mid_1@8,C_M16_2,5.0,14.0,0.0,0.0,0.0,0.0,0.017959511807410525,-0.0058962473240676385,1.0,468.4015371452148,6.151458558113766,MILD16,chronic
C2_G3_Mid_1@8|47_13,C2_G3_Mid_1@8,C_M16_2,5.0,8.0,0.0,0.0,0.0,0.0,-0.0018025355001062837,0.6857615783607618,3.0,310.0,5.739792912179234,MILD16,chronic
C2_G3_Mid_1@8|47_17,C2_G3_Mid_1@8,C_M16_2,11.0,14.0,0.0,0.07142857142857142,0.0,0.0,-0.02194079803006352,-0.11897109873383371,1.0,560.8921464952064,6.331309921325704,MILD16,chronic
C2_G3_Mid_2@12|79_21,C2_G3_Mid_2@12,C_M16_2,8.0,5.0,0.125,0.0,0.0,0.0,5.384092161724285,5.489077081471551,2.0,63.24555320336759,4.16271251053762,MILD16,chronic
C2_G3_Mid_2@12|80_21,C2_G3_Mid_2@12,C_M16_2,7.0,6.0,0.0,0.0,0.0,0.0,4.841013033826123,6.029749779053566,3.0,183.84776310850236,5.219532584192312,MILD16,chronic
C2_G3_Mid_2@14|79_23,C2_G3_Mid_2@14,C_M16_2,7.0,5.0,0.0,0.0,0.0,0.0,5.979764244313306,10.85006783197087,3.0,42.3606797749979,3.7695530344761643,MILD16,chronic
C2_G3_Mid_2@14|79_24,C2_G3_Mid_2@14,C_M16_2,23.0,10.0,0.30434782608695654,0.1,0.0,0.0,-1.5419906416032891,,,28.284271247461902,3.377050554392157,MILD16,chronic
C2_G3_Mid_2@14|82_27,C2_G3_Mid_2@14,C_M16_2,17.0,28.0,0.17647058823529413,0.2857142857142857,0.0,0.0,2.1116506277054166,3.369184108469679,3.0,50.0,3.9318256327243257,MILD16,chronic
C2_G3_Mid_2@14|83_26,C2_G3_Mid_2@14,C_M16_2,7.0,9.0,0.0,0.0,0.0,0.0,1.2740194858452454,18.77746123132805,3.0,171.8995963512788,5.15271105810745,MILD16,chronic
C2_G3_Mid_2@14|83_27,C2_G3_Mid_2@14,C_M16_2,23.0,6.0,0.13043478260869565,0.0,,0.30434782608695654,11.489249700976426,9.314307969205984,14.0,31.622776601683796,3.485010713180571,MILD16,chronic
C2_G3_Mid_2@14|83_28,C2_G3_Mid_2@14,C_M16_2,9.0,7.0,0.0,0.14285714285714285,0.0,0.2222222222222222,11.486136606951654,5.841210997756364,5.0,14.142135623730951,2.7174812964321107,MILD16,chronic
C2_G3_Mid_2@14|84_27,C2_G3_Mid_2@14,C_M16_2,20.0,24.0,0.05,0.041666666666666664,0.0,0.0,10.276790376903442,4.730498402348982,13.0,84.85281374238569,4.452634361906983,MILD16,chronic
C2_G3_Mid_2@14|84_28,C2_G3_Mid_2@14,C_M16_2,37.0,29.0,0.08108108108108109,0.0,0.0,0.05405405405405406,12.066478198148491,8.959985853952242,17.0,40.0,3.713572066704308,MILD16,chronic
C2_G3_Mid_2@14|84_29,C2_G3_Mid_2@14,C_M16_2,5.0,13.0,0.2,0.07692307692307693,0.0,0.0,3.630994794538907,,,15.0,2.772588722239781,MILD16,chronic
C2_G3_Mid_2@14|85_23,C2_G3_Mid_2@14,C_M16_2,6.0,7.0,0.0,0.0,0.0,0.0,-0.13092864052831452,0.20886563414561354,2.0,509.2150822589606,6.234832366734834,MILD16,chronic
C2_G3_Mid_2@14|85_24,C2_G3_Mid_2@14,C_M16_2,18.0,12.0,0.0,0.0,0.0,0.0,0.16178505305964513,0.6237178183093788,4.0,407.6760470346088,6.012922781156646,MILD16,chronic
C2_G3_Mid_2@14|85_28,C2_G3_Mid_2@14,C_M16_2,34.0,35.0,0.0,0.08571428571428572,0.0,0.029411764705882353,-2.4999171121556705,1.349847277751888,17.0,100.4987562112089,4.620046544330001,MILD16,chronic
C2_G3_Mid_2@14|85_29,C2_G3_Mid_2@14,C_M16_2,16.0,18.0,0.1875,0.0,0.0,0.0,5.090897075103724,4.38198772772657,1.0,22.360679774997898,3.1510542574937324,MILD16,chronic
C2_G3_Mid_2@14|86_23,C2_G3_Mid_2@14,C_M16_2,20.0,7.0,0.0,0.0,0.0,0.0,-0.06811903758055864,-0.04021432378381814,5.0,538.5164807134504,6.290673332356628,MILD16,chronic
C2_G3_Mid_2@14|86_24,C2_G3_Mid_2@14,C_M16_2,6.0,8.0,0.0,0.0,0.0,0.0,-0.16969850595436117,1.126891049809307,1.0,428.83252613324714,6.063395658714141,MILD16,chronic
C2_G3_Mid_2@14|86_25,C2_G3_Mid_2@14,C_M16_2,11.0,7.0,0.0,0.0,0.0,0.0,0.05765824342808747,4.375939703320345,2.0,377.48242622739525,5.936169641753084,MILD16,chronic
C2_G3_Mid_2@14|86_29,C2_G3_Mid_2@14,C_M16_2,7.0,6.0,0.0,0.16666666666666666,0.0,0.0,-1.3079819767146936,10.370493497101942,2.0,22.360679774997898,3.1510542574937324,MILD16,chronic
C2_G3_Mid_2@15|90_25,C2_G3_Mid_2@15,C_M16_2,6.0,5.0,0.0,0.0,0.0,0.0,0.4779266968050332,4.968313591772999,2.0,306.75723300355935,5.7293112676431575,MILD16,chronic
C2_G3_Mid_2@17|92_24,C2_G3_Mid_2@17,C_M16_2,5.0,8.0,0.0,0.0,0.16666666666666666,0.4,0.45583227277645527,-0.4346133743830676,1.0,308.86890422961005,5.736149318454272,MILD16,chronic
C2_G3_Mid_2@17|92_25,C2_G3_Mid_2@17,C_M16_2,7.0,7.0,0.0,0.0,0.0,0.0,1.6427207597698823,4.705448085693547,2.0,211.77657367599144,5.3602426652985065,MILD16,chronic
C2_G3_Mid_2@4|81_15,C2_G3_Mid_2@4,C_M16_2,7.0,17.0,0.0,0.23529411764705882,0.0,0.0,3.291874337100497,2.8192593910951027,3.0,36.05551275463989,3.6124171329715926,MILD16,chronic
C2_G3_Mid_2@4|81_16,C2_G3_Mid_2@4,C_M16_2,10.0,10.0,0.0,0.0,0.0,0.0,2.2040124231378493,-0.9740555951970151,6.0,111.80339887498948,4.725646470480477,MILD16,chronic
C2_G3_Mid_2@4|83_14,C2_G3_Mid_2@4,C_M16_2,13.0,10.0,0.3076923076923077,0.0,0.0,0.0,3.4221434777488753,,,22.360679774997898,3.1510542574937324,MILD16,chronic
C2_G3_Mid_2@4|83_16,C2_G3_Mid_2@4,C_M16_2,7.0,12.0,0.2857142857142857,0.0,0.0,0.0,0.6134194994704589,0.34191727086123724,1.0,208.80613017821102,5.346183914687904,MILD16,chronic
C2_G3_Mid_2@4|84_14,C2_G3_Mid_2@4,C_M16_2,15.0,22.0,0.26666666666666666,0.09090909090909091,0.0,0.6666666666666666,5.718634525041169,3.3249623006365576,4.0,36.05551275463989,3.6124171329715926,MILD16,chronic
C2_G3_Mid_2@4|84_16,C2_G3_Mid_2@4,C_M16_2,9.0,7.0,0.1111111111111111,0.0,0.0,0.3333333333333333,0.6067894884970885,6.7770011056832455,4.0,225.82094138490328,5.424160901739666,MILD16,chronic
C2_G3_Mid_2@4|84_17,C2_G3_Mid_2@4,C_M16_2,9.0,7.0,0.0,0.0,0.0,0.0,1.500418500456882,11.057664601839146,1.0,331.131926410653,5.805532258693239,MILD16,chronic
C2_G3_Mid_2@4|85_19,C2_G3_Mid_2@4,C_M16_2,5.0,8.0,0.0,0.25,0.125,0.0,0.09799690213733575,,,523.9274758971894,6.263260111901046,MILD16,chronic
C2_G3_Mid_2@4|86_15,C2_G3_Mid_2@4,C_M16_2,9.0,11.0,0.1111111111111111,0.0,0.0,0.0,0.8217779720682277,,,181.40574956295916,5.206233598870182,MILD16,chronic
C2_G3_Mid_2@4|86_16,C2_G3_Mid_2@4,C_M16_2,11.0,11.0,0.0,0.0,0.0,0.0,-0.20751574247043858,1.2063769017767352,1.0,257.48054110253486,5.554820414915997,MILD16,chronic
C2_G3_Mid_2@7|90_14,C2_G3_Mid_2@7,C_M16_2,7.0,13.0,0.0,0.0,0.0,0.0,-0.6808430428009408,-0.5667451447299445,4.0,29.14213562373095,3.4059240474807915,MILD16,chronic
C2_G3_Mid_2@8|93_16,C2_G3_Mid_2@8,C_M16_2,5.0,6.0,0.0,0.0,0.0,0.0,1.1470407334186028,-1.3125343005719183,4.0,84.85281374238569,4.452634361906983,MILD16,chronic
C2_G3_Mid_2@8|93_18,C2_G3_Mid_2@8,C_M16_2,5.0,7.0,0.0,0.0,0.0,0.0,-1.0052100724601136,0.7978918383208331,1.0,209.87818063775046,5.351280623800401,MILD16,chronic
C2_G3_Mid_2@8|94_17,C2_G3_Mid_2@8,C_M16_2,11.0,8.0,0.0,0.25,,0.0,0.9068474133454572,2.1662830816817173,2.0,41.23105625617661,3.743155880619243,MILD16,chronic
C2_G3_Mid_2@8|94_23,C2_G3_Mid_2@8,C_M16_2,7.0,5.0,0.0,0.0,0.0,0.0,-0.000553968362239407,,,161.24515496597098,5.089108493603487,MILD16,chronic
C2_G3_Mid_2@8|95_18,C2_G3_Mid_2@8,C_M16_2,16.0,14.0,0.3125,0.07142857142857142,0.5,0.0,0.42046457494856715,6.1637188916839545,3.0,28.284271247461902,3.377050554392157,MILD16,chronic
C2_G3_Mid_2@8|95_19,C2_G3_Mid_2@8,C_M16_2,8.0,6.0,0.0,0.0,0.0,0.0,2.222001766229555,3.327109706989714,2.0,71.41085181396727,4.282356175092996,MILD16,chronic
C2_G3_Mid_2@8|95_23,C2_G3_Mid_2@8,C_M16_2,6.0,10.0,0.0,0.1,0.0,0.16666666666666666,3.2241430896509575,3.3251319684456764,8.0,50.0,3.9318256327243257,MILD16,chronic
C2_G3_Top_0@4|16_31,C2_G3_Top_0@4,C_P1_6,16.0,29.0,0.125,0.06896551724137931,0.0,0.0,9.065297695146787,8.30903973312063,4.0,22.360679774997898,3.1510542574937324,PEAK1,chronic
C2_G3_Top_0@4|17_31,C2_G3_Top_0@4,C_P1_6,25.0,7.0,0.24,0.0,,0.12,3.4713331590205594,11.202766215604537,4.0,20.0,3.044522437723423,PEAK1,chronic
C2_G3_Top_0@4|18_31,C2_G3_Top_0@4,C_P1_6,6.0,9.0,0.16666666666666666,0.2222222222222222,0.0,0.0,6.012210606830174,10.439140856573156,2.0,14.142135623730951,2.7174812964321107,PEAK1,chronic
C2_G3_Top_0@4|19_29,C2_G3_Top_0@4,C_P1_6,16.0,15.0,0.0625,0.0,,0.0,-1.2042073261374233,1.259843312820521,5.0,140.356688476182,4.951286401564024,PEAK1,chronic
C2_G3_Top_0@4|19_30,C2_G3_Top_0@4,C_P1_6,13.0,21.0,0.0,0.0,0.0,0.0,-0.2833359297695935,7.582071754996076,3.0,71.75588850572997,4.287109844435521,PEAK1,chronic
C2_G3_Top_0@4|20_30,C2_G3_Top_0@4,C_P1_6,20.0,16.0,0.0,0.125,0.16666666666666666,0.0,2.953198837779259,2.932346458268246,4.0,65.4138126514911,4.195905056708647,PEAK1,chronic
C2_G3_Top_0@4|22_30,C2_G3_Top_0@4,C_P1_6,9.0,10.0,0.0,0.1,0.2,0.0,-2.140238782378658,10.779004041583809,1.0,30.0,3.4339872044851463,PEAK1,chronic
C2_G3_Top_0@4|24_30,C2_G3_Top_0@4,C_P1_6,44.0,10.0,0.29545454545454547,0.0,,0.09090909090909091,4.230115956644905,,,22.360679774997898,3.1510542574937324,PEAK1,chronic
C2_G3_Top_0@4|32_26,C2_G3_Top_0@4,C_P1_6,17.0,22.0,0.4117647058823529,0.18181818181818182,0.0,0.7058823529411765,7.641436165397212,7.111285723864977,6.0,148.66068747318505,5.008370648208314,PEAK1,chronic
C2_G3_Top_0@4|32_27,C2_G3_Top_0@4,C_P1_6,39.0,23.0,0.28205128205128205,0.08695652173913043,0.125,0.23076923076923078,4.737285137470083,1.5287816949614623,3.0,96.41419466926354,4.578971935854117,PEAK1,chronic
C2_G3_Top_0@4|33_25,C2_G3_Top_0@4,C_P1_6,29.0,33.0,0.3793103448275862,0.030303030303030304,0.14285714285714285,0.1724137931034483,0.7492699861075505,7.157043024803846,1.0,56.568542494923804,4.0529762812736765,PEAK1,chronic
G3_L1_1@8|38_15,G3_L1_1@8,C_P1_1,8.0,16.0,0.125,0.0,0.0,0.625,-0.13839771298795783,,,12.071067811865476,2.570401223753042,PEAK1,chronic
G3_L1_1@8|38_20,G3_L1_1@8,C_P1_1,24.0,6.0,0.20833333333333334,0.16666666666666666,,0.625,1.1904776130023575,,,20.0,3.044522437723423,PEAK1,chronic
G3_L1_1@8|56_31,G3_L1_1@8,C_P1_1,32.0,6.0,0.3125,0.0,,0.75,3.778635246622925,,,28.284271247461902,3.377050554392157,PEAK1,chronic
G3_L1_1@8|58_19,G3_L1_1@8,C_P1_1,42.0,11.0,0.2619047619047619,0.0,,0.38095238095238093,7.533957551145866,,,22.360679774997898,3.1510542574937324,PEAK1,chronic
G3_L1_1@8|58_26,G3_L1_1@8,C_P1_1,17.0,10.0,0.17647058823529413,0.0,0.04,0.9411764705882353,3.8737476485504545,,,14.142135623730951,2.7174812964321107,PEAK1,chronic
G3_L1_2@103|73_28,G3_L1_2@103,C_OS1_3,19.0,14.0,0.05263157894736842,0.0,0.0,0.0,0.47158325225414083,0.9668597947916932,3.0,28.284271247461902,3.377050554392157,OS1,chronic
G3_L1_2@103|73_29,G3_L1_2@103,C_OS1_3,16.0,10.0,0.0,0.0,,0.0,-0.3984186458457736,-0.5819952553964272,2.0,47.3606797749979,3.8786870822027604,OS1,chronic
G3_L1_2@105|78_28,G3_L1_2@105,C_OS1_3,5.0,13.0,0.0,0.0,0.0,0.0,0.023720982738105738,-0.3866450864465416,2.0,439.88629021645994,6.088786996884878,OS1,chronic
G3_L1_2@105|78_29,G3_L1_2@105,C_OS1_3,14.0,7.0,0.0,0.0,0.0,0.0,-0.2242161862486746,-0.45726311890756177,4.0,366.87872655688284,5.907753336456479,OS1,chronic
G3_L1_2@109|74_29,G3_L1_2@109,C_OS1_3,14.0,16.0,0.0,0.0,0.0,0.0,-0.033577495448336166,-0.34843716879338255,6.0,122.6742096872471,4.817650766854803,OS1,chronic
G3_L1_2@109|74_30,G3_L1_2@109,C_OS1_3,17.0,8.0,0.058823529411764705,0.0,,0.0,-0.04999749242721419,,,121.65525060596438,4.809377579457692,OS1,chronic
G3_L1_2@109|75_29,G3_L1_2@109,C_OS1_3,12.0,13.0,0.0,0.0,0.0,0.08333333333333333,-0.11762911762300424,-0.4160382683960112,4.0,202.48456731316588,5.315590165707993,OS1,chronic
G3_L1_2@109|76_30,G3_L1_2@109,C_OS1_3,12.0,14.0,0.0,0.0,0.0,0.0,-0.17803253145093048,-0.4704691384856793,5.0,255.6355440195826,5.5476569617608265,OS1,chronic
G3_L1_2@109|76_31,G3_L1_2@109,C_OS1_3,5.0,20.0,0.0,0.0,0.0,0.0,-0.01568884742202329,-0.24703365271646083,3.0,161.55494421403512,5.091016062860918,OS1,chronic
G3_L1_2@109|76_32,G3_L1_2@109,C_OS1_3,13.0,24.0,0.0,0.0,0.0,0.0,-0.17888776647891974,-0.345552745383688,3.0,78.10249675906654,4.370744438865426,OS1,chronic
G3_L1_2@109|76_34,G3_L1_2@109,C_OS1_3,18.0,9.0,0.1111111111111111,0.0,0.0,0.2777777777777778,-0.20066941443489641,0.960470864932001,1.0,20.0,3.044522437723423,OS1,chronic
G3_L1_2@109|78_31,G3_L1_2@109,C_OS1_3,7.0,7.0,0.0,0.0,0.0,0.0,0.004991039825135768,,,169.83852574162734,5.140718816467683,OS1,chronic
G3_L1_2@115|86_32,G3_L1_2@115,C_OS1_3,5.0,5.0,0.0,0.0,0.0,0.0,0.0930112436486834,0.5500646443825556,2.0,29.14213562373095,3.4059240474807915,OS1,chronic
G3_L1_2@116|85_34,G3_L1_2@116,C_OS1_3,9.0,6.0,0.2222222222222222,0.0,,0.0,-0.3289052049809329,-0.25190496701608195,3.0,122.06555615733703,4.812717190279601,OS1,chronic
G3_L1_2@14|83_16,G3_L1_2@14,C_OS1_3,12.0,5.0,0.0,0.0,,0.0,-0.3506695483473835,-0.557117296412114,6.0,53.85164807134504,4.004632233149422,OS1,chronic
G3_L1_2@14|85_16,G3_L1_2@14,C_OS1_3,5.0,5.0,0.0,0.0,0.0,0.0,0.052495265086710985,-0.4470437621910032,2.0,40.0,3.713572066704308,OS1,chronic
G3_L1_2@31|72_20,G3_L1_2@31,C_OS1_3,28.0,11.0,0.07142857142857142,0.0,,0.0,-0.30061836921379953,-0.41124204510139406,5.0,0.0,0.0,OS1,chronic
G3_L1_2@33|81_16,G3_L1_2@33,C_OS1_3,6.0,11.0,0.0,0.0,0.0,0.0,-0.06034170001767618,,1.0,53.85164807134504,4.004632233149422,OS1,chronic
G3_L1_2@43|79_18,G3_L1_2@43,C_OS1_3,6.0,12.0,0.0,0.0,0.0,0.0,-0.16217689526239087,-0.37441498574884563,3.0,20.0,3.044522437723423,OS1,chronic
G3_L1_2@43|80_17,G3_L1_2@43,C_OS1_3,5.0,5.0,0.0,0.0,0.0,0.0,-0.060534704900851465,-0.4373897466784919,1.0,38.643284505408246,3.679921564389673,OS1,chronic
G3_L1_2@43|80_18,G3_L1_2@43,C_OS1_3,5.0,6.0,0.2,0.0,0.0,0.0,-0.04959088966463878,-0.3964593160327791,1.0,110.45361017187261,4.713608452056214,OS1,chronic
G3_L1_2@43|81_18,G3_L1_2@43,C_OS1_3,8.0,9.0,0.125,0.0,0.0,0.0,-0.0353839547010797,-0.5831301682347174,3.0,182.4828759089466,5.2121213438428144,OS1,chronic
G3_L1_2@44|75_19,G3_L1_2@44,C_OS1_3,36.0,19.0,0.08333333333333333,0.0,0.0,0.0,-0.10780963528689069,-0.31664555191804383,1.0,28.284271247461902,3.377050554392157,OS1,chronic
G3_L1_2@44|75_20,G3_L1_2@44,C_OS1_3,7.0,10.0,0.0,0.0,0.0,0.0,-0.1127150910440812,,,50.99019513592785,3.951055145724373,OS1,chronic
G3_L1_2@44|76_17,G3_L1_2@44,C_OS1_3,5.0,8.0,0.0,0.0,0.0,0.0,0.3344596030901648,,,20.0,3.044522437723423,OS1,chronic
G3_L1_2@44|76_18,G3_L1_2@44,C_OS1_3,31.0,15.0,0.0,0.0,,0.0,-0.04163056009259976,-0.3784530200116399,5.0,53.779368815425826,4.003313641596697,OS1,chronic
G3_L1_2@44|76_19,G3_L1_2@44,C_OS1_3,12.0,9.0,0.0,0.0,0.0,0.0,-0.14347782209272045,-0.3733248556814779,4.0,98.99494936611666,4.60511967837377,OS1,chronic
G3_L1_2@44|77_17,G3_L1_2@44,C_OS1_3,7.0,19.0,0.0,0.0,0.0,0.0,0.32915814467017657,-0.3180715649337272,1.0,38.643284505408246,3.679921564389673,OS1,chronic
G3_L1_2@44|77_18,G3_L1_2@44,C_OS1_3,7.0,19.0,0.2857142857142857,0.0,0.0,0.0,0.06610709789837717,-0.3619925377837258,3.0,35.8113883008419,3.6058072619973536,OS1,chronic
G3_L1_2@46|84_19,G3_L1_2@46,C_OS1_3,6.0,5.0,0.0,0.0,0.0,0.0,-0.3019906577698568,-0.5725877258818941,2.0,286.35642126552705,5.660723331199728,OS1,chronic
G3_L1_2@46|84_20,G3_L1_2@46,C_OS1_3,17.0,11.0,0.058823529411764705,0.0,0.0,0.0,-0.2101061261748427,-0.49138781282171823,5.0,238.80495572605548,5.479825908460171,OS1,chronic
G3_L1_2@51|74_22,G3_L1_2@51,C_OS1_3,14.0,10.0,0.0,0.0,0.0,0.0,-0.08147407563820297,-0.4341174654706151,6.0,79.36253712102601,4.38654811138745,OS1,chronic
G3_L1_2@68|75_23,G3_L1_2@68,C_OS1_3,7.0,23.0,0.0,0.0,0.0,0.0,-0.17465525820283753,-0.506189292046846,11.0,177.05925579811742,5.182116392636159,OS1,chronic
G3_L1_2@68|75_24,G3_L1_2@68,C_OS1_3,11.0,10.0,0.09090909090909091,0.0,,0.0,-0.1519999733181223,-0.49365651658264886,2.0,84.85281374238569,4.452634361906983,OS1,chronic
G3_L1_2@68|76_23,G3_L1_2@68,C_OS1_3,26.0,14.0,0.038461538461538464,0.0,0.0,0.0,-0.09565542454320583,-0.44676239165544906,10.0,226.27416997969522,5.426157085948432,OS1,chronic
G3_L1_2@68|76_24,G3_L1_2@68,C_OS1_3,6.0,8.0,0.0,0.125,0.16666666666666666,0.0,-0.13151071236488365,-0.49066345332700756,4.0,168.77549502051357,5.134476946740052,OS1,chronic
G3_L1_2@68|76_25,G3_L1_2@68,C_OS1_3,21.0,6.0,0.047619047619047616,0.16666666666666666,,0.0,-0.15306149044114636,-0.18753923229538152,3.0,164.92422502470643,5.1115312083849895,OS1,chronic
G3_L1_2@68|76_26,G3_L1_2@68,C_OS1_3,5.0,12.0,0.0,0.08333333333333333,0.0,0.0,-0.16004355802860365,-0.4795567908167584,2.0,196.97715603592206,5.288151650482545,OS1,chronic
G3_L1_2@74|85_24,G3_L1_2@74,C_OS1_3,8.0,5.0,0.125,0.0,0.0,0.0,-0.07515286549843925,0.20504147794666622,3.0,36.05551275463989,3.6124171329715926,OS1,chronic
G3_L1_2@74|86_24,G3_L1_2@74,C_OS1_3,9.0,16.0,0.1111111111111111,0.0625,0.0,0.0,2.0095280006660206,0.6232337340111681,8.0,28.284271247461902,3.377050554392157,OS1,chronic
G3_L1_2@95|75_27,G3_L1_2@95,C_OS1_3,20.0,15.0,0.05,0.0,0.0,0.0,0.13106391341900522,-0.35537465718088096,7.0,169.70562748477138,5.139940596361686,OS1,chronic
G3_L1_2@95|76_27,G3_L1_2@95,C_OS1_3,10.0,7.0,0.0,0.0,0.0,0.0,0.07827536235186099,,,206.15528128088303,5.333468663158029,OS1,chronic
G3_L2_1@104|44_26,G3_L2_1@104,C_OS1_1,8.0,6.0,0.0,0.0,0.0,0.0,-0.06490084385967784,-0.2955720461673206,2.0,255.384048104053,5.5466765082283,OS1,chronic
G3_L2_1@27|38_16,G3_L2_1@27,C_OS1_1,8.0,8.0,0.0,0.0,0.0,0.0,-0.5018614842032627,1.2455398100100352,2.0,53.2842712474619,3.9942345210282064,OS1,chronic
G3_L2_1@27|38_18,G3_L2_1@27,C_OS1_1,7.0,6.0,0.0,0.0,0.0,0.0,0.0833153235047949,4.265372334964469,1.0,36.05551275463989,3.6124171329715926,OS1,chronic
G3_L2_1@27|40_13,G3_L2_1@27,C_OS1_1,38.0,9.0,0.42105263157894735,0.0,0.0,0.6578947368421053,0.22897232791197827,1.749117019818188,6.0,44.721359549995796,3.822565574923594,OS1,chronic
G3_L2_1@49|53_22,G3_L2_1@49,C_OS1_1,8.0,14.0,0.0,0.07142857142857142,,0.125,1.335494861640948,5.426758111042694,2.0,20.0,3.044522437723423,OS1,chronic
G3_L2_1@80|46_27,G3_L2_1@80,C_OS1_1,6.0,6.0,0.0,0.0,0.0,0.0,-0.13391479937886167,-0.3801337329122121,5.0,261.72504656604804,5.571108034994191,OS1,chronic
G3_L2_1@80|46_30,G3_L2_1@80,C_OS1_1,9.0,10.0,0.0,0.0,,0.0,-0.12762505742657315,-0.27292110738421677,4.0,60.0,4.110873864173311,OS1,chronic
G3_L2_1@80|54_25,G3_L2_1@80,C_OS1_1,22.0,7.0,0.13636363636363635,0.2857142857142857,,0.5,-2.2833389126800614,-0.09368348519017922,4.0,28.284271247461902,3.377050554392157,OS1,chronic
G3_L2_1@80|55_25,G3_L2_1@80,C_OS1_1,15.0,10.0,0.26666666666666666,0.2,,0.6,-3.9707966235702505,,,28.284271247461902,3.377050554392157,OS1,chronic
G3_L2_1@88|38_24,G3_L2_1@88,C_OS1_1,13.0,8.0,0.0,0.0,0.0,0.0,-2.3239420337003556,-1.9985245780674217,2.0,50.99019513592785,3.951055145724373,OS1,chronic
G3_L2_1@88|39_24,G3_L2_1@88,C_OS1_1,13.0,16.0,0.07692307692307693,0.0,0.0,0.0,-0.7849434659108911,-0.5221020864891525,2.0,98.48857801796103,4.600042843785899,OS1,chronic
G3_L2_2@10|69_22,G3_L2_2@10,C_P1_2,6.0,9.0,0.16666666666666666,0.1111111111111111,,0.0,0.6518205181989004,0.9299214356564166,1.0,10.0,2.3978952727983707,PEAK1,chronic
G3_L2_2@10|72_20,G3_L2_2@10,C_P1_2,15.0,5.0,0.06666666666666667,0.4,,0.2,1.519091031134292,,,21.18033988749895,3.0992063058579626,PEAK1,chronic
G3_L2_2@10|75_18,G3_L2_2@10,C_P1_2,5.0,5.0,0.0,0.0,0.0,0.0,0.2964958741530376,5.383690396703306,3.0,12.071067811865476,2.570401223753042,PEAK1,chronic
G3_L2_2@10|78_22,G3_L2_2@10,C_P1_2,10.0,8.0,0.0,0.0,0.0,0.0,0.1809329777394207,,,495.2762182868407,6.207132663425626,PEAK1,chronic
G3_L2_2@10|78_23,G3_L2_2@10,C_P1_2,6.0,5.0,0.0,0.2,0.0,0.0,0.14821846700045696,5.865326948293431,2.0,559.4640292279746,6.328765064231557,PEAK1,chronic
G3_L2_2@10|78_30,G3_L2_2@10,C_P1_2,5.0,7.0,0.0,0.0,0.0,0.0,-0.14536730894222044,-0.2858669720858574,1.0,315.03743127317114,5.755860659967974,PEAK1,chronic
G3_L2_2@10|78_31,G3_L2_2@10,C_P1_2,7.0,6.0,0.0,0.0,0.0,0.0,-0.15591292806486517,-0.21062216109564239,2.0,226.71568097509268,5.428097837519268,PEAK1,chronic
G3_L2_2@10|79_29,G3_L2_2@10,C_P1_2,8.0,7.0,0.0,0.0,0.0,0.0,0.023081961580816115,-0.31393220620351225,3.0,446.87805943008664,6.10452100659277,PEAK1,chronic
G3_L2_2@10|80_24,G3_L2_2@10,C_P1_2,5.0,6.0,0.0,0.0,,0.0,-0.11105230323784758,-0.27484213601558893,3.0,792.0227269466452,6.6758518806776985,PEAK1,chronic
G3_L2_2@10|81_25,G3_L2_2@10,C_P1_2,5.0,7.0,0.0,0.0,0.0,0.0,-0.029688997595100484,0.12851463592312204,1.0,795.6720390857372,6.680443099856973,PEAK1,chronic
G3_L2_2@10|81_27,G3_L2_2@10,C_P1_2,7.0,11.0,0.0,0.0,0.0,0.0,0.09344518792724474,2.03887743772682,3.0,639.9510623978697,6.462953108293036,PEAK1,chronic
G3_L2_2@10|81_28,G3_L2_2@10,C_P1_2,5.0,7.0,0.0,0.0,0.0,0.0,-0.1645154961584372,1.4629827895301446,1.0,572.8001396647874,6.352281146950489,PEAK1,chronic
G3_L2_2@10|82_25,G3_L2_2@10,C_P1_2,6.0,5.0,0.0,0.0,0.0,0.0,-0.03646637378368609,-0.24624693222724162,1.0,734.3023900274328,6.6002818296082,PEAK1,chronic
G3_L2_2@10|83_21,G3_L2_2@10,C_P1_2,8.0,10.0,0.0,0.0,0.0,0.0,0.038163092762289165,-0.005023207438860193,4.0,658.862127576655,6.492030915587197,PEAK1,chronic
G3_L2_2@10|83_23,G3_L2_2@10,C_P1_2,16.0,5.0,0.0,0.0,0.0,0.0,0.087628390498767,-0.27170033107801217,3.0,718.6793443532381,6.578805757745133,PEAK1,chronic
G3_L2_2@10|84_22,G3_L2_2@10,C_P1_2,10.0,7.0,0.0,0.0,0.0,0.0,0.09995791461489259,,,592.3681287847954,6.385814996917846,PEAK1,chronic
G3_L2_2@10|86_22,G3_L2_2@10,C_P1_2,9.0,10.0,0.0,0.0,0.0,0.0,-0.14052087466104154,-0.2827425972911425,2.0,411.4608122288197,6.022141200604481,PEAK1,chronic
G3_L2_2@10|88_24,G3_L2_2@10,C_P1_2,10.0,9.0,0.2,0.0,0.0,0.0,-0.04766202094411265,0.33146819223941254,1.0,284.42925306655786,5.653994198271407,PEAK1,chronic
G3_L2_2@10|89_24,G3_L2_2@10,C_P1_2,15.0,14.0,0.06666666666666667,0.0,0.0,0.0,-0.726145007370124,4.975364421753267,2.0,174.6424919657298,5.1684506335098,PEAK1,chronic
G3_L2_2@10|90_23,G3_L2_2@10,C_P1_2,12.0,12.0,0.0,0.0,0.0,0.0,-1.7189953180235205,9.451107603091792,2.0,95.24937810560445,4.5669425119065465,PEAK1,chronic
G3_L2_2@10|90_24,G3_L2_2@10,C_P1_2,14.0,7.0,0.0,0.0,,0.0,0.7972877619185279,3.765839265287842,1.0,89.44271909999159,4.504716712194347,PEAK1,chronic
G3_L2_2@10|90_25,G3_L2_2@10,C_P1_2,10.0,14.0,0.0,0.0,0.0,0.0,-0.12285195055730468,-1.660365855253635,3.0,55.495097567963924,4.03415386567917,PEAK1,chronic
G3_L2_2@10|90_26,G3_L2_2@10,C_P1_2,11.0,15.0,0.0,0.0,0.0,0.09090909090909091,4.001622572209622,10.444600116999023,2.0,70.35533905932738,4.267672170265925,PEAK1,chronic
G3_L2_2@10|90_27,G3_L2_2@10,C_P1_2,15.0,10.0,0.13333333333333333,0.0,0.0,0.0,0.8133502267235085,6.866151094188925,6.0,41.23105625617661,3.743155880619243,PEAK1,chronic
G3_L2_2@10|90_28,G3_L2_2@10,C_P1_2,8.0,5.0,0.0,0.2,0.0,0.0,5.0871338439813645,12.131023649957058,3.0,53.85164807134504,4.004632233149422,PEAK1,chronic
G3_L2_2@27|84_26,G3_L2_2@27,C_P1_2,7.0,6.0,0.0,0.16666666666666666,0.0,0.0,-0.08839515638291001,-0.27502575824825054,2.0,535.3503525729669,6.284787590399365,PEAK1,chronic
G3_L2_2@36|86_31,G3_L2_2@36,C_P1_2,23.0,26.0,0.2608695652173913,0.15384615384615385,0.0,0.391304347826087,-0.011653339850277214,,,22.360679774997898,3.1510542574937324,PEAK1,chronic
G3_L2_2@36|88_29,G3_L2_2@36,C_P1_2,11.0,11.0,0.0,0.0,0.0,0.0,-0.07711182377940852,10.447938855330364,1.0,56.568542494923804,4.0529762812736765,PEAK1,chronic
G3_L2_2@36|89_28,G3_L2_2@36,C_P1_2,9.0,8.0,0.0,0.0,0.0,0.0,-0.08362933548903706,,1.0,84.85281374238569,4.452634361906983,PEAK1,chronic
G3_L2_2@40|83_31,G3_L2_2@40,C_P1_2,7.0,10.0,0.0,0.0,0.0,0.0,-0.41332258230345137,10.162461412687403,4.0,252.38858928247924,5.534924236417254,PEAK1,chronic
G3_L2_2@44|84_32,G3_L2_2@44,C_P1_2,12.0,10.0,0.0,0.0,,0.0,-2.021059631036758,6.282200256096904,2.0,100.48766981898618,4.619937311486696,PEAK1,chronic
G3_L2_2@44|84_33,G3_L2_2@44,C_P1_2,9.0,7.0,0.0,0.0,0.0,0.0,1.78355721693109,12.60042039448215,3.0,50.0,3.9318256327243257,PEAK1,chronic
G3_L2_2@50|79_35,G3_L2_2@50,C_P1_2,7.0,10.0,0.0,0.1,0.0,0.0,0.3132024327382818,5.287764845345267,3.0,56.568542494923804,4.0529762812736765,PEAK1,chronic
G3_L2_2@50|81_35,G3_L2_2@50,C_P1_2,22.0,13.0,0.0,0.0,0.0,0.0,7.790354936501686,9.574529502446024,2.0,40.0,3.713572066704308,PEAK1,chronic
G3_L2_2@50|82_35,G3_L2_2@50,C_P1_2,25.0,13.0,0.04,0.0,0.0,0.0,-1.4932693750579,4.9174849806176315,3.0,32.1698920010509,3.501642597031167,PEAK1,chronic
G3_L2_2@50|83_35,G3_L2_2@50,C_P1_2,6.0,6.0,0.0,0.5,,0.0,7.753758654623905,15.536453279464908,4.0,18.251407699364425,2.9575841852998375,PEAK1,chronic
G3_L2_2@51|78_35,G3_L2_2@51,C_P1_2,6.0,10.0,0.0,0.0,0.0,0.0,3.195482626374886,6.9085875304521895,5.0,40.0,3.713572066704308,PEAK1,chronic
G3_L2_2@53|86_35,G3_L2_2@53,C_P1_2,13.0,5.0,0.15384615384615385,0.2,,0.15384615384615385,3.1995247093053583,3.7634598399025085,2.0,12.071067811865476,2.570401223753042,PEAK1,chronic
G3_L3_0@43|25_22,G3_L3_0@43,C_NS_3,8.0,5.0,0.25,0.0,,0.0,-0.6477200935996882,,,10.0,2.3978952727983707,NONSYMPTOM,chronic
G3_L3_1@16|52_14,G3_L3_1@16,C_OS1_2,7.0,5.0,0.14285714285714285,0.0,0.0,0.0,-0.4631445076713564,1.3788846671669202,2.0,10.0,2.3978952727983707,OS1,chronic
G3_L3_1@50|65_18,G3_L3_1@50,C_OS1_2,13.0,7.0,0.0,0.0,,0.0,2.663836590109489,6.117718061798397,3.0,14.142135623730951,2.7174812964321107,OS1,chronic
G3_L3_1@50|66_19,G3_L3_1@50,C_OS1_2,8.0,7.0,0.125,0.0,0.0,0.0,2.149757658733409,4.3200663533506445,3.0,10.0,2.3978952727983707,OS1,chronic
G3_L3_1@77|44_28,G3_L3_1@77,C_OS1_2,5.0,16.0,0.0,0.0,0.0,0.0,-0.6276155765436198,-0.06861659728385394,4.0,60.82762530298219,4.124350275958941,OS1,chronic
G3_L3_1@77|45_29,G3_L3_1@77,C_OS1_2,11.0,18.0,0.0,0.0,0.0,0.0,-3.6377195511251363,-1.0224588799475216,9.0,89.44271909999159,4.504716712194347,OS1,chronic
G3_L3_1@77|46_30,G3_L3_1@77,C_OS1_2,15.0,7.0,0.0,0.0,0.0,0.0,2.1575813893505176,2.7744690233884386,7.0,78.10249675906654,4.370744438865426,OS1,chronic
G3_L3_1@82|53_31,G3_L3_1@82,C_OS1_2,15.0,13.0,0.06666666666666667,0.07692307692307693,,0.2,-0.5417157506075364,10.717630605216785,1.0,10.0,2.3978952727983707,OS1,chronic
G3_L3_1@84|58_31,G3_L3_1@84,C_OS1_2,11.0,9.0,0.0,0.0,0.0,0.0,0.3128395047688782,6.750138565052998,6.0,42.3606797749979,3.7695530344761643,OS1,chronic
G3_L3_1@84|59_31,G3_L3_1@84,C_OS1_2,12.0,11.0,0.16666666666666666,0.0,0.125,0.5833333333333334,-0.683654252273979,8.091772114651487,3.0,14.142135623730951,2.7174812964321107,OS1,chronic
G3_L3_2@1|77_14,G3_L3_2@1,C_P1_3,5.0,6.0,0.0,0.16666666666666666,1.0,0.0,-0.5928577722450886,8.656733185156318,3.0,94.86832980505139,4.562975685481548,PEAK1,chronic
G3_L3_2@1|80_25,G3_L3_2@1,C_P1_3,6.0,6.0,0.0,0.0,,0.0,-0.144006474699528,0.2701139074734213,1.0,91.89126521027882,4.531429617828566,PEAK1,chronic
G3_L3_2@1|82_28,G3_L3_2@1,C_P1_3,8.0,5.0,0.0,0.0,0.0,0.0,-0.05977780538575207,,1.0,310.0,5.739792912179234,PEAK1,chronic
G3_L3_2@1|83_27,G3_L3_2@1,C_P1_3,7.0,5.0,0.0,0.0,,0.0,0.055675269500289844,-0.2142826412042143,4.0,360.92401725456955,5.89143429270747,PEAK1,chronic
G3_L3_2@1|84_27,G3_L3_2@1,C_P1_3,7.0,7.0,0.0,0.0,0.0,0.0,-0.10756289132886654,-0.3332076314643172,2.0,322.30593722924124,5.778599049020669,PEAK1,chronic
G3_L3_2@1|85_25,G3_L3_2@1,C_P1_3,10.0,9.0,0.0,0.0,0.0,0.0,-0.4244119294685965,-0.5465188367765752,6.0,553.1726674375732,6.317476312262051,PEAK1,chronic
G3_L3_2@1|85_26,G3_L3_2@1,C_P1_3,11.0,14.0,0.0,0.0,0.0,0.0,-0.05900361234622577,-0.2716344632694672,3.0,466.9047011971501,6.14826464526164,PEAK1,chronic
G3_L3_2@1|86_25,G3_L3_2@1,C_P1_3,7.0,9.0,0.0,0.0,0.0,0.0,-0.2001354742588752,-0.4937996795926147,4.0,588.0157460697822,6.3784529168592465,PEAK1,chronic
G3_L3_2@1|88_25,G3_L3_2@1,C_P1_3,5.0,5.0,0.0,0.0,0.0,0.0,-0.3382277767664872,0.0090265572547277,2.0,666.9673419382952,6.504239283027595,PEAK1,chronic
G3_L3_2@1|89_23,G3_L3_2@1,C_P1_3,8.0,8.0,0.0,0.0,0.0,0.0,-0.2689494736605944,0.3213115904665446,2.0,498.2438317461282,6.213094617179296,PEAK1,chronic
G3_L3_2@1|89_24,G3_L3_2@1,C_P1_3,11.0,14.0,0.0,0.0,0.0,0.0,-0.0978715996561659,-0.32691019146968237,6.0,599.0826320300064,6.397067365783622,PEAK1,chronic
G3_L3_2@1|90_22,G3_L3_2@1,C_P1_3,7.0,11.0,0.0,0.09090909090909091,0.0,0.0,-0.0872347586089232,,,442.49270695650443,6.09468135732244,PEAK1,chronic
G3_L3_2@1|90_23,G3_L3_2@1,C_P1_3,7.0,14.0,0.0,0.0,0.0,0.0,-0.23986858571068737,-0.4215354559766439,2.0,544.2425929675111,6.301230820335658,PEAK1,chronic
G3_L3_2@1|91_24,G3_L3_2@1,C_P1_3,8.0,8.0,0.0,0.0,0.0,0.0,-0.06983018512495331,-0.4417373253692271,1.0,680.0317544063191,6.523608934146579,PEAK1,chronic
G3_L3_2@1|92_25,G3_L3_2@1,C_P1_3,9.0,13.0,0.0,0.0,0.0,0.0,0.04817670082557615,-0.4065554632420013,4.0,697.6376822712048,6.549132270613436,PEAK1,chronic
G3_L3_2@1|94_27,G3_L3_2@1,C_P1_3,8.0,7.0,0.0,0.0,0.0,0.0,-0.03053201721883599,-0.41433080275118617,1.0,398.1205847478876,5.989263588644632,PEAK1,chronic
G3_L3_2@1|95_27,G3_L3_2@1,C_P1_3,6.0,5.0,0.0,0.2,0.0,0.0,-0.006405207152103542,0.7335721534858721,1.0,340.147027033899,5.832313548681174,PEAK1,chronic
G3_L3_2@1|96_26,G3_L3_2@1,C_P1_3,7.0,7.0,0.0,0.0,,0.0,0.050819931099549576,0.18433177516940755,1.0,317.72628756339293,5.764332701747434,PEAK1,chronic
G3_L3_2@1|97_24,G3_L3_2@1,C_P1_3,6.0,5.0,0.0,0.2,0.16666666666666666,0.0,-0.06525731960872944,0.3799323143307788,1.0,339.41125496954277,5.830154460105447,PEAK1,chronic
G3_L3_2@1|98_23,G3_L3_2@1,C_P1_3,6.0,11.0,0.0,0.0,0.0,0.0,0.2726402108398039,3.14421808042712,3.0,294.10882339705483,5.687344181186946,PEAK1,chronic
G3_L3_2@39|76_24,G3_L3_2@39,C_P1_3,26.0,7.0,0.3076923076923077,0.14285714285714285,,0.19230769230769232,-3.0338883219762494,,,14.142135623730951,2.7174812964321107,PEAK1,chronic
G3_L3_2@65|85_31,G3_L3_2@65,C_P1_3,7.0,5.0,0.0,0.0,0.0,0.0,1.7601145269832936,7.041163716414819,3.0,30.811388300841898,3.4598243483434987,PEAK1,chronic
G3_L3_2@65|87_27,G3_L3_2@65,C_P1_3,7.0,7.0,0.2857142857142857,0.14285714285714285,,0.0,1.4174259000525313,15.530655066425059,2.0,467.48597145425236,6.149506157696014,PEAK1,chronic
G3_L3_2@65|87_32,G3_L3_2@65,C_P1_3,9.0,20.0,0.0,0.25,0.0,0.0,2.645135230838523,9.957216867710581,2.0,14.142135623730951,2.7174812964321107,PEAK1,chronic
G3_L3_2@67|92_28,G3_L3_2@67,C_P1_3,8.0,6.0,0.0,0.0,0.0,0.0,0.03165188286180233,-0.2413948498572128,4.0,434.6686906306344,6.076882070616249,PEAK1,chronic
G3_L3_2@67|93_28,G3_L3_2@67,C_P1_3,7.0,8.0,0.0,0.0,0.0,0.0,-0.1044666797724087,-0.45056556925441016,4.0,375.89892258425004,5.931977041644037,PEAK1,chronic
G3_L3_2@67|93_29,G3_L3_2@67,C_P1_3,10.0,11.0,0.0,0.0,0.0,0.0,-0.005331199745259866,5.815240161508401,1.0,322.02484376209236,5.777729235936911,PEAK1,chronic
G3_L3_2@72|85_29,G3_L3_2@72,C_P1_3,13.0,8.0,0.0,0.0,0.0,0.0,-0.47738997128449845,4.960228822394236,1.0,162.78820596099706,5.098574166146536,PEAK1,chronic
G3_L3_2@72|85_30,G3_L3_2@72,C_P1_3,11.0,7.0,0.0,0.0,0.0,0.0,1.6368827698268078,8.249558728433227,3.0,109.71927155859706,4.706997912716549,PEAK1,chronic
G3_L3_2@74|79_29,G3_L3_2@74,C_P1_3,7.0,12.0,0.0,0.0,0.0,0.0,0.9436979583810288,0.26576338701977137,5.0,64.03124237432849,4.174867806332253,PEAK1,chronic
G3_L3_2@74|79_30,G3_L3_2@74,C_P1_3,23.0,10.0,0.043478260869565216,0.1,,0.0,8.879303435038125,14.670454576473961,3.0,14.142135623730951,2.7174812964321107,PEAK1,chronic
G3_L3_2@74|80_30,G3_L3_2@74,C_P1_3,6.0,25.0,0.0,0.0,0.0,0.0,1.5976624032562676,1.6891024688160685,3.0,64.03124237432849,4.174867806332253,PEAK1,chronic
G3_L3_2@74|81_31,G3_L3_2@74,C_P1_3,9.0,14.0,0.0,0.07142857142857142,0.0,0.0,14.572037563901938,12.571881193930649,9.0,30.0,3.4339872044851463,PEAK1,chronic
G3_L3_2@74|83_30,G3_L3_2@74,C_P1_3,6.0,15.0,0.0,0.0,0.0,0.0,-0.5211959294615551,0.6373123909410091,5.0,50.0,3.9318256327243257,PEAK1,chronic
G3_L3_2@77|95_31,G3_L3_2@77,C_P1_3,22.0,16.0,0.0,0.0625,0.25,0.0,4.511835410090546,2.9178614886110124,5.0,36.05551275463989,3.6124171329715926,PEAK1,chronic
G3_L3_2@77|97_30,G3_L3_2@77,C_P1_3,9.0,6.0,0.1111111111111111,0.16666666666666666,,0.3333333333333333,0.7041635670091634,,,10.0,2.3978952727983707,PEAK1,chronic
G3_L3_2@82|89_31,G3_L3_2@82,C_P1_3,7.0,12.0,0.14285714285714285,0.0,0.0,0.0,-1.40419046744917,2.4650390671485938,3.0,70.71067811865476,4.272639664252711,PEAK1,chronic
G3_L3_2@82|89_32,G3_L3_2@82,C_P1_3,9.0,6.0,0.0,0.0,0.0,0.0,7.088784820564826,15.243915907338568,6.0,22.360679774997898,3.1510542574937324,PEAK1,chronic
G3_L3_2@82|90_31,G3_L3_2@82,C_P1_3,5.0,21.0,0.0,0.0,0.0,0.0,-2.0529503126038913,3.4831409531803352,2.0,70.71067811865476,4.272639664252711,PEAK1,chronic
G3_L3_2@82|91_31,G3_L3_2@82,C_P1_3,6.0,14.0,0.16666666666666666,0.0,0.0,0.0,-1.2842339745521414,7.197719222209511,1.0,97.08791742239228,4.5858641930570485,PEAK1,chronic
G3_L3_2@82|91_32,G3_L3_2@82,C_P1_3,16.0,12.0,0.1875,0.0,,0.0,4.824864426354548,7.454856816789523,6.0,31.18033988749895,3.471355703581142,PEAK1,chronic
G3_L3_2@82|92_30,G3_L3_2@82,C_P1_3,6.0,13.0,0.0,0.0,0.0,0.0,0.18399216411427166,0.22593221877136813,7.0,220.90722034374522,5.402259368137185,PEAK1,chronic
G3_L3_2@82|92_31,G3_L3_2@82,C_P1_3,28.0,13.0,0.0,0.0,0.0,0.0,1.153834555206859,2.2118106769069072,6.0,131.52946437965906,4.88680499338181,PEAK1,chronic
G3_L3_2@82|92_32,G3_L3_2@82,C_P1_3,14.0,6.0,0.0,0.0,,0.0,1.4612085856855235,6.847561250416595,4.0,50.0,3.9318256327243257,PEAK1,chronic
G3_L3_2@82|93_31,G3_L3_2@82,C_P1_3,13.0,16.0,0.07692307692307693,0.0,0.0,0.0,0.14228492534622117,,,108.16653826391969,4.692874590198136,PEAK1,chronic
G3_L3_2@82|94_32,G3_L3_2@82,C_P1_3,9.0,12.0,0.1111111111111111,0.0,0.0,0.0,12.378508857972054,11.462747743406739,6.0,14.142135623730951,2.7174812964321107,PEAK1,chronic
G4_L1_0@12|14_19,G4_L1_0@12,C_L_1,8.0,13.0,0.125,0.07692307692307693,0.0,0.0,7.560377438841183,4.68325142963191,8.0,208.80613017821102,5.346183914687904,MILD30,chronic
G4_L1_0@12|14_20,G4_L1_0@12,C_L_1,5.0,29.0,0.4,0.13793103448275862,0.0,0.0,3.2991716625047522,-5.634556627524564,1.0,168.81527307120106,5.13471121724801,MILD30,chronic
G4_L1_0@13|27_23,G4_L1_0@13,C_L_1,34.0,10.0,0.029411764705882353,0.0,0.0,0.0,16.470348188912375,11.728396687439332,6.0,22.360679774997898,3.1510542574937324,MILD30,chronic
G4_L1_0@16|26_23,G4_L1_0@16,C_L_1,18.0,14.0,0.0,0.07142857142857142,0.0,0.0,0.5934854217587551,1.1728477344304853,4.0,62.42943383865534,4.149928009839856,MILD30,chronic
G4_L1_0@16|26_24,G4_L1_0@16,C_L_1,9.0,20.0,0.1111111111111111,0.0,0.0,0.0,-2.20745366476601,,,22.360679774997898,3.1510542574937324,MILD30,chronic
G4_L1_0@1|12_9,G4_L1_0@1,C_L_1,11.0,8.0,0.09090909090909091,0.0,0.0,0.0,-0.46818426756816584,,,22.360679774997898,3.1510542574937324,MILD30,chronic
G4_L1_0@1|16_4,G4_L1_0@1,C_L_1,11.0,12.0,0.09090909090909091,0.25,0.0,0.0,2.3345019440270542,,,22.360679774997898,3.1510542574937324,MILD30,chronic
G4_L1_0@1|17_5,G4_L1_0@1,C_L_1,5.0,7.0,0.0,0.0,,0.0,-0.13209260270917636,,,161.40004959000305,5.090062733084693,MILD30,chronic
G4_L1_0@1|17_6,G4_L1_0@1,C_L_1,6.0,6.0,0.0,0.16666666666666666,0.0,0.0,0.3978367880937725,-0.3514156119163236,2.0,203.8337062999989,5.32219846116626,MILD30,chronic
G4_L1_0@1|22_4,G4_L1_0@1,C_L_1,12.0,15.0,0.0,0.0,0.0,0.0,7.035445288821465,6.123225740793906,4.0,14.142135623730951,2.7174812964321107,MILD30,chronic
G4_L1_0@1|22_6,G4_L1_0@1,C_L_1,7.0,5.0,0.0,0.0,,0.0,0.33450009168400646,1.9331471458300145,2.0,162.63455967290594,5.097635646803988,MILD30,chronic
G4_L1_0@1|23_5,G4_L1_0@1,C_L_1,29.0,21.0,0.1724137931034483,0.09523809523809523,,0.0,3.856784151624027,12.596145473848813,5.0,14.142135623730951,2.7174812964321107,MILD30,chronic
G4_L1_0@1|23_6,G4_L1_0@1,C_L_1,13.0,8.0,0.0,0.0,,0.0,1.47108105999807,4.318906748118125,6.0,78.10249675906654,4.370744438865426,MILD30,chronic
G4_L1_0@1|24_7,G4_L1_0@1,C_L_1,8.0,5.0,0.0,0.0,0.0,0.0,17.11158684857244,2.7937650147088955,5.0,56.568542494923804,4.0529762812736765,MILD30,chronic
G4_L1_0@2|19_7,G4_L1_0@2,C_L_1,7.0,5.0,0.0,0.0,0.0,0.0,-0.7437443253488542,-0.7004028597854085,3.0,327.4528563519176,5.794393315759543,MILD30,chronic
G4_L1_0@3|24_12,G4_L1_0@3,C_L_1,5.0,6.0,0.2,0.0,0.0,0.0,0.8647888710190645,4.7541223844915095,5.0,240.83189157584593,5.4882428218568835,MILD30,chronic
G4_L1_0@3|24_9,G4_L1_0@3,C_L_1,5.0,5.0,0.0,0.0,0.0,0.0,-1.4158973207933527,0.614989384732081,2.0,169.25531052437637,5.137299137050496,MILD30,chronic
G4_L1_0@3|25_12,G4_L1_0@3,C_L_1,9.0,5.0,0.1111111111111111,0.0,0.0,0.0,4.249915303273651,10.367938349676033,5.0,205.18284528683193,5.328763373586755,MILD30,chronic
G4_L1_0@3|25_9,G4_L1_0@3,C_L_1,11.0,9.0,0.09090909090909091,0.0,,0.0,7.270652856599838,5.142417598179964,4.0,51.92582403567252,3.9688913867754403,MILD30,chronic
G4_L1_0@3|26_10,G4_L1_0@3,C_L_1,25.0,8.0,0.12,0.25,,0.0,1.43167645150101,5.508280178106463,1.0,28.284271247461902,3.377050554392157,MILD30,chronic
G4_L1_0@3|28_22,G4_L1_0@3,C_L_1,17.0,7.0,0.058823529411764705,0.0,,0.0,0.34699907947942055,7.141601451408052,2.0,28.284271247461902,3.377050554392157,MILD30,chronic
G4_L1_0@3|29_21,G4_L1_0@3,C_L_1,5.0,6.0,0.0,0.0,0.0,0.0,1.94475461285467,1.1900536020442598,2.0,42.426406871192846,3.771067709327022,MILD30,chronic
G4_L1_0@3|30_13,G4_L1_0@3,C_L_1,34.0,17.0,0.17647058823529413,0.0,,0.029411764705882353,12.32303134516091,18.00968968246392,2.0,22.360679774997898,3.1510542574937324,MILD30,chronic
G4_L1_0@3|30_14,G4_L1_0@3,C_L_1,22.0,12.0,0.13636363636363635,0.0,,0.0,6.298979728867609,3.123578380736409,8.0,42.976207903086205,3.7836487581960427,MILD30,chronic
G4_L1_0@3|30_17,G4_L1_0@3,C_L_1,6.0,5.0,0.0,0.0,0.0,0.0,0.9067961279102374,0.808456952429534,1.0,152.97058540778355,5.0367615803245105,MILD30,chronic
G4_L1_0@3|30_19,G4_L1_0@3,C_L_1,23.0,20.0,0.0,0.05,0.0,0.0,3.2755790844938746,7.558395424247251,3.0,111.80339887498948,4.725646470480477,MILD30,chronic
G4_L1_0@3|30_21,G4_L1_0@3,C_L_1,7.0,11.0,0.0,0.09090909090909091,0.0,0.14285714285714285,1.2528417103125324,35.28709021460087,4.0,21.18033988749895,3.0992063058579626,MILD30,chronic
G4_L1_0@3|31_15,G4_L1_0@3,C_L_1,5.0,25.0,0.2,0.0,0.0,0.0,8.357672640110284,1.7016014491356857,10.0,22.360679774997898,3.1510542574937324,MILD30,chronic
G4_L1_0@3|31_16,G4_L1_0@3,C_L_1,18.0,5.0,0.0,0.2,,0.0,13.06219936617683,5.384181008368923,5.0,22.360679774997898,3.1510542574937324,MILD30,chronic
G4_L1_0@5|18_11,G4_L1_0@5,C_L_1,5.0,8.0,0.0,0.125,0.0,0.0,-0.0275570073738275,-0.23002912737309017,2.0,628.1719509815764,6.4444045913309145,MILD30,chronic
G4_L1_0@7|18_12,G4_L1_0@7,C_L_1,6.0,6.0,0.0,0.0,0.0,0.0,-0.01888683719181947,-0.31917701215531324,2.0,665.9789650894531,6.502758508820813,MILD30,chronic
G4_L1_0@7|18_13,G4_L1_0@7,C_L_1,8.0,7.0,0.125,0.14285714285714285,0.0,0.0,-0.09299831140953299,-0.07343226602839599,1.0,706.8238818828917,6.562195308346516,MILD30,chronic
G4_L1_0@7|19_13,G4_L1_0@7,C_L_1,5.0,5.0,0.0,0.2,0.0,0.0,-0.10161692189847692,-0.26345149640004295,2.0,738.881411452627,6.606489918562296,MILD30,chronic
G4_L1_2@13|77_19,G4_L1_2@13,C_L_4,7.0,6.0,0.0,0.0,0.0,0.0,-0.0663536950460599,-0.258858139648256,2.0,560.0892785976179,6.329880034746207,MILD30,chronic
G4_L1_2@15|75_19,G4_L1_2@15,C_L_4,15.0,16.0,0.06666666666666667,0.0,0.0,0.0,0.09414875083271534,-0.19716171099807878,7.0,349.2849839314596,5.858747062974234,MILD30,chronic
G4_L1_2@16|85_21,G4_L1_2@16,C_L_4,11.0,8.0,0.18181818181818182,0.0,0.0,0.09090909090909091,-0.1229334269958048,7.896262932718049,3.0,100.0,4.61512051684126,MILD30,chronic
G4_L1_2@18|75_21,G4_L1_2@18,C_L_4,10.0,5.0,0.0,0.0,,0.0,-0.107225262151149,-0.24043357109984648,2.0,315.75306807693886,5.7581225052693785,MILD30,chronic
G4_L1_2@20|81_24,G4_L1_2@20,C_L_4,7.0,7.0,0.0,0.0,0.0,0.0,6.072688372180231,-2.6923131080195293,5.0,41.82873156368473,3.7572091755848236,MILD30,chronic
G4_L1_2@22|79_25,G4_L1_2@22,C_L_4,13.0,6.0,0.0,0.0,0.0,0.0,1.8676679953481916,4.291602804229506,3.0,64.03124237432849,4.174867806332253,MILD30,chronic
G4_L1_2@6|85_10,G4_L1_2@6,C_L_4,23.0,11.0,0.043478260869565216,0.0,0.0,0.0,0.10872601503572743,4.627154048025484,11.0,80.62257748298549,4.402105908540379,MILD30,chronic
G4_L1_2@6|86_10,G4_L1_2@6,C_L_4,5.0,17.0,0.0,0.0,0.0,0.0,2.40474960276587,2.4168241915186663,8.0,56.568542494923804,4.0529762812736765,MILD30,chronic
G4_L1_2@9|72_23,G4_L1_2@9,C_L_4,14.0,18.0,0.0,0.05555555555555555,0.0,0.0,4.5860195697643364,-3.6816983715852083,1.0,20.0,3.044522437723423,MILD30,chronic
G4_L1_2@9|73_17,G4_L1_2@9,C_L_4,6.0,6.0,0.0,0.0,0.0,0.0,0.5774621808258399,7.188456558740487,3.0,150.83021164397232,5.022762867846707,MILD30,chronic
G4_L1_2@9|74_15,G4_L1_2@9,C_L_4,8.0,7.0,0.0,0.14285714285714285,0.0,0.0,-0.5131941657468446,8.032691210667652,5.0,225.61028345356956,5.423231729089216,MILD30,chronic
G4_L1_2@9|74_19,G4_L1_2@9,C_L_4,6.0,12.0,0.0,0.0,0.0,0.0,-0.2913438798128215,-0.46983609117684083,3.0,245.20815280171308,5.50617732775006,MILD30,chronic
G4_L1_2@9|74_20,G4_L1_2@9,C_L_4,6.0,14.0,0.0,0.0,0.0,0.0,-0.38517123659772445,-0.5085892230131517,2.0,258.3571511792961,5.558206073886696,MILD30,chronic
G4_L1_2@9|75_27,G4_L1_2@9,C_L_4,14.0,17.0,0.07142857142857142,0.11764705882352941,0.0,0.0,-6.305967825768134,-6.254588889105729,1.0,40.0,3.713572066704308,MILD30,chronic
G4_L1_2@9|76_24,G4_L1_2@9,C_L_4,9.0,9.0,0.2222222222222222,0.0,0.0,0.5555555555555556,2.418306699535334,3.1713644596861283,6.0,295.4657340538831,5.691931643644206,MILD30,chronic
G4_L1_2@9|76_25,G4_L1_2@9,C_L_4,7.0,6.0,0.14285714285714285,0.0,0.0,0.7142857142857143,-2.2444301114824765,20.498363799648743,1.0,196.97715603592206,5.288151650482545,MILD30,chronic
G4_L1_2@9|76_26,G4_L1_2@9,C_L_4,5.0,12.0,0.0,0.0,0.0,0.2,-3.0352177720569395,5.448838346660036,5.0,111.80339887498948,4.725646470480477,MILD30,chronic
G4_L2_0@11|17_16,G4_L2_0@11,C_L_2,5.0,7.0,0.0,0.0,0.0,0.0,-0.13694993056226812,,,659.6969000988257,6.4932951871810705,MILD30,chronic
G4_L2_0@11|18_16,G4_L2_0@11,C_L_2,6.0,6.0,0.0,0.0,0.0,0.0,-0.08029541479496179,-0.3839128076268595,4.0,585.7889314614531,6.374665183550799,MILD30,chronic
G4_L2_0@12|22_18,G4_L2_0@12,C_L_2,15.0,7.0,0.0,0.0,0.0,0.0,4.9406475512009775,1.820980088378287,6.0,155.81982746151476,5.0550975505695135,MILD30,chronic
G4_L2_0@12|23_18,G4_L2_0@12,C_L_2,24.0,11.0,0.20833333333333334,0.09090909090909091,0.0,0.0,-2.6949950721036857,,,94.86832980505139,4.562975685481548,MILD30,chronic
G4_L2_0@13|21_18,G4_L2_0@13,C_L_2,6.0,6.0,0.0,0.16666666666666666,0.1111111111111111,0.0,1.473444224521177,4.724147319901789,2.0,280.8905356645062,5.641518824177632,MILD30,chronic
G4_L2_0@14|13_18,G4_L2_0@14,C_L_2,6.0,5.0,0.0,0.0,0.0,0.0,-0.11341564646565144,0.1600393032459111,2.0,524.7856705360771,6.264893659235331,MILD30,chronic
G4_L2_0@14|14_18,G4_L2_0@14,C_L_2,6.0,9.0,0.0,0.0,0.0,0.0,-0.08480626053537936,0.00560574489074286,3.0,604.1522986797286,6.40548015970624,MILD30,chronic
G4_L2_0@14|14_19,G4_L2_0@14,C_L_2,7.0,11.0,0.0,0.0,0.0,0.0,0.05094547174390386,0.21394976131932447,5.0,628.7259793928476,6.445284771421249,MILD30,chronic
G4_L2_0@15|10_19,G4_L2_0@15,C_L_2,11.0,6.0,0.0,0.0,0.0,0.0,-0.1416401830411869,7.819387445617861,2.0,313.8470965295043,5.752087113134265,MILD30,chronic
G4_L2_0@17|11_20,G4_L2_0@17,C_L_2,8.0,7.0,0.0,0.0,0.0,0.0,-0.04761946428782845,-0.05981409391864501,3.0,480.20828814171875,6.176300207854353,MILD30,chronic
G4_L2_0@17|11_21,G4_L2_0@17,C_L_2,8.0,8.0,0.0,0.0,0.0,0.0,0.11224839229154895,-0.45475956234273573,1.0,504.0677109186105,6.224692501314254,MILD30,chronic
G4_L2_0@17|12_20,G4_L2_0@17,C_L_2,8.0,8.0,0.0,0.0,0.0,0.0,0.10331803077079689,-0.11503651302947038,2.0,547.304518590741,6.30683082346804,MILD30,chronic
G4_L2_0@17|13_21,G4_L2_0@17,C_L_2,11.0,11.0,0.18181818181818182,0.0,0.0,0.0,-0.03957839480317801,-0.038464708680031004,3.0,672.3837531677739,6.5123153798659414,MILD30,chronic
G4_L2_0@19|9_22,G4_L2_0@19,C_L_2,11.0,11.0,0.0,0.0,0.0,0.0,-0.5097722512090387,1.9239835691955522,4.0,306.09828126494915,5.727167830768625,MILD30,chronic
G4_L2_0@1|10_10,G4_L2_0@1,C_L_2,21.0,18.0,0.0,0.0,,0.0,3.109953924325498,5.222759339520518,12.0,50.0,3.9318256327243257,MILD30,chronic
G4_L2_0@1|10_12,G4_L2_0@1,C_L_2,10.0,5.0,0.0,0.0,,0.6,0.6882796741134511,4.79752765382001,2.0,219.3171219946131,5.395067972052855,MILD30,chronic
G4_L2_0@1|10_17,G4_L2_0@1,C_L_2,6.0,5.0,0.0,0.0,,0.0,-1.9555115831337035,1.1586112608382262,2.0,219.3171219946131,5.395067972052855,MILD30,chronic
G4_L2_0@1|10_25,G4_L2_0@1,C_L_2,6.0,8.0,0.0,0.0,0.0,0.0,0.0026565877187337593,-0.1661619739130971,3.0,262.1065707670909,5.572559162143707,MILD30,chronic
G4_L2_0@1|11_10,G4_L2_0@1,C_L_2,7.0,12.0,0.0,0.0,0.0,0.0,-1.254268959354599,2.214428850322877,5.0,156.5247584249853,5.059582642260749,MILD30,chronic
G4_L2_0@1|12_9,G4_L2_0@1,C_L_2,8.0,5.0,0.0,0.0,0.0,0.0,-1.9906627564991195,-0.6283923185967882,1.0,110.45361017187261,4.713608452056214,MILD30,chronic
G4_L2_0@1|13_17,G4_L2_0@1,C_L_2,6.0,6.0,0.0,0.0,0.0,0.0,0.483060772476784,0.895104862060157,4.0,467.0986814191835,6.148679131423577,MILD30,chronic
G4_L2_0@1|6_19,G4_L2_0@1,C_L_2,5.0,12.0,0.0,0.0,0.0,0.0,30.492815186009246,,,14.142135623730951,2.7174812964321107,MILD30,chronic
G4_L2_0@1|6_21,G4_L2_0@1,C_L_2,10.0,17.0,0.0,0.0,0.0,0.0,10.67307345710134,5.3606469750555785,6.0,22.360679774997898,3.1510542574937324,MILD30,chronic
G4_L2_0@1|6_26,G4_L2_0@1,C_L_2,7.0,8.0,0.0,0.0,,0.0,16.339062929431222,20.95002465848888,5.0,10.0,2.3978952727983707,MILD30,chronic
G4_L2_0@1|7_20,G4_L2_0@1,C_L_2,28.0,22.0,0.0,0.0,0.0,0.0,2.808814703256632,0.13442956483820379,20.0,74.47941497572214,4.32385996975121,MILD30,chronic
G4_L2_0@1|7_26,G4_L2_0@1,C_L_2,26.0,10.0,0.07692307692307693,0.0,,0.0,13.379584999397569,11.632722696982663,15.0,40.6155281280883,3.7284733699282553,MILD30,chronic
G4_L2_0@1|7_27,G4_L2_0@1,C_L_2,6.0,6.0,0.0,0.0,0.0,0.0,7.380684355194689,20.31919976757285,5.0,12.071067811865476,2.570401223753042,MILD30,chronic
G4_L2_0@1|8_11,G4_L2_0@1,C_L_2,23.0,8.0,0.08695652173913043,0.125,,0.0,9.32635566500241,10.205599983785785,2.0,14.142135623730951,2.7174812964321107,MILD30,chronic
G4_L2_0@1|8_21,G4_L2_0@1,C_L_2,6.0,5.0,0.0,0.0,0.0,0.0,1.0246935380885112,2.175626022371714,3.0,186.81541692269406,5.235459655644896,MILD30,chronic
G4_L2_0@1|8_22,G4_L2_0@1,C_L_2,6.0,5.0,0.0,0.0,0.0,0.0,-0.07856672718098298,-0.36097441736821256,3.0,230.21728866442675,5.4433579119628135,MILD30,chronic
G4_L2_0@1|8_28,G4_L2_0@1,C_L_2,10.0,10.0,0.2,0.0,0.0,0.0,0.7230343216683696,,,14.142135623730951,2.7174812964321107,MILD30,chronic
G4_L2_0@1|9_11,G4_L2_0@1,C_L_2,10.0,16.0,0.0,0.125,,0.0,8.839928657394422,-1.9298096077290654,5.0,25.3224755112299,3.2704231564123165,MILD30,chronic
G4_L2_0@1|9_15,G4_L2_0@1,C_L_2,30.0,11.0,0.06666666666666667,0.18181818181818182,0.0,0.0,10.118999089291243,7.226592035076367,4.0,20.0,3.044522437723423,MILD30,chronic
G4_L2_0@1|9_16,G4_L2_0@1,C_L_2,14.0,7.0,0.21428571428571427,0.7142857142857143,0.0,0.0,3.338031983858154,,,28.284271247461902,3.377050554392157,MILD30,chronic
G4_L2_0@1|9_18,G4_L2_0@1,C_L_2,8.0,12.0,0.0,0.0,0.0,0.0,1.6583254511257377,-1.7055125551014767,4.0,193.64847877387786,5.271195258839067,MILD30,chronic
G4_L2_0@1|9_27,G4_L2_0@1,C_L_2,6.0,10.0,0.0,0.0,0.0,0.0,1.0695304521529374,1.189321930014797,4.0,130.1920240520265,4.876662082375679,MILD30,chronic
G4_L2_0@21|19_23,G4_L2_0@21,C_L_2,9.0,10.0,0.0,0.0,0.0,0.0,-0.08327867641000325,-0.48427507950005266,3.0,290.17236257093816,5.673915403064764,MILD30,chronic
G4_L2_0@21|19_24,G4_L2_0@21,C_L_2,6.0,10.0,0.0,0.0,0.0,0.0,-0.1624744627071713,-0.4367086473046852,1.0,298.744382778916,5.702930054045348,MILD30,chronic
G4_L2_0@4|13_11,G4_L2_0@4,C_L_2,6.0,7.0,0.0,0.0,0.0,0.0,-0.24329792209952564,-0.7088566037150493,1.0,360.0,5.8888779583328805,MILD30,chronic
G4_L2_0@5|23_11,G4_L2_0@5,C_L_2,15.0,6.0,0.06666666666666667,0.0,,0.0,-1.1880005084071763,1.5749664344969523,4.0,22.360679774997898,3.1510542574937324,MILD30,chronic
G4_L2_0@5|23_12,G4_L2_0@5,C_L_2,7.0,12.0,0.0,0.0,0.0,0.0,1.5100592413758138,0.8428947292289937,6.0,50.99019513592785,3.951055145724373,MILD30,chronic
G4_L2_0@6|14_13,G4_L2_0@6,C_L_2,6.0,10.0,0.0,0.0,0.0,0.0,0.2331491439360988,0.011622548727317585,1.0,535.3031937576211,6.284699661141055,MILD30,chronic
G4_L2_0@6|14_14,G4_L2_0@6,C_L_2,8.0,12.0,0.0,0.0,0.0,0.0,-0.07627769207309568,-0.2985732173878179,1.0,566.4357307243637,6.341127493117402,MILD30,chronic
G4_L2_0@6|15_13,G4_L2_0@6,C_L_2,17.0,5.0,0.0,0.2,,0.0,-0.09486198454062629,-0.008048171978656024,4.0,505.00247327548357,6.226541557171732,MILD30,chronic
G4_L2_0@6|15_14,G4_L2_0@6,C_L_2,7.0,11.0,0.14285714285714285,0.0,0.0,0.0,1.7909060477168586,-0.039413787642548395,1.0,597.2356359463317,6.393984716381275,MILD30,chronic
G4_L2_0@8|13_14,G4_L2_0@8,C_L_2,13.0,11.0,0.07692307692307693,0.0,0.0,0.0,0.10466080205650496,0.1431933494759271,5.0,460.3238057239792,6.134100194963827,MILD30,chronic
G4_L2_1@20|57_15,G4_L2_1@20,C_L_5,7.0,6.0,0.0,0.0,0.14285714285714285,0.0,-0.5377862090594977,6.573154406350958,1.0,125.29964086141668,4.838657185816509,MILD30,chronic
G4_L2_1@20|57_20,G4_L2_1@20,C_L_5,29.0,7.0,0.10344827586206896,0.14285714285714285,0.0,0.1724137931034483,-6.435615327657731,12.791367271614622,2.0,22.360679774997898,3.1510542574937324,MILD30,chronic
G4_L2_1@20|58_16,G4_L2_1@20,C_L_5,13.0,9.0,0.07692307692307693,0.0,,0.46153846153846156,10.419904394290636,10.190786180425103,4.0,17.071067811865476,2.8943121959332228,MILD30,chronic
G4_L2_1@23|53_14,G4_L2_1@23,C_L_5,9.0,6.0,0.0,0.0,0.0,0.0,-0.07553436713136663,0.2036049157200738,2.0,515.4609587543949,6.246999697618346,MILD30,chronic
G4_L2_1@23|54_16,G4_L2_1@23,C_L_5,5.0,5.0,0.0,0.2,0.0,0.0,-0.05988563721765517,-0.08299074748720808,2.0,446.12105416556903,6.102829372637965,MILD30,chronic
G4_L2_1@24|55_16,G4_L2_1@24,C_L_5,6.0,7.0,0.0,0.0,0.0,0.0,-0.2367361386921932,-0.25673086766948494,2.0,337.34255586866,5.824058861161369,MILD30,chronic
G4_L2_1@5|47_8,G4_L2_1@5,C_L_5,9.0,6.0,0.0,0.16666666666666666,0.0,0.1111111111111111,7.685537554282949,,,14.142135623730951,2.7174812964321107,MILD30,chronic
G4_L2_1@5|47_9,G4_L2_1@5,C_L_5,5.0,6.0,0.0,0.0,0.0,0.0,-0.26648313565456855,4.096481277974694,5.0,60.0,4.110873864173311,MILD30,chronic
G4_L2_1@5|51_9,G4_L2_1@5,C_L_5,6.0,13.0,0.0,0.0,0.0,0.0,-0.19440654585556047,0.6208242788604441,7.0,63.24555320336759,4.16271251053762,MILD30,chronic
G4_L2_1@6|35_13,G4_L2_1@6,C_L_5,7.0,16.0,0.0,0.125,0.0,0.0,12.44065343991527,12.650612977385137,3.0,14.142135623730951,2.7174812964321107,MILD30,chronic
G4_L2_1@6|35_14,G4_L2_1@6,C_L_5,13.0,10.0,0.0,0.2,0.0,0.0,4.542917930471692,11.930443602762391,3.0,20.0,3.044522437723423,MILD30,chronic
G4_L2_1@6|35_16,G4_L2_1@6,C_L_5,19.0,11.0,0.10526315789473684,0.18181818181818182,,0.0,22.302047102607865,19.88617001061506,2.0,14.142135623730951,2.7174812964321107,MILD30,chronic
G4_L2_1@6|35_17,G4_L2_1@6,C_L_5,17.0,14.0,0.0,0.0,,0.0,9.777250771842583,5.00207179373393,2.0,22.360679774997898,3.1510542574937324,MILD30,chronic
G4_L2_1@6|38_20,G4_L2_1@6,C_L_5,7.0,5.0,0.0,0.0,,0.0,3.1205354418801505,10.233315621519447,1.0,115.3182902034099,4.756330314600577,MILD30,chronic
G4_L2_1@6|38_21,G4_L2_1@6,C_L_5,29.0,19.0,0.0,0.0,0.0,0.0,35.50608901553969,11.255265203423573,2.0,36.05551275463989,3.6124171329715926,MILD30,chronic
G4_L2_1@6|38_22,G4_L2_1@6,C_L_5,11.0,8.0,0.09090909090909091,0.125,0.0,0.0,12.94562521672807,,,14.142135623730951,2.7174812964321107,MILD30,chronic
G4_L2_1@6|41_22,G4_L2_1@6,C_L_5,24.0,5.0,0.16666666666666666,0.0,0.0,0.0,6.394354440197829,5.166268208858882,4.0,30.0,3.4339872044851463,MILD30,chronic
G4_L2_1@6|43_21,G4_L2_1@6,C_L_5,7.0,5.0,0.14285714285714285,0.0,0.0,0.14285714285714285,0.6230842339647872,,,147.91079292875048,5.0033474214737765,MILD30,chronic
G4_L2_1@6|49_21,G4_L2_1@6,C_L_5,7.0,7.0,0.0,0.14285714285714285,0.0,0.0,0.8714269542650899,11.396051723465943,1.0,241.3498120124012,5.490382186604685,MILD30,chronic
G4_L2_1@6|50_16,G4_L2_1@6,C_L_5,6.0,7.0,0.0,0.0,0.0,0.0,-0.18845906344334748,,,734.3704787094863,6.600374424886931,MILD30,chronic
G4_L2_1@6|51_16,G4_L2_1@6,C_L_5,10.0,8.0,0.0,0.125,0.0,0.0,-0.015511281928548806,-0.29458573161371016,4.0,711.7232599586466,6.569093210370172,MILD30,chronic
G4_L2_1@6|52_18,G4_L2_1@6,C_L_5,12.0,5.0,0.0,0.0,,0.0,-0.10296402545056703,-0.31419682017932243,5.0,514.78150704935,6.2456832398563735,MILD30,chronic
G4_L3_0@1|21_6,G4_L3_0@1,C_L_3,6.0,6.0,0.0,0.0,0.0,0.0,0.9156256195323291,,1.0,65.5566408496611,4.1980533272355105,MILD30,chronic
G4_L3_0@1|23_6,G4_L3_0@1,C_L_3,8.0,11.0,0.125,0.09090909090909091,0.09090909090909091,0.5,-1.2883573332050595,-1.2533527567540668,7.0,53.85164807134504,4.004632233149422,MILD30,chronic
G4_L3_0@1|24_7,G4_L3_0@1,C_L_3,16.0,19.0,0.0,0.21052631578947367,0.09090909090909091,0.0,-4.179670432843633,9.97374253470316,2.0,20.0,3.044522437723423,MILD30,chronic
G4_L3_0@1|24_8,G4_L3_0@1,C_L_3,13.0,5.0,0.07692307692307693,0.0,1.0,0.0,-0.28509320919379755,13.184797774075145,1.0,14.142135623730951,2.7174812964321107,MILD30,chronic
G4_L3_0@22|3_10,G4_L3_0@22,C_L_3,14.0,12.0,0.0,0.0,0.0,0.0,0.5945504787698946,-1.2787351979341197,6.0,36.05551275463989,3.6124171329715926,MILD30,chronic
G4_L3_0@22|3_9,G4_L3_0@22,C_L_3,8.0,12.0,0.125,0.08333333333333333,0.0,0.0,4.373782984983405,3.879174933054199,7.0,20.0,3.044522437723423,MILD30,chronic
G4_L3_0@22|4_9,G4_L3_0@22,C_L_3,5.0,12.0,0.0,0.0,0.0,0.0,-0.47585804824779765,2.4157042786486103,1.0,56.568542494923804,4.0529762812736765,MILD30,chronic
G4_L3_0@24|11_15,G4_L3_0@24,C_L_3,5.0,10.0,0.0,0.0,0.0,0.0,-0.16362921040651407,0.22429625282539645,2.0,422.0189569201838,6.047416993456244,MILD30,chronic
G4_L3_0@24|13_15,G4_L3_0@24,C_L_3,10.0,6.0,0.0,0.0,0.0,0.0,-0.3443493723561185,-0.3217217460712426,2.0,571.874900102654,6.350667368450314,MILD30,chronic
G4_L3_0@24|13_17,G4_L3_0@24,C_L_3,14.0,7.0,0.07142857142857142,0.0,0.0,0.0,-0.7568861797815765,2.5137000285797266,2.0,502.09560842532767,6.220780228429812,MILD30,chronic
G4_L3_0@24|13_18,G4_L3_0@24,C_L_3,12.0,9.0,0.0,0.0,0.0,0.0,-0.2957022957412065,,,410.1219330881975,6.018889844677681,MILD30,chronic
G4_L3_0@24|13_19,G4_L3_0@24,C_L_3,14.0,11.0,0.0,0.0,0.0,0.0,-1.1648921766682752,-0.689677058113034,4.0,325.2691193458119,5.7877225602786035,MILD30,chronic
G4_L3_0@24|14_22,G4_L3_0@24,C_L_3,21.0,17.0,0.09523809523809523,0.11764705882352941,,0.0,39.41593164957156,31.528921950584515,7.0,20.0,3.044522437723423,MILD30,chronic
G4_L3_0@24|15_21,G4_L3_0@24,C_L_3,23.0,10.0,0.08695652173913043,0.2,,0.043478260869565216,46.73217915760012,13.788843816202098,2.0,36.05551275463989,3.6124171329715926,MILD30,chronic
G4_L3_0@24|15_22,G4_L3_0@24,C_L_3,13.0,10.0,0.07692307692307693,0.1,,0.0,28.446387834290313,,,20.0,3.044522437723423,MILD30,chronic
G4_L3_0@24|17_19,G4_L3_0@24,C_L_3,25.0,5.0,0.08,0.2,,0.12,5.029739361040934,-2.8385320897142217,1.0,28.284271247461902,3.377050554392157,MILD30,chronic
G4_L3_0@24|18_16,G4_L3_0@24,C_L_3,8.0,8.0,0.0,0.0,0.0,0.0,0.7080690751937009,4.554254618942537,3.0,227.23736268114143,5.430386151813693,MILD30,chronic
G4_L3_0@24|19_16,G4_L3_0@24,C_L_3,8.0,7.0,0.0,0.0,0.0,0.125,-1.8035263058517452,2.2936528261189353,3.0,220.2271554554524,5.399190026378419,MILD30,chronic
G4_L3_0@24|21_14,G4_L3_0@24,C_L_3,6.0,7.0,0.0,0.0,0.0,0.0,-2.779654272947441,4.308445270986904,1.0,206.15528128088303,5.333468663158029,MILD30,chronic
G4_L3_0@24|21_15,G4_L3_0@24,C_L_3,7.0,8.0,0.0,0.25,0.0,0.0,-1.0953630815468731,-4.53019540741098,2.0,200.0,5.303304908059076,MILD30,chronic
G4_L3_0@24|23_15,G4_L3_0@24,C_L_3,13.0,10.0,0.07692307692307693,0.0,0.0,0.0,29.506681068457137,22.216695392070285,6.0,22.360679774997898,3.1510542574937324,MILD30,chronic
G4_L3_0@24|23_16,G4_L3_0@24,C_L_3,17.0,15.0,0.23529411764705882,0.06666666666666667,,0.0,5.565022966502321,14.987660484524335,1.0,14.142135623730951,2.7174812964321107,MILD30,chronic
G4_L3_0@24|25_11,G4_L3_0@24,C_L_3,33.0,10.0,0.12121212121212122,0.1,,0.0,2.410286758237681,4.2344211980838775,5.0,14.142135623730951,2.7174812964321107,MILD30,chronic
G4_L3_0@24|6_11,G4_L3_0@24,C_L_3,8.0,11.0,0.125,0.0,0.0,0.0,-0.0834345969891795,-0.08617848181715138,3.0,134.1640786499874,4.9064894378482276,MILD30,chronic
G4_L3_0@24|6_13,G4_L3_0@24,C_L_3,5.0,5.0,0.2,0.0,0.0,0.0,-0.11643349947152176,,,36.05551275463989,3.6124171329715926,MILD30,chronic
G4_L3_0@24|9_14,G4_L3_0@24,C_L_3,7.0,8.0,0.0,0.0,0.0,0.0,-0.11899064959262558,-0.328143471102351,5.0,264.0075756488817,5.5797584129318825,MILD30,chronic
G4_L3_0@29|18_12,G4_L3_0@29,C_L_3,10.0,6.0,0.0,0.0,0.0,0.0,-0.19461788555903897,-0.033218392090746174,3.0,256.94857131183267,5.552760229050907,MILD30,chronic
G4_L3_0@29|18_13,G4_L3_0@29,C_L_3,8.0,10.0,0.0,0.0,0.0,0.0,-0.0419066459160359,-0.2954200588562158,3.0,346.1724276862369,5.849821566286696,MILD30,chronic
G4_L3_0@42|18_15,G4_L3_0@42,C_L_3,13.0,7.0,0.0,0.0,0.0,0.0,-0.13484030345898013,1.7238726633909824,2.0,343.2894714020173,5.841482790155785,MILD30,chronic
G4_L3_0@42|19_14,G4_L3_0@42,C_L_3,9.0,9.0,0.0,0.0,0.0,0.0,-0.375162826856107,0.6726870341665631,5.0,398.6849401507151,5.990676587125825,MILD30,chronic
G4_L3_1@39|39_14,G4_L3_1@39,C_OS1_4,22.0,14.0,0.13636363636363635,0.07142857142857142,0.25,0.0,1.1562043189532938,1.963865490714637,2.0,20.0,3.044522437723423,OS1,chronic
G4_L3_1@3|40_9,G4_L3_1@3,C_OS1_4,5.0,9.0,0.0,0.1111111111111111,0.0,0.0,0.9765403605507297,1.7912550342076292,2.0,25.3224755112299,3.2704231564123165,OS1,chronic
G4_L3_1@3|41_9,G4_L3_1@3,C_OS1_4,9.0,10.0,0.0,0.0,0.0,0.0,0.04132773453594861,-1.0522175072881221,3.0,64.03124237432849,4.174867806332253,OS1,chronic
G4_L3_1@3|42_8,G4_L3_1@3,C_OS1_4,9.0,12.0,0.1111111111111111,0.0,0.0,0.0,-0.8480059591693283,-0.7208449996002,1.0,63.24555320336759,4.16271251053762,OS1,chronic
G4_L3_1@3|43_8,G4_L3_1@3,C_OS1_4,5.0,8.0,0.0,0.0,0.0,0.0,0.14524744167925172,,,50.0,3.9318256327243257,OS1,chronic
G4_L3_1@41|47_18,G4_L3_1@41,C_OS1_4,8.0,10.0,0.0,0.0,0.0,0.0,0.29099953198581396,0.21443232746281152,2.0,485.84915792462687,6.187954337782983,OS1,chronic
G4_L3_1@43|48_21,G4_L3_1@43,C_OS1_4,5.0,6.0,0.0,0.0,0.0,0.0,-0.10167657913451779,-0.5393496808453818,5.0,277.308492477241,5.628730183615091,OS1,chronic
G4_L3_1@43|48_23,G4_L3_1@43,C_OS1_4,6.0,5.0,0.0,0.0,,0.0,-0.16664964185115672,-0.6653431048968762,3.0,70.0,4.2626798770413155,OS1,chronic
G4_L3_1@43|48_24,G4_L3_1@43,C_OS1_4,7.0,5.0,0.0,0.0,0.0,0.0,-0.31128138708300757,,,22.360679774997898,3.1510542574937324,OS1,chronic
G4_L3_1@44|39_17,G4_L3_1@44,C_OS1_4,9.0,7.0,0.0,0.0,0.0,0.0,1.1275014715228169,9.725716674021225,6.0,30.811388300841898,3.4598243483434987,OS1,chronic
G4_L3_1@44|39_18,G4_L3_1@44,C_OS1_4,5.0,5.0,0.0,0.0,0.0,0.0,1.541261301728829,1.6169306448845737,3.0,35.0,3.58351893845611,OS1,chronic
G4_L3_1@46|54_18,G4_L3_1@46,C_OS1_4,29.0,6.0,0.2413793103448276,0.0,0.0,0.4482758620689655,3.1267144431740457,5.841468453255554,3.0,22.360679774997898,3.1510542574937324,OS1,chronic
G4_L3_1@47|45_18,G4_L3_1@47,C_OS1_4,8.0,8.0,0.0,0.0,0.0,0.0,-0.13842824119597158,-0.5296402704819742,1.0,634.1523301658999,6.45386486014872,OS1,chronic
G4_L3_1@54|44_21,G4_L3_1@54,C_OS1_4,8.0,6.0,0.0,0.0,0.0,0.0,-0.1448328346342208,-0.5322331949480424,2.0,438.38246553833966,6.0853702536884935,OS1,chronic
G4_L3_1@54|45_22,G4_L3_1@54,C_OS1_4,6.0,6.0,0.0,0.0,0.0,0.0,-0.2785250330200153,-0.4093576206032786,2.0,361.5925775726329,5.893279828096436,OS1,chronic
G4_L3_1@61|55_23,G4_L3_1@61,C_OS1_4,21.0,11.0,0.5714285714285714,0.2727272727272727,0.3333333333333333,0.7142857142857143,0.7859485625542985,,,0.0,0.0,OS1,chronic
G4_L3_1@62|40_23,G4_L3_1@62,C_OS1_4,5.0,18.0,0.0,0.1111111111111111,0.06666666666666667,0.0,1.2575385021099441,1.312287284832529,1.0,56.568542494923804,4.0529762812736765,OS1,chronic
G4_L3_1@62|41_24,G4_L3_1@62,C_OS1_4,6.0,7.0,0.0,0.0,,0.0,0.0017287279440251014,3.333208624045011,5.0,14.142135623730951,2.7174812964321107,OS1,chronic
G4_L3_1@72|45_27,G4_L3_1@72,C_OS1_4,12.0,9.0,0.0,0.1111111111111111,0.0,0.25,3.8349985039108785,,,10.0,2.3978952727983707,OS1,chronic
G5_L1_1@3|35_12,G5_L1_1@3,C_P1_1,19.0,9.0,0.15789473684210525,0.1111111111111111,,0.0,4.623589157211062,6.150448924283612,4.0,38.027756377319946,3.6642730949724527,PEAK1,chronic
G5_L1_1@3|35_16,G5_L1_1@3,C_P1_1,15.0,23.0,0.13333333333333333,0.13043478260869565,,0.0,14.281318259925442,,,40.0,3.713572066704308,PEAK1,chronic
G5_L1_1@3|36_11,G5_L1_1@3,C_P1_1,13.0,9.0,0.0,0.0,0.0,0.0,0.4112828166455852,-0.6032700896883743,3.0,91.89126521027882,4.531429617828566,PEAK1,chronic
G5_L1_1@3|36_13,G5_L1_1@3,C_P1_1,10.0,6.0,0.0,0.0,0.0,0.0,0.6210225204409902,,,100.24937810560445,4.6175865638009155,PEAK1,chronic
G5_L1_1@3|37_10,G5_L1_1@3,C_P1_1,9.0,10.0,0.0,0.0,0.0,0.0,-0.7569812369098312,-1.024789700469322,1.0,80.62257748298549,4.402105908540379,PEAK1,chronic
G5_L1_1@3|37_13,G5_L1_1@3,C_P1_1,13.0,7.0,0.0,0.0,0.0,0.0,-0.32975607462111534,-1.3782300842950008,3.0,143.28633524841604,4.971799764472625,PEAK1,chronic
G5_L1_1@3|37_14,G5_L1_1@3,C_P1_1,10.0,7.0,0.0,0.0,0.0,0.0,-6.184786483632471,,,60.82762530298219,4.124350275958941,PEAK1,chronic
G5_L1_1@3|37_9,G5_L1_1@3,C_P1_1,24.0,5.0,0.08333333333333333,0.0,,0.08333333333333333,0.09666438537727474,3.9700100311081163,4.0,22.360679774997898,3.1510542574937324,PEAK1,chronic
G5_L1_1@3|38_21,G5_L1_1@3,C_P1_1,24.0,15.0,0.041666666666666664,0.0,0.0,0.0,6.742430290053166,3.1025789660884002,1.0,22.360679774997898,3.1510542574937324,PEAK1,chronic
G5_L1_1@3|39_19,G5_L1_1@3,C_P1_1,12.0,12.0,0.0,0.0,0.0,0.0,-1.641307981716435,-1.279729125493705,1.0,57.439030721688404,4.067984000873775,PEAK1,chronic
G5_L1_1@3|39_20,G5_L1_1@3,C_P1_1,8.0,7.0,0.125,0.0,0.0,0.0,-0.501713259143877,0.3123860670114756,3.0,50.0,3.9318256327243257,PEAK1,chronic
G5_L1_1@59|43_19,G5_L1_1@59,C_P1_1,19.0,5.0,0.05263157894736842,0.0,0.0,0.0,2.3108972640128083,5.2129026261790825,1.0,25.3224755112299,3.2704231564123165,PEAK1,chronic
G5_L1_1@6|38_11,G5_L1_1@6,C_P1_1,7.0,12.0,0.0,0.0,0.0,0.0,-0.2579865262323,,,143.17821063276352,4.971050108251365,PEAK1,chronic
G5_L1_1@6|38_12,G5_L1_1@6,C_P1_1,13.0,8.0,0.0,0.0,0.0,0.0,-0.2939461037304431,-0.32014898503853567,1.0,183.84776310850236,5.219532584192312,PEAK1,chronic
G5_L1_1@6|38_14,G5_L1_1@6,C_P1_1,9.0,7.0,0.0,0.0,0.0,0.0,-3.946822283744996,-0.993009860183858,3.0,35.0,3.58351893845611,PEAK1,chronic
G5_L1_1@6|39_11,G5_L1_1@6,C_P1_1,10.0,21.0,0.0,0.0,0.0,0.0,-0.23086034429477933,-0.39185335834475005,3.0,53.85164807134504,4.004632233149422,PEAK1,chronic
G5_L1_2@100|83_14,G5_L1_2@100,C_OS1_3,8.0,5.0,0.0,0.2,0.0,0.0,-0.15474525010259377,-0.4941151865303534,1.0,223.60679774997897,5.414351307874737,OS1,chronic
G5_L1_2@100|84_13,G5_L1_2@100,C_OS1_3,12.0,6.0,0.16666666666666666,0.0,0.0,0.0,-0.11396247616565722,-0.43427525000743356,1.0,241.2464055238687,5.4899554127820265,OS1,chronic
G5_L1_2@100|84_14,G5_L1_2@100,C_OS1_3,5.0,8.0,0.0,0.0,0.0,0.0,-0.13817992695447234,-0.4386186012471713,3.0,223.60679774997897,5.414351307874737,OS1,chronic
G5_L1_2@141|81_20,G5_L1_2@141,C_OS1_3,12.0,8.0,0.16666666666666666,0.0,0.3333333333333333,0.3333333333333333,4.79105811596291,7.547614002653551,2.0,0.0,0.0,OS1,chronic
G5_L1_2@34|83_7,G5_L1_2@34,C_OS1_3,5.0,6.0,0.0,0.0,0.0,0.0,-0.2583497967488459,-0.39767361931569245,2.0,76.15773105863909,4.34585178193694,OS1,chronic
G5_L1_2@35|82_7,G5_L1_2@35,C_OS1_3,9.0,7.0,0.0,0.0,0.0,0.0,-0.38616666325025006,0.2552828850042098,2.0,68.89635872182423,4.247013555205129,OS1,chronic
G5_L1_2@47|91_8,G5_L1_2@47,C_OS1_3,30.0,9.0,0.0,0.0,0.0,0.0,0.081127109747316,-0.08499456051917323,6.0,50.99019513592785,3.951055145724373,OS1,chronic
G5_L1_2@47|92_10,G5_L1_2@47,C_OS1_3,31.0,12.0,0.03225806451612903,0.0,,0.0,-0.6065250864866216,1.9455172480828433,6.0,56.568542494923804,4.0529762812736765,OS1,chronic
G5_L1_2@47|92_9,G5_L1_2@47,C_OS1_3,22.0,7.0,0.2727272727272727,0.0,,0.7272727272727273,-0.5897036071310723,0.71098177025271,4.0,28.284271247461902,3.377050554392157,OS1,chronic
G5_L1_2@80|81_12,G5_L1_2@80,C_OS1_3,5.0,10.0,0.0,0.0,0.0,0.0,-0.12406071178134198,,,42.426406871192846,3.771067709327022,OS1,chronic
G5_L1_2@80|82_12,G5_L1_2@80,C_OS1_3,15.0,5.0,0.06666666666666667,0.0,0.0,0.0,-0.13563836109384902,-0.4662597667527989,2.0,58.309518948453004,4.08276981501776,OS1,chronic
G5_L1_2@80|83_12,G5_L1_2@80,C_OS1_3,10.0,10.0,0.1,0.0,0.0,0.0,-0.2657131965152444,-0.5862044543928374,4.0,85.73164506180079,4.4628188121378445,OS1,chronic
G5_L1_2@86|86_17,G5_L1_2@86,C_OS1_3,12.0,5.0,0.0,0.2,0.0,0.0,-0.15045881144296325,-0.4604975553695803,3.0,197.9898987322333,5.293254063296621,OS1,chronic
G5_L1_2@86|86_19,G5_L1_2@86,C_OS1_3,16.0,7.0,0.0625,0.0,0.0,0.0,0.127868191677438,-0.8019590327519368,3.0,80.62257748298549,4.402105908540379,OS1,chronic
G5_L1_2@86|87_18,G5_L1_2@86,C_OS1_3,8.0,7.0,0.25,0.0,,0.0,-0.345391053199956,-0.5666936927593808,1.0,182.4828759089466,5.2121213438428144,OS1,chronic
G5_L1_2@86|88_20,G5_L1_2@86,C_OS1_3,19.0,13.0,0.10526315789473684,0.0,0.0,0.21052631578947367,3.4935872841349256,,,30.811388300841898,3.4598243483434987,OS1,chronic
G5_L1_2@86|89_17,G5_L1_2@86,C_OS1_3,10.0,11.0,0.0,0.0,0.0,0.1,-0.6707829287099772,0.7891836125856498,2.0,72.11102550927978,4.291979183142695,OS1,chronic
G5_L1_2@86|91_13,G5_L1_2@86,C_OS1_3,39.0,10.0,0.15384615384615385,0.3,,0.1282051282051282,4.7917389844209355,6.134311104160359,2.0,14.142135623730951,2.7174812964321107,OS1,chronic
G5_L1_2@95|80_15,G5_L1_2@95,C_OS1_3,8.0,5.0,0.0,0.0,0.0,0.0,-0.5697511377754456,-0.6690391016266359,2.0,42.426406871192846,3.771067709327022,OS1,chronic
G5_L1_2@99|81_13,G5_L1_2@99,C_OS1_3,9.0,9.0,0.0,0.0,0.0,0.0,-0.15641311585479842,-0.478944828592416,6.0,139.50941921343684,4.945274527191707,OS1,chronic
G5_L2_1@16|54_24,G5_L2_1@16,C_OS1_1,7.0,6.0,0.0,0.0,0.0,0.0,0.12034243600582188,0.1670535070507373,1.0,215.40659228538016,5.377159009934297,OS1,chronic
G5_L2_1@16|55_24,G5_L2_1@16,C_OS1_1,5.0,6.0,0.0,0.0,0.0,0.0,-0.2579954582164093,-0.49258143534364296,1.0,151.32745950421557,5.026032542429386,OS1,chronic
G5_L2_1@16|56_24,G5_L2_1@16,C_OS1_1,19.0,11.0,0.2631578947368421,0.0,0.0,0.05263157894736842,1.2166890197543134,5.587806962416259,3.0,30.0,3.4339872044851463,OS1,chronic
G5_L2_1@16|56_25,G5_L2_1@16,C_OS1_1,32.0,7.0,0.21875,0.0,,0.25,0.4470289903298787,0.37668118775426374,5.0,56.568542494923804,4.0529762812736765,OS1,chronic
G5_L2_1@16|56_26,G5_L2_1@16,C_OS1_1,10.0,13.0,0.0,0.07692307692307693,0.0,0.0,0.2987641307770347,0.8393876629962944,6.0,80.0,4.394449154672439,OS1,chronic
G5_L2_1@16|57_26,G5_L2_1@16,C_OS1_1,6.0,13.0,0.0,0.07692307692307693,0.0,0.16666666666666666,2.5255324272777275,1.7241720829223324,1.0,14.142135623730951,2.7174812964321107,OS1,chronic
G5_L2_1@27|39_28,G5_L2_1@27,C_OS1_1,21.0,5.0,0.2857142857142857,0.0,,0.0,1.1755182030911757,2.5124248651222723,1.0,12.071067811865476,2.570401223753042,OS1,chronic
G5_L2_1@31|56_30,G5_L2_1@31,C_OS1_1,11.0,6.0,0.0,0.3333333333333333,1.0,0.0,4.971698669793506,6.05543858307731,4.0,14.142135623730951,2.7174812964321107,OS1,chronic
G5_L2_1@31|57_28,G5_L2_1@31,C_OS1_1,5.0,21.0,0.0,0.047619047619047616,0.058823529411764705,0.0,5.046100568309317,,,17.071067811865476,2.8943121959332228,OS1,chronic
G5_L2_1@31|57_29,G5_L2_1@31,C_OS1_1,20.0,11.0,0.25,0.09090909090909091,0.0,0.15,6.885745698950006,,,14.142135623730951,2.7174812964321107,OS1,chronic
G5_L2_1@35|46_28,G5_L2_1@35,C_OS1_1,5.0,5.0,0.0,0.0,0.0,0.0,-0.5454329467587629,-0.468099453750459,1.0,277.72094497240766,5.6302110840588195,OS1,chronic
G5_L2_1@3|47_19,G5_L2_1@3,C_OS1_1,7.0,12.0,0.2857142857142857,0.16666666666666666,1.0,0.2857142857142857,0.04719918551928061,4.239117113871767,1.0,14.142135623730951,2.7174812964321107,OS1,chronic
G5_L2_1@44|39_31,G5_L2_1@44,C_OS1_1,8.0,6.0,0.0,0.16666666666666666,,0.0,0.6445016412591678,,,10.0,2.3978952727983707,OS1,chronic
G5_L2_1@51|53_34,G5_L2_1@51,C_OS1_1,9.0,5.0,0.1111111111111111,0.0,0.0,0.0,-0.07556438965401,-0.7031859332893176,2.0,190.65635382491624,5.255703944550767,OS1,chronic
G5_L2_1@51|54_34,G5_L2_1@51,C_OS1_1,9.0,8.0,0.1111111111111111,0.0,0.0,0.0,-0.3180697873321506,-0.8274206031014683,3.0,122.06555615733703,4.812717190279601,OS1,chronic
G5_L2_1@51|54_37,G5_L2_1@51,C_OS1_1,11.0,9.0,0.45454545454545453,0.1111111111111111,0.0,0.9090909090909091,10.281237220016754,,,12.071067811865476,2.570401223753042,OS1,chronic
G5_L2_1@51|55_34,G5_L2_1@51,C_OS1_1,16.0,12.0,0.0625,0.0,0.0,0.0,1.825703336026858,2.006711854497321,5.0,22.360679774997898,3.1510542574937324,OS1,chronic
G5_L2_2@12|63_34,G5_L2_2@12,C_P1_2,23.0,17.0,0.08695652173913043,0.11764705882352941,0.25,0.0,2.2430593962086696,,,22.360679774997898,3.1510542574937324,PEAK1,chronic
G5_L2_2@12|63_35,G5_L2_2@12,C_P1_2,6.0,8.0,0.3333333333333333,0.25,0.0,0.0,3.6014115610835717,,,22.360679774997898,3.1510542574937324,PEAK1,chronic
G5_L2_2@12|64_35,G5_L2_2@12,C_P1_2,11.0,6.0,0.09090909090909091,0.16666666666666666,0.0,0.09090909090909091,-0.30164338392418033,-0.09081050704412119,1.0,70.71067811865476,4.272639664252711,PEAK1,chronic
G5_L2_2@12|65_35,G5_L2_2@12,C_P1_2,5.0,6.0,0.0,0.0,,0.0,1.4075590829928433,7.048466894709808,2.0,151.32745950421557,5.026032542429386,PEAK1,chronic
G5_L2_2@12|66_33,G5_L2_2@12,C_P1_2,6.0,8.0,0.0,0.25,0.0,0.0,0.47199070797084974,4.667971205747568,2.0,281.60255680657446,5.644041517649607,PEAK1,chronic
G5_L2_2@12|67_33,G5_L2_2@12,C_P1_2,11.0,8.0,0.0,0.0,0.0,0.0,-0.36711893674701107,7.8398425037335935,2.0,390.1281840626232,5.969035342736027,PEAK1,chronic
G5_L2_2@12|68_33,G5_L2_2@12,C_P1_2,11.0,6.0,0.18181818181818182,0.0,,0.7272727272727273,-0.23104164101627342,2.7079318523799514,1.0,480.41648597857255,6.176732770667398,PEAK1,chronic
G5_L2_2@12|68_34,G5_L2_2@12,C_P1_2,10.0,8.0,0.1,0.0,0.0,0.1,-0.12939934240652823,,,487.12340477284346,6.190568252517611,PEAK1,chronic
G5_L2_2@12|68_35,G5_L2_2@12,C_P1_2,5.0,9.0,0.0,0.0,0.0,0.2,-0.35324880069866665,,,454.03236511304095,6.120368548537755,PEAK1,chronic
G5_L2_2@12|69_32,G5_L2_2@12,C_P1_2,5.0,11.0,0.0,0.0,0.0,0.0,1.191150934377897,2.5965866279318313,3.0,615.0409808533929,6.423313488680077,PEAK1,chronic
G5_L2_2@12|69_34,G5_L2_2@12,C_P1_2,9.0,8.0,0.0,0.0,0.0,0.1111111111111111,0.06132416750774865,5.21165684995476,2.0,590.3388857258177,6.382389263772582,PEAK1,chronic
G5_L2_2@15|72_35,G5_L2_2@15,C_P1_2,11.0,11.0,0.0,0.0,0.0,0.0,-0.09884395885595823,-0.1774850107308002,2.0,560.7580162511729,6.33107118110367,PEAK1,chronic
G5_L2_2@15|72_36,G5_L2_2@15,C_P1_2,5.0,7.0,0.2,0.0,0.0,0.0,-0.24408782770121326,-0.24522867807781412,1.0,548.860643707372,6.309664871044123,PEAK1,chronic
G5_L2_2@15|73_34,G5_L2_2@15,C_P1_2,5.0,8.0,0.0,0.0,0.0,0.0,-0.17668089675000775,-0.31427650680311364,2.0,458.8027898781785,6.130797679901319,PEAK1,chronic
G5_L2_2@15|77_33,G5_L2_2@15,C_P1_2,7.0,6.0,0.0,0.0,0.0,0.0,-0.23668734285908932,9.0528236162902,2.0,80.62257748298549,4.402105908540379,PEAK1,chronic
G5_L2_2@1|64_27,G5_L2_2@1,C_P1_2,8.0,13.0,0.0,0.0,0.0,0.0,10.034572581977672,10.880881099316241,6.0,40.0,3.713572066704308,PEAK1,chronic
G5_L2_2@1|65_26,G5_L2_2@1,C_P1_2,14.0,7.0,0.21428571428571427,0.0,0.0,0.0,4.8964258414629045,7.719803382316395,3.0,20.0,3.044522437723423,PEAK1,chronic
G5_L2_2@1|66_27,G5_L2_2@1,C_P1_2,5.0,8.0,0.0,0.0,0.0,0.0,0.7722159200843137,2.5191038296689676,1.0,162.78820596099706,5.098574166146536,PEAK1,chronic
G5_L2_2@1|68_27,G5_L2_2@1,C_P1_2,7.0,7.0,0.0,0.0,,0.0,-0.4788601874322751,1.4669375208810138,3.0,296.5065831157961,5.695436352861185,PEAK1,chronic
G5_L2_2@1|68_29,G5_L2_2@1,C_P1_2,10.0,8.0,0.0,0.0,,0.0,-0.16728890950343142,0.9254437525448583,2.0,432.3167119202188,6.071468896938678,PEAK1,chronic
G5_L2_2@1|69_29,G5_L2_2@1,C_P1_2,5.0,9.0,0.0,0.0,0.0,0.0,-0.13406024837469985,-0.2514339155025928,3.0,530.9422574418886,6.276534944807833,PEAK1,chronic
G5_L2_2@25|67_37,G5_L2_2@25,C_P1_2,13.0,7.0,0.0,0.0,0.0,0.0,-0.4118534015065161,-0.6294909847727576,4.0,249.09253080837433,5.521830972617036,PEAK1,chronic
G5_L2_2@25|67_38,G5_L2_2@25,C_P1_2,7.0,8.0,0.14285714285714285,0.0,0.0,0.0,-0.2883491361752397,0.36303177196227826,1.0,192.35384061671343,5.2645218814025165,PEAK1,chronic
G5_L2_2@27|65_38,G5_L2_2@27,C_P1_2,13.0,9.0,0.07692307692307693,0.0,,0.0,5.117770777242466,4.643863296199385,3.0,143.17437752703927,4.971023522010202,PEAK1,chronic
G5_L2_2@28|66_39,G5_L2_2@28,C_P1_2,19.0,19.0,0.05263157894736842,0.05263157894736842,,0.0,4.059220105756649,5.199278708083534,7.0,59.1547594742265,4.096920566043889,PEAK1,chronic
G5_L2_2@28|67_39,G5_L2_2@28,C_P1_2,13.0,8.0,0.07692307692307693,0.0,0.0,0.0,-0.3623912693100625,-0.6370010710534773,4.0,86.02325267042627,4.466175355017631,PEAK1,chronic
G5_L2_2@28|68_39,G5_L2_2@28,C_P1_2,21.0,10.0,0.0,0.0,,0.0,-0.33048447541755316,1.086906501850868,2.0,176.91806012954132,5.1813231079538875,PEAK1,chronic
G5_L2_2@28|68_40,G5_L2_2@28,C_P1_2,13.0,13.0,0.0,0.0,0.0,0.0,2.0818966968996153,0.8732865250188754,4.0,63.63961030678928,4.168827385524947,PEAK1,chronic
G5_L2_2@28|68_41,G5_L2_2@28,C_P1_2,6.0,10.0,0.16666666666666666,0.2,,0.16666666666666666,6.945658492365198,11.060415350331375,5.0,10.0,2.3978952727983707,PEAK1,chronic
G5_L2_2@28|69_41,G5_L2_2@28,C_P1_2,8.0,5.0,0.25,0.0,0.0,0.0,8.779523816053182,10.275983493351076,8.0,14.142135623730951,2.7174812964321107,PEAK1,chronic
G5_L2_2@3|65_28,G5_L2_2@3,C_P1_2,10.0,8.0,0.0,0.0,0.0,0.0,1.1830452119607835,,,158.88495669547814,5.074454535961239,PEAK1,chronic
G5_L2_2@3|66_28,G5_L2_2@3,C_P1_2,9.0,11.0,0.0,0.0,0.0,0.0,-2.184598746072276,-0.10201743576465128,2.0,207.48070572954703,5.339846498489508,PEAK1,chronic
G5_L3_1@29|37_15,G5_L3_1@29,C_OS1_2,6.0,7.0,0.16666666666666666,0.0,0.0,0.16666666666666666,0.3377109211608025,,,22.360679774997898,3.1510542574937324,OS1,chronic
G5_L3_1@59|54_24,G5_L3_1@59,C_OS1_2,5.0,9.0,0.0,0.2222222222222222,0.0,0.0,3.8568053885511793,7.195310255164668,1.0,22.360679774997898,3.1510542574937324,OS1,chronic
G5_L3_1@71|37_26,G5_L3_1@71,C_OS1_2,10.0,27.0,0.0,0.037037037037037035,0.16666666666666666,0.0,2.9847912022969485,5.39131302265996,7.0,31.622776601683796,3.485010713180571,OS1,chronic
G5_L3_1@71|37_27,G5_L3_1@71,C_OS1_2,9.0,11.0,0.0,0.0,0.0,0.0,-0.015694431285838167,8.426821556118535,3.0,14.142135623730951,2.7174812964321107,OS1,chronic
G5_L3_1@71|38_27,G5_L3_1@71,C_OS1_2,16.0,15.0,0.0,0.06666666666666667,0.0,0.0625,1.3126254034140956,2.856063073846407,3.0,56.568542494923804,4.0529762812736765,OS1,chronic
G5_L3_1@71|38_28,G5_L3_1@71,C_OS1_2,31.0,8.0,0.0967741935483871,0.25,,0.3548387096774194,2.1501608911982046,1.660682362355022,3.0,22.360679774997898,3.1510542574937324,OS1,chronic
G5_L3_1@71|40_29,G5_L3_1@71,C_OS1_2,5.0,8.0,0.0,0.0,0.0,0.0,2.1073369431012194,13.1789397900548,3.0,20.0,3.044522437723423,OS1,chronic
G5_L3_1@75|41_29,G5_L3_1@75,C_OS1_2,11.0,11.0,0.09090909090909091,0.36363636363636365,,0.6363636363636364,4.15456458061951,7.413532226177267,2.0,14.142135623730951,2.7174812964321107,OS1,chronic
G5_L3_1@75|42_30,G5_L3_1@75,C_OS1_2,8.0,19.0,0.125,0.10526315789473684,0.3333333333333333,0.0,3.5292378958894584,,,14.142135623730951,2.7174812964321107,OS1,chronic
G5_L3_1@77|46_30,G5_L3_1@77,C_OS1_2,24.0,8.0,0.041666666666666664,0.0,0.0,0.0,-0.0824484736243742,0.4429270564523292,4.0,31.622776601683796,3.485010713180571,OS1,chronic
G5_L3_1@77|47_30,G5_L3_1@77,C_OS1_2,31.0,10.0,0.0,0.0,0.0,0.0,4.569297538403015,3.6716604474434225,5.0,22.360679774997898,3.1510542574937324,OS1,chronic
G5_L3_1@77|48_30,G5_L3_1@77,C_OS1_2,21.0,8.0,0.14285714285714285,0.0,,0.0,4.735630701791154,3.875236594710634,5.0,20.0,3.044522437723423,OS1,chronic
G5_L3_1@77|49_29,G5_L3_1@77,C_OS1_2,9.0,18.0,0.0,0.0,0.0,0.0,2.5925502394492046,0.9864787449731177,3.0,41.23105625617661,3.743155880619243,OS1,chronic
G5_L3_1@77|49_30,G5_L3_1@77,C_OS1_2,20.0,5.0,0.05,0.2,0.0,0.0,2.7362920856217405,3.151042441785911,1.0,14.142135623730951,2.7174812964321107,OS1,chronic
G5_L3_2@14|64_24,G5_L3_2@14,C_P1_3,7.0,7.0,0.0,0.0,0.0,0.0,3.2730741195371196,8.678423401409926,3.0,17.071067811865476,2.8943121959332228,PEAK1,chronic
G5_L3_2@14|65_25,G5_L3_2@14,C_P1_3,21.0,11.0,0.09523809523809523,0.18181818181818182,0.0,0.0,9.021261326817186,5.417619997953298,3.0,21.18033988749895,3.0992063058579626,PEAK1,chronic
G5_L3_2@15|68_25,G5_L3_2@15,C_P1_3,13.0,11.0,0.0,0.09090909090909091,0.0,0.0,-0.8049260747343197,2.1184614064194025,3.0,224.7220505424423,5.419304377511396,PEAK1,chronic
G5_L3_2@15|68_26,G5_L3_2@15,C_P1_3,9.0,7.0,0.0,0.0,0.0,0.0,0.5732893745229134,-1.1600404616498685,2.0,137.9787983540233,4.934321391669664,PEAK1,chronic
G5_L3_2@1|63_14,G5_L3_2@1,C_P1_3,6.0,7.0,0.3333333333333333,0.0,0.0,0.0,1.91052897434707,2.531479829019105,2.0,14.142135623730951,2.7174812964321107,PEAK1,chronic
G5_L3_2@1|65_11,G5_L3_2@1,C_P1_3,19.0,5.0,0.10526315789473684,0.0,,0.2631578947368421,-0.31287229669352284,2.0728727606217565,1.0,25.3224755112299,3.2704231564123165,PEAK1,chronic
G5_L3_2@1|67_14,G5_L3_2@1,C_P1_3,7.0,6.0,0.0,0.16666666666666666,,0.7142857142857143,-0.011361932451783827,,,403.11288741492746,6.001694263223827,PEAK1,chronic
G5_L3_2@1|70_17,G5_L3_2@1,C_P1_3,8.0,10.0,0.0,0.0,0.0,0.0,-0.14279043817645273,-0.20156829398482357,2.0,705.9269307119896,6.560927309370166,PEAK1,chronic
G5_L3_2@1|70_28,G5_L3_2@1,C_P1_3,10.0,10.0,0.0,0.0,0.0,0.0,10.075070135104248,7.140546251090137,4.0,17.071067811865476,2.8943121959332228,PEAK1,chronic
G5_L3_2@1|71_20,G5_L3_2@1,C_P1_3,6.0,7.0,0.0,0.0,0.0,0.0,-0.24152473958257503,2.1021658416726647,1.0,812.5269226308751,6.701379020925085,PEAK1,chronic
G5_L3_2@1|73_22,G5_L3_2@1,C_P1_3,8.0,5.0,0.0,0.0,,0.0,0.21193624761653948,0.49025771076540153,3.0,596.1543424315552,6.392175610015577,PEAK1,chronic
G5_L3_2@1|73_25,G5_L3_2@1,C_P1_3,9.0,5.0,0.0,0.2,0.0,0.0,1.8931662346042673,8.527241870029002,1.0,333.09089406873295,5.811413093884228,PEAK1,chronic
G5_L3_2@1|73_26,G5_L3_2@1,C_P1_3,8.0,6.0,0.125,0.0,0.0,0.375,-1.0556629557722008,4.770971986740797,2.0,253.9665942465548,5.541132533622102,PEAK1,chronic
G5_L3_2@3|65_19,G5_L3_2@3,C_P1_3,6.0,9.0,0.16666666666666666,0.0,0.0,0.0,-0.07179461854511865,-0.16624457488359357,5.0,259.6150997149434,5.5630446051263,PEAK1,chronic
G5_L3_2@4|67_18,G5_L3_2@4,C_P1_3,6.0,5.0,0.0,0.0,0.0,0.0,-0.11190434870175203,-0.24363377760022736,4.0,496.4876634922564,6.209570759290707,PEAK1,chronic
G5_L3_2@4|68_17,G5_L3_2@4,C_P1_3,5.0,8.0,0.0,0.0,0.0,0.0,0.09120647248607534,1.1962016397016937,6.0,621.2889826803627,6.433404587224915,PEAK1,chronic
G5_L3_2@4|68_18,G5_L3_2@4,C_P1_3,6.0,7.0,0.0,0.0,0.0,0.0,-0.04607811862465502,-0.0905666666565314,3.0,584.6366392897387,6.372699527782996,PEAK1,chronic
G5_L3_2@4|69_19,G5_L3_2@4,C_P1_3,7.0,8.0,0.0,0.0,0.0,0.0,0.1571637630034572,-0.35607823840388664,5.0,654.9045732013177,6.486015310681721,PEAK1,chronic
G5_L3_2@8|62_20,G5_L3_2@8,C_P1_3,6.0,7.0,0.0,0.0,0.0,0.0,5.106637897122474,4.053012100123573,1.0,14.142135623730951,2.7174812964321107,PEAK1,chronic
G5_L3_2@8|63_21,G5_L3_2@8,C_P1_3,9.0,7.0,0.0,0.14285714285714285,0.0,0.0,4.453441003128047,8.468660008607586,4.0,56.92582403567252,4.059163296124417,PEAK1,chronic
G5_L3_2@9|64_21,G5_L3_2@9,C_P1_3,11.0,6.0,0.0,0.16666666666666666,,0.0,0.6139879855601019,0.3787092429645284,1.0,161.24515496597098,5.089108493603487,PEAK1,chronic
G5_L3_2@9|65_21,G5_L3_2@9,C_P1_3,13.0,11.0,0.0,0.0,0.0,0.0,-0.6117293203192784,6.460290142825629,1.0,272.9468812791236,5.612934223649222,PEAK1,chronic
G6_L1_0@12|18_7,G6_L1_0@12,C_L_3,8.0,8.0,0.0,0.125,,0.0,-0.025542883728660027,1.0970433088362521,3.0,57.01562118716424,4.060712305096564,MILD30,chronic
G6_L1_0@12|19_8,G6_L1_0@12,C_L_3,8.0,5.0,0.125,0.0,0.0,0.0,0.37841737001641534,5.202510701354006,1.0,78.10249675906654,4.370744438865426,MILD30,chronic
G6_L1_0@1|13_5,G6_L1_0@1,C_L_3,6.0,6.0,0.0,0.0,0.0,0.0,-0.3725997352150837,0.8797413562705698,1.0,163.85621549285173,5.1050736727369115,MILD30,chronic
G6_L1_0@1|14_3,G6_L1_0@1,C_L_3,27.0,11.0,0.25925925925925924,0.0,0.0,0.0,2.8141160634568996,,,14.142135623730951,2.7174812964321107,MILD30,chronic
G6_L1_0@1|14_6,G6_L1_0@1,C_L_3,9.0,7.0,0.0,0.0,0.0,0.0,-0.004978020156778931,5.171609942851444,2.0,293.84472632074096,5.6864488663131505,MILD30,chronic
G6_L1_0@1|16_4,G6_L1_0@1,C_L_3,29.0,6.0,0.1724137931034483,0.0,0.0,0.0,4.667786345260454,4.715411232100601,1.0,31.622776601683796,3.485010713180571,MILD30,chronic
G6_L1_0@1|17_7,G6_L1_0@1,C_L_3,11.0,10.0,0.09090909090909091,0.0,0.0,0.0,-0.8097145092311003,1.7425210876423172,1.0,152.64337522473747,5.03463417163485,MILD30,chronic
G6_L1_0@1|18_6,G6_L1_0@1,C_L_3,13.0,13.0,0.07692307692307693,0.0,0.0,0.0,1.31538050610444,,,42.426406871192846,3.771067709327022,MILD30,chronic
G6_L1_0@27|11_10,G6_L1_0@27,C_L_3,16.0,14.0,0.0,0.0,0.0,0.0,0.15877927261870367,-0.10130313289548791,6.0,572.2209804943493,6.351271297681844,MILD30,chronic
G6_L1_0@27|11_9,G6_L1_0@27,C_L_3,7.0,7.0,0.0,0.0,0.0,0.0,-0.02614160171542907,-0.17610134610224876,3.0,496.94043405504596,6.210480459539534,MILD30,chronic
G6_L1_0@27|12_10,G6_L1_0@27,C_L_3,7.0,11.0,0.0,0.0,0.0,0.0,0.011710075501439189,-0.015341752601854759,3.0,602.909041432279,6.403423592939284,MILD30,chronic
G6_L1_0@32|4_13,G6_L1_0@32,C_L_3,5.0,7.0,0.0,0.14285714285714285,,0.0,-0.35570624178066484,3.8977628499371946,1.0,109.07845315728134,4.701193322099397,MILD30,chronic
G6_L1_0@32|6_11,G6_L1_0@32,C_L_3,8.0,13.0,0.0,0.0,0.0,0.0,-0.047818426732402705,0.12243842883637476,4.0,200.9975124224178,5.308255382584872,MILD30,chronic
G6_L1_0@32|6_12,G6_L1_0@32,C_L_3,17.0,12.0,0.0,0.0,,0.0,-0.1219998176874876,-0.22549307169628086,2.0,190.26297590440447,5.25364931827125,MILD30,chronic
G6_L1_0@32|6_13,G6_L1_0@32,C_L_3,7.0,8.0,0.0,0.0,0.0,0.0,-0.0427285359872755,-0.060391506915399996,1.0,205.91260281974002,5.332296495509933,MILD30,chronic
G6_L1_0@32|7_12,G6_L1_0@32,C_L_3,13.0,8.0,0.0,0.0,0.0,0.0,-0.056172199177385924,-0.22225685036163279,4.0,280.178514522438,5.6389897506249245,MILD30,chronic
G6_L1_0@58|7_14,G6_L1_0@58,C_L_3,8.0,6.0,0.0,0.0,,0.0,-0.12434517066204084,,,349.4668069300858,5.8592659999361585,MILD30,chronic
G6_L1_0@58|7_15,G6_L1_0@58,C_L_3,5.0,10.0,0.0,0.0,0.0,0.0,-0.2293235657132775,-0.2428181414649918,1.0,418.6884283091664,6.039512598620794,MILD30,chronic
G6_L1_0@59|10_14,G6_L1_0@59,C_L_3,6.0,9.0,0.0,0.0,0.0,0.0,-0.0902593904532621,-0.2820345348716769,1.0,601.664358259653,6.401360421955304,MILD30,chronic
G6_L1_0@59|10_15,G6_L1_0@59,C_L_3,11.0,6.0,0.0,0.0,0.0,0.0,-0.027190739301913062,-0.11278481898916999,1.0,513.1276644267,6.242471608986369,MILD30,chronic
G6_L1_0@59|11_15,G6_L1_0@59,C_L_3,7.0,8.0,0.0,0.0,0.0,0.0,-0.050730693722709594,-0.19882613161270235,2.0,492.44289008980525,6.20140712794152,MILD30,chronic
G6_L1_0@5|4_5,G6_L1_0@5,C_L_3,7.0,9.0,0.0,0.0,0.0,0.0,0.5031399782461282,,,26.18033988749895,3.302493913703638,MILD30,chronic
G6_L1_0@5|5_5,G6_L1_0@5,C_L_3,17.0,14.0,0.23529411764705882,0.14285714285714285,0.07692307692307693,0.23529411764705882,3.849618199568283,,,58.309518948453004,4.08276981501776,MILD30,chronic
G6_L1_0@5|5_6,G6_L1_0@5,C_L_3,12.0,10.0,0.25,0.0,0.0,0.08333333333333333,1.1564009515943914,5.714236943280447,3.0,50.0,3.9318256327243257,MILD30,chronic
G6_L1_0@60|12_14,G6_L1_0@60,C_L_3,10.0,10.0,0.0,0.1,0.125,0.0,-0.011429986938589364,,,487.3362180514673,6.191004140038239,MILD30,chronic
G6_L1_0@60|13_14,G6_L1_0@60,C_L_3,5.0,14.0,0.0,0.0,0.0,0.0,0.43169446287406255,3.3858590839828886,2.0,430.11626335213134,6.066377806284217,MILD30,chronic
G6_L1_0@60|13_16,G6_L1_0@60,C_L_3,8.0,8.0,0.0,0.0,0.0,0.375,0.646657309541027,3.575789946391974,5.0,280.09256086106296,5.638684013176182,MILD30,chronic
G6_L1_0@60|14_18,G6_L1_0@60,C_L_3,19.0,12.0,0.21052631578947367,0.0,0.0,0.0,5.995226845087323,6.806763916112366,7.0,42.426406871192846,3.771067709327022,MILD30,chronic
G6_L1_0@60|15_16,G6_L1_0@60,C_L_3,14.0,12.0,0.07142857142857142,0.0,0.0,0.0,13.277171989980582,5.178038021742426,6.0,174.6424919657298,5.1684506335098,MILD30,chronic
G6_L1_0@60|15_17,G6_L1_0@60,C_L_3,22.0,16.0,0.0,0.0,0.0,0.0,10.949056894152314,-0.38446369583614004,16.0,81.47765525072612,4.4125274112096395,MILD30,chronic
G6_L1_0@60|15_18,G6_L1_0@60,C_L_3,16.0,28.0,0.0,0.0,0.0,0.0,10.351437363911371,8.303994124351185,6.0,33.027756377319946,3.527176555611106,MILD30,chronic
G6_L1_0@65|2_18,G6_L1_0@65,C_L_3,9.0,6.0,0.3333333333333333,0.16666666666666666,0.0,0.0,-2.272706852906439,10.071107165561305,1.0,22.360679774997898,3.1510542574937324,MILD30,chronic
G6_L1_0@65|3_18,G6_L1_0@65,C_L_3,9.0,15.0,0.1111111111111111,0.13333333333333333,0.0,0.0,-1.5948633036521158,4.231039402995842,5.0,50.0,3.9318256327243257,MILD30,chronic
G6_L1_0@65|6_17,G6_L1_0@65,C_L_3,8.0,9.0,0.125,0.0,0.0,0.0,-0.12732747300264852,2.7218798867544725,2.0,273.1300056749533,5.613602467127476,MILD30,chronic
G6_L1_0@65|6_19,G6_L1_0@65,C_L_3,8.0,7.0,0.0,0.14285714285714285,0.0,0.0,-0.506387547991467,5.155393233169315,4.0,110.45361017187261,4.713608452056214,MILD30,chronic
G6_L1_1@14|39_10,G6_L1_1@14,C_L_2,7.0,8.0,0.14285714285714285,0.0,0.0,0.0,-0.04413055121430824,0.44222305240534443,1.0,191.049731745428,5.2577543579954575,MILD30,chronic
G6_L1_1@14|40_10,G6_L1_1@14,C_L_2,6.0,9.0,0.0,0.0,0.0,0.0,-0.14270801944600067,0.1850648967600037,2.0,269.2582403567252,5.599377947661212,MILD30,chronic
G6_L1_1@14|40_11,G6_L1_1@14,C_L_2,8.0,8.0,0.0,0.0,0.0,0.0,-0.27997697013460293,,1.0,208.6574398213981,5.345474959852847,MILD30,chronic
G6_L1_1@16|43_16,G6_L1_1@16,C_L_2,13.0,5.0,0.07692307692307693,0.0,0.0,0.0,1.4641690821110305,-0.1381912915268284,1.0,197.08243919473801,5.288683303610325,MILD30,chronic
G6_L1_1@16|43_18,G6_L1_1@16,C_L_2,10.0,21.0,0.2,0.0,0.0,0.0,4.877981058919793,2.873709706368912,4.0,20.0,3.044522437723423,MILD30,chronic
G6_L1_1@16|44_16,G6_L1_1@16,C_L_2,11.0,6.0,0.0,0.0,0.0,0.0,0.6294645849631678,11.62794878459191,1.0,202.48456731316588,5.315590165707993,MILD30,chronic
G6_L1_1@16|44_18,G6_L1_1@16,C_L_2,19.0,38.0,0.05263157894736842,0.10526315789473684,0.0,0.0,5.623524306999455,9.416833815452268,4.0,30.0,3.4339872044851463,MILD30,chronic
G6_L1_1@2|38_6,G6_L1_1@2,C_L_2,18.0,15.0,0.16666666666666666,0.0,0.0,0.0,1.7863599695620849,3.240028746089283,2.0,14.142135623730951,2.7174812964321107,MILD30,chronic
G6_L1_1@2|38_7,G6_L1_1@2,C_L_2,24.0,12.0,0.2916666666666667,0.16666666666666666,0.0,0.08333333333333333,-1.0957254664661384,,1.0,22.360679774997898,3.1510542574937324,MILD30,chronic
G6_L1_1@2|39_8,G6_L1_1@2,C_L_2,9.0,5.0,0.1111111111111111,0.4,,0.3333333333333333,-0.1100477576243107,0.8187604054920723,3.0,183.36810954435762,5.2169343544329285,MILD30,chronic
G6_L1_1@2|40_4,G6_L1_1@2,C_L_2,33.0,7.0,0.21212121212121213,0.0,,0.0,3.4010412317502174,4.710036444064392,3.0,22.360679774997898,3.1510542574937324,MILD30,chronic
G6_L1_1@2|42_5,G6_L1_1@2,C_L_2,6.0,8.0,0.0,0.125,0.0,0.0,0.34663721400171177,3.410169125121736,1.0,197.4835273840777,5.290706111213119,MILD30,chronic
G6_L1_1@2|43_3,G6_L1_1@2,C_L_2,12.0,8.0,0.08333333333333333,0.0,0.0,0.0,0.4188534748859714,1.750623929314814,4.0,25.3224755112299,3.2704231564123165,MILD30,chronic
G6_L1_1@6|47_3,G6_L1_1@6,C_L_2,6.0,6.0,0.0,0.16666666666666666,0.0,0.0,1.557757339777535,,,14.142135623730951,2.7174812964321107,MILD30,chronic
G6_L1_1@6|48_4,G6_L1_1@6,C_L_2,19.0,10.0,0.15789473684210525,0.0,0.0,0.0,1.4989805593615917,,,28.284271247461902,3.377050554392157,MILD30,chronic
G6_L1_1@7|51_5,G6_L1_1@7,C_L_2,7.0,7.0,0.14285714285714285,0.14285714285714285,0.2,0.0,-1.4643301069929093,,,14.142135623730951,2.7174812964321107,MILD30,chronic
G6_L1_1@8|51_9,G6_L1_1@8,C_L_2,10.0,7.0,0.0,0.0,,0.0,-0.45142098652666596,1.2353553387547032,1.0,170.0,5.14166355650266,MILD30,chronic
G6_L1_1@8|52_13,G6_L1_1@8,C_L_2,15.0,9.0,0.0,0.0,,0.0,-0.4739646058597462,-1.9389835042249306,3.0,92.71109059321279,4.540216545027811,MILD30,chronic
G6_L1_1@8|52_6,G6_L1_1@8,C_L_2,15.0,5.0,0.13333333333333333,0.0,0.0,0.0,0.29771023484155057,1.458748377782694,1.0,22.360679774997898,3.1510542574937324,MILD30,chronic
G6_L1_1@8|53_12,G6_L1_1@8,C_L_2,11.0,13.0,0.18181818181818182,0.23076923076923078,0.09090909090909091,0.0,1.30906206561575,3.4479401186343734,1.0,20.0,3.044522437723423,MILD30,chronic
G6_L1_1@8|53_13,G6_L1_1@8,C_L_2,5.0,12.0,0.0,0.08333333333333333,0.08333333333333333,0.0,1.2051412226587706,-0.5136049058016854,1.0,22.360679774997898,3.1510542574937324,MILD30,chronic
G6_L1_2@11|62_6,G6_L1_2@11,C_L_1,9.0,6.0,0.0,0.16666666666666666,,0.0,3.7996798565830416,0.45295553765520413,1.0,10.0,2.3978952727983707,MILD30,chronic
G6_L1_2@11|62_7,G6_L1_2@11,C_L_1,5.0,6.0,0.0,0.0,0.0,0.2,1.34625581286611,4.286262055949671,1.0,14.142135623730951,2.7174812964321107,MILD30,chronic
G6_L1_2@11|65_3,G6_L1_2@11,C_L_1,16.0,14.0,0.0,0.07142857142857142,,0.0,3.060189528718076,10.715688365329122,2.0,17.071067811865476,2.8943121959332228,MILD30,chronic
G6_L1_2@11|65_6,G6_L1_2@11,C_L_1,10.0,6.0,0.0,0.0,,0.0,-0.23442137230421814,1.6966557978684618,2.0,260.768096208106,5.567458982826444,MILD30,chronic
G6_L1_2@11|66_3,G6_L1_2@11,C_L_1,36.0,13.0,0.05555555555555555,0.15384615384615385,,0.0,8.486819579157554,8.393205185863664,7.0,22.360679774997898,3.1510542574937324,MILD30,chronic
G6_L1_2@18|70_4,G6_L1_2@18,C_L_1,7.0,7.0,0.0,0.0,0.0,0.0,-0.07968608518324768,2.0106485277418065,5.0,50.99019513592785,3.951055145724373,MILD30,chronic
G6_L1_2@18|72_5,G6_L1_2@18,C_L_1,5.0,5.0,0.0,0.0,,0.0,-0.02528701117186563,,1.0,190.6787733538781,5.255820915458977,MILD30,chronic
G6_L1_2@22|77_12,G6_L1_2@22,C_L_1,7.0,7.0,0.0,0.0,0.0,0.0,0.24640648087034062,3.677015856163054,3.0,267.191008997292,5.591699446785623,MILD30,chronic
G6_L1_2@22|78_11,G6_L1_2@22,C_L_1,10.0,9.0,0.0,0.0,0.0,0.0,0.2840249729983904,0.79548074110114,2.0,214.7091055358389,5.373930766393044,MILD30,chronic
G6_L1_2@35|67_15,G6_L1_2@35,C_L_1,5.0,9.0,0.0,0.0,0.0,0.0,3.3241764638903493,0.34530060141729507,2.0,21.18033988749895,3.0992063058579626,MILD30,chronic
G6_L1_2@35|67_16,G6_L1_2@35,C_L_1,5.0,9.0,0.0,0.2222222222222222,0.0,0.0,3.6552591706056763,14.088635798042688,2.0,22.360679774997898,3.1510542574937324,MILD30,chronic
G6_L1_2@35|68_16,G6_L1_2@35,C_L_1,10.0,13.0,0.1,0.07692307692307693,0.05555555555555555,0.4,-0.2159974235129283,-1.685336952684172,1.0,53.85164807134504,4.004632233149422,MILD30,chronic
G6_L1_2@35|70_16,G6_L1_2@35,C_L_1,6.0,6.0,0.0,0.0,0.0,0.0,1.5105171948551956,-2.5480338142408927,2.0,102.95630140987001,4.643970632090296,MILD30,chronic
G6_L1_2@53|77_16,G6_L1_2@53,C_L_1,8.0,7.0,0.0,0.14285714285714285,,0.0,1.1875504592166792,6.241402262462606,2.0,14.142135623730951,2.7174812964321107,MILD30,chronic
G6_L2_0@12|10_15,G6_L2_0@12,C_OS1_4,32.0,13.0,0.03125,0.07692307692307693,0.0,0.0,1.95168612257805,,,14.142135623730951,2.7174812964321107,OS1,chronic
G6_L2_0@15|23_20,G6_L2_0@15,C_OS1_4,13.0,16.0,0.0,0.0,0.0,0.0,-0.654215069745021,-0.3439302507710033,4.0,134.53624047073708,4.909239061908028,OS1,chronic
G6_L2_0@15|23_21,G6_L2_0@15,C_OS1_4,9.0,12.0,0.0,0.08333333333333333,0.0,0.0,-0.27546069636179366,-1.7907705504337335,1.0,136.01470508735443,4.920088256472032,OS1,chronic
G6_L2_0@15|23_22,G6_L2_0@15,C_OS1_4,13.0,8.0,0.07692307692307693,0.0,0.0,0.0,-1.5575707639781102,-1.7239848797473338,3.0,116.61903789690601,4.767450909240712,OS1,chronic
G6_L2_0@15|24_20,G6_L2_0@15,C_OS1_4,23.0,17.0,0.30434782608695654,0.0,0.0,0.2608695652173913,1.2050932193778348,2.5404978547782977,5.0,31.622776601683796,3.485010713180571,OS1,chronic
G6_L2_0@17|20_26,G6_L2_0@17,C_OS1_4,6.0,15.0,0.16666666666666666,0.06666666666666667,0.0,0.0,3.470770049229575,,,14.142135623730951,2.7174812964321107,OS1,chronic
G6_L2_0@7|19_14,G6_L2_0@7,C_OS1_4,5.0,6.0,0.2,0.0,0.0,0.0,-0.10149171315545893,0.5896640032176208,2.0,90.55385138137417,4.516927338847066,OS1,chronic
G6_L2_1@11|48_18,G6_L2_1@11,C_L_5,6.0,17.0,0.0,0.0,0.0,0.0,-0.1560361755821593,10.73058678419443,2.0,72.80109889280519,4.301373621641981,MILD30,chronic
G6_L2_1@11|48_19,G6_L2_1@11,C_L_5,15.0,20.0,0.0,0.0,0.0,0.0,5.027886595010769,4.883968995860064,7.0,40.0,3.713572066704308,MILD30,chronic
G6_L2_1@12|55_21,G6_L2_1@12,C_L_5,6.0,5.0,0.0,0.0,0.0,0.0,0.0033173460172429433,6.0423713934219645,1.0,290.0,5.673323267171493,MILD30,chronic
G6_L2_1@12|55_25,G6_L2_1@12,C_L_5,16.0,15.0,0.0,0.13333333333333333,,0.0,46.00184156182083,13.14861346548464,2.0,20.0,3.044522437723423,MILD30,chronic
G6_L2_1@12|57_20,G6_L2_1@12,C_L_5,7.0,7.0,0.0,0.0,0.0,1.0,-0.5828558431763403,0.12419753910993338,2.0,228.14466461504708,5.4343535273109405,MILD30,chronic
G6_L2_1@12|57_22,G6_L2_1@12,C_L_5,15.0,8.0,0.0,0.0,0.0,0.0,40.80691245154959,25.82058104493957,3.0,42.426406871192846,3.771067709327022,MILD30,chronic
G6_L2_1@12|57_23,G6_L2_1@12,C_L_5,17.0,21.0,0.0,0.047619047619047616,0.0,0.0,33.01841759347229,17.478876178786436,5.0,20.0,3.044522437723423,MILD30,chronic
G6_L2_1@12|58_22,G6_L2_1@12,C_L_5,14.0,20.0,0.07142857142857142,0.0,0.0,0.2857142857142857,26.46216210976056,13.0440188166802,6.0,26.18033988749895,3.302493913703638,MILD30,chronic
G6_L2_1@13|48_20,G6_L2_1@13,C_L_5,15.0,26.0,0.0,0.0,0.0,0.0,17.001486102382824,16.019627725389295,4.0,30.0,3.4339872044851463,MILD30,chronic
G6_L2_1@13|49_21,G6_L2_1@13,C_L_5,21.0,20.0,0.0,0.0,0.0,0.0,3.752951105781574,3.157855994941351,8.0,28.284271247461902,3.377050554392157,MILD30,chronic
G6_L2_1@1|53_7,G6_L2_1@1,C_L_5,5.0,16.0,0.0,0.125,0.14285714285714285,0.0,11.239256915190529,15.914890835448674,5.0,20.0,3.044522437723423,MILD30,chronic
G6_L2_1@1|53_8,G6_L2_1@1,C_L_5,10.0,5.0,0.0,0.0,0.0,0.0,11.240017925151994,18.569756070095462,2.0,130.384048104053,4.878124699168459,MILD30,chronic
G6_L2_1@1|54_7,G6_L2_1@1,C_L_5,9.0,12.0,0.1111111111111111,0.08333333333333333,0.0,0.0,26.5814059377242,,,36.05551275463989,3.6124171329715926,MILD30,chronic
G6_L2_1@1|60_7,G6_L2_1@1,C_L_5,10.0,11.0,0.2,0.18181818181818182,0.041666666666666664,0.0,12.389050920345104,9.905784238279795,6.0,64.03124237432849,4.174867806332253,MILD30,chronic
G6_L2_1@1|61_8,G6_L2_1@1,C_L_5,26.0,6.0,0.0,0.16666666666666666,,0.0,25.079995560648733,15.054526324151704,5.0,55.21009528313442,4.029096372140361,MILD30,chronic
G6_L2_1@6|48_15,G6_L2_1@6,C_L_5,14.0,9.0,0.0,0.1111111111111111,0.0,0.0,2.6863328546234047,5.778792178998453,1.0,80.62257748298549,4.402105908540379,MILD30,chronic
G6_L3_2@11|74_22,G6_L3_2@11,C_L_4,10.0,8.0,0.5,0.0,,0.8,27.62533585808253,17.392231824640792,1.0,36.05551275463989,3.6124171329715926,MILD30,chronic
G6_L3_2@12|80_23,G6_L3_2@12,C_L_4,6.0,5.0,0.0,0.0,0.0,0.0,1.6825055482702687,,,178.04493814764857,5.187636825436882,MILD30,chronic
G6_L3_2@14|84_23,G6_L3_2@14,C_L_4,7.0,5.0,0.0,0.0,0.0,0.0,-3.8443506290927862,-11.875372291923805,1.0,87.73298588520893,4.485631701641459,MILD30,chronic
G6_L3_2@14|84_24,G6_L3_2@14,C_L_4,7.0,14.0,0.0,0.0,0.0,0.0,4.3297721344848465,-1.9370552134546215,3.0,42.426406871192846,3.771067709327022,MILD30,chronic
G6_L3_2@1|71_13,G6_L3_2@1,C_L_4,5.0,22.0,0.0,0.045454545454545456,0.3333333333333333,0.0,-3.4446397895296403,,,14.142135623730951,2.7174812964321107,MILD30,chronic
G6_L3_2@1|75_8,G6_L3_2@1,C_L_4,9.0,7.0,0.0,0.0,0.0,0.0,-1.3687680227144379,13.9971902053637,7.0,62.42943383865534,4.149928009839856,MILD30,chronic
G6_L3_2@1|77_8,G6_L3_2@1,C_L_4,14.0,5.0,0.42857142857142855,0.0,0.0,0.0,5.60052463034354,36.82785696370203,1.0,10.0,2.3978952727983707,MILD30,chronic
G6_L3_2@1|78_8,G6_L3_2@1,C_L_4,11.0,20.0,0.0,0.1,0.14285714285714285,0.0,31.476954207167967,41.47830176613741,3.0,22.360679774997898,3.1510542574937324,MILD30,chronic
G6_L3_2@1|81_13,G6_L3_2@1,C_L_4,5.0,6.0,0.0,0.0,0.0,0.0,-2.9664572918879313,23.900754191528392,2.0,247.58836806279896,5.515798388210411,MILD30,chronic
G6_L3_2@1|83_10,G6_L3_2@1,C_L_4,5.0,17.0,0.2,0.058823529411764705,0.2,0.0,17.47489867811327,,,22.360679774997898,3.1510542574937324,MILD30,chronic
G6_L3_2@5|80_16,G6_L3_2@5,C_L_4,9.0,8.0,0.0,0.0,0.0,0.0,-0.5453798895956425,-0.4290247417232395,4.0,524.9761899362675,6.2652559454323,MILD30,chronic
G6_L3_2@6|81_18,G6_L3_2@6,C_L_4,8.0,12.0,0.0,0.0,0.0,0.0,5.094818498782542,10.640959921745521,4.0,587.7869406308995,6.378064387533674,MILD30,chronic
G6_L3_2@6|82_19,G6_L3_2@6,C_L_4,14.0,6.0,0.0,0.0,0.0,0.0,3.243874115521725,35.567336996804265,1.0,470.95647357266466,6.15688676432624,MILD30,chronic
G6_L3_2@6|85_20,G6_L3_2@6,C_L_4,15.0,9.0,0.06666666666666667,0.0,0.0,0.0,23.628286040655553,-8.502389956034154,9.0,161.8216682904437,5.092655542318887,MILD30,chronic
S1_B1_0@12|9_25,S1_B1_0@12,RR_R1_1,5.0,6.0,0.0,0.16666666666666666,0.0,0.0,-0.1096384372518259,2.114164066592183,2.0,44.721359549995796,3.822565574923594,REMISSION1,RR
S1_B1_0@1|10_12,S1_B1_0@1,RR_R1_1,13.0,11.0,0.07692307692307693,0.0,0.0,0.0,0.2833028535081319,-0.5918910416791692,5.0,182.00793419469377,5.209529508156723,REMISSION1,RR
S1_B1_0@1|10_14,S1_B1_0@1,RR_R1_1,6.0,5.0,0.0,0.0,0.0,0.0,-0.29919688428773933,-0.4998883942151528,1.0,408.5339643163099,6.015019840797084,REMISSION1,RR
S1_B1_0@1|11_11,S1_B1_0@1,RR_R1_1,14.0,17.0,0.0,0.058823529411764705,0.0,0.0,-0.6047362223347281,-0.7226706426178416,2.0,76.15773105863909,4.34585178193694,REMISSION1,RR
S1_B1_0@1|12_11,S1_B1_0@1,RR_R1_1,20.0,21.0,0.0,0.047619047619047616,0.0,0.0,0.6007593833378453,-0.17198995617874754,8.0,41.23105625617661,3.743155880619243,REMISSION1,RR
S1_B1_0@1|13_11,S1_B1_0@1,RR_R1_1,10.0,5.0,0.2,0.0,,0.0,1.0944368062803416,2.718934961037784,2.0,10.0,2.3978952727983707,REMISSION1,RR
S1_B1_0@1|13_13,S1_B1_0@1,RR_R1_1,9.0,5.0,0.1111111111111111,0.2,,0.0,-0.23764520227904856,0.360055614948275,1.0,157.31932071670212,5.064614010713492,REMISSION1,RR
S1_B1_0@1|14_21,S1_B1_0@1,RR_R1_1,10.0,10.0,0.0,0.1,0.0,0.0,-0.2708890547536439,-0.5346120513145827,1.0,98.48857801796103,4.600042843785899,REMISSION1,RR
S1_B1_0@1|16_23,S1_B1_0@1,RR_R1_1,5.0,6.0,0.2,0.0,0.0,0.0,0.6682165887776408,,,10.0,2.3978952727983707,REMISSION1,RR
S1_B1_0@1|4_24,S1_B1_0@1,RR_R1_1,16.0,6.0,0.1875,0.0,0.0,0.0,1.0274787252091033,,,28.284271247461902,3.377050554392157,REMISSION1,RR
S1_B1_0@1|6_15,S1_B1_0@1,RR_R1_1,6.0,7.0,0.0,0.2857142857142857,0.0,0.0,-0.27468128066908043,,,346.5544690232691,5.850921398112274,REMISSION1,RR
S1_B1_0@1|6_16,S1_B1_0@1,RR_R1_1,13.0,6.0,0.0,0.16666666666666666,0.0,0.0,0.017437588025617786,0.5479330162150547,6.0,411.0960958218893,6.021256564438913,REMISSION1,RR
S1_B1_0@1|6_25,S1_B1_0@1,RR_R1_1,7.0,14.0,0.14285714285714285,0.0,0.07142857142857142,0.0,5.122259100251803,,,28.284271247461902,3.377050554392157,REMISSION1,RR
S1_B1_0@1|7_16,S1_B1_0@1,RR_R1_1,5.0,13.0,0.0,0.07692307692307693,0.0,0.0,-0.143237896586775,-0.4674987447761134,2.0,509.11688245431424,6.234639880743322,REMISSION1,RR
S1_B1_0@1|7_25,S1_B1_0@1,RR_R1_1,15.0,16.0,0.13333333333333333,0.0625,0.0,0.0,2.1195361613310943,3.5673817711583773,2.0,30.0,3.4339872044851463,REMISSION1,RR
S1_B1_0@1|8_12,S1_B1_0@1,RR_R1_1,11.0,9.0,0.0,0.0,0.0,0.0,1.7801811313814495,0.7808629751990044,1.0,165.52945357246847,5.115172192108977,REMISSION1,RR
S1_B1_0@1|8_13,S1_B1_0@1,RR_R1_1,11.0,12.0,0.0,0.0,0.0,0.0,0.4481253669491848,3.6046749487338485,1.0,256.3201123595259,5.550320883195611,REMISSION1,RR
S1_B1_0@1|8_14,S1_B1_0@1,RR_R1_1,12.0,13.0,0.0,0.0,0.0,0.0,-0.010641933800927681,0.2697324953621174,3.0,313.8470965295043,5.752087113134265,REMISSION1,RR
S1_B1_0@1|8_15,S1_B1_0@1,RR_R1_1,9.0,11.0,0.2222222222222222,0.18181818181818182,0.0,0.0,0.018559082986362573,2.142087163309374,4.0,445.1385530672186,6.100629560877525,REMISSION1,RR
S1_B1_0@1|8_24,S1_B1_0@1,RR_R1_1,5.0,5.0,0.2,0.0,0.0,0.0,0.17222473282995818,1.506359955188385,2.0,96.26712082661493,4.57746101663464,REMISSION1,RR
S1_B1_0@1|9_10,S1_B1_0@1,RR_R1_1,28.0,6.0,0.35714285714285715,0.0,,0.0,6.252556239794973,5.1185825035018135,6.0,17.071067811865476,2.8943121959332228,REMISSION1,RR
S1_B1_0@1|9_11,S1_B1_0@1,RR_R1_1,20.0,12.0,0.05,0.0,,0.0,-0.6509156040493593,0.7304688735385219,3.0,94.86832980505139,4.562975685481548,REMISSION1,RR
S1_B1_0@1|9_12,S1_B1_0@1,RR_R1_1,10.0,18.0,0.1,0.0,0.0,0.0,-0.8617796637641287,0.5036253418543022,4.0,171.17242768623692,5.1484964612072766,REMISSION1,RR
S1_B1_0@1|9_15,S1_B1_0@1,RR_R1_1,13.0,15.0,0.0,0.0,,0.0,-0.16638581054333168,-0.32899547199806445,5.0,483.1666129865579,6.182429089186813,REMISSION1,RR
S1_B1_0@1|9_23,S1_B1_0@1,RR_R1_1,5.0,7.0,0.0,0.14285714285714285,0.0,0.0,0.2021755408505342,-0.2200889326539065,3.0,268.3281572999748,5.595930551722681,REMISSION1,RR
S1_B1_1@10|51_12,S1_B1_1@10,RR_P2M_1,5.0,8.0,0.0,0.0,0.0,0.0,0.23053386702749243,5.1977796704005845,1.0,390.5124837953327,5.970017402011448,PEAK2_MILD,RR
S1_B1_1@10|51_13,S1_B1_1@10,RR_P2M_1,10.0,7.0,0.0,0.0,,0.0,-0.15905605062380146,-0.33632565976226453,5.0,475.07894080878816,6.165583682516419,PEAK2_MILD,RR
S1_B1_1@10|52_13,S1_B1_1@10,RR_P2M_1,7.0,6.0,0.0,0.0,0.0,0.0,-0.035026288901401186,0.4384015375860978,2.0,410.1219330881975,6.018889844677681,PEAK2_MILD,RR
S1_B1_1@11|43_16,S1_B1_1@11,RR_P2M_1,6.0,5.0,0.16666666666666666,0.0,0.0,0.0,-0.24614526159637734,-0.13659528180099964,1.0,667.3080248281149,6.504749182267937,PEAK2_MILD,RR
S1_B1_1@11|44_16,S1_B1_1@11,RR_P2M_1,7.0,10.0,0.14285714285714285,0.0,,0.0,-0.5989727857709802,-0.38143638004913816,1.0,724.9827584156743,6.587526265804049,PEAK2_MILD,RR
S1_B1_1@11|44_17,S1_B1_1@11,RR_P2M_1,14.0,5.0,0.0,0.0,,0.0,-0.33646878672669805,0.036739497175596915,3.0,810.2468759581859,6.698572417111885,PEAK2_MILD,RR
S1_B1_1@11|44_18,S1_B1_1@11,RR_P2M_1,13.0,9.0,0.0,0.0,0.0,0.0,-0.33559949349919105,-0.07901440270792175,3.0,888.6506625215557,6.790828871651669,PEAK2_MILD,RR
S1_B1_1@11|44_20,S1_B1_1@11,RR_P2M_1,7.0,6.0,0.0,0.0,0.0,0.0,-0.17902568009384612,0.6627942569721443,1.0,763.2168761236874,6.638851618155104,PEAK2_MILD,RR
S1_B1_1@11|45_15,S1_B1_1@11,RR_P2M_1,8.0,8.0,0.125,0.0,,0.0,-0.31296036886932066,-0.3706391821991001,3.0,696.7050594295151,6.547796462501979,PEAK2_MILD,RR
S1_B1_1@11|45_16,S1_B1_1@11,RR_P2M_1,11.0,10.0,0.09090909090909091,0.0,0.0,0.0,-0.5952797752961706,-0.06968359456690743,1.0,758.023746329889,6.632033063243362,PEAK2_MILD,RR
S1_B1_1@11|45_19,S1_B1_1@11,RR_P2M_1,19.0,16.0,0.0,0.0,,0.0,-0.46137113347829384,-0.46098858367187456,4.0,859.0692637965811,6.757012925302789,PEAK2_MILD,RR
S1_B1_1@11|46_13,S1_B1_1@11,RR_P2M_1,7.0,5.0,0.0,0.0,0.0,0.0,-0.09452423718006381,,,603.6445290137794,6.404640730003431,PEAK2_MILD,RR
S1_B1_1@11|46_17,S1_B1_1@11,RR_P2M_1,6.0,8.0,0.16666666666666666,0.0,0.0,0.0,-0.401431745863305,-0.5876586598875135,2.0,905.2344218837288,6.8092980163756005,PEAK2_MILD,RR
S1_B1_1@11|47_17,S1_B1_1@11,RR_P2M_1,7.0,5.0,0.0,0.0,0.0,0.0,0.44912416802652444,2.08601039683081,2.0,926.4071316586538,6.8323926618767405,PEAK2_MILD,RR
S1_B1_1@11|47_19,S1_B1_1@11,RR_P2M_1,8.0,9.0,0.125,0.0,0.0,0.0,-0.1336151712412055,2.402666510890921,1.0,932.3089616645332,6.838736294651962,PEAK2_MILD,RR
S1_B1_1@11|47_20,S1_B1_1@11,RR_P2M_1,12.0,17.0,0.0,0.0,0.0,0.0,0.29545011623835493,9.901267241347217,4.0,827.6472678623425,6.7197945734692555,PEAK2_MILD,RR
S1_B1_1@11|48_20,S1_B1_1@11,RR_P2M_1,15.0,16.0,0.13333333333333333,0.0,0.0,0.0,0.30435116393698636,1.8203551965981344,8.0,844.3340571124678,6.739731883094241,PEAK2_MILD,RR
S1_B1_1@15|49_13,S1_B1_1@15,RR_P2M_1,6.0,11.0,0.16666666666666666,0.0,0.0,0.0,-0.19912081601749426,-0.0910778130076937,5.0,605.3924347066124,6.407527358502668,PEAK2_MILD,RR
S1_B1_1@15|49_14,S1_B1_1@15,RR_P2M_1,10.0,10.0,0.0,0.0,0.0,0.0,-0.23468260598646404,-0.4624806162744399,3.0,671.0391806481437,6.510316643359435,PEAK2_MILD,RR
S1_B1_1@16|39_13,S1_B1_1@16,RR_P2M_1,6.0,5.0,0.0,0.0,1.0,0.0,-0.2679876181912915,,1.0,233.23807579381202,5.456338016061149,PEAK2_MILD,RR
S1_B1_1@16|39_14,S1_B1_1@16,RR_P2M_1,6.0,9.0,0.0,0.0,0.0,0.0,-0.18454787874504516,-0.3694109441949875,2.0,290.6888370749727,5.675687607629154,PEAK2_MILD,RR
S1_B1_1@17|32_18,S1_B1_1@17,RR_P2M_1,24.0,12.0,0.20833333333333334,0.0,0.0,0.0,1.9298106081417021,-1.5435208388832138,1.0,20.0,3.044522437723423,PEAK2_MILD,RR
S1_B1_1@17|33_16,S1_B1_1@17,RR_P2M_1,35.0,10.0,0.34285714285714286,0.2,,0.17142857142857143,4.064094874858638,,,36.05551275463989,3.6124171329715926,PEAK2_MILD,RR
S1_B1_1@17|33_17,S1_B1_1@17,RR_P2M_1,5.0,7.0,0.0,0.2857142857142857,,0.0,1.8785344007831342,11.116355636188084,2.0,38.643284505408246,3.679921564389673,PEAK2_MILD,RR
S1_B1_1@17|35_17,S1_B1_1@17,RR_P2M_1,6.0,8.0,0.16666666666666666,0.0,0.0,0.0,1.0008619171391215,6.250434418874288,1.0,251.98925105156616,5.5333470018627775,PEAK2_MILD,RR
S1_B1_1@17|36_15,S1_B1_1@17,RR_P2M_1,5.0,5.0,0.0,0.2,,0.2,0.4646468402913134,2.0312455338496918,1.0,248.79053121370134,5.520622691503476,PEAK2_MILD,RR
S1_B1_1@17|36_20,S1_B1_1@17,RR_P2M_1,6.0,5.0,0.16666666666666666,0.0,0.0,0.0,-0.46464226224060373,3.9311183432454166,1.0,371.07950630558946,5.919107558064793,PEAK2_MILD,RR
S1_B1_1@17|37_20,S1_B1_1@17,RR_P2M_1,6.0,6.0,0.0,0.0,0.0,0.0,-0.17228681799561507,,,434.3315254953074,6.076107868392357,PEAK2_MILD,RR
S1_B1_1@17|38_22,S1_B1_1@17,RR_P2M_1,12.0,6.0,0.25,0.16666666666666666,0.0,0.0,0.2876244324697672,5.463680763282855,3.0,403.11288741492746,6.001694263223827,PEAK2_MILD,RR
S1_B1_1@17|38_23,S1_B1_1@17,RR_P2M_1,5.0,7.0,0.2,0.0,0.0,0.6,-0.2629170247248116,,,332.9284233321699,5.810926668610185,PEAK2_MILD,RR
S1_B1_1@17|39_18,S1_B1_1@17,RR_P2M_1,8.0,7.0,0.0,0.0,0.0,0.0,-0.342842867274783,0.20299816826315129,2.0,650.0,6.478509642208569,PEAK2_MILD,RR
S1_B1_1@17|39_21,S1_B1_1@17,RR_P2M_1,15.0,11.0,0.0,0.09090909090909091,0.0,0.0,-0.1399649196090974,0.41210007952409994,4.0,555.1017802758587,6.3209513355476075,PEAK2_MILD,RR
S1_B1_1@17|39_26,S1_B1_1@17,RR_P2M_1,7.0,6.0,0.2857142857142857,0.0,0.0,0.2857142857142857,0.9296862085987548,2.3198819597822116,3.0,111.80339887498948,4.725646470480477,PEAK2_MILD,RR
S1_B1_1@17|40_27,S1_B1_1@17,RR_P2M_1,14.0,16.0,0.07142857142857142,0.0,0.0,0.0,0.004485366426671751,2.578731246797798,4.0,60.82762530298219,4.124350275958941,PEAK2_MILD,RR
S1_B1_1@17|41_27,S1_B1_1@17,RR_P2M_1,8.0,8.0,0.125,0.0,0.0,0.0,0.649476789629447,-0.7137852227930991,1.0,85.03264829148854,4.454726855508158,PEAK2_MILD,RR
S1_B1_1@17|42_27,S1_B1_1@17,RR_P2M_1,15.0,9.0,0.06666666666666667,0.0,0.0,0.0,6.1838740074680585,4.548286431602214,2.0,70.35533905932738,4.267672170265925,PEAK2_MILD,RR
S1_B1_1@21|37_18,S1_B1_1@21,RR_P2M_1,5.0,5.0,0.2,0.0,,0.0,-0.04600828901902497,2.30342065428442,1.0,447.82591730765915,6.106635100552853,PEAK2_MILD,RR
S1_B1_1@21|38_18,S1_B1_1@21,RR_P2M_1,10.0,7.0,0.0,0.0,0.0,0.0,-0.6326257072581483,,,570.087712549569,6.347542810029743,PEAK2_MILD,RR
S1_B1_1@21|39_17,S1_B1_1@21,RR_P2M_1,5.0,7.0,0.0,0.0,0.0,0.0,0.005555485780061355,-0.18042305004811449,3.0,579.2195980000429,6.363406649124497,PEAK2_MILD,RR
S1_B1_1@23|49_16,S1_B1_1@23,RR_P2M_1,7.0,6.0,0.0,0.0,0.0,0.0,-0.2568421877709401,-0.46215993709243414,3.0,806.1017305526641,6.693449720489426,PEAK2_MILD,RR
S1_B1_1@23|49_17,S1_B1_1@23,RR_P2M_1,8.0,7.0,0.0,0.14285714285714285,0.0,0.0,0.2162703605244883,1.0708603792971576,4.0,860.5230967266364,6.758701865506036,PEAK2_MILD,RR
S1_B1_1@23|50_15,S1_B1_1@23,RR_P2M_1,6.0,8.0,0.16666666666666666,0.0,0.0,0.0,-0.16407269100585536,-0.40823531957717024,1.0,675.3055835909115,6.516645020632739,PEAK2_MILD,RR
S1_B1_1@23|51_16,S1_B1_1@23,RR_P2M_1,9.0,12.0,0.1111111111111111,0.0,0.0,0.0,-0.10321322606458642,-0.05524714858325544,3.0,671.1929677819934,6.510545453739695,PEAK2_MILD,RR
S1_B1_1@26|41_17,S1_B1_1@26,RR_P2M_1,6.0,9.0,0.0,0.1111111111111111,0.0,0.0,-0.16711774200149895,-0.007515110331659286,1.0,689.6375859826667,6.537615208587362,PEAK2_MILD,RR
S1_B1_1@27|52_19,S1_B1_1@27,RR_P2M_1,7.0,6.0,0.0,0.0,0.0,0.0,-0.1631744908667979,-0.4274215065745295,3.0,692.6037828369117,6.541900879368575,PEAK2_MILD,RR
S1_B1_1@2|38_12,S1_B1_1@2,RR_P2M_1,6.0,6.0,0.0,0.16666666666666666,0.0,0.0,0.2955739466679919,4.195871504339026,4.0,100.72243971391552,4.62224792487026,PEAK2_MILD,RR
S1_B1_1@2|39_12,S1_B1_1@2,RR_P2M_1,9.0,8.0,0.1111111111111111,0.0,,0.2222222222222222,-0.10653311478462907,,,155.56349186104046,5.053461626499295,PEAK2_MILD,RR
S1_B1_1@2|42_12,S1_B1_1@2,RR_P2M_1,9.0,6.0,0.1111111111111111,0.16666666666666666,0.0,0.0,0.25911683634704735,5.108295128812637,2.0,266.27053911388697,5.588261400511985,PEAK2_MILD,RR
S1_B1_1@2|45_8,S1_B1_1@2,RR_P2M_1,5.0,6.0,0.0,0.0,,0.0,0.3158462137699898,6.1568451318258015,2.0,133.41664064126334,4.900944234719806,PEAK2_MILD,RR
S1_B1_1@2|50_10,S1_B1_1@2,RR_P2M_1,6.0,7.0,0.16666666666666666,0.0,0.0,0.0,0.23664470434880663,10.367943447612017,1.0,277.308492477241,5.628730183615091,PEAK2_MILD,RR
S1_B1_1@2|51_11,S1_B1_1@2,RR_P2M_1,6.0,7.0,0.0,0.0,,0.0,1.804102901543624,,,325.2691193458119,5.7877225602786035,PEAK2_MILD,RR
S1_B1_1@2|53_12,S1_B1_1@2,RR_P2M_1,5.0,7.0,0.0,0.0,0.0,0.0,-0.22883698225945343,,,251.07340464497804,5.529720333368953,PEAK2_MILD,RR
S1_B1_1@2|55_13,S1_B1_1@2,RR_P2M_1,7.0,14.0,0.14285714285714285,0.21428571428571427,0.0,0.0,1.2214476109319337,5.452532245011436,3.0,148.66068747318505,5.008370648208314,PEAK2_MILD,RR
S1_B1_1@2|55_15,S1_B1_1@2,RR_P2M_1,5.0,7.0,0.0,0.14285714285714285,0.5,0.0,0.0554943924788852,,,280.435743981888,5.639904158582011,PEAK2_MILD,RR
S1_B1_1@2|56_12,S1_B1_1@2,RR_P2M_1,11.0,8.0,0.18181818181818182,0.125,0.3333333333333333,0.0,0.765586862529958,,,14.142135623730951,2.7174812964321107,PEAK2_MILD,RR
S1_B1_1@2|56_15,S1_B1_1@2,RR_P2M_1,6.0,7.0,0.16666666666666666,0.0,0.0,0.0,0.4099454012477066,,,164.01219466856728,5.106019378251813,PEAK2_MILD,RR
S1_B1_1@2|57_14,S1_B1_1@2,RR_P2M_1,15.0,5.0,0.2,0.2,,0.2,0.8786815826799671,,,46.21320343559643,3.8546735872783127,PEAK2_MILD,RR
S1_B1_1@2|58_14,S1_B1_1@2,RR_P2M_1,5.0,5.0,0.2,0.0,,0.0,4.119599459076864,5.969576198022322,1.0,12.071067811865476,2.570401223753042,PEAK2_MILD,RR
S1_B1_1@2|58_15,S1_B1_1@2,RR_P2M_1,18.0,8.0,0.3333333333333333,0.0,0.0,0.0,1.5397817615802363,,,14.142135623730951,2.7174812964321107,PEAK2_MILD,RR
S1_B1_1@30|55_22,S1_B1_1@30,RR_P2M_1,11.0,7.0,0.18181818181818182,0.0,0.0,0.0,-0.2348542908545229,-0.5069285425153105,3.0,344.7597418176807,5.845744146048674,PEAK2_MILD,RR
S1_B1_1@30|56_20,S1_B1_1@30,RR_P2M_1,7.0,6.0,0.14285714285714285,0.0,0.0,0.0,-0.048395678732562925,-0.31464014162109283,1.0,317.8049716414141,5.764579541654606,PEAK2_MILD,RR
S1_B1_1@30|56_21,S1_B1_1@30,RR_P2M_1,16.0,5.0,0.0625,0.0,,0.0,-0.18132787564286132,-0.3409564648934279,5.0,302.65491900843114,5.715891921812013,PEAK2_MILD,RR
S1_B1_1@30|56_22,S1_B1_1@30,RR_P2M_1,7.0,8.0,0.0,0.0,0.0,0.0,-0.1846559721253676,-0.4758071708429093,3.0,284.2534080710379,5.653377936334398,PEAK2_MILD,RR
S1_B1_1@30|57_20,S1_B1_1@30,RR_P2M_1,11.0,11.0,0.0,0.0,0.0,0.0,-0.3645976367840922,-0.659616266497115,5.0,230.8679276123039,5.446167932033159,PEAK2_MILD,RR
S1_B1_1@30|57_21,S1_B1_1@30,RR_P2M_1,7.0,12.0,0.0,0.0,0.0,0.0,-0.32718220024016825,-0.4940803107776367,3.0,233.23807579381202,5.456338016061149,PEAK2_MILD,RR
S1_B1_1@31|43_20,S1_B1_1@31,RR_P2M_1,14.0,6.0,0.0,0.0,0.0,0.0,-0.2414462749322689,-0.48239687314589014,1.0,740.4390396921453,6.608592946050231,PEAK2_MILD,RR
S1_B1_1@31|44_20,S1_B1_1@31,RR_P2M_1,8.0,8.0,0.0,0.0,0.0,0.0,0.44707906461250935,-0.5992197486022741,2.0,750.433189733958,6.62198230269134,PEAK2_MILD,RR
S1_B1_1@32|59_20,S1_B1_1@32,RR_P2M_1,27.0,15.0,0.07407407407407407,0.0,0.0,0.0,1.6890675977452223,-0.25893038030822324,5.0,29.95352392457285,3.4324868512783744,PEAK2_MILD,RR
S1_B1_1@32|59_21,S1_B1_1@32,RR_P2M_1,27.0,14.0,0.07407407407407407,0.0,0.0,0.0,2.5219752429904054,-0.5996205047736441,3.0,40.0,3.713572066704308,PEAK2_MILD,RR
S1_B1_1@34|54_21,S1_B1_1@34,RR_P2M_1,9.0,8.0,0.0,0.0,0.0,0.0,-0.2142335143312863,,,480.20828814171875,6.176300207854353,PEAK2_MILD,RR
S1_B1_1@34|55_21,S1_B1_1@34,RR_P2M_1,5.0,5.0,0.0,0.0,0.0,0.0,-0.19530352566237152,-0.5409290110875062,1.0,415.02126702293725,6.030736381605837,PEAK2_MILD,RR
S1_B1_1@35|44_28,S1_B1_1@35,RR_P2M_1,6.0,6.0,0.0,0.0,,0.0,-1.5400832225017946,-0.9278783150513176,8.0,10.0,2.3978952727983707,PEAK2_MILD,RR
S1_B1_1@35|45_28,S1_B1_1@35,RR_P2M_1,11.0,12.0,0.09090909090909091,0.0,0.0,0.0,-0.3508287775072461,-0.3601973537551366,11.0,14.142135623730951,2.7174812964321107,PEAK2_MILD,RR
S1_B1_1@35|46_26,S1_B1_1@35,RR_P2M_1,13.0,14.0,0.0,0.07142857142857142,0.0,0.0,-0.6487916859340314,2.3424426752961844,4.0,250.59928172283335,5.527837669984505,PEAK2_MILD,RR
S1_B1_1@35|46_27,S1_B1_1@35,RR_P2M_1,11.0,7.0,0.18181818181818182,0.0,,0.0,-0.2115959636223124,,,155.3225796012715,5.051921690213532,PEAK2_MILD,RR
S1_B1_1@35|47_26,S1_B1_1@35,RR_P2M_1,8.0,11.0,0.0,0.0,0.0,0.0,-0.0033280144945041583,10.760366824711518,4.0,250.79872407968907,5.5286300543999864,PEAK2_MILD,RR
S1_B1_1@35|48_21,S1_B1_1@35,RR_P2M_1,13.0,8.0,0.07692307692307693,0.0,0.0,0.0,-0.19895523801083653,2.9220476125174457,2.0,752.7283706623525,6.625032051990997,PEAK2_MILD,RR
S1_B1_1@35|49_25,S1_B1_1@35,RR_P2M_1,10.0,6.0,0.1,0.0,0.0,0.4,1.0566764491988994,3.364451981239937,4.0,334.28506452566273,5.814981108864408,PEAK2_MILD,RR
S1_B1_1@35|50_26,S1_B1_1@35,RR_P2M_1,5.0,9.0,0.0,0.0,,0.2,-0.04381070783717326,1.4341391483453185,3.0,196.97715603592206,5.288151650482545,PEAK2_MILD,RR
S1_B1_1@35|51_28,S1_B1_1@35,RR_P2M_1,32.0,15.0,0.28125,0.06666666666666667,,0.0,5.860536079259849,,,20.0,3.044522437723423,PEAK2_MILD,RR
S1_B1_1@35|52_24,S1_B1_1@35,RR_P2M_1,6.0,5.0,0.0,0.0,0.0,0.16666666666666666,-0.1307246526924801,2.0759202296045345,2.0,350.0,5.860786223465865,PEAK2_MILD,RR
S1_B1_1@35|55_26,S1_B1_1@35,RR_P2M_1,9.0,5.0,0.0,0.0,0.0,0.0,0.5819872935303534,1.3605846919547488,2.0,128.55490470489656,4.864104765842963,PEAK2_MILD,RR
S1_B1_1@35|56_26,S1_B1_1@35,RR_P2M_1,11.0,6.0,0.0,0.0,0.0,0.0,-0.03878280788013941,1.3463090916851865,3.0,84.85281374238569,4.452634361906983,PEAK2_MILD,RR
S1_B1_1@35|56_27,S1_B1_1@35,RR_P2M_1,22.0,7.0,0.22727272727272727,0.14285714285714285,0.5,0.0,1.497529093987084,1.8786129296134226,7.0,14.142135623730951,2.7174812964321107,PEAK2_MILD,RR
S1_B1_1@36|41_22,S1_B1_1@36,RR_P2M_1,14.0,6.0,0.0,0.0,0.0,0.0,-0.21710452039937667,-0.454542010239263,2.0,545.0681777628791,6.3027438356471635,PEAK2_MILD,RR
S1_B1_1@39|58_22,S1_B1_1@39,RR_P2M_1,6.0,15.0,0.0,0.06666666666666667,0.0,0.0,-0.743025941840575,-0.7850223778958059,3.0,72.80109889280519,4.301373621641981,PEAK2_MILD,RR
S1_B1_1@39|59_22,S1_B1_1@39,RR_P2M_1,19.0,7.0,0.3157894736842105,0.14285714285714285,,0.0,2.8314591187530516,5.636311943941351,1.0,14.142135623730951,2.7174812964321107,PEAK2_MILD,RR
S1_B1_1@43|44_23,S1_B1_1@43,RR_P2M_1,6.0,5.0,0.0,0.0,0.0,0.0,-0.14634624962263332,-0.4573079145871313,3.0,431.740662898458,6.070138617621256,PEAK2_MILD,RR
S1_B1_1@43|44_24,S1_B1_1@43,RR_P2M_1,9.0,11.0,0.0,0.0,0.0,0.0,-0.24345480970572533,-0.32984337523807555,2.0,346.19231459341853,5.849878847153584,PEAK2_MILD,RR
S1_B1_1@43|45_23,S1_B1_1@43,RR_P2M_1,7.0,12.0,0.0,0.0,0.1,0.0,-0.12975785681013957,0.508535437673133,3.0,460.65171225124084,6.13481073719311,PEAK2_MILD,RR
S1_B1_1@43|46_24,S1_B1_1@43,RR_P2M_1,11.0,12.0,0.09090909090909091,0.0,0.0,0.0,-0.7381780941749099,3.9285798326976122,3.0,416.17304093369626,6.033501101991968,PEAK2_MILD,RR
S1_B1_2@24|75_6,S1_B1_2@24,RR_OS1_1,14.0,8.0,0.0,0.0,0.0,0.0,-0.11649822999351356,0.06361181339417457,2.0,212.12365300330669,5.361872527798719,ONSET1,RR
S1_B1_2@24|76_6,S1_B1_2@24,RR_OS1_1,5.0,12.0,0.0,0.0,0.0,0.0,-0.4548482715931077,,,169.70562748477138,5.139940596361686,ONSET1,RR
S1_B1_2@30|75_11,S1_B1_2@30,RR_OS1_1,8.0,7.0,0.0,0.0,0.0,0.0,-0.10306634870797184,-0.3534060339227595,4.0,42.426406871192846,3.771067709327022,ONSET1,RR
S1_B1_2@30|75_12,S1_B1_2@30,RR_OS1_1,11.0,5.0,0.0,0.0,,0.0,-0.2047939455353684,-0.4876314881908273,3.0,110.65181162688364,4.715385204100642,ONSET1,RR
S1_B1_2@30|75_13,S1_B1_2@30,RR_OS1_1,12.0,8.0,0.08333333333333333,0.0,0.0,0.0,-0.22247764760208244,-0.4337186230767764,3.0,168.66808681358674,5.133844098064986,ONSET1,RR
S1_B1_2@30|76_13,S1_B1_2@30,RR_OS1_1,14.0,11.0,0.0,0.0,0.0,0.0,-0.2579797112201325,-0.5281398344812921,5.0,143.17821063276352,4.971050108251365,ONSET1,RR
S1_B1_2@30|80_11,S1_B1_2@30,RR_OS1_1,34.0,9.0,0.14705882352941177,0.0,0.0,0.0,2.379227585529917,9.893471899080946,1.0,22.360679774997898,3.1510542574937324,ONSET1,RR
S1_B1_2@30|80_12,S1_B1_2@30,RR_OS1_1,29.0,16.0,0.20689655172413793,0.0,0.0,0.27586206896551724,2.223354029991037,3.0661918570832527,5.0,22.360679774997898,3.1510542574937324,ONSET1,RR
S1_B1_2@30|80_13,S1_B1_2@30,RR_OS1_1,17.0,8.0,0.23529411764705882,0.125,,0.058823529411764705,3.4813217233405096,,,28.284271247461902,3.377050554392157,ONSET1,RR
S1_B1_2@30|81_13,S1_B1_2@30,RR_OS1_1,5.0,8.0,0.0,0.0,,0.0,1.7226967048711581,,,10.0,2.3978952727983707,ONSET1,RR
S1_B1_2@32|73_9,S1_B1_2@32,RR_OS1_1,6.0,11.0,0.0,0.0,0.0,0.0,-0.19895046876543362,-0.39999388305942185,4.0,251.79356624028344,5.532573211949967,ONSET1,RR
S1_B1_2@5|65_13,S1_B1_2@5,RR_OS1_1,30.0,8.0,0.4,0.125,,0.3,2.140428472823179,1.8140718864034142,2.0,14.142135623730951,2.7174812964321107,ONSET1,RR
S1_B1_2@5|71_10,S1_B1_2@5,RR_OS1_1,6.0,12.0,0.0,0.0,0.0,0.0,-0.22013459381351486,-0.5232336233346495,2.0,169.70562748477138,5.139940596361686,ONSET1,RR
S1_B1_2@5|73_14,S1_B1_2@5,RR_OS1_1,7.0,7.0,0.0,0.14285714285714285,0.0,0.0,-0.31388142806001484,,,214.2423444000792,5.371764576589773,ONSET1,RR
S1_B1_2@5|73_15,S1_B1_2@5,RR_OS1_1,7.0,5.0,0.14285714285714285,0.0,0.0,0.0,-0.21768411250669878,-0.4484450725177181,4.0,112.47024193241855,4.731540616927342,ONSET1,RR
S1_B1_2@5|73_16,S1_B1_2@5,RR_OS1_1,7.0,10.0,0.0,0.0,0.0,0.0,-0.15900014244086327,-0.5588358041208341,2.0,44.721359549995796,3.822565574923594,ONSET1,RR
S1_B1_2@5|74_12,S1_B1_2@5,RR_OS1_1,6.0,9.0,0.0,0.0,0.0,0.0,-0.25954616137517317,-0.498459076247247,1.0,180.27756377319946,5.200029358162469,ONSET1,RR
S1_B1_2@9|75_4,S1_B1_2@9,RR_OS1_1,18.0,8.0,0.0,0.0,0.0,0.05555555555555555,-0.29898751547674474,,,78.10249675906654,4.370744438865426,ONSET1,RR
S1_B1_2@9|76_5,S1_B1_2@9,RR_OS1_1,6.0,17.0,0.0,0.0,0.0,0.0,-0.028019863771299613,-0.561614774862819,2.0,80.62257748298549,4.402105908540379,ONSET1,RR
S1_B1_2@9|77_5,S1_B1_2@9,RR_OS1_1,24.0,30.0,0.16666666666666666,0.03333333333333333,0.0,0.0,2.84536500620433,0.8054638596897827,2.0,28.284271247461902,3.377050554392157,ONSET1,RR
S1_B1_2@9|77_6,S1_B1_2@9,RR_OS1_1,17.0,20.0,0.11764705882352941,0.0,0.0,0.11764705882352941,-0.3355223145746978,7.340866275679202,1.0,70.71067811865476,4.272639664252711,ONSET1,RR
S1_B1_2@9|77_7,S1_B1_2@9,RR_OS1_1,16.0,15.0,0.1875,0.0,0.0,0.0,0.08807393633643348,0.32763296836324773,4.0,31.622776601683796,3.485010713180571,ONSET1,RR
S1_B2_0@10|11_22,S1_B2_0@10,RR_P2M_1,5.0,10.0,0.2,0.0,0.0,0.0,-0.09672412154826142,-0.3587878039617548,3.0,514.78150704935,6.2456832398563735,PEAK2_MILD,RR
S1_B2_0@10|12_22,S1_B2_0@10,RR_P2M_1,10.0,7.0,0.1,0.0,0.0,0.0,-0.0943356787167927,0.2403197337477345,1.0,464.86557196677836,6.143897120335249,PEAK2_MILD,RR
S1_B2_0@12|14_23,S1_B2_0@12,RR_P2M_1,10.0,7.0,0.1,0.0,0.0,0.0,-0.2951155249929667,-0.2893719760976361,1.0,220.90722034374522,5.402259368137185,PEAK2_MILD,RR
S1_B2_0@12|15_23,S1_B2_0@12,RR_P2M_1,16.0,14.0,0.0625,0.0,0.0,0.0,-0.36786269129746685,0.11381311044950027,4.0,150.83021164397232,5.022762867846707,PEAK2_MILD,RR
S1_B2_0@13|8_24,S1_B2_0@13,RR_P2M_1,6.0,7.0,0.0,0.0,0.0,0.0,-0.23145902934839452,2.1317115454421582,2.0,559.0169943749474,6.327967130366852,PEAK2_MILD,RR
S1_B2_0@13|9_23,S1_B2_0@13,RR_P2M_1,8.0,13.0,0.0,0.0,0.0,0.0,0.23291864220065725,0.41551518375378405,3.0,552.268050859363,6.315842605347602,PEAK2_MILD,RR
S1_B2_0@13|9_24,S1_B2_0@13,RR_P2M_1,8.0,7.0,0.125,0.0,,0.0,0.38895587480834526,0.13551512291817158,3.0,609.5900261651268,6.4144257456851,PEAK2_MILD,RR
S1_B2_0@13|9_25,S1_B2_0@13,RR_P2M_1,15.0,8.0,0.06666666666666667,0.0,0.0,0.0,-0.3594486606693494,-0.45331276971327106,5.0,674.7592163134935,6.5158368237072715,PEAK2_MILD,RR
S1_B2_0@17|7_25,S1_B2_0@17,RR_P2M_1,7.0,6.0,0.0,0.0,,0.0,-0.24010073287266068,-0.19842643373258326,3.0,542.033209314706,6.297170477022745,PEAK2_MILD,RR
S1_B2_0@17|8_25,S1_B2_0@17,RR_P2M_1,5.0,6.0,0.0,0.0,0.0,0.0,-0.2528755601437775,0.5240383440395715,2.0,608.1118318204309,6.412001882740674,PEAK2_MILD,RR
S1_B2_0@19|15_33,S1_B2_0@19,RR_P2M_1,11.0,8.0,0.09090909090909091,0.0,0.0,0.0,4.243280059561727,1.6385024042622667,2.0,42.426406871192846,3.771067709327022,PEAK2_MILD,RR
S1_B2_0@19|16_26,S1_B2_0@19,RR_P2M_1,28.0,8.0,0.2857142857142857,0.125,,0.03571428571428571,4.3891761892862,6.8500859956680635,2.0,20.0,3.044522437723423,PEAK2_MILD,RR
S1_B2_0@19|16_31,S1_B2_0@19,RR_P2M_1,6.0,5.0,0.0,0.0,0.0,0.0,0.9460124054209421,2.5845624021500964,4.0,70.0,4.2626798770413155,PEAK2_MILD,RR
S1_B2_0@19|16_32,S1_B2_0@19,RR_P2M_1,7.0,5.0,0.14285714285714285,0.0,,0.0,1.5708921143676209,5.273763137556898,5.0,21.18033988749895,3.0992063058579626,PEAK2_MILD,RR
S1_B2_0@1|11_15,S1_B2_0@1,RR_P2M_1,5.0,8.0,0.0,0.0,0.0,0.0,-0.2531873479335229,5.324233350134074,2.0,150.0,5.017279836814924,PEAK2_MILD,RR
S1_B2_0@1|12_16,S1_B2_0@1,RR_P2M_1,5.0,5.0,0.0,0.0,0.0,0.0,-0.20746194511041277,,,216.66323379247,5.382949069239559,PEAK2_MILD,RR
S1_B2_0@1|15_18,S1_B2_0@1,RR_P2M_1,5.0,8.0,0.0,0.0,0.0,0.0,-0.18575892179448547,5.042450201234121,1.0,80.62257748298549,4.402105908540379,PEAK2_MILD,RR
S1_B2_0@1|16_18,S1_B2_0@1,RR_P2M_1,15.0,7.0,0.13333333333333333,0.14285714285714285,,0.0,1.457178550093929,2.609449424496653,1.0,14.142135623730951,2.7174812964321107,PEAK2_MILD,RR
S1_B2_0@1|3_27,S1_B2_0@1,RR_P2M_1,5.0,5.0,0.2,0.0,,0.8,0.36762420526763784,0.5866687030929476,1.0,125.60553887859183,4.841076259768761,PEAK2_MILD,RR
S1_B2_0@1|4_27,S1_B2_0@1,RR_P2M_1,7.0,7.0,0.0,0.0,,0.14285714285714285,0.6169856553395094,,,219.88136644510104,5.3976257539713846,PEAK2_MILD,RR
S1_B2_0@1|5_15,S1_B2_0@1,RR_P2M_1,13.0,13.0,0.0,0.0,0.0,0.0,-0.8009267728571984,3.382587388159059,6.0,14.142135623730951,2.7174812964321107,PEAK2_MILD,RR
S1_B2_0@1|5_19,S1_B2_0@1,RR_P2M_1,10.0,7.0,0.1,0.14285714285714285,0.0,0.0,2.3822301509738963,8.354425763499892,4.0,162.78820596099706,5.098574166146536,PEAK2_MILD,RR
S1_B2_0@1|5_27,S1_B2_0@1,RR_P2M_1,8.0,9.0,0.0,0.0,0.0,0.0,-0.41202700983884644,-0.7561489826838614,1.0,298.328677803526,5.701542226518239,PEAK2_MILD,RR
S1_B2_0@1|6_16,S1_B2_0@1,RR_P2M_1,5.0,5.0,0.0,0.2,,0.2,0.6638507087509296,6.228060899095217,2.0,118.51749184241449,4.783462735910084,PEAK2_MILD,RR
S1_B2_0@1|6_22,S1_B2_0@1,RR_P2M_1,10.0,7.0,0.2,0.0,0.14285714285714285,0.8,0.7746546589944787,4.419837208323217,2.0,255.53864678361276,5.547279322982969,PEAK2_MILD,RR
S1_B2_0@1|6_26,S1_B2_0@1,RR_P2M_1,6.0,9.0,0.0,0.0,0.0,0.0,-0.19507263063030117,-0.1904798230677865,2.0,438.29214001622256,6.085164658757527,PEAK2_MILD,RR
S1_B2_0@21|6_28,S1_B2_0@21,RR_P2M_1,5.0,11.0,0.0,0.0,0.09090909090909091,0.0,-0.24803793707255017,-0.14259451003487358,2.0,417.96634343085424,6.037790590755154,PEAK2_MILD,RR
S1_B2_0@22|11_33,S1_B2_0@22,RR_P2M_1,19.0,10.0,0.10526315789473684,0.0,0.0,0.0,0.38361399744943536,2.4330703935258735,1.0,152.97058540778355,5.0367615803245105,PEAK2_MILD,RR
S1_B2_0@22|12_33,S1_B2_0@22,RR_P2M_1,9.0,17.0,0.0,0.0,0.0,0.0,-0.507606060579011,4.529624173724547,1.0,146.58910531638176,4.9944320972224805,PEAK2_MILD,RR
S1_B2_0@22|14_34,S1_B2_0@22,RR_P2M_1,16.0,5.0,0.125,0.0,,0.0,4.029008575373043,1.9031352638256394,4.0,28.284271247461902,3.377050554392157,PEAK2_MILD,RR
S1_B2_0@22|8_33,S1_B2_0@22,RR_P2M_1,5.0,8.0,0.0,0.125,0.0,0.0,0.3665208287379607,4.816289385062525,1.0,125.29964086141668,4.838657185816509,PEAK2_MILD,RR
S1_B2_0@22|9_33,S1_B2_0@22,RR_P2M_1,5.0,5.0,0.0,0.2,0.0,0.0,-0.2041413983231515,,,115.43477797989779,4.757331270567542,PEAK2_MILD,RR
S1_B2_0@25|10_29,S1_B2_0@25,RR_P2M_1,10.0,9.0,0.1,0.1111111111111111,0.0,0.0,-0.18978561991265783,-0.3920978126631636,3.0,572.1887800367987,6.351215121507028,PEAK2_MILD,RR
S1_B2_0@26|11_29,S1_B2_0@26,RR_P2M_1,6.0,8.0,0.0,0.125,0.0,0.0,-0.11742249188093383,-0.36167144171144927,6.0,533.7555109835141,6.281809653628933,PEAK2_MILD,RR
S1_B2_0@26|11_30,S1_B2_0@26,RR_P2M_1,8.0,6.0,0.125,0.0,0.0,0.0,-0.1927338899855113,-0.3463013866495983,2.0,450.59798700630233,6.112792374795029,PEAK2_MILD,RR
S1_B2_0@5|8_22,S1_B2_0@5,RR_P2M_1,6.0,7.0,0.0,0.0,0.0,0.0,-0.13509701147650544,0.19057446510871698,2.0,431.740662898458,6.070138617621256,PEAK2_MILD,RR
S1_B2_0@5|9_21,S1_B2_0@5,RR_P2M_1,11.0,12.0,0.0,0.0,0.0,0.0,0.0742238107525057,-0.08854634333426994,6.0,490.9175083453431,6.198311036470049,PEAK2_MILD,RR
S1_B2_0@7|10_20,S1_B2_0@7,RR_P2M_1,7.0,5.0,0.0,0.0,0.0,0.0,-0.04292348778646184,0.3012347819600731,4.0,571.0953563998398,6.349305684478458,PEAK2_MILD,RR
S1_B2_0@7|10_21,S1_B2_0@7,RR_P2M_1,6.0,8.0,0.0,0.0,0.0,0.0,-0.16595669913130393,-0.2157990476514942,1.0,563.4650949505623,6.335878548109409,PEAK2_MILD,RR
S1_B2_0@9|15_21,S1_B2_0@9,RR_P2M_1,23.0,16.0,0.043478260869565216,0.0,0.0,0.0,-0.16337448992761036,-0.2633966120886763,4.0,116.61903789690601,4.767450909240712,PEAK2_MILD,RR
S1_B2_0@9|16_22,S1_B2_0@9,RR_P2M_1,38.0,14.0,0.13157894736842105,0.07142857142857142,0.0,0.10526315789473684,10.45628781732886,0.8375850216652261,3.0,62.42943383865534,4.149928009839856,PEAK2_MILD,RR
S1_B2_0@9|16_23,S1_B2_0@9,RR_P2M_1,43.0,19.0,0.32558139534883723,0.05263157894736842,0.0,0.3023255813953488,7.055057147428525,0.44770805084823806,6.0,22.360679774997898,3.1510542574937324,PEAK2_MILD,RR
S1_B2_0@9|17_21,S1_B2_0@9,RR_P2M_1,19.0,9.0,0.10526315789473684,0.0,0.0,0.0,4.816628902525737,,,14.142135623730951,2.7174812964321107,PEAK2_MILD,RR
S1_B2_1@22|29_27,S1_B2_1@22,RR_OS1_1,7.0,5.0,0.14285714285714285,0.0,0.0,0.0,-0.17540350405804186,-0.8223005321375167,1.0,10.0,2.3978952727983707,ONSET1,RR
S1_B2_1@22|30_29,S1_B2_1@22,RR_OS1_1,8.0,8.0,0.0,0.25,0.0,0.0,-0.1479605562770554,-0.3599524920553522,4.0,64.03124237432849,4.174867806332253,ONSET1,RR
S1_B2_1@26|34_31,S1_B2_1@26,RR_OS1_1,10.0,13.0,0.5,0.07692307692307693,0.0,0.1,2.3031826923062684,0.9602601026098898,1.0,22.360679774997898,3.1510542574937324,ONSET1,RR
S1_B2_1@2|20_29,S1_B2_1@2,RR_OS1_1,6.0,17.0,0.16666666666666666,0.11764705882352941,0.0,0.0,6.776507328670581,4.800814867862516,1.0,14.142135623730951,2.7174812964321107,ONSET1,RR
S1_B2_1@2|20_31,S1_B2_1@2,RR_OS1_1,8.0,23.0,0.125,0.08695652173913043,0.0,0.0,4.601728640074724,9.858706091877515,2.0,20.0,3.044522437723423,ONSET1,RR
S1_B2_1@2|21_26,S1_B2_1@2,RR_OS1_1,16.0,21.0,0.0625,0.0,,0.0,0.7397895917286978,1.842896243843065,2.0,22.360679774997898,3.1510542574937324,ONSET1,RR
S1_B2_1@2|21_27,S1_B2_1@2,RR_OS1_1,22.0,16.0,0.0,0.0,,0.0,1.1308003405780114,1.8168579404281147,5.0,28.284271247461902,3.377050554392157,ONSET1,RR
S1_B2_1@2|21_28,S1_B2_1@2,RR_OS1_1,25.0,19.0,0.08,0.05263157894736842,0.0,0.0,2.398100481693634,1.5492943908622108,8.0,28.284271247461902,3.377050554392157,ONSET1,RR
S1_B2_1@2|21_29,S1_B2_1@2,RR_OS1_1,20.0,11.0,0.0,0.0,0.0,0.0,0.8443712206767608,,,50.0,3.9318256327243257,ONSET1,RR
S1_B2_1@2|21_30,S1_B2_1@2,RR_OS1_1,10.0,18.0,0.0,0.0,0.0,0.0,-0.16126786211719246,-1.2173723422270906,3.0,70.0,4.2626798770413155,ONSET1,RR
S1_B2_1@2|23_23,S1_B2_1@2,RR_OS1_1,9.0,16.0,0.0,0.0,0.0,0.0,0.5907603182921177,,1.0,20.0,3.044522437723423,ONSET1,RR
S1_B2_1@2|23_24,S1_B2_1@2,RR_OS1_1,13.0,7.0,0.07692307692307693,0.0,1.0,0.07692307692307693,0.986321874572379,3.9795588503461077,3.0,21.18033988749895,3.0992063058579626,ONSET1,RR
S1_B2_1@2|28_23,S1_B2_1@2,RR_OS1_1,19.0,14.0,0.10526315789473684,0.07142857142857142,0.0,0.0,2.2151099296460846,,,31.622776601683796,3.485010713180571,ONSET1,RR
S1_B2_1@36|20_32,S1_B2_1@36,RR_OS1_1,12.0,8.0,0.16666666666666666,0.0,0.0,0.0,6.543367020870265,12.55234887530612,4.0,20.0,3.044522437723423,ONSET1,RR
S1_B2_1@36|22_37,S1_B2_1@36,RR_OS1_1,13.0,24.0,0.0,0.08333333333333333,0.5,0.0,4.901391987054323,2.040070292098011,9.0,22.360679774997898,3.1510542574937324,ONSET1,RR
S1_B2_1@36|23_36,S1_B2_1@36,RR_OS1_1,6.0,17.0,0.0,0.058823529411764705,0.0,0.0,-0.17539038266619555,-1.25551337738017,4.0,111.80339887498948,4.725646470480477,ONSET1,RR
S1_B2_1@36|23_37,S1_B2_1@36,RR_OS1_1,11.0,14.0,0.0,0.0,0.06666666666666667,0.0,1.120195634600416,-2.1801454818899857,1.0,70.71067811865476,4.272639664252711,ONSET1,RR
S1_B2_1@36|23_38,S1_B2_1@36,RR_OS1_1,35.0,22.0,0.0,0.0,,0.0,5.043809739198642,5.242511745547384,2.0,22.360679774997898,3.1510542574937324,ONSET1,RR
S1_B2_1@36|24_38,S1_B2_1@36,RR_OS1_1,10.0,14.0,0.0,0.0,0.0,0.0,3.491830035929664,-0.413742320804555,2.0,70.71067811865476,4.272639664252711,ONSET1,RR
S1_B2_1@36|24_39,S1_B2_1@36,RR_OS1_1,35.0,6.0,0.08571428571428572,0.0,,0.0,4.137133154877337,3.13126953970866,1.0,22.360679774997898,3.1510542574937324,ONSET1,RR
S1_B2_1@36|28_40,S1_B2_1@36,RR_OS1_1,16.0,7.0,0.0625,0.0,0.0,0.0,4.525026313451272,10.645520863716595,2.0,14.142135623730951,2.7174812964321107,ONSET1,RR
S1_B2_1@38|35_33,S1_B2_1@38,RR_OS1_1,19.0,13.0,0.05263157894736842,0.15384615384615385,0.0,0.0,2.322755206987841,1.3727704881670326,1.0,20.0,3.044522437723423,ONSET1,RR
S1_B2_1@44|34_38,S1_B2_1@44,RR_OS1_1,14.0,10.0,0.14285714285714285,0.2,0.0,0.0,3.633935321277696,,,0.0,0.0,ONSET1,RR
S1_B2_1@44|35_37,S1_B2_1@44,RR_OS1_1,19.0,7.0,0.05263157894736842,0.14285714285714285,,0.0,3.5541313947098825,2.1461769805534217,2.0,0.0,0.0,ONSET1,RR
S1_B2_1@45|33_39,S1_B2_1@45,RR_OS1_1,25.0,12.0,0.0,0.08333333333333333,0.1111111111111111,0.0,1.2458033255332532,7.23461129234229,2.0,0.0,0.0,ONSET1,RR
S1_B2_1@45|33_40,S1_B2_1@45,RR_OS1_1,9.0,8.0,0.2222222222222222,0.0,0.5,0.0,-1.2130724577483822,,,0.0,0.0,ONSET1,RR
S1_B2_2@10|66_8,S1_B2_2@10,RR_R1_1,11.0,9.0,0.09090909090909091,0.2222222222222222,0.0,0.0,-0.13012859294962678,3.113984986010087,2.0,98.99494936611666,4.60511967837377,REMISSION1,RR
S1_B2_2@11|58_15,S1_B2_2@11,RR_R1_1,11.0,6.0,0.36363636363636365,0.0,0.0,0.0,0.9579159689967538,4.606271493265281,2.0,161.24515496597098,5.089108493603487,REMISSION1,RR
S1_B2_2@11|59_21,S1_B2_2@11,RR_R1_1,5.0,10.0,0.0,0.0,0.0,0.0,0.16079648230444793,,,330.0,5.802118375377063,REMISSION1,RR
S1_B2_2@11|60_25,S1_B2_2@11,RR_R1_1,6.0,7.0,0.0,0.0,0.2,0.0,0.6948745577286193,4.3326670508089045,2.0,266.8332812825267,5.590364702169152,REMISSION1,RR
S1_B2_2@11|64_22,S1_B2_2@11,RR_R1_1,13.0,12.0,0.0,0.08333333333333333,,0.0,-0.1813240524551869,-0.43991285789274776,3.0,136.01470508735443,4.920088256472032,REMISSION1,RR
S1_B2_2@11|64_23,S1_B2_2@11,RR_R1_1,11.0,7.0,0.0,0.0,0.0,0.0,-0.14477267608177236,-0.3986512095855814,6.0,159.21303921361647,5.076504424665424,REMISSION1,RR
S1_B2_2@11|64_30,S1_B2_2@11,RR_R1_1,11.0,6.0,0.09090909090909091,0.0,,0.0,0.5890570713389742,2.2522639832731945,5.0,41.23105625617661,3.743155880619243,REMISSION1,RR
S1_B2_2@11|64_9,S1_B2_2@11,RR_R1_1,6.0,9.0,0.16666666666666666,0.0,0.0,0.0,-0.048586598953747874,-0.1378021084777313,1.0,300.0,5.707110264748875,REMISSION1,RR
S1_B2_2@11|65_22,S1_B2_2@11,RR_R1_1,8.0,10.0,0.0,0.0,0.0,0.0,-0.07304223014489857,-0.36140209473935264,1.0,59.9070478491457,4.10934889624885,REMISSION1,RR
S1_B2_2@11|65_23,S1_B2_2@11,RR_R1_1,12.0,6.0,0.0,0.0,0.0,0.0,-0.1206084424597689,-0.4870168843336386,3.0,70.35533905932738,4.267672170265925,REMISSION1,RR
S1_B2_2@11|66_20,S1_B2_2@11,RR_R1_1,8.0,5.0,0.0,0.0,,0.0,-0.23545387423203198,-0.1826169633823503,4.0,110.0,4.709530201312334,REMISSION1,RR
S1_B2_2@11|67_12,S1_B2_2@11,RR_R1_1,8.0,7.0,0.0,0.0,0.0,0.0,-0.0885397079958837,0.04631892633485049,4.0,440.1136216933077,6.089302487824984,REMISSION1,RR
S1_B2_2@11|67_14,S1_B2_2@11,RR_R1_1,16.0,8.0,0.0625,0.0,0.0,0.0,-0.3654974912422321,-0.44194230881748525,4.0,625.0403199585498,6.439414777905409,REMISSION1,RR
S1_B2_2@11|67_20,S1_B2_2@11,RR_R1_1,5.0,19.0,0.0,0.05263157894736842,0.09090909090909091,0.0,-0.3618049480810659,-0.49188710606447167,9.0,125.39999694598798,4.839451457551269,REMISSION1,RR
S1_B2_2@11|67_21,S1_B2_2@11,RR_R1_1,20.0,7.0,0.0,0.0,,0.0,0.15756372669419533,-0.330374006820859,5.0,22.360679774997898,3.1510542574937324,REMISSION1,RR
S1_B2_2@11|68_12,S1_B2_2@11,RR_R1_1,8.0,7.0,0.0,0.0,,0.0,-0.026785857858462023,0.14810639656100824,1.0,425.79337712087533,6.056300001783478,REMISSION1,RR
S1_B2_2@11|68_13,S1_B2_2@11,RR_R1_1,12.0,8.0,0.0,0.0,0.0,0.0,-0.14233060720678173,-0.431836677340538,5.0,524.0702390129461,6.263532042238816,REMISSION1,RR
S1_B2_2@11|68_14,S1_B2_2@11,RR_R1_1,9.0,10.0,0.1111111111111111,0.0,0.0,0.2222222222222222,-0.24829984063632915,0.18923042389713324,7.0,622.8964600958975,6.435984425268135,REMISSION1,RR
S1_B2_2@11|68_15,S1_B2_2@11,RR_R1_1,9.0,9.0,0.0,0.0,0.0,0.0,-0.31786463980536955,-0.3646083312872789,3.0,577.603738849741,6.36061785441148,REMISSION1,RR
S1_B2_2@11|68_16,S1_B2_2@11,RR_R1_1,12.0,12.0,0.0,0.0,0.0,0.0,-0.4703792228781728,2.7378037655149723,2.0,510.7823608482222,6.237899458200579,REMISSION1,RR
S1_B2_2@11|68_17,S1_B2_2@11,RR_R1_1,12.0,7.0,0.0,0.0,0.0,0.0,0.23143560453287304,,,378.549864614954,5.93898598376387,REMISSION1,RR
S1_B2_2@11|68_19,S1_B2_2@11,RR_R1_1,5.0,7.0,0.2,0.0,0.0,0.0,-0.0004938580239707765,0.7495738514192155,2.0,205.0,5.327876168789581,REMISSION1,RR
S1_B2_2@11|68_9,S1_B2_2@11,RR_R1_1,5.0,6.0,0.0,0.0,,0.0,1.5260682165164596,12.212649527666956,1.0,155.24174696260025,5.051404467782157,REMISSION1,RR
S1_B2_2@11|69_11,S1_B2_2@11,RR_R1_1,11.0,8.0,0.09090909090909091,0.125,0.0,0.0,-0.2197665239429572,0.45933142656194215,1.0,311.1269837220809,5.743410104117045,REMISSION1,RR
S1_B2_2@11|69_15,S1_B2_2@11,RR_R1_1,11.0,11.0,0.0,0.0,0.0,0.0,-0.2625965764243,-0.4820782134604299,8.0,581.0765089896047,6.366601897836519,REMISSION1,RR
S1_B2_2@11|69_16,S1_B2_2@11,RR_R1_1,7.0,5.0,0.0,0.0,,0.0,-0.3736042686792569,-0.49303583085408714,1.0,505.84773897682607,6.228210640886873,REMISSION1,RR
S1_B2_2@11|70_15,S1_B2_2@11,RR_R1_1,6.0,9.0,0.0,0.0,0.0,0.0,-0.15428584536495282,-0.29408735482505227,3.0,472.65209192385896,6.160473068914469,REMISSION1,RR
S1_B2_2@11|70_16,S1_B2_2@11,RR_R1_1,5.0,11.0,0.0,0.09090909090909091,0.0,0.0,0.3824170527259593,0.5473243713764306,3.0,460.2716300709736,6.133987088718041,REMISSION1,RR
S1_B2_2@11|71_10,S1_B2_2@11,RR_R1_1,7.0,20.0,0.0,0.0,0.0,0.0,0.2523486128385094,4.6795295216125945,2.0,108.16653826391969,4.692874590198136,REMISSION1,RR
S1_B2_2@11|71_18,S1_B2_2@11,RR_R1_1,6.0,8.0,0.3333333333333333,0.0,0.0,0.0,0.6690897848833762,,,296.1067611548616,5.694091539378459,REMISSION1,RR
S1_B2_2@11|71_21,S1_B2_2@11,RR_R1_1,13.0,6.0,0.0,0.0,0.0,0.0,1.773281297169279,1.4721039934786315,2.0,20.0,3.044522437723423,REMISSION1,RR
S1_B2_2@11|71_9,S1_B2_2@11,RR_R1_1,18.0,6.0,0.2777777777777778,0.0,,0.0,4.442291117459669,7.351546473263685,5.0,28.284271247461902,3.377050554392157,REMISSION1,RR
S1_B2_2@11|72_10,S1_B2_2@11,RR_R1_1,26.0,14.0,0.07692307692307693,0.0,,0.0,0.4251858872152931,3.5395417583943978,5.0,64.03124237432849,4.174867806332253,REMISSION1,RR
S1_B2_2@11|72_11,S1_B2_2@11,RR_R1_1,11.0,20.0,0.09090909090909091,0.0,0.0,0.0,-0.46635615462339414,1.018010023776241,1.0,136.01470508735443,4.920088256472032,REMISSION1,RR
S1_B2_2@11|72_12,S1_B2_2@11,RR_R1_1,7.0,13.0,0.14285714285714285,0.0,0.0,0.0,-0.24643808479394735,-0.4263249251982176,1.0,203.8337062999989,5.32219846116626,REMISSION1,RR
S1_B2_2@11|72_13,S1_B2_2@11,RR_R1_1,16.0,12.0,0.0625,0.0,0.0,0.0,-0.295949789203078,-0.5198936306589171,7.0,276.5863337187866,5.6261319973011625,REMISSION1,RR
S1_B2_2@11|72_14,S1_B2_2@11,RR_R1_1,13.0,5.0,0.0,0.0,,0.0,0.09952197073742232,5.159600778505643,2.0,260.384048104053,5.565990774477429,REMISSION1,RR
S1_B2_2@11|72_15,S1_B2_2@11,RR_R1_1,10.0,12.0,0.1,0.0,0.0,0.0,-0.6558471694346582,1.2350009423806527,2.0,259.8575107885569,5.563974322569525,REMISSION1,RR
S1_B2_2@11|72_16,S1_B2_2@11,RR_R1_1,12.0,11.0,0.08333333333333333,0.0,0.0,0.0,0.4617751432338568,6.512250485834083,4.0,290.6888370749727,5.675687607629154,REMISSION1,RR
S1_B2_2@11|72_21,S1_B2_2@11,RR_R1_1,8.0,9.0,0.0,0.0,,0.0,3.1877394934769336,2.5201654394469295,1.0,53.85164807134504,4.004632233149422,REMISSION1,RR
S1_B2_2@11|72_22,S1_B2_2@11,RR_R1_1,25.0,5.0,0.0,0.0,,0.0,0.43575913680400064,4.396035433825028,4.0,21.18033988749895,3.0992063058579626,REMISSION1,RR
S1_B2_2@11|72_25,S1_B2_2@11,RR_R1_1,15.0,8.0,0.0,0.0,0.2857142857142857,0.0,0.4785630684679734,0.04682414676406237,3.0,36.05551275463989,3.6124171329715926,REMISSION1,RR
S1_B2_2@11|72_27,S1_B2_2@11,RR_R1_1,5.0,8.0,0.0,0.0,0.0,0.0,6.744553695827819,5.702855410724554,2.0,30.0,3.4339872044851463,REMISSION1,RR
S1_B2_2@11|73_11,S1_B2_2@11,RR_R1_1,18.0,17.0,0.0,0.058823529411764705,0.0,0.0,-0.242650018337034,4.501305860763151,2.0,78.10249675906654,4.370744438865426,REMISSION1,RR
S1_B2_2@11|73_12,S1_B2_2@11,RR_R1_1,16.0,23.0,0.0625,0.0,0.0,0.0,-0.6021246378087876,-0.6459037744484811,2.0,152.97058540778355,5.0367615803245105,REMISSION1,RR
S1_B2_2@11|73_14,S1_B2_2@11,RR_R1_1,23.0,25.0,0.0,0.04,0.0,0.0,-1.4230613293476753,-0.41211673355684575,5.0,190.65635382491624,5.255703944550767,REMISSION1,RR
S1_B2_2@11|73_23,S1_B2_2@11,RR_R1_1,14.0,29.0,0.0,0.0,0.0,0.0,-1.911030892076327,0.30587877600534863,6.0,107.70329614269008,4.688622116967238,REMISSION1,RR
S1_B2_2@11|73_24,S1_B2_2@11,RR_R1_1,18.0,16.0,0.0,0.0,0.0,0.0,-0.7958974205471484,2.6103347092293863,3.0,101.9803902718557,4.634538584393837,REMISSION1,RR
S1_B2_2@11|73_25,S1_B2_2@11,RR_R1_1,12.0,20.0,0.08333333333333333,0.0,,0.0,0.8160648978729951,2.8296636195166407,4.0,111.80339887498948,4.725646470480477,REMISSION1,RR
S1_B2_2@11|73_26,S1_B2_2@11,RR_R1_1,6.0,22.0,0.0,0.0,0.0,0.0,-1.02178207924015,9.607362059487482,1.0,100.24937810560445,4.6175865638009155,REMISSION1,RR
S1_B2_2@11|73_27,S1_B2_2@11,RR_R1_1,17.0,14.0,0.058823529411764705,0.0,0.0,0.17647058823529413,4.127198528235629,2.7853292405015657,3.0,82.46211251235322,4.424392786517565,REMISSION1,RR
S1_B2_2@11|73_28,S1_B2_2@11,RR_R1_1,25.0,5.0,0.16,0.0,,0.12,3.3767580216765847,,,14.142135623730951,2.7174812964321107,REMISSION1,RR
S1_B2_2@11|74_13,S1_B2_2@11,RR_R1_1,8.0,26.0,0.125,0.0,0.0,0.0,-2.6068059035000095,4.491838455349013,2.0,80.0,4.394449154672439,REMISSION1,RR
S1_B2_2@11|74_14,S1_B2_2@11,RR_R1_1,18.0,12.0,0.05555555555555555,0.0,0.0,0.0,-1.5980685411583,-0.1148092887057694,4.0,118.73147244755961,4.785251505720113,REMISSION1,RR
S1_B2_2@11|74_22,S1_B2_2@11,RR_R1_1,17.0,5.0,0.11764705882352941,0.0,,0.0,3.94198936873032,5.654096710405932,5.0,40.0,3.713572066704308,REMISSION1,RR
S1_B2_2@11|74_24,S1_B2_2@11,RR_R1_1,16.0,13.0,0.375,0.0,0.0,0.4375,3.4039919146295565,9.109974235684994,6.0,50.0,3.9318256327243257,REMISSION1,RR
S1_B2_2@36|70_18,S1_B2_2@36,RR_R1_1,9.0,5.0,0.0,0.0,0.0,0.0,-0.011388945791489101,,,267.8090503215435,5.594001277433175,REMISSION1,RR
S1_B2_2@40|57_24,S1_B2_2@40,RR_R1_1,8.0,5.0,0.25,0.0,0.0,0.0,-0.047073080627656874,1.3088339901103114,2.0,30.0,3.4339872044851463,REMISSION1,RR
S1_B3_0@10|11_8,S1_B3_0@10,RR_OS1_1,10.0,7.0,0.1,0.0,0.0,0.0,-0.1700882511271562,-0.32926910083147715,3.0,371.6180835212409,5.9205539903264475,ONSET1,RR
S1_B3_0@20|17_10,S1_B3_0@20,RR_OS1_1,26.0,10.0,0.15384615384615385,0.1,,0.3076923076923077,-0.051478994152128976,-0.44884447144758627,1.0,64.03124237432849,4.174867806332253,ONSET1,RR
S1_B3_0@20|18_9,S1_B3_0@20,RR_OS1_1,13.0,11.0,0.07692307692307693,0.0,0.0,0.0,0.28134406282303254,-0.098138949577703,1.0,30.811388300841898,3.4598243483434987,ONSET1,RR
S1_B3_0@36|19_17,S1_B3_0@36,RR_OS1_1,10.0,5.0,0.0,0.0,0.0,0.0,0.6625551651632995,1.0272504909324653,7.0,14.142135623730951,2.7174812964321107,ONSET1,RR
S1_B3_0@37|17_22,S1_B3_0@37,RR_OS1_1,25.0,7.0,0.08,0.0,,0.0,-0.044903302660088115,-0.4562288233458394,4.0,41.23105625617661,3.743155880619243,ONSET1,RR
S1_B3_0@37|17_23,S1_B3_0@37,RR_OS1_1,8.0,7.0,0.0,0.0,0.0,0.0,0.1149559629612432,-0.09986029117334093,5.0,20.0,3.044522437723423,ONSET1,RR
S1_B3_0@57|8_27,S1_B3_0@57,RR_OS1_1,12.0,8.0,0.0,0.0,,0.0,0.6737492905726331,,,0.0,0.0,ONSET1,RR
S1_B3_0@57|9_27,S1_B3_0@57,RR_OS1_1,15.0,12.0,0.06666666666666667,0.08333333333333333,0.0,0.0,0.26551849865606814,1.8785413245016063,1.0,0.0,0.0,ONSET1,RR
S1_B3_0@59|12_27,S1_B3_0@59,RR_OS1_1,12.0,17.0,0.08333333333333333,0.0,0.0,0.0,-0.18224403929187527,,,14.142135623730951,2.7174812964321107,ONSET1,RR
S1_B3_0@7|18_6,S1_B3_0@7,RR_OS1_1,21.0,13.0,0.0,0.07692307692307693,0.0,0.14285714285714285,-0.37695449708676615,-0.6150981185478197,3.0,60.7775360759103,4.123539804466408,ONSET1,RR
S1_B3_1@10|52_19,S1_B3_1@10,RR_R1_1,5.0,8.0,0.0,0.0,0.0,0.0,0.13787141683387547,0.009459815279680771,4.0,420.5948168962618,6.04404470326226,REMISSION1,RR
S1_B3_1@12|54_20,S1_B3_1@12,RR_R1_1,8.0,5.0,0.0,0.0,0.0,0.0,-0.19863063747908313,0.374423078570375,2.0,260.1922366251538,5.565256675004804,REMISSION1,RR
S1_B3_1@12|55_20,S1_B3_1@12,RR_R1_1,8.0,16.0,0.0,0.0,0.0,0.0,-0.7233240237891203,0.14652346185107384,4.0,180.13878188659973,5.199263488217333,REMISSION1,RR
S1_B3_1@12|55_21,S1_B3_1@12,RR_R1_1,6.0,9.0,0.0,0.0,0.0,0.0,-0.39841793066588893,-0.5204334091019536,3.0,192.35384061671343,5.2645218814025165,REMISSION1,RR
S1_B3_1@15|56_21,S1_B3_1@15,RR_R1_1,7.0,17.0,0.0,0.058823529411764705,0.0,0.0,-1.7611801320785874,2.1343597870825968,2.0,79.36253712102601,4.38654811138745,REMISSION1,RR
S1_B3_1@15|56_22,S1_B3_1@15,RR_R1_1,5.0,15.0,0.0,0.13333333333333333,0.0,0.4,1.5317731799706096,,,76.15773105863909,4.34585178193694,REMISSION1,RR
S1_B3_1@15|57_21,S1_B3_1@15,RR_R1_1,21.0,17.0,0.047619047619047616,0.11764705882352941,0.6666666666666666,0.0,3.378837743303306,6.128553046004617,6.0,36.05551275463989,3.6124171329715926,REMISSION1,RR
S1_B3_1@1|45_18,S1_B3_1@1,RR_R1_1,6.0,7.0,0.0,0.0,0.0,0.0,-0.2819927087217178,3.8516879415710634,1.0,76.15773105863909,4.34585178193694,REMISSION1,RR
S1_B3_1@1|46_13,S1_B3_1@1,RR_R1_1,9.0,8.0,0.1111111111111111,0.125,0.0,0.2222222222222222,0.32038555547755226,6.008749467543424,4.0,92.19544457292886,4.534698842524112,REMISSION1,RR
S1_B3_1@1|46_19,S1_B3_1@1,RR_R1_1,8.0,7.0,0.125,0.0,,0.125,0.0675469752828398,4.223131119112731,2.0,182.4828759089466,5.2121213438428144,REMISSION1,RR
S1_B3_1@1|46_20,S1_B3_1@1,RR_R1_1,8.0,13.0,0.125,0.23076923076923078,,0.25,0.8618020880867711,3.8446917286540945,4.0,226.27416997969522,5.426157085948432,REMISSION1,RR
S1_B3_1@1|47_13,S1_B3_1@1,RR_R1_1,6.0,7.0,0.16666666666666666,0.2857142857142857,0.0,0.0,3.354022951646604,9.575394168751934,2.0,107.70329614269008,4.688622116967238,REMISSION1,RR
S1_B3_1@1|48_12,S1_B3_1@1,RR_R1_1,6.0,6.0,0.0,0.3333333333333333,0.0,0.5,-0.6094545853683402,3.664026114722634,1.0,99.49747468305833,4.610132599651671,REMISSION1,RR
S1_B3_1@1|50_12,S1_B3_1@1,RR_R1_1,7.0,6.0,0.14285714285714285,0.16666666666666666,,0.0,-0.8115959415338838,,,107.70329614269008,4.688622116967238,REMISSION1,RR
S1_B3_1@1|50_15,S1_B3_1@1,RR_R1_1,8.0,6.0,0.0,0.0,0.0,0.0,0.2544438523452459,-0.7246581806294378,1.0,408.0394050424695,6.0138114962490485,REMISSION1,RR
S1_B3_1@1|51_13,S1_B3_1@1,RR_R1_1,7.0,5.0,0.14285714285714285,0.2,0.0,0.0,-0.03703756164218651,,,184.49532252165386,5.223029666212883,REMISSION1,RR
S1_B3_1@1|51_18,S1_B3_1@1,RR_R1_1,9.0,7.0,0.0,0.14285714285714285,0.0,0.0,-0.34835628642373473,-0.43218416529129217,2.0,507.74009099144416,6.231937259400428,REMISSION1,RR
S1_B3_1@1|52_16,S1_B3_1@1,RR_R1_1,8.0,6.0,0.0,0.0,0.0,0.0,-0.22352763994626085,-0.40767726135149013,2.0,322.25757684701716,5.778449456965871,REMISSION1,RR
S1_B3_1@1|52_17,S1_B3_1@1,RR_R1_1,9.0,7.0,0.0,0.0,0.0,0.0,-0.17864467017788607,,1.0,400.7621536036364,5.995860255818137,REMISSION1,RR
S1_B3_1@1|52_20,S1_B3_1@1,RR_R1_1,7.0,11.0,0.0,0.0,0.0,0.0,-0.48432913749233086,-0.19379016563774407,4.0,484.8662809606618,6.185933443985722,REMISSION1,RR
S1_B3_1@1|52_21,S1_B3_1@1,RR_R1_1,8.0,10.0,0.0,0.0,0.0,0.0,-0.22830941098191865,0.5677662246261336,1.0,484.9714206838202,6.186149816994077,REMISSION1,RR
S1_B3_1@1|52_23,S1_B3_1@1,RR_R1_1,5.0,5.0,0.0,0.2,,0.0,0.4880138483818901,0.7841523037638443,3.0,413.6874269943494,6.027525048476713,REMISSION1,RR
S1_B3_1@1|53_24,S1_B3_1@1,RR_R1_1,5.0,7.0,0.0,0.0,0.0,0.0,0.049055421910157326,2.249507387372958,3.0,286.59802258506295,5.66156375024976,REMISSION1,RR
S1_B3_1@1|54_22,S1_B3_1@1,RR_R1_1,6.0,5.0,0.0,0.0,0.0,0.0,-0.1712091213130914,3.0839139971592258,1.0,291.547594742265,5.678627370502498,REMISSION1,RR
S1_B3_1@1|54_23,S1_B3_1@1,RR_R1_1,12.0,10.0,0.0,0.0,0.0,0.0,-1.1299310028499163,,,244.42475657676292,5.502990409734405,REMISSION1,RR
S1_B3_1@1|54_24,S1_B3_1@1,RR_R1_1,8.0,9.0,0.0,0.1111111111111111,0.0,0.0,-0.8724261205093408,-1.5141027072650128,1.0,228.25424421026653,5.43483162442329,REMISSION1,RR
S1_B3_1@1|55_24,S1_B3_1@1,RR_R1_1,14.0,13.0,0.0,0.07692307692307693,,0.0,6.803007437382226,11.251395125070019,2.0,127.27922061357856,4.8542092991405985,REMISSION1,RR
S1_B3_1@1|56_20,S1_B3_1@1,RR_R1_1,14.0,14.0,0.0,0.0,0.0,0.0,1.0249991646940502,4.722379672877669,2.0,80.62257748298549,4.402105908540379,REMISSION1,RR
S1_B3_2@10|68_11,S1_B3_2@10,RR_P2M_1,5.0,12.0,0.0,0.0,0.0,0.0,-0.07773663072028802,,,496.4876634922564,6.209570759290707,PEAK2_MILD,RR
S1_B3_2@10|69_11,S1_B3_2@10,RR_P2M_1,12.0,10.0,0.3333333333333333,0.0,0.0,0.0,0.06632727137390262,1.6279110390487443,3.0,520.7196784186373,6.257130429115013,PEAK2_MILD,RR
S1_B3_2@10|69_7,S1_B3_2@10,RR_P2M_1,8.0,13.0,0.5,0.0,0.0,0.375,-0.5076557220065075,5.759498831616802,1.0,108.16653826391969,4.692874590198136,PEAK2_MILD,RR
S1_B3_2@10|70_11,S1_B3_2@10,RR_P2M_1,11.0,7.0,0.2727272727272727,0.0,,0.09090909090909091,-0.6000198540194865,2.053591053002792,1.0,470.95647357266466,6.15688676432624,PEAK2_MILD,RR
S1_B3_2@10|70_12,S1_B3_2@10,RR_P2M_1,5.0,6.0,0.0,0.0,0.0,0.0,-0.4438067289838617,,,530.3772242470448,6.2754721725032585,PEAK2_MILD,RR
S1_B3_2@10|70_7,S1_B3_2@10,RR_P2M_1,22.0,18.0,0.4090909090909091,0.0,0.0,0.45454545454545453,-0.43803363374072135,8.76351584591023,1.0,106.05318061589779,4.673325726092658,PEAK2_MILD,RR
S1_B3_2@10|70_8,S1_B3_2@10,RR_P2M_1,23.0,8.0,0.08695652173913043,0.0,,0.043478260869565216,10.04763859832093,12.865880322548957,4.0,161.24515496597098,5.089108493603487,PEAK2_MILD,RR
S1_B3_2@10|71_11,S1_B3_2@10,RR_P2M_1,9.0,7.0,0.1111111111111111,0.0,0.0,0.7777777777777778,0.2334581881089706,3.0660047395406873,2.0,396.81268560513007,5.9859812553159655,PEAK2_MILD,RR
S1_B3_2@10|72_10,S1_B3_2@10,RR_P2M_1,5.0,6.0,0.2,0.0,0.0,0.6,1.511419186410331,19.353365273179435,1.0,275.86228448267445,5.623520214625801,PEAK2_MILD,RR
S1_B3_2@10|72_7,S1_B3_2@10,RR_P2M_1,5.0,12.0,0.0,0.0,0.0,0.0,1.7402856518394427,,,113.13708498984761,4.737400225881506,PEAK2_MILD,RR
S1_B3_2@10|74_8,S1_B3_2@10,RR_P2M_1,12.0,6.0,0.25,0.16666666666666666,0.0,0.0,3.1250256106511225,,,17.071067811865476,2.8943121959332228,PEAK2_MILD,RR
S1_B3_2@12|67_10,S1_B3_2@12,RR_P2M_1,9.0,10.0,0.2222222222222222,0.0,0.0,0.0,-0.06472400356183589,-0.2467977167376455,6.0,478.01673610868477,6.171735536484641,PEAK2_MILD,RR
S1_B3_2@12|68_10,S1_B3_2@12,RR_P2M_1,13.0,6.0,0.07692307692307693,0.0,0.0,0.0,-0.6094302974121095,-0.6508589541805485,4.0,441.0215414239989,6.091358617143516,PEAK2_MILD,RR
S1_B3_2@13|75_10,S1_B3_2@13,RR_P2M_1,8.0,23.0,0.125,0.043478260869565216,0.0,0.0,3.6409063105619563,4.164631436848451,5.0,64.03124237432849,4.174867806332253,PEAK2_MILD,RR
S1_B3_2@13|76_10,S1_B3_2@13,RR_P2M_1,35.0,12.0,0.11428571428571428,0.08333333333333333,0.0,0.0,17.23469375565608,11.696467011412972,6.0,22.360679774997898,3.1510542574937324,PEAK2_MILD,RR
S1_B3_2@13|76_11,S1_B3_2@13,RR_P2M_1,16.0,15.0,0.0625,0.06666666666666667,0.0,0.0,3.9511243418073843,-1.1250912862137499,5.0,64.03124237432849,4.174867806332253,PEAK2_MILD,RR
S1_B3_2@1|62_7,S1_B3_2@1,RR_P2M_1,18.0,5.0,0.1111111111111111,0.0,,0.2777777777777778,0.1624111982414704,,,14.142135623730951,2.7174812964321107,PEAK2_MILD,RR
S1_B3_2@1|64_6,S1_B3_2@1,RR_P2M_1,12.0,9.0,0.08333333333333333,0.0,0.0,0.08333333333333333,1.6484774713896706,4.432842592824386,4.0,85.44003745317531,4.459450964923822,PEAK2_MILD,RR
S1_B3_2@1|65_11,S1_B3_2@1,RR_P2M_1,6.0,6.0,0.0,0.0,0.0,0.0,0.39740418421425244,12.14069856577176,1.0,306.8319586560867,5.72955404530692,PEAK2_MILD,RR
S1_B3_2@1|65_14,S1_B3_2@1,RR_P2M_1,5.0,5.0,0.0,0.2,0.0,0.0,-0.022203517750968862,,,216.06601717798213,5.380201533899569,PEAK2_MILD,RR
S1_B3_2@1|65_5,S1_B3_2@1,RR_P2M_1,34.0,24.0,0.14705882352941177,0.041666666666666664,,0.029411764705882353,4.204911573790011,11.364966721537316,4.0,40.0,3.713572066704308,PEAK2_MILD,RR
S1_B3_2@1|66_14,S1_B3_2@1,RR_P2M_1,9.0,7.0,0.0,0.0,0.0,0.0,-0.20418217558365048,5.759759846392036,1.0,323.10040137981105,5.781053348591076,PEAK2_MILD,RR
S1_B3_2@1|66_5,S1_B3_2@1,RR_P2M_1,11.0,6.0,0.09090909090909091,0.0,,0.0,-2.8597204220122636,-4.124179527998203,1.0,100.0,4.61512051684126,PEAK2_MILD,RR
S1_B3_2@1|67_14,S1_B3_2@1,RR_P2M_1,13.0,8.0,0.07692307692307693,0.0,,0.0,-0.08294211781640949,1.511472093581427,2.0,430.4648650006177,6.06718608194898,PEAK2_MILD,RR
S1_B3_2@1|67_5,S1_B3_2@1,RR_P2M_1,25.0,27.0,0.0,0.1111111111111111,0.0,0.0,2.751601543238505,5.614906815543671,3.0,50.99019513592785,3.951055145724373,PEAK2_MILD,RR
S1_B3_2@1|68_13,S1_B3_2@1,RR_P2M_1,10.0,8.0,0.2,0.0,0.0,0.0,-0.21489039481717132,0.6264411596680709,3.0,517.5829901498288,6.251100073009819,PEAK2_MILD,RR
S1_B3_2@1|69_14,S1_B3_2@1,RR_P2M_1,14.0,10.0,0.0,0.0,0.0,0.0,-1.1491510846211221,-0.07486819000342246,4.0,610.0819617067857,6.415231093721449,PEAK2_MILD,RR
S1_B3_2@1|70_15,S1_B3_2@1,RR_P2M_1,7.0,8.0,0.0,0.0,,0.0,-0.5700158216477034,2.149929064190169,3.0,608.276253029822,6.412271782311154,PEAK2_MILD,RR
S1_B3_2@1|70_16,S1_B3_2@1,RR_P2M_1,8.0,10.0,0.0,0.0,0.0,0.0,-0.5291569845063591,2.7017100617832286,3.0,485.5628982435309,6.1873661805117965,PEAK2_MILD,RR
S1_B3_2@1|70_17,S1_B3_2@1,RR_P2M_1,8.0,13.0,0.0,0.0,,0.25,-0.29962455598524873,2.9763043849345596,2.0,407.0626487409524,6.0114207134521065,PEAK2_MILD,RR
S1_B3_2@1|71_14,S1_B3_2@1,RR_P2M_1,17.0,20.0,0.058823529411764705,0.0,0.0,0.0,-0.39641504432977603,-0.2800108829112238,10.0,630.0793600809346,6.447431623382487,PEAK2_MILD,RR
S1_B3_2@1|71_15,S1_B3_2@1,RR_P2M_1,7.0,15.0,0.0,0.0,0.05,0.0,-0.4310889325847113,0.12974889817182195,3.0,607.9829678027811,6.4117902998356815,PEAK2_MILD,RR
S1_B3_2@1|71_16,S1_B3_2@1,RR_P2M_1,9.0,13.0,0.0,0.0,0.0,0.0,-0.507661309952038,-0.008142072017502163,1.0,526.3655521906323,6.267893955499736,PEAK2_MILD,RR
S1_B3_2@1|71_20,S1_B3_2@1,RR_P2M_1,5.0,7.0,0.0,0.0,0.0,0.0,-0.4926291605247885,,,181.40574956295916,5.206233598870182,PEAK2_MILD,RR
S1_B3_2@1|72_14,S1_B3_2@1,RR_P2M_1,15.0,16.0,0.06666666666666667,0.0,0.0,0.0,0.011815833366654522,-0.042088820534671195,4.0,562.9387178015028,6.334945589214213,PEAK2_MILD,RR
S1_B3_2@1|72_15,S1_B3_2@1,RR_P2M_1,5.0,13.0,0.0,0.0,0.0,0.0,0.1984266590858245,0.6586537939205581,4.0,556.5513604936605,6.3235546255369215,PEAK2_MILD,RR
S1_B3_2@1|72_16,S1_B3_2@1,RR_P2M_1,9.0,5.0,0.0,0.0,,0.0,-0.19333302414761988,0.825192767034223,2.0,545.4550794062238,6.303452107360338,PEAK2_MILD,RR
S1_B3_2@1|72_17,S1_B3_2@1,RR_P2M_1,10.0,5.0,0.0,0.0,,0.0,-0.2327882119361615,0.30693426036897165,2.0,500.39984012787215,6.2174038668726705,PEAK2_MILD,RR
S1_B3_2@1|72_20,S1_B3_2@1,RR_P2M_1,5.0,5.0,0.0,0.0,,0.0,2.803512772942682,7.324319696973149,1.0,215.92872572051755,5.3795688466871505,PEAK2_MILD,RR
S1_B3_2@1|73_14,S1_B3_2@1,RR_P2M_1,12.0,12.0,0.0,0.0,0.0,0.0,-0.027113878932291217,-0.09449628923842072,3.0,505.96442562694074,6.228440834713115,PEAK2_MILD,RR
S1_B3_2@1|74_15,S1_B3_2@1,RR_P2M_1,7.0,5.0,0.0,0.0,0.0,0.0,-0.0012529895603558099,4.772318240004369,3.0,407.9215610874228,6.013523355467907,PEAK2_MILD,RR
S1_B3_2@20|72_21,S1_B3_2@20,RR_P2M_1,6.0,6.0,0.16666666666666666,0.0,0.0,0.0,0.9620227244642667,17.029745981877046,2.0,70.0,4.2626798770413155,PEAK2_MILD,RR
S1_B3_2@20|74_18,S1_B3_2@20,RR_P2M_1,5.0,9.0,0.0,0.0,0.0,0.0,-0.19037628188551908,,,343.3448180405943,5.841643533352994,PEAK2_MILD,RR
S1_B3_2@20|75_16,S1_B3_2@20,RR_P2M_1,6.0,5.0,0.16666666666666666,0.0,0.0,0.0,-0.21595228215480805,,,240.20824298928628,5.4856606391832035,PEAK2_MILD,RR
S1_B3_2@20|75_19,S1_B3_2@20,RR_P2M_1,9.0,12.0,0.1111111111111111,0.3333333333333333,0.5,0.8888888888888888,0.16076877115486654,3.5469152256992014,1.0,241.86773244895647,5.492516984239944,PEAK2_MILD,RR
S1_B3_2@20|78_13,S1_B3_2@20,RR_P2M_1,5.0,10.0,0.0,0.0,0.0,0.0,4.918005380519522,23.721741093607235,3.0,14.142135623730951,2.7174812964321107,PEAK2_MILD,RR
S1_B3_2@9|66_7,S1_B3_2@9,RR_P2M_1,12.0,12.0,0.16666666666666666,0.0,0.0,0.0,-0.6308363565154138,-0.7445288202172676,3.0,255.6355440195826,5.5476569617608265,PEAK2_MILD,RR
S1_B3_2@9|67_7,S1_B3_2@9,RR_P2M_1,6.0,10.0,0.0,0.0,0.0,0.0,1.3733152203608197,-1.2067019200612716,2.0,250.09996003196804,5.525851106991754,PEAK2_MILD,RR
S1_T1_0@11|6_32,S1_T1_0@11,RR_MP_1,8.0,14.0,0.0,0.21428571428571427,0.0,0.0,19.30338451688244,24.259292099238216,5.0,20.0,3.044522437723423,MONOPHASIC,RR
S1_T1_0@11|6_33,S1_T1_0@11,RR_MP_1,7.0,10.0,0.0,0.0,,0.0,3.5501968907941657,10.979946208036978,4.0,60.0,4.110873864173311,MONOPHASIC,RR
S1_T1_0@13|20_33,S1_T1_0@13,RR_MP_1,10.0,16.0,0.1,0.125,0.0,0.0,19.74606626709258,46.307989014339796,5.0,40.6155281280883,3.7284733699282553,MONOPHASIC,RR
S1_T1_0@15|20_36,S1_T1_0@15,RR_MP_1,9.0,16.0,0.0,0.125,0.0,0.0,28.62749658654385,19.65974329373558,4.0,30.0,3.4339872044851463,MONOPHASIC,RR
S1_T1_0@16|5_36,S1_T1_0@16,RR_MP_1,6.0,9.0,0.0,0.3333333333333333,0.4,0.0,25.86417154662745,,,10.0,2.3978952727983707,MONOPHASIC,RR
S1_T1_0@25|9_40,S1_T1_0@25,RR_MP_1,5.0,6.0,0.0,0.0,0.0,0.0,1.8150248314890502,6.613108637536282,3.0,80.62257748298549,4.402105908540379,MONOPHASIC,RR
S1_T1_0@26|12_41,S1_T1_0@26,RR_MP_1,14.0,5.0,0.14285714285714285,0.0,,0.0,6.042121409957697,21.820666012705733,3.0,14.142135623730951,2.7174812964321107,MONOPHASIC,RR
S1_T1_0@6|16_27,S1_T1_0@6,RR_MP_1,7.0,16.0,0.14285714285714285,0.0,0.0,0.0,12.282607156333475,5.150267590578467,1.0,31.622776601683796,3.485010713180571,MONOPHASIC,RR
S1_T1_0@6|17_27,S1_T1_0@6,RR_MP_1,25.0,7.0,0.12,0.0,,0.0,16.455411589625495,5.500023997436411,3.0,22.360679774997898,3.1510542574937324,MONOPHASIC,RR
S1_T2_0@5|12_30,S1_T2_0@5,RR_P1_1,5.0,8.0,0.2,0.0,0.0,0.0,-0.19470336472480687,,,85.44003745317531,4.459450964923822,PEAK1,RR
S1_T2_0@5|17_19,S1_T2_0@5,RR_P1_1,9.0,11.0,0.0,0.0,0.0,0.0,-0.11359235662904005,-0.2719358111315858,3.0,47.3606797749979,3.8786870822027604,PEAK1,RR
S1_T2_0@5|24_29,S1_T2_0@5,RR_P1_1,10.0,6.0,0.0,0.0,0.0,0.0,-0.583982743485802,,,162.01668046348402,5.093852529702786,PEAK1,RR
S1_T2_0@5|24_30,S1_T2_0@5,RR_P1_1,10.0,6.0,0.0,0.0,0.0,0.0,-0.3966491600414501,1.9049685217524928,3.0,102.46834584086285,4.6392657286413135,PEAK1,RR
S1_T2_0@5|26_29,S1_T2_0@5,RR_P1_1,13.0,10.0,0.0,0.0,0.0,0.0,0.0663909143332475,,,31.622776601683796,3.485010713180571,PEAK1,RR
S1_T2_2@14|54_8,S1_T2_2@14,RR_MP_1,10.0,11.0,0.0,0.0,0.0,0.0,14.919684700947105,19.173200129643206,4.0,90.55385138137417,4.516927338847066,MONOPHASIC,RR
S1_T2_2@14|55_8,S1_T2_2@14,RR_MP_1,6.0,5.0,0.16666666666666666,0.0,0.0,0.3333333333333333,-0.834853813978021,0.09768689828743171,2.0,101.9803902718557,4.634538584393837,MONOPHASIC,RR
S1_T2_2@16|72_10,S1_T2_2@16,RR_MP_1,24.0,7.0,0.125,0.0,0.0,0.0,13.147772466061507,21.061170856019313,4.0,28.284271247461902,3.377050554392157,MONOPHASIC,RR
S1_T2_2@16|72_11,S1_T2_2@16,RR_MP_1,35.0,15.0,0.17142857142857143,0.0,0.0,0.0,10.473952066360456,17.331405800446493,5.0,30.0,3.4339872044851463,MONOPHASIC,RR
S1_T2_2@16|72_9,S1_T2_2@16,RR_MP_1,34.0,14.0,0.029411764705882353,0.0,0.0,0.0,-1.7506604015525178,5.268686213785754,4.0,41.23105625617661,3.743155880619243,MONOPHASIC,RR
S1_T2_2@17|53_12,S1_T2_2@17,RR_MP_1,7.0,11.0,0.0,0.0,0.2,0.0,9.165868143146641,22.422037326391603,6.0,30.811388300841898,3.4598243483434987,MONOPHASIC,RR
S1_T2_2@17|53_8,S1_T2_2@17,RR_MP_1,9.0,27.0,0.0,0.07407407407407407,0.0,0.0,55.60514254892722,22.743388437098943,8.0,22.360679774997898,3.1510542574937324,MONOPHASIC,RR
S1_T2_2@17|54_9,S1_T2_2@17,RR_MP_1,7.0,10.0,0.0,0.0,0.0,0.0,3.3415757255418668,13.989408427771242,4.0,90.55385138137417,4.516927338847066,MONOPHASIC,RR
S1_T2_2@20|68_15,S1_T2_2@20,RR_MP_1,29.0,16.0,0.20689655172413793,0.125,0.0,0.0,25.643086073586126,29.7716694932705,3.0,28.284271247461902,3.377050554392157,MONOPHASIC,RR
S1_T2_2@20|70_14,S1_T2_2@20,RR_MP_1,8.0,9.0,0.0,0.1111111111111111,0.3333333333333333,0.0,26.076116155851775,35.13182604876036,4.0,22.360679774997898,3.1510542574937324,MONOPHASIC,RR
S1_T2_2@20|71_13,S1_T2_2@20,RR_MP_1,5.0,13.0,0.0,0.23076923076923078,0.0,0.0,2.3793411629953063,12.287612340414567,4.0,39.24095981291637,3.694885377716676,MONOPHASIC,RR
S1_T2_2@23|66_17,S1_T2_2@23,RR_MP_1,7.0,13.0,0.0,0.15384615384615385,0.0,0.0,3.7684034590043813,2.5113581113710968,6.0,32.1698920010509,3.501642597031167,MONOPHASIC,RR
S1_T2_2@26|58_18,S1_T2_2@26,RR_MP_1,12.0,6.0,0.25,0.16666666666666666,0.0,0.5,6.841069750775727,2.987783774782183,1.0,22.360679774997898,3.1510542574937324,MONOPHASIC,RR
S1_T2_2@26|59_18,S1_T2_2@26,RR_MP_1,11.0,8.0,0.09090909090909091,0.0,,0.8181818181818182,0.7373079605024672,10.75703810595721,2.0,22.360679774997898,3.1510542574937324,MONOPHASIC,RR
S1_T2_2@27|62_19,S1_T2_2@27,RR_MP_1,11.0,16.0,0.0,0.0,0.0,0.0,6.207729283583729,6.252137732552418,4.0,30.0,3.4339872044851463,MONOPHASIC,RR
S1_T2_2@27|63_19,S1_T2_2@27,RR_MP_1,9.0,23.0,0.1111111111111111,0.043478260869565216,0.0,0.0,7.584087761049978,2.1742139292220704,2.0,74.47941497572214,4.32385996975121,MONOPHASIC,RR
S1_T2_2@27|64_18,S1_T2_2@27,RR_MP_1,8.0,12.0,0.0,0.0,0.0,0.0,11.382436882116144,6.564699710029164,5.0,86.5079819468637,4.4717300114529435,MONOPHASIC,RR
S1_T2_2@27|64_19,S1_T2_2@27,RR_MP_1,24.0,17.0,0.25,0.0,0.0,0.0,15.56546434885602,16.910494408732628,3.0,63.24555320336759,4.16271251053762,MONOPHASIC,RR
S1_T2_2@4|69_2,S1_T2_2@4,RR_MP_1,6.0,6.0,0.0,0.0,0.0,0.0,2.748400263410762,9.826109937381661,3.0,30.0,3.4339872044851463,MONOPHASIC,RR
S1_T2_2@4|71_3,S1_T2_2@4,RR_MP_1,38.0,7.0,0.05263157894736842,0.42857142857142855,,0.0,0.9132937185973725,35.81406016211184,5.0,20.0,3.044522437723423,MONOPHASIC,RR
S1_T2_2@4|72_5,S1_T2_2@4,RR_MP_1,36.0,5.0,0.16666666666666666,0.2,,0.0,24.593577364269294,45.58484751054602,3.0,28.284271247461902,3.377050554392157,MONOPHASIC,RR
S1_T2_2@4|72_6,S1_T2_2@4,RR_MP_1,9.0,11.0,0.1111111111111111,0.09090909090909091,0.2,0.0,4.189138908941355,19.647841142000043,1.0,33.839144678161844,3.5507416016875912,MONOPHASIC,RR
S1_T3_0@1|16_24,S1_T3_0@1,RR_P1_1,23.0,17.0,0.08695652173913043,0.058823529411764705,,0.0,3.623336948199844,,,20.0,3.044522437723423,PEAK1,RR
S1_T3_0@1|17_24,S1_T3_0@1,RR_P1_1,15.0,6.0,0.0,0.16666666666666666,,0.0,1.4203785213100573,,,14.142135623730951,2.7174812964321107,PEAK1,RR
S1_T3_0@1|18_25,S1_T3_0@1,RR_P1_1,10.0,17.0,0.1,0.0,0.07692307692307693,0.0,1.8424531183321888,,,28.284271247461902,3.377050554392157,PEAK1,RR
S1_T3_0@1|18_26,S1_T3_0@1,RR_P1_1,21.0,16.0,0.047619047619047616,0.0625,0.0,0.047619047619047616,4.180646592766515,,,64.03124237432849,4.174867806332253,PEAK1,RR
S1_T3_1@17|46_19,S1_T3_1@17,RR_MP_1,10.0,18.0,0.0,0.05555555555555555,0.06666666666666667,0.0,0.06683634993328016,2.147967579500965,3.0,25.3224755112299,3.2704231564123165,MONOPHASIC,RR
S1_T3_1@1|37_10,S1_T3_1@1,RR_MP_1,11.0,19.0,0.0,0.0,0.0,0.0,-0.6625497839115385,-0.9921999320396203,8.0,43.57388321059432,3.797148109270325,MONOPHASIC,RR
S1_T3_1@22|24_24,S1_T3_1@22,RR_MP_1,18.0,6.0,0.05555555555555555,0.0,0.0,0.0,5.128485804167224,1.8058129904603326,4.0,28.284271247461902,3.377050554392157,MONOPHASIC,RR
S1_T3_1@22|25_25,S1_T3_1@22,RR_MP_1,35.0,6.0,0.08571428571428572,0.0,,0.0,5.178056694224017,1.372062330631569,6.0,22.360679774997898,3.1510542574937324,MONOPHASIC,RR
S1_T3_1@22|26_24,S1_T3_1@22,RR_MP_1,10.0,5.0,0.0,0.0,0.0,0.0,-0.2864436252234773,0.06355363433849705,2.0,158.11388300841895,5.0696201911749235,MONOPHASIC,RR
S1_T3_1@22|26_27,S1_T3_1@22,RR_MP_1,23.0,9.0,0.17391304347826086,0.1111111111111111,0.0,0.0,0.9184305046625385,,,14.142135623730951,2.7174812964321107,MONOPHASIC,RR
S1_T3_1@25|28_29,S1_T3_1@25,RR_MP_1,10.0,18.0,0.0,0.05555555555555555,0.0,0.0,2.9803647182203177,1.317706593237115,2.0,22.360679774997898,3.1510542574937324,MONOPHASIC,RR
S1_T3_1@27|32_30,S1_T3_1@27,RR_MP_1,29.0,7.0,0.13793103448275862,0.14285714285714285,,0.13793103448275862,3.3849076483449596,2.513718505185769,9.0,28.284271247461902,3.377050554392157,MONOPHASIC,RR
S1_T3_1@4|41_12,S1_T3_1@4,RR_MP_1,6.0,7.0,0.16666666666666666,0.14285714285714285,0.0,0.0,-0.15173994601041213,0.03359401107624198,3.0,64.03124237432849,4.174867806332253,MONOPHASIC,RR
S1_T3_1@5|30_12,S1_T3_1@5,RR_MP_1,6.0,20.0,0.16666666666666666,0.15,0.043478260869565216,0.0,2.803561877017757,2.48689425831207,2.0,22.360679774997898,3.1510542574937324,MONOPHASIC,RR
S1_T3_1@5|31_12,S1_T3_1@5,RR_MP_1,15.0,15.0,0.06666666666666667,0.06666666666666667,0.16666666666666666,0.0,2.9622509344487664,4.09308809198454,3.0,31.622776601683796,3.485010713180571,MONOPHASIC,RR
S1_T3_1@6|28_14,S1_T3_1@6,RR_MP_1,7.0,7.0,0.0,0.0,0.0,0.0,0.386102084593771,0.5236104675614099,4.0,98.48857801796103,4.600042843785899,MONOPHASIC,RR
S1_T3_1@6|29_12,S1_T3_1@6,RR_MP_1,21.0,8.0,0.23809523809523808,0.0,0.0,0.0,3.244201443305263,1.9854634852598207,2.0,14.142135623730951,2.7174812964321107,MONOPHASIC,RR
S1_T3_1@6|29_13,S1_T3_1@6,RR_MP_1,33.0,8.0,0.2727272727272727,0.0,,0.0,0.32451868956436414,0.24999270675915797,8.0,28.284271247461902,3.377050554392157,MONOPHASIC,RR
S1_T3_1@6|29_15,S1_T3_1@6,RR_MP_1,5.0,6.0,0.0,0.16666666666666666,0.0,0.0,-0.1831850862791814,0.2682215419167123,3.0,223.60679774997897,5.414351307874737,MONOPHASIC,RR
S1_T3_1@6|31_14,S1_T3_1@6,RR_MP_1,9.0,6.0,0.0,0.0,,0.0,-0.2413095994130477,0.49590957339448677,3.0,255.53864678361276,5.547279322982969,MONOPHASIC,RR
S1_T3_1@8|42_13,S1_T3_1@8,RR_MP_1,5.0,7.0,0.0,0.0,0.0,0.0,0.043081743887559025,,,32.1698920010509,3.501642597031167,MONOPHASIC,RR
S1_T3_1@9|44_15,S1_T3_1@9,RR_MP_1,20.0,12.0,0.15,0.0,0.0,0.0,-0.15039620096063105,,,20.0,3.044522437723423,MONOPHASIC,RR
S1_T3_1@9|44_16,S1_T3_1@9,RR_MP_1,7.0,9.0,0.0,0.0,0.0,0.0,-0.09979201555414528,0.22036008060353623,2.0,57.439030721688404,4.067984000873775,MONOPHASIC,RR
S1_T3_2@1|68_22,S1_T3_2@1,RR_P1_1,26.0,12.0,0.46153846153846156,0.0,0.0,1.0,12.603360323213867,,,17.071067811865476,2.8943121959332228,PEAK1,RR
S2_B1_0@41|10_10,S2_B1_0@41,RR_OS2_1,7.0,8.0,0.0,0.0,0.0,0.0,-0.2382893435594451,-0.569796436513701,2.0,50.0,3.9318256327243257,ONSET2,RR
S2_B1_0@41|11_12,S2_B1_0@41,RR_OS2_1,5.0,5.0,0.2,0.0,,0.0,-0.11292961645428172,-0.5697643312693771,3.0,101.2395732415323,4.627318816535344,ONSET2,RR
S2_B1_0@41|11_15,S2_B1_0@41,RR_OS2_1,10.0,6.0,0.1,0.16666666666666666,0.0,0.0,-0.2298572608196859,-0.4471746844022808,2.0,173.31184380715635,5.160845900918271,ONSET2,RR
S2_B1_0@41|12_11,S2_B1_0@41,RR_OS2_1,14.0,12.0,0.0,0.16666666666666666,0.0,0.0,-0.17855164531366186,-0.4472855020988562,2.0,211.06708071022865,5.356902643066729,ONSET2,RR
S2_B1_0@41|12_14,S2_B1_0@41,RR_OS2_1,6.0,8.0,0.16666666666666666,0.0,0.0,0.0,-0.9630267715335831,-1.1342325343394153,2.0,258.06248474865697,5.557069286458325,ONSET2,RR
S2_B1_0@41|12_15,S2_B1_0@41,RR_OS2_1,9.0,5.0,0.0,0.0,0.0,0.0,-0.16354219168440395,-0.39693146263866674,4.0,255.384048104053,5.5466765082283,ONSET2,RR
S2_B1_0@41|13_16,S2_B1_0@41,RR_OS2_1,8.0,7.0,0.125,0.0,0.0,0.0,-0.2588376110323886,-0.47303291835539607,3.0,275.86228448267445,5.623520214625801,ONSET2,RR
S2_B1_0@41|13_18,S2_B1_0@41,RR_OS2_1,6.0,7.0,0.0,0.0,0.0,0.0,-0.10339765818062838,-0.4779386058736713,2.0,243.31050121192877,5.498439962243386,ONSET2,RR
S2_B1_0@41|15_19,S2_B1_0@41,RR_OS2_1,7.0,9.0,0.0,0.0,0.0,0.0,-0.18617832865581088,-0.5266423745597888,1.0,196.72299153990355,5.286867018507909,ONSET2,RR
S2_B1_0@41|16_17,S2_B1_0@41,RR_OS2_1,14.0,7.0,0.14285714285714285,0.14285714285714285,0.0,0.0,-2.5431544956713403,-1.4320986946930605,2.0,42.426406871192846,3.771067709327022,ONSET2,RR
S2_B1_0@41|16_18,S2_B1_0@41,RR_OS2_1,7.0,12.0,0.0,0.0,0.0,0.0,0.24400931232746587,,,113.13708498984761,4.737400225881506,ONSET2,RR
S2_B1_0@41|19_15,S2_B1_0@41,RR_OS2_1,7.0,10.0,0.0,0.1,0.0,0.0,2.570607295519,5.4584249104303595,1.0,28.284271247461902,3.377050554392157,ONSET2,RR
S2_B1_0@41|19_16,S2_B1_0@41,RR_OS2_1,8.0,31.0,0.0,0.0967741935483871,0.0,0.0,3.185527317191602,,,20.0,3.044522437723423,ONSET2,RR
S2_B1_0@41|20_14,S2_B1_0@41,RR_OS2_1,31.0,12.0,0.22580645161290322,0.0,0.0,0.06451612903225806,2.1910421583466144,3.137021390912487,7.0,22.360679774997898,3.1510542574937324,ONSET2,RR
S2_B1_0@41|20_15,S2_B1_0@41,RR_OS2_1,16.0,7.0,0.25,0.0,0.0,0.0,3.667349465975988,3.8360011741645375,1.0,22.360679774997898,3.1510542574937324,ONSET2,RR
S2_B1_0@82|12_20,S2_B1_0@82,RR_OS2_1,23.0,6.0,0.13043478260869565,0.0,,0.0,0.8310138976604667,,1.0,22.360679774997898,3.1510542574937324,ONSET2,RR
S2_B1_0@82|14_21,S2_B1_0@82,RR_OS2_1,19.0,6.0,0.15789473684210525,0.0,,0.0,1.1543978215966317,1.395659012026159,3.0,14.142135623730951,2.7174812964321107,ONSET2,RR
S2_B1_0@82|15_20,S2_B1_0@82,RR_OS2_1,11.0,19.0,0.09090909090909091,0.0,0.0,0.0,1.037723564493725,0.4599694721151502,4.0,103.1917276804806,4.646232737304854,ONSET2,RR
S2_B1_0@82|16_20,S2_B1_0@82,RR_OS2_1,35.0,21.0,0.08571428571428572,0.0,0.0,0.0,0.2187373519651774,1.7046611446993638,8.0,71.75588850572997,4.287109844435521,ONSET2,RR
S2_B1_0@82|16_21,S2_B1_0@82,RR_OS2_1,16.0,8.0,0.125,0.125,0.0,0.0,1.1607576407036801,0.9333640725142716,3.0,14.142135623730951,2.7174812964321107,ONSET2,RR
S2_B1_0@82|17_19,S2_B1_0@82,RR_OS2_1,8.0,24.0,0.0,0.0,0.0,0.0,-0.9538678451756766,-0.649377172239675,7.0,86.02325267042627,4.466175355017631,ONSET2,RR
S2_B1_0@82|17_20,S2_B1_0@82,RR_OS2_1,39.0,5.0,0.0,0.0,,0.0,2.200330328668711,1.3975134887485243,1.0,50.0,3.9318256327243257,ONSET2,RR
S2_B1_0@82|18_19,S2_B1_0@82,RR_OS2_1,16.0,13.0,0.0625,0.0,0.0,0.0,3.440171416276858,3.519251362637053,3.0,42.426406871192846,3.771067709327022,ONSET2,RR
S2_B1_0@82|18_20,S2_B1_0@82,RR_OS2_1,18.0,13.0,0.0,0.0,0.0,0.0,5.401027188765418,3.7794089878295463,6.0,20.0,3.044522437723423,ONSET2,RR
S2_B1_1@20|41_27,S2_B1_1@20,RR_P2M_2,6.0,7.0,0.0,0.0,0.0,0.0,-0.0824745463790362,,,444.07206622349037,6.098236215623952,PEAK2_MILD,RR
S2_B1_1@20|41_28,S2_B1_1@20,RR_P2M_2,9.0,5.0,0.1111111111111111,0.2,0.0,0.0,-0.2845166568596363,,,487.95491595023407,6.192270288803732,PEAK2_MILD,RR
S2_B1_1@20|41_29,S2_B1_1@20,RR_P2M_2,6.0,6.0,0.0,0.0,0.0,0.0,-0.1212032368985204,,1.0,541.052668915552,6.295363171839394,PEAK2_MILD,RR
S2_B1_1@20|42_28,S2_B1_1@20,RR_P2M_2,21.0,6.0,0.047619047619047616,0.0,0.0,0.0,-0.7104487469513449,1.6457048588798602,5.0,559.7320787662612,6.329243213489269,PEAK2_MILD,RR
S2_B1_1@22|35_29,S2_B1_1@22,RR_P2M_2,24.0,10.0,0.125,0.0,0.0,0.0,5.3759979164601015,1.5364152285997053,7.0,55.21009528313442,4.029096372140361,PEAK2_MILD,RR
S2_B1_1@22|35_30,S2_B1_1@22,RR_P2M_2,23.0,14.0,0.043478260869565216,0.14285714285714285,0.0,0.0,0.3801904666167336,-1.5164526774056069,4.0,30.0,3.4339872044851463,PEAK2_MILD,RR
S2_B1_1@22|35_31,S2_B1_1@22,RR_P2M_2,28.0,6.0,0.07142857142857142,0.0,,0.03571428571428571,7.147248241493268,0.7345021585980014,6.0,28.284271247461902,3.377050554392157,PEAK2_MILD,RR
S2_B1_1@22|36_31,S2_B1_1@22,RR_P2M_2,13.0,15.0,0.07692307692307693,0.0,0.0,0.0,-1.3641499238611272,4.753408692826966,3.0,107.23399819563309,4.684295533282616,PEAK2_MILD,RR
S2_B1_1@22|36_32,S2_B1_1@22,RR_P2M_2,11.0,10.0,0.0,0.0,0.0,0.2727272727272727,-0.02361423887018318,2.836036977776022,2.0,63.24555320336759,4.16271251053762,PEAK2_MILD,RR
S2_B1_1@22|36_33,S2_B1_1@22,RR_P2M_2,20.0,5.0,0.15,0.0,,0.05,3.091441612965867,6.665418832075804,5.0,28.284271247461902,3.377050554392157,PEAK2_MILD,RR
S2_B1_1@6|37_34,S2_B1_1@6,RR_P2M_2,9.0,8.0,0.2222222222222222,0.0,0.0,0.0,0.8440918830545207,11.382600148082203,2.0,56.568542494923804,4.0529762812736765,PEAK2_MILD,RR
S2_B1_1@6|38_34,S2_B1_1@6,RR_P2M_2,5.0,5.0,0.2,0.2,0.0,0.0,1.4889185109703704,7.235975453885617,1.0,134.53624047073708,4.909239061908028,PEAK2_MILD,RR
S2_B1_1@6|39_23,S2_B1_1@6,RR_P2M_2,37.0,14.0,0.35135135135135137,0.0,,0.21621621621621623,23.602171629488954,9.807878713161266,5.0,20.0,3.044522437723423,PEAK2_MILD,RR
S2_B1_1@6|39_26,S2_B1_1@6,RR_P2M_2,12.0,8.0,0.08333333333333333,0.25,,0.0,-0.16234788524703567,9.41578513672185,1.0,213.70182123073062,5.369250187525658,PEAK2_MILD,RR
S2_B1_1@6|39_31,S2_B1_1@6,RR_P2M_2,10.0,11.0,0.0,0.0,0.0,0.0,-0.0223795373435749,0.3939236862795621,2.0,389.48684188300894,5.967394273149956,PEAK2_MILD,RR
S2_B1_1@6|40_23,S2_B1_1@6,RR_P2M_2,5.0,9.0,0.0,0.0,0.0,0.0,2.16875619078812,6.6799851768043075,2.0,101.478150704935,4.6296496120015265,PEAK2_MILD,RR
S2_B1_1@6|40_25,S2_B1_1@6,RR_P2M_2,10.0,9.0,0.0,0.0,0.0,0.0,0.16575025292571524,3.9346819963122943,1.0,226.71568097509268,5.428097837519268,PEAK2_MILD,RR
S2_B1_1@6|40_26,S2_B1_1@6,RR_P2M_2,6.0,13.0,0.0,0.0,0.0,0.5,-0.5544817439196726,1.8612484973486274,2.0,296.98484809834997,5.697042639905187,PEAK2_MILD,RR
S2_B1_1@6|40_37,S2_B1_1@6,RR_P2M_2,8.0,11.0,0.125,0.0,,0.0,0.3114300358885157,,,10.0,2.3978952727983707,PEAK2_MILD,RR
S2_B1_1@6|41_22,S2_B1_1@6,RR_P2M_2,8.0,13.0,0.0,0.0,0.0,0.0,-0.6665240070814511,7.749891974650865,1.0,113.13708498984761,4.737400225881506,PEAK2_MILD,RR
S2_B1_1@6|41_33,S2_B1_1@6,RR_P2M_2,5.0,8.0,0.0,0.0,0.0,0.0,-0.03324508350944092,,,383.275357934736,5.951359373565213,PEAK2_MILD,RR
S2_B1_1@6|42_21,S2_B1_1@6,RR_P2M_2,8.0,19.0,0.0,0.05263157894736842,0.0,0.0,6.398857409003076,1.7833542638432252,1.0,114.0175425099138,4.745084660294132,PEAK2_MILD,RR
S2_B1_1@6|42_29,S2_B1_1@6,RR_P2M_2,12.0,6.0,0.08333333333333333,0.0,,0.0,0.017170909060172646,0.5611747237371449,3.0,629.5236093798146,6.4465506001913235,PEAK2_MILD,RR
S2_B1_1@6|42_30,S2_B1_1@6,RR_P2M_2,6.0,7.0,0.0,0.0,0.0,0.0,-0.31603671447297865,-0.31025486642367645,2.0,664.8308055437865,6.501035592535256,PEAK2_MILD,RR
S2_B1_1@6|43_20,S2_B1_1@6,RR_P2M_2,41.0,5.0,0.36585365853658536,0.0,,0.0975609756097561,9.233444160169187,-0.8052208571992613,2.0,30.0,3.4339872044851463,PEAK2_MILD,RR
S2_B1_1@6|43_27,S2_B1_1@6,RR_P2M_2,13.0,7.0,0.07692307692307693,0.0,0.0,0.0,-0.07956277994862243,1.468363645655536,3.0,577.4510223694876,6.360353879902652,PEAK2_MILD,RR
S2_B1_1@6|43_28,S2_B1_1@6,RR_P2M_2,13.0,13.0,0.07692307692307693,0.0,0.0,0.0,-0.4019999893069234,0.4281506581027388,6.0,638.3570312813054,6.460463032743127,PEAK2_MILD,RR
S2_B1_1@6|44_21,S2_B1_1@6,RR_P2M_2,18.0,15.0,0.0,0.0,0.0,0.0,-0.8430909332589008,3.098000525094695,3.0,101.9803902718557,4.634538584393837,PEAK2_MILD,RR
S2_B1_1@6|44_22,S2_B1_1@6,RR_P2M_2,8.0,12.0,0.125,0.08333333333333333,0.0,0.0,-0.22044191423361256,5.4262878594758055,2.0,188.53919641354926,5.244595844366232,PEAK2_MILD,RR
S2_B1_1@6|44_24,S2_B1_1@6,RR_P2M_2,11.0,6.0,0.0,0.0,0.1,0.0,-0.04684763479494425,0.03204500966415663,3.0,391.1521443121589,5.971649887735422,PEAK2_MILD,RR
S2_B1_1@6|44_27,S2_B1_1@6,RR_P2M_2,5.0,14.0,0.0,0.0,0.0,0.0,-0.3871314974564547,-0.11904204829714911,1.0,662.4198064671679,6.4974079820623984,PEAK2_MILD,RR
S2_B1_1@6|44_37,S2_B1_1@6,RR_P2M_2,26.0,6.0,0.07692307692307693,0.0,,0.19230769230769232,0.4611448824738751,-0.28170274502406506,10.0,20.0,3.044522437723423,PEAK2_MILD,RR
S2_B1_1@6|45_20,S2_B1_1@6,RR_P2M_2,21.0,6.0,0.19047619047619047,0.0,0.0,0.7619047619047619,24.467499474499814,9.174167500932967,4.0,20.0,3.044522437723423,PEAK2_MILD,RR
S2_B1_1@6|45_25,S2_B1_1@6,RR_P2M_2,6.0,8.0,0.0,0.0,0.0,0.0,-0.19331144446354667,,,478.2175558962081,6.1721546819736695,PEAK2_MILD,RR
S2_B1_1@6|45_28,S2_B1_1@6,RR_P2M_2,12.0,8.0,0.0,0.0,,0.0,-0.2808597944033572,,1.0,652.6455266810116,6.482565196384684,PEAK2_MILD,RR
S2_B1_1@6|46_28,S2_B1_1@6,RR_P2M_2,11.0,5.0,0.0,0.0,,0.0,-0.03169691202605462,0.08895608135972533,5.0,598.328677803526,6.395810158485999,PEAK2_MILD,RR
S2_B1_1@6|46_30,S2_B1_1@6,RR_P2M_2,8.0,22.0,0.0,0.0,0.0,0.0,3.4007450166448727,4.26618994791572,2.0,445.5333881989093,6.101514175121989,PEAK2_MILD,RR
S2_B1_1@6|46_31,S2_B1_1@6,RR_P2M_2,10.0,5.0,0.1,0.0,0.0,0.0,0.12359008943388622,7.043988993647509,2.0,395.9797974644666,5.983885391393527,PEAK2_MILD,RR
S2_B1_1@6|46_32,S2_B1_1@6,RR_P2M_2,8.0,8.0,0.125,0.0,0.0,0.0,-0.12534558215597721,2.8050289683567122,1.0,358.5181878296164,5.884764767896991,PEAK2_MILD,RR
S2_B1_1@6|47_29,S2_B1_1@6,RR_P2M_2,10.0,5.0,0.0,0.0,0.0,0.0,-0.14234536997221073,-0.12145518015985203,2.0,470.95647357266466,6.15688676432624,PEAK2_MILD,RR
S2_B1_1@6|49_30,S2_B1_1@6,RR_P2M_2,5.0,8.0,0.0,0.0,0.0,0.0,0.793359156406785,1.936506312690715,2.0,286.53097563788805,5.661330595782899,PEAK2_MILD,RR
S2_B1_1@6|49_31,S2_B1_1@6,RR_P2M_2,9.0,8.0,0.1111111111111111,0.0,0.0,0.5555555555555556,1.3433168535453575,8.25228739667381,2.0,225.61028345356956,5.423231729089216,PEAK2_MILD,RR
S2_B1_1@6|50_28,S2_B1_1@6,RR_P2M_2,7.0,12.0,0.0,0.0,,0.0,0.30138692637307657,-0.1881970602484046,4.0,192.35384061671343,5.2645218814025165,PEAK2_MILD,RR
S2_B1_1@6|51_29,S2_B1_1@6,RR_P2M_2,7.0,6.0,0.0,0.0,,0.0,-0.7178813722466824,1.1007718224692615,1.0,85.44003745317531,4.459450964923822,PEAK2_MILD,RR
S2_B1_2@11|70_12,S2_B1_2@11,RR_OS2_1,22.0,15.0,0.0,0.0,0.0,0.0,0.7531690793889096,1.7290692185523782,5.0,56.568542494923804,4.0529762812736765,ONSET2,RR
S2_B1_2@11|71_12,S2_B1_2@11,RR_OS2_1,24.0,14.0,0.08333333333333333,0.0,0.0,0.0,2.906342471728564,5.441804103083409,5.0,20.0,3.044522437723423,ONSET2,RR
S2_B1_2@12|63_14,S2_B1_2@12,RR_OS2_1,6.0,6.0,0.0,0.0,,0.0,-0.17666854894361272,,1.0,427.9529063621353,6.061347137522621,ONSET2,RR
S2_B1_2@12|63_15,S2_B1_2@12,RR_OS2_1,7.0,10.0,0.0,0.0,0.0,0.0,-0.21723125335480367,-0.00595879477564612,2.0,544.2425929675111,6.301230820335658,ONSET2,RR
S2_B1_2@13|55_15,S2_B1_2@13,RR_OS2_1,8.0,8.0,0.0,0.125,0.0,0.0,0.8981527637084167,3.4087614074529777,1.0,34.75766375181925,3.576764616846164,ONSET2,RR
S2_B1_2@14|67_15,S2_B1_2@14,RR_OS2_1,9.0,7.0,0.0,0.0,0.0,0.0,-0.2167165814342764,-0.5140752915645934,1.0,452.39242614886683,6.116758033365901,ONSET2,RR
S2_B1_2@15|55_16,S2_B1_2@15,RR_OS2_1,5.0,5.0,0.0,0.0,0.3333333333333333,0.0,-0.9012604307630894,12.980303170427776,1.0,45.6155281280883,3.841933707258398,ONSET2,RR
S2_B1_2@15|55_17,S2_B1_2@15,RR_OS2_1,17.0,7.0,0.0,0.0,0.0,0.0,-0.6516767205889435,2.929158780708401,4.0,50.0,3.9318256327243257,ONSET2,RR
S2_B1_2@15|56_16,S2_B1_2@15,RR_OS2_1,7.0,6.0,0.0,0.0,,0.0,-0.2905669356563808,-0.3160545875203139,3.0,160.31219541881399,5.083341589333316,ONSET2,RR
S2_B1_2@15|56_17,S2_B1_2@15,RR_OS2_1,6.0,7.0,0.0,0.0,0.0,0.0,-0.44942708819603083,0.3762462981574105,2.0,143.17821063276352,4.971050108251365,ONSET2,RR
S2_B1_2@16|58_18,S2_B1_2@16,RR_OS2_1,7.0,7.0,0.0,0.0,0.0,0.0,-0.1923871443656358,-0.28405047940845307,4.0,362.8206965640301,5.896661154416455,ONSET2,RR
S2_B1_2@16|58_19,S2_B1_2@16,RR_OS2_1,8.0,6.0,0.0,0.0,0.0,0.25,-0.1722399205579497,-0.5235642725289723,1.0,390.5760721560795,5.970179806021577,ONSET2,RR
S2_B1_2@16|59_18,S2_B1_2@16,RR_OS2_1,11.0,8.0,0.0,0.0,0.0,0.0,-0.37021555564592057,-0.501822006831403,4.0,480.52055106935853,6.176948911675973,ONSET2,RR
S2_B1_2@16|59_19,S2_B1_2@16,RR_OS2_1,9.0,7.0,0.0,0.0,0.0,0.0,-0.1481321668619275,-0.4900154853323235,1.0,470.0531854708632,6.154971007961702,ONSET2,RR
S2_B1_2@1|59_8,S2_B1_2@1,RR_OS2_1,6.0,8.0,0.0,0.0,0.0,0.0,2.7988617279689496,2.6115892317706986,5.0,14.142135623730951,2.7174812964321107,ONSET2,RR
S2_B1_2@1|59_9,S2_B1_2@1,RR_OS2_1,9.0,15.0,0.0,0.0,0.0,0.0,1.6670954186426183,0.014738312122762,7.0,40.6155281280883,3.7284733699282553,ONSET2,RR
S2_B1_2@1|60_9,S2_B1_2@1,RR_OS2_1,11.0,16.0,0.0,0.0,0.0,0.0,0.7689891908898612,-0.7623769845468573,1.0,50.0,3.9318256327243257,ONSET2,RR
S2_B1_2@21|54_19,S2_B1_2@21,RR_OS2_1,6.0,9.0,0.0,0.0,0.0,0.0,4.396152603480822,6.886116987570568,2.0,14.142135623730951,2.7174812964321107,ONSET2,RR
S2_B1_2@21|54_20,S2_B1_2@21,RR_OS2_1,5.0,21.0,0.2,0.0,0.0,0.0,-1.5735655853911685,,,22.360679774997898,3.1510542574937324,ONSET2,RR
S2_B1_2@21|55_22,S2_B1_2@21,RR_OS2_1,5.0,6.0,0.0,0.16666666666666666,0.0,0.0,-0.34172029958804095,,,50.0,3.9318256327243257,ONSET2,RR
S2_B1_2@26|59_26,S2_B1_2@26,RR_OS2_1,9.0,6.0,0.0,0.0,0.0,0.0,0.0716613074401867,-0.8130697234565925,2.0,22.360679774997898,3.1510542574937324,ONSET2,RR
S2_B1_2@28|63_27,S2_B1_2@28,RR_OS2_1,8.0,19.0,0.125,0.10526315789473684,0.06666666666666667,0.0,2.630212335809086,4.049737363311076,2.0,20.0,3.044522437723423,ONSET2,RR
S2_B1_2@28|64_27,S2_B1_2@28,RR_OS2_1,14.0,6.0,0.0,0.0,0.0,0.0,0.20525896429935975,1.6233670485787204,5.0,14.142135623730951,2.7174812964321107,ONSET2,RR
S2_B1_2@6|66_10,S2_B1_2@6,RR_OS2_1,19.0,12.0,0.0,0.0,0.0,0.0,1.8101747459853685,7.496438450033423,4.0,20.0,3.044522437723423,ONSET2,RR
S2_B2_0@10|9_12,S2_B2_0@10,RR_P2M_2,6.0,5.0,0.0,0.0,0.0,0.0,-0.17408317145844376,-0.38803190675636356,2.0,600.1666435249463,6.3988721731808,PEAK2_MILD,RR
S2_B2_0@10|9_13,S2_B2_0@10,RR_P2M_2,5.0,5.0,0.0,0.0,0.0,0.0,-0.2615217332184582,-0.43315274228536593,3.0,681.281627149611,6.525442515640572,PEAK2_MILD,RR
S2_B2_0@15|7_14,S2_B2_0@15,RR_P2M_2,6.0,9.0,0.3333333333333333,0.0,0.0,0.0,-0.08833017846809804,,,525.5473337388365,6.266341230170896,PEAK2_MILD,RR
S2_B2_0@20|3_14,S2_B2_0@20,RR_P2M_2,29.0,19.0,0.034482758620689655,0.0,0.0,0.0,-0.9358531975349571,-0.2955025841433405,7.0,180.27756377319946,5.200029358162469,PEAK2_MILD,RR
S2_B2_0@20|4_14,S2_B2_0@20,RR_P2M_2,16.0,29.0,0.125,0.0,0.0,0.0,-0.20569137622165096,-0.25056405574632995,5.0,264.1968962724581,5.5804725548965335,PEAK2_MILD,RR
S2_B2_0@22|5_15,S2_B2_0@22,RR_P2M_2,25.0,11.0,0.04,0.0,0.0,0.0,-0.3749191844504607,-0.42467197743320156,3.0,304.4368006023676,5.721742885205342,PEAK2_MILD,RR
S2_B2_0@22|5_16,S2_B2_0@22,RR_P2M_2,9.0,7.0,0.0,0.0,0.25,0.0,-0.07386320828694053,0.6557656156864522,3.0,314.8797187195453,5.755361504162811,PEAK2_MILD,RR
S2_B2_0@22|6_15,S2_B2_0@22,RR_P2M_2,8.0,9.0,0.0,0.0,0.0,0.0,-0.2385650106592032,-0.45191737873885574,2.0,398.4971769034255,5.990206698606706,PEAK2_MILD,RR
S2_B2_0@22|6_16,S2_B2_0@22,RR_P2M_2,15.0,9.0,0.13333333333333333,0.0,0.0,0.0,0.5630879149152526,,,372.7594876852287,5.92361250949368,PEAK2_MILD,RR
S2_B2_0@24|3_18,S2_B2_0@24,RR_P2M_2,16.0,29.0,0.1875,0.0,0.0,0.0,3.079113919414576,3.228998220104349,5.0,22.360679774997898,3.1510542574937324,PEAK2_MILD,RR
S2_B2_0@24|4_17,S2_B2_0@24,RR_P2M_2,9.0,7.0,0.2222222222222222,0.0,0.0,0.5555555555555556,1.1320236756492996,4.652473362165747,2.0,170.292851195561,5.1433746718005215,PEAK2_MILD,RR
S2_B2_0@24|4_18,S2_B2_0@24,RR_P2M_2,9.0,18.0,0.1111111111111111,0.0,,0.8888888888888888,-0.059642174436814716,8.654269615064168,6.0,130.0,4.875197323201151,PEAK2_MILD,RR
S2_B2_0@24|4_22,S2_B2_0@24,RR_P2M_2,10.0,7.0,0.1,0.14285714285714285,0.0,0.0,3.453004643825881,4.82122633512628,2.0,22.360679774997898,3.1510542574937324,PEAK2_MILD,RR
S2_B2_0@24|5_20,S2_B2_0@24,RR_P2M_2,5.0,6.0,0.0,0.0,0.0,0.0,0.5091915624653679,5.185961031453228,1.0,190.26297590440447,5.25364931827125,PEAK2_MILD,RR
S2_B2_0@24|6_18,S2_B2_0@24,RR_P2M_2,7.0,9.0,0.2857142857142857,0.0,0.0,0.5714285714285714,0.9678112464928781,4.390830804045227,1.0,335.9869698494431,5.820044264469662,PEAK2_MILD,RR
S2_B2_0@25|13_16,S2_B2_0@25,RR_P2M_2,19.0,7.0,0.0,0.0,,0.0,-0.1377993544066868,-0.4077170091537307,3.0,790.7907125323494,6.674297105040659,PEAK2_MILD,RR
S2_B2_0@25|13_17,S2_B2_0@25,RR_P2M_2,10.0,14.0,0.0,0.07142857142857142,0.0,0.0,-0.17626922869184028,-0.42575775191138376,4.0,777.6529988314139,6.657565502255339,PEAK2_MILD,RR
S2_B2_0@25|13_19,S2_B2_0@25,RR_P2M_2,16.0,8.0,0.0,0.0,0.0,0.0,-0.18968171598175965,-0.08097935181409774,2.0,805.076313085873,6.692178419272623,PEAK2_MILD,RR
S2_B2_0@25|14_17,S2_B2_0@25,RR_P2M_2,12.0,8.0,0.0,0.125,,0.0,-0.18296325717062442,,,699.4960814615222,6.551788771844959,PEAK2_MILD,RR
S2_B2_0@25|14_19,S2_B2_0@25,RR_P2M_2,12.0,10.0,0.0,0.1,0.0,0.0,-0.1581444998099604,-0.4154835080682724,4.0,732.7678571149823,6.598192707629793,PEAK2_MILD,RR
S2_B2_0@25|16_18,S2_B2_0@25,RR_P2M_2,5.0,6.0,0.0,0.0,0.0,0.0,-0.15476240627470958,-0.18629877293345795,3.0,485.07731342539614,6.1863676923706485,PEAK2_MILD,RR
S2_B2_0@28|10_17,S2_B2_0@28,RR_P2M_2,16.0,8.0,0.0,0.0,0.0,0.0,-0.20830477397857927,-0.24809252751946104,2.0,739.8630747441675,6.607815823800515,PEAK2_MILD,RR
S2_B2_0@28|11_19,S2_B2_0@28,RR_P2M_2,13.0,10.0,0.0,0.0,0.0,0.0,-0.15603488622284772,1.850756763072103,5.0,750.0,6.621405651764134,PEAK2_MILD,RR
S2_B2_0@28|9_18,S2_B2_0@28,RR_P2M_2,8.0,8.0,0.0,0.0,0.16666666666666666,0.0,-0.08537020995425933,,,629.3647591023825,6.4462986345419555,PEAK2_MILD,RR
S2_B2_0@31|20_19,S2_B2_0@31,RR_P2M_2,7.0,5.0,0.0,0.0,0.0,0.0,0.9275674631295429,2.5671282856261755,1.0,185.6853393335764,5.229424522202363,PEAK2_MILD,RR
S2_B2_0@32|12_20,S2_B2_0@32,RR_P2M_2,15.0,18.0,0.13333333333333333,0.0,0.0,0.0,-0.07096226894620629,-0.05615826204148597,7.0,676.8308503607086,6.518897773570481,PEAK2_MILD,RR
S2_B2_0@32|12_22,S2_B2_0@32,RR_P2M_2,8.0,9.0,0.0,0.0,0.125,0.0,-0.1694007855626644,-0.3508728338462133,3.0,534.8831648126533,6.283916161214764,PEAK2_MILD,RR
S2_B2_0@32|13_21,S2_B2_0@32,RR_P2M_2,13.0,6.0,0.0,0.0,0.0,0.0,-0.13485978735271817,-0.3294716121261127,5.0,618.4658438426491,6.428857564509091,PEAK2_MILD,RR
S2_B2_0@32|13_22,S2_B2_0@32,RR_P2M_2,6.0,9.0,0.0,0.0,0.0,0.0,-0.1412069029527683,-0.4493715994145576,2.0,550.3635162326806,6.312394330700034,PEAK2_MILD,RR
S2_B2_0@3|10_8,S2_B2_0@3,RR_P2M_2,6.0,5.0,0.0,0.0,0.0,0.0,-0.17664200314629397,4.484189690530695,2.0,210.0,5.351858133476067,PEAK2_MILD,RR
S2_B2_0@3|11_24,S2_B2_0@3,RR_P2M_2,5.0,7.0,0.0,0.0,0.0,0.0,-0.1415960020840598,-0.4510331654244739,1.0,287.14001112164317,5.6634465117313795,PEAK2_MILD,RR
S2_B2_0@3|11_8,S2_B2_0@3,RR_P2M_2,7.0,6.0,0.0,0.0,,0.0,-0.23941605320355894,2.1641922789750017,1.0,186.81541692269406,5.235459655644896,PEAK2_MILD,RR
S2_B2_0@3|12_23,S2_B2_0@3,RR_P2M_2,8.0,8.0,0.0,0.0,0.0,0.0,-0.14731374916276244,,,402.0569742552131,5.999077927277243,PEAK2_MILD,RR
S2_B2_0@3|12_26,S2_B2_0@3,RR_P2M_2,14.0,10.0,0.14285714285714285,0.0,,0.0,-0.05995151464663624,,,161.40004959000305,5.090062733084693,PEAK2_MILD,RR
S2_B2_0@3|13_23,S2_B2_0@3,RR_P2M_2,11.0,6.0,0.0,0.0,0.0,0.0,-0.13214775391713313,-0.3602522733955215,6.0,471.2748667179272,6.157561160830028,PEAK2_MILD,RR
S2_B2_0@3|13_25,S2_B2_0@3,RR_P2M_2,13.0,5.0,0.15384615384615385,0.0,,0.0,-0.09209290851178065,-0.30149174396063577,2.0,269.72168103942556,5.601091285911824,PEAK2_MILD,RR
S2_B2_0@3|14_22,S2_B2_0@3,RR_P2M_2,5.0,6.0,0.0,0.0,0.0,0.0,-0.13463527479824838,-0.4192138149818734,2.0,551.0898293381942,6.313710767345627,PEAK2_MILD,RR
S2_B2_0@3|14_25,S2_B2_0@3,RR_P2M_2,6.0,7.0,0.0,0.0,,0.0,-0.1084264440780232,,1.0,259.6150997149434,5.5630446051263,PEAK2_MILD,RR
S2_B2_0@3|15_22,S2_B2_0@3,RR_P2M_2,9.0,8.0,0.0,0.0,0.0,0.0,-0.1641331203242145,-0.37364593554468295,4.0,600.832755431992,6.39997959181409,PEAK2_MILD,RR
S2_B2_0@3|16_20,S2_B2_0@3,RR_P2M_2,7.0,6.0,0.0,0.0,0.0,0.0,-0.08809424532032709,-0.12003297350099654,1.0,557.3149917237109,6.324923304407363,PEAK2_MILD,RR
S2_B2_0@3|16_21,S2_B2_0@3,RR_P2M_2,10.0,9.0,0.0,0.0,0.0,0.0,-0.10990561689215578,-0.2950638351018746,2.0,592.0304046246274,6.385245670237511,PEAK2_MILD,RR
S2_B2_0@3|16_22,S2_B2_0@3,RR_P2M_2,9.0,6.0,0.0,0.0,0.0,0.0,-0.1632499507186712,,,604.0695324215583,6.405343381049349,PEAK2_MILD,RR
S2_B2_0@3|16_23,S2_B2_0@3,RR_P2M_2,8.0,12.0,0.0,0.0,0.0,0.0,-0.12947056494822612,-0.14952105367039317,4.0,541.1560730734168,6.295553917687816,PEAK2_MILD,RR
S2_B2_0@3|16_24,S2_B2_0@3,RR_P2M_2,6.0,5.0,0.0,0.0,,0.0,-0.002343784166435376,1.4659093048210103,1.0,451.7742799230607,6.115393722985602,PEAK2_MILD,RR
S2_B2_0@3|16_26,S2_B2_0@3,RR_P2M_2,5.0,7.0,0.2,0.0,0.0,0.0,-0.20500274639720423,,,229.45150631606575,5.44004045555681,PEAK2_MILD,RR
S2_B2_0@3|16_9,S2_B2_0@3,RR_P2M_2,9.0,6.0,0.1111111111111111,0.16666666666666666,0.0,0.0,-0.7487418893749412,-0.734631441190354,3.0,180.27756377319946,5.200029358162469,PEAK2_MILD,RR
S2_B2_0@3|17_22,S2_B2_0@3,RR_P2M_2,9.0,13.0,0.0,0.0,0.0,0.0,-0.12543817981406608,-0.36901862917871353,5.0,542.6767822291961,6.298354919964721,PEAK2_MILD,RR
S2_B2_0@3|17_24,S2_B2_0@3,RR_P2M_2,8.0,9.0,0.125,0.0,0.0,0.0,-0.15496571975985068,-0.3639129985630807,2.0,460.0,6.133398042996649,PEAK2_MILD,RR
S2_B2_0@3|17_5,S2_B2_0@3,RR_P2M_2,6.0,13.0,0.0,0.0,0.0,0.0,0.6556303269666885,,,22.360679774997898,3.1510542574937324,PEAK2_MILD,RR
S2_B2_0@3|17_6,S2_B2_0@3,RR_P2M_2,34.0,7.0,0.2647058823529412,0.14285714285714285,,0.0,0.32058306982314083,,,22.360679774997898,3.1510542574937324,PEAK2_MILD,RR
S2_B2_0@3|17_7,S2_B2_0@3,RR_P2M_2,22.0,12.0,0.22727272727272727,0.25,0.25,0.0,0.3053222177592339,,,42.976207903086205,3.7836487581960427,PEAK2_MILD,RR
S2_B2_0@3|18_9,S2_B2_0@3,RR_P2M_2,25.0,6.0,0.28,0.0,,0.0,-2.5981227449347264,2.8263502249080257,2.0,14.142135623730951,2.7174812964321107,PEAK2_MILD,RR
S2_B2_0@3|19_10,S2_B2_0@3,RR_P2M_2,37.0,5.0,0.32432432432432434,0.2,,0.08108108108108109,-0.9813560748716466,,,20.0,3.044522437723423,PEAK2_MILD,RR
S2_B2_0@3|19_30,S2_B2_0@3,RR_P2M_2,12.0,14.0,0.16666666666666666,0.14285714285714285,0.0,0.8333333333333334,-0.41395526563011403,2.234844723182788,2.0,32.1698920010509,3.501642597031167,PEAK2_MILD,RR
S2_B2_0@3|20_29,S2_B2_0@3,RR_P2M_2,7.0,6.0,0.0,0.0,,0.8571428571428571,0.024565496788461767,14.891873783847974,1.0,50.0,3.9318256327243257,PEAK2_MILD,RR
S2_B2_0@3|21_14,S2_B2_0@3,RR_P2M_2,10.0,8.0,0.0,0.0,,0.0,-0.8105050733620976,,,10.0,2.3978952727983707,PEAK2_MILD,RR
S2_B2_0@3|21_18,S2_B2_0@3,RR_P2M_2,34.0,8.0,0.29411764705882354,0.125,0.0,0.7352941176470589,4.339375516337723,1.5385929367019708,5.0,28.284271247461902,3.377050554392157,PEAK2_MILD,RR
S2_B2_0@3|21_19,S2_B2_0@3,RR_P2M_2,7.0,7.0,0.0,0.14285714285714285,0.0,0.42857142857142855,0.2559552937337254,1.9235878592503475,5.0,74.47941497572214,4.32385996975121,PEAK2_MILD,RR
S2_B2_0@3|24_25,S2_B2_0@3,RR_P2M_2,26.0,18.0,0.23076923076923078,0.05555555555555555,,0.4230769230769231,4.712977579003038,,,17.071067811865476,2.8943121959332228,PEAK2_MILD,RR
S2_B2_0@3|6_11,S2_B2_0@3,RR_P2M_2,10.0,6.0,0.0,0.0,0.0,0.0,-0.08973147436818875,-0.31706228722597685,2.0,469.7314315733561,6.15428772241169,PEAK2_MILD,RR
S2_B2_0@3|6_6,S2_B2_0@3,RR_P2M_2,12.0,7.0,0.4166666666666667,0.0,0.0,0.8333333333333334,4.872218150761895,11.225261902351209,7.0,20.0,3.044522437723423,PEAK2_MILD,RR
S2_B2_0@3|6_9,S2_B2_0@3,RR_P2M_2,13.0,5.0,0.15384615384615385,0.0,,0.0,-0.18263345038307094,,1.0,319.2960144221428,5.769245613272452,PEAK2_MILD,RR
S2_B2_0@3|7_11,S2_B2_0@3,RR_P2M_2,7.0,8.0,0.0,0.0,0.0,0.0,-0.16800483270123118,-0.45918658827890285,1.0,528.3937925449162,6.2717325642707555,PEAK2_MILD,RR
S2_B2_0@3|7_9,S2_B2_0@3,RR_P2M_2,5.0,11.0,0.0,0.18181818181818182,0.0,0.0,0.09863799995668636,,,335.26109228480425,5.8178879185795465,PEAK2_MILD,RR
S2_B2_0@3|8_7,S2_B2_0@3,RR_P2M_2,12.0,13.0,0.08333333333333333,0.0,0.0,0.0,-0.3805532061538882,2.4680769732154353,3.0,151.32745950421557,5.026032542429386,PEAK2_MILD,RR
S2_B2_0@3|9_6,S2_B2_0@3,RR_P2M_2,16.0,7.0,0.125,0.0,,0.0625,1.8380687992262574,9.764930871646992,2.0,14.142135623730951,2.7174812964321107,PEAK2_MILD,RR
S2_B2_0@3|9_7,S2_B2_0@3,RR_P2M_2,9.0,10.0,0.1111111111111111,0.0,0.0,0.0,1.6499095375059012,2.3436745717758845,3.0,100.0,4.61512051684126,PEAK2_MILD,RR
S2_B2_0@3|9_8,S2_B2_0@3,RR_P2M_2,10.0,8.0,0.0,0.0,0.0,0.0,0.1218621740584602,,,209.87818063775046,5.351280623800401,PEAK2_MILD,RR
S2_B2_0@40|8_23,S2_B2_0@40,RR_P2M_2,7.0,11.0,0.0,0.0,0.0,0.0,-0.17359528954285933,-0.409821204481174,2.0,333.5955029590364,5.812922348411707,PEAK2_MILD,RR
S2_B2_0@40|9_22,S2_B2_0@40,RR_P2M_2,5.0,9.0,0.0,0.0,0.0,0.0,-0.13573335696590724,-0.3806526785888516,3.0,439.2153023185883,6.087263930683964,PEAK2_MILD,RR
S2_B2_0@40|9_23,S2_B2_0@40,RR_P2M_2,11.0,11.0,0.0,0.0,0.0,0.0,-0.13727074885995055,-0.3722672524453825,4.0,343.00083046063276,5.840644071500231,PEAK2_MILD,RR
S2_B2_0@40|9_24,S2_B2_0@40,RR_P2M_2,15.0,15.0,0.13333333333333333,0.0,0.0,0.0,-0.16604453740801733,-0.43877298793488184,6.0,254.06537685154126,5.541519892108704,PEAK2_MILD,RR
S2_B2_0@42|6_26,S2_B2_0@42,RR_P2M_2,56.0,17.0,0.14285714285714285,0.0,,0.0,5.532387391092511,5.1015074682732475,17.0,44.721359549995796,3.822565574923594,PEAK2_MILD,RR
S2_B2_0@42|7_26,S2_B2_0@42,RR_P2M_2,11.0,13.0,0.0,0.0,0.0,0.0,0.9395027884988886,2.0841594521875266,3.0,89.7213595499958,4.507792826088444,PEAK2_MILD,RR
S2_B2_0@44|7_26,S2_B2_0@44,RR_P2M_2,13.0,12.0,0.07692307692307693,0.0,0.0,0.0,-0.8362207580792711,,,106.3014581273465,4.675642238801976,PEAK2_MILD,RR
S2_B2_0@44|8_26,S2_B2_0@44,RR_P2M_2,12.0,13.0,0.0,0.0,0.0,0.0,-0.18906056985571923,,,70.71067811865476,4.272639664252711,PEAK2_MILD,RR
S2_B2_0@6|1_10,S2_B2_0@6,RR_P2M_2,8.0,8.0,0.25,0.0,0.0,0.0,1.4135923063660156,4.039830202647108,7.0,15.0,2.772588722239781,PEAK2_MILD,RR
S2_B2_0@6|2_8,S2_B2_0@6,RR_P2M_2,25.0,9.0,0.04,0.0,0.0,0.0,2.6788021805979616,0.6566201484854576,8.0,22.360679774997898,3.1510542574937324,PEAK2_MILD,RR
S2_B2_0@6|2_9,S2_B2_0@6,RR_P2M_2,9.0,13.0,0.0,0.0,0.0,0.0,0.782453027239948,-1.0158770402497013,5.0,59.1547594742265,4.096920566043889,PEAK2_MILD,RR
S2_B2_0@7|12_11,S2_B2_0@7,RR_P2M_2,14.0,7.0,0.0,0.0,0.16666666666666666,0.0,-0.1149444329964526,0.44870179835407104,4.0,479.2702786528704,6.174349025958395,PEAK2_MILD,RR
S2_B2_1@15|48_31,S2_B2_1@15,RR_MP_2,11.0,8.0,0.0,0.0,0.0,0.0,-0.14978050925487338,-0.4459767457921987,1.0,638.9053137985316,6.461320218218658,MONOPHASIC,RR
S2_B2_1@15|49_31,S2_B2_1@15,RR_MP_2,8.0,14.0,0.0,0.0,0.0,0.0,-0.02290324088814634,0.34987339267105566,6.0,618.9905335567465,6.429704209465712,MONOPHASIC,RR
S2_B2_1@19|42_33,S2_B2_1@19,RR_MP_2,6.0,6.0,0.0,0.0,0.0,0.0,-0.14746992237686865,,,265.7986635900006,5.586494304995942,MONOPHASIC,RR
S2_B2_1@19|42_34,S2_B2_1@19,RR_MP_2,12.0,13.0,0.0,0.0,0.0,0.0,-0.005229904976111449,-0.21444687581850422,2.0,212.13203435596427,5.361911853268888,MONOPHASIC,RR
S2_B2_1@19|42_35,S2_B2_1@19,RR_MP_2,5.0,7.0,0.0,0.0,0.1111111111111111,0.0,-0.8007588957941014,-0.1272345948422231,2.0,187.44874742696518,5.238826072978214,MONOPHASIC,RR
S2_B2_1@23|53_38,S2_B2_1@23,RR_MP_2,27.0,10.0,0.037037037037037035,0.1,,0.0,8.251363721453764,14.19360449194837,5.0,14.142135623730951,2.7174812964321107,MONOPHASIC,RR
S2_B2_1@32|41_36,S2_B2_1@32,RR_MP_2,28.0,11.0,0.0,0.0,,0.0,7.739156860535846,6.638893003034941,16.0,28.284271247461902,3.377050554392157,MONOPHASIC,RR
S2_B2_1@32|44_37,S2_B2_1@32,RR_MP_2,12.0,6.0,0.25,0.0,0.0,0.0,0.01464932988549635,4.476508624942766,4.0,85.73164506180079,4.4628188121378445,MONOPHASIC,RR
S2_B2_1@32|44_38,S2_B2_1@32,RR_MP_2,9.0,6.0,0.0,0.16666666666666666,0.1,0.2222222222222222,-0.45726030176219257,2.4126703800243465,2.0,28.284271247461902,3.377050554392157,MONOPHASIC,RR
S2_B2_1@32|45_37,S2_B2_1@32,RR_MP_2,5.0,6.0,0.0,0.0,,0.0,2.0829493166680324,,,142.12670403551894,4.963730280162652,MONOPHASIC,RR
S2_B2_1@32|45_38,S2_B2_1@32,RR_MP_2,7.0,6.0,0.2857142857142857,0.0,0.0,0.5714285714285714,0.6346605237964079,2.8218100728397286,1.0,53.85164807134504,4.004632233149422,MONOPHASIC,RR
S2_B2_1@32|46_39,S2_B2_1@32,RR_MP_2,7.0,10.0,0.0,0.1,0.0,0.0,0.3618238677089056,0.36485010234207804,2.0,36.05551275463989,3.6124171329715926,MONOPHASIC,RR
S2_B2_1@33|50_36,S2_B2_1@33,RR_MP_2,15.0,8.0,0.0,0.0,0.0,0.0,-0.42975522071245154,-0.4468362989808999,3.0,280.178514522438,5.6389897506249245,MONOPHASIC,RR
S2_B2_1@36|50_38,S2_B2_1@36,RR_MP_2,6.0,7.0,0.0,0.0,0.0,0.16666666666666666,0.5906830536305897,4.027013274837368,3.0,122.06555615733703,4.812717190279601,MONOPHASIC,RR
S2_B2_1@4|40_32,S2_B2_1@4,RR_MP_2,29.0,6.0,0.3103448275862069,0.0,0.0,0.3103448275862069,2.1383590703095265,10.933297796233104,2.0,20.0,3.044522437723423,MONOPHASIC,RR
S2_B2_1@4|40_33,S2_B2_1@4,RR_MP_2,18.0,22.0,0.0,0.0,0.0,0.0,3.547907504818024,2.0633820367502618,5.0,31.622776601683796,3.485010713180571,MONOPHASIC,RR
S2_B2_1@4|40_34,S2_B2_1@4,RR_MP_2,30.0,25.0,0.0,0.04,0.0,0.0,4.761472234085604,1.6809330776932465,7.0,22.360679774997898,3.1510542574937324,MONOPHASIC,RR
S2_B2_1@4|40_35,S2_B2_1@4,RR_MP_2,9.0,16.0,0.0,0.0,0.0,0.0,12.101537544422884,5.626606243345835,2.0,20.0,3.044522437723423,MONOPHASIC,RR
S2_B2_1@4|41_32,S2_B2_1@4,RR_MP_2,12.0,21.0,0.0,0.0,0.0,0.0,1.971844084353406,4.586267517611885,3.0,143.17821063276352,4.971050108251365,MONOPHASIC,RR
S2_B2_1@4|42_32,S2_B2_1@4,RR_MP_2,7.0,14.0,0.0,0.0,0.16666666666666666,0.0,2.8795479409081945,4.295400728295634,3.0,233.45235059857504,5.4572523714975985,MONOPHASIC,RR
S2_B2_1@4|43_26,S2_B2_1@4,RR_MP_2,12.0,30.0,0.0,0.1,,0.0,11.314218246542737,6.222880713840865,7.0,17.071067811865476,2.8943121959332228,MONOPHASIC,RR
S2_B2_1@4|43_27,S2_B2_1@4,RR_MP_2,30.0,13.0,0.06666666666666667,0.0,0.0,0.0,5.806276081909563,0.9838316422181148,3.0,56.568542494923804,4.0529762812736765,MONOPHASIC,RR
S2_B2_1@4|43_28,S2_B2_1@4,RR_MP_2,9.0,12.0,0.0,0.0,0.0,0.0,2.5368961699181503,2.259808737434358,5.0,111.80339887498948,4.725646470480477,MONOPHASIC,RR
S2_B2_1@4|43_30,S2_B2_1@4,RR_MP_2,7.0,7.0,0.0,0.0,0.0,0.0,0.19382022669828683,1.1025802320947746,2.0,239.0567960417602,5.4808755455187566,MONOPHASIC,RR
S2_B2_1@4|43_31,S2_B2_1@4,RR_MP_2,5.0,6.0,0.0,0.0,,0.0,0.844922966085441,8.730562473627424,3.0,272.02941017470886,5.609579518960234,MONOPHASIC,RR
S2_B2_1@4|44_26,S2_B2_1@4,RR_MP_2,24.0,10.0,0.0,0.0,0.0,0.0,5.561656413801387,1.3910799914020386,3.0,51.92582403567252,3.9688913867754403,MONOPHASIC,RR
S2_B2_1@4|45_26,S2_B2_1@4,RR_MP_2,16.0,9.0,0.0,0.0,,0.0,-1.227529999050502,0.6194608938578663,2.0,106.3014581273465,4.675642238801976,MONOPHASIC,RR
S2_B2_1@4|48_25,S2_B2_1@4,RR_MP_2,26.0,12.0,0.23076923076923078,0.0,,0.3076923076923077,7.86645962723167,6.253978957812497,3.0,14.142135623730951,2.7174812964321107,MONOPHASIC,RR
S2_B2_1@4|50_25,S2_B2_1@4,RR_MP_2,8.0,5.0,0.125,0.0,0.0,0.0,4.856179198955693,8.750733461145238,2.0,10.0,2.3978952727983707,MONOPHASIC,RR
S2_B2_1@4|50_28,S2_B2_1@4,RR_MP_2,5.0,5.0,0.2,0.2,0.0,0.0,-0.42806175682377645,,,307.0515745281899,5.730267218722277,MONOPHASIC,RR
S2_B2_1@4|51_30,S2_B2_1@4,RR_MP_2,5.0,7.0,0.0,0.0,0.0,0.0,-0.3809306603220436,,,439.11896657266925,6.0870450689408555,MONOPHASIC,RR
S2_B2_1@9|46_29,S2_B2_1@9,RR_MP_2,7.0,10.0,0.14285714285714285,0.0,0.0,0.0,-0.14561797493958326,-0.40308242577624825,1.0,403.11288741492746,6.001694263223827,MONOPHASIC,RR
S2_B2_2@12|76_12,S2_B2_2@12,RR_MP_2,6.0,7.0,0.16666666666666666,0.0,0.0,0.0,-0.09870852428810487,-0.3569726560220393,2.0,468.72166581031865,6.152140318880608,MONOPHASIC,RR
S2_B2_2@13|79_13,S2_B2_2@13,RR_MP_2,9.0,6.0,0.1111111111111111,0.0,0.0,0.0,-0.16901690058389957,-0.3728740984337173,4.0,559.4640292279746,6.328765064231557,MONOPHASIC,RR
S2_B2_2@13|79_15,S2_B2_2@13,RR_MP_2,7.0,9.0,0.0,0.0,0.0,0.0,-0.24510262535893024,-0.4456379259032829,2.0,489.8457423696703,6.196129908106148,MONOPHASIC,RR
S2_B2_2@13|80_14,S2_B2_2@13,RR_MP_2,6.0,8.0,0.0,0.0,0.0,0.0,-0.13725512158529157,-0.3777588425919996,2.0,461.4108798023731,6.136453846065736,MONOPHASIC,RR
S2_B2_2@14|72_15,S2_B2_2@14,RR_MP_2,13.0,5.0,0.15384615384615385,0.0,0.0,0.0,-0.10267685807623692,-0.3163541783028284,1.0,594.0117903595582,6.388581221079651,MONOPHASIC,RR
S2_B2_2@17|73_17,S2_B2_2@17,RR_MP_2,13.0,7.0,0.07692307692307693,0.0,,0.0,-0.11624644473845365,0.11320995629132542,3.0,678.4165461180596,6.5212344094453245,MONOPHASIC,RR
S2_B2_2@17|74_16,S2_B2_2@17,RR_MP_2,6.0,7.0,0.0,0.0,0.0,0.0,-0.29910547419185674,-0.45710328689409674,1.0,762.3647421018368,6.637735953891968,MONOPHASIC,RR
S2_B2_2@17|74_17,S2_B2_2@17,RR_MP_2,8.0,11.0,0.0,0.09090909090909091,0.0,0.0,-0.2738568566175438,-0.4812983964553682,4.0,670.0746227100382,6.508880341980483,MONOPHASIC,RR
S2_B2_2@17|75_16,S2_B2_2@17,RR_MP_2,8.0,9.0,0.125,0.0,0.0,0.0,-0.3047317762233669,-0.3550155378030843,4.0,736.0027173862879,6.602591579273839,MONOPHASIC,RR
S2_B2_2@18|76_16,S2_B2_2@18,RR_MP_2,15.0,18.0,0.0,0.0,0.0,0.0,-0.11444651415778259,-0.3185398899364879,7.0,671.7886572427374,6.511431249483831,MONOPHASIC,RR
S2_B2_2@18|76_17,S2_B2_2@18,RR_MP_2,14.0,9.0,0.0,0.0,0.0,0.0,-0.03872638737646775,-0.3992659948909887,3.0,602.162768692984,6.4021870917997195,MONOPHASIC,RR
S2_B2_2@18|77_17,S2_B2_2@18,RR_MP_2,6.0,6.0,0.0,0.0,0.0,0.0,-0.22817454819330932,-0.33523290539846773,1.0,556.4523731019171,6.3233770702713725,MONOPHASIC,RR
S2_B2_2@19|80_17,S2_B2_2@19,RR_MP_2,5.0,5.0,0.0,0.0,0.3333333333333333,0.0,0.3725910501643669,2.6939339750488394,4.0,316.45410960019035,5.760333271193998,MONOPHASIC,RR
S2_B2_2@19|81_21,S2_B2_2@19,RR_MP_2,13.0,16.0,0.07692307692307693,0.3125,0.0,0.0,6.967018302879567,8.84654207926621,4.0,20.0,3.044522437723423,MONOPHASIC,RR
S2_B2_2@19|82_18,S2_B2_2@19,RR_MP_2,9.0,6.0,0.0,0.3333333333333333,0.0,0.0,2.332555180249725,4.5473588347358405,4.0,64.03124237432849,4.174867806332253,MONOPHASIC,RR
S2_B2_2@19|82_19,S2_B2_2@19,RR_MP_2,39.0,21.0,0.1282051282051282,0.09523809523809523,,0.0,2.348668759150043,,,43.57388321059432,3.797148109270325,MONOPHASIC,RR
S2_B2_2@21|71_18,S2_B2_2@21,RR_MP_2,5.0,6.0,0.0,0.0,0.0,0.0,-0.21221984472966748,-0.3554114894179366,2.0,481.66378315169186,6.179320310126472,MONOPHASIC,RR
S2_B2_2@26|76_24,S2_B2_2@26,RR_MP_2,37.0,16.0,0.3783783783783784,0.1875,0.0,0.32432432432432434,7.669470356447121,5.659111631168667,3.0,22.360679774997898,3.1510542574937324,MONOPHASIC,RR
S2_B2_2@26|77_23,S2_B2_2@26,RR_MP_2,16.0,14.0,0.0625,0.0,0.0,0.0,-0.027838192315736796,1.6252866269814974,4.0,107.70329614269008,4.688622116967238,MONOPHASIC,RR
S2_B2_2@26|77_24,S2_B2_2@26,RR_MP_2,61.0,9.0,0.29508196721311475,0.1111111111111111,,0.14754098360655737,12.363864909080684,4.245163442837081,6.0,20.0,3.044522437723423,MONOPHASIC,RR
S2_B2_2@26|78_23,S2_B2_2@26,RR_MP_2,11.0,20.0,0.0,0.0,0.0,0.0,4.896627083966477,5.200208210921578,5.0,58.309518948453004,4.08276981501776,MONOPHASIC,RR
S2_B2_2@26|78_24,S2_B2_2@26,RR_MP_2,6.0,25.0,0.0,0.08,0.0,0.0,14.620278670901357,10.078023723090016,3.0,20.0,3.044522437723423,MONOPHASIC,RR
S2_B2_2@26|79_22,S2_B2_2@26,RR_MP_2,6.0,17.0,0.0,0.0,0.0,0.0,3.0721708356953545,9.60753416982784,1.0,67.0820393249937,4.220713438648939,MONOPHASIC,RR
S2_B2_2@26|79_23,S2_B2_2@26,RR_MP_2,38.0,25.0,0.02631578947368421,0.0,,0.0,26.930551290833378,14.868337265801005,11.0,31.622776601683796,3.485010713180571,MONOPHASIC,RR
S2_B2_2@26|80_22,S2_B2_2@26,RR_MP_2,19.0,8.0,0.2631578947368421,0.0,0.0625,0.0,11.456233606645176,12.39812420762876,2.0,22.360679774997898,3.1510542574937324,MONOPHASIC,RR
S2_B2_2@28|71_24,S2_B2_2@28,RR_MP_2,17.0,13.0,0.23529411764705882,0.23076923076923078,,0.0,6.581670937538258,23.580301127986672,1.0,14.142135623730951,2.7174812964321107,MONOPHASIC,RR
S2_B2_2@28|73_23,S2_B2_2@28,RR_MP_2,17.0,6.0,0.0,0.16666666666666666,0.0,0.058823529411764705,2.615061054714417,10.57568045661333,4.0,92.19544457292886,4.534698842524112,MONOPHASIC,RR
S2_B2_2@28|73_24,S2_B2_2@28,RR_MP_2,18.0,17.0,0.2222222222222222,0.11764705882352941,0.16666666666666666,0.16666666666666666,10.462316108621453,7.330914369481151,4.0,56.568542494923804,4.0529762812736765,MONOPHASIC,RR
S2_B2_2@3|78_7,S2_B2_2@3,RR_MP_2,10.0,6.0,0.0,0.0,0.0,0.0,0.5328429853183501,5.502446473884085,4.0,28.284271247461902,3.377050554392157,MONOPHASIC,RR
S2_B2_2@3|81_7,S2_B2_2@3,RR_MP_2,15.0,9.0,0.13333333333333333,0.0,0.0,0.0,0.9138114612360447,,,14.142135623730951,2.7174812964321107,MONOPHASIC,RR
S2_B2_2@3|82_11,S2_B2_2@3,RR_MP_2,6.0,6.0,0.16666666666666666,0.3333333333333333,0.0,0.0,-0.8839405956297004,,,180.27756377319946,5.200029358162469,MONOPHASIC,RR
S2_B2_2@3|82_9,S2_B2_2@3,RR_MP_2,20.0,10.0,0.1,0.1,,0.0,10.16614535678212,19.31979062345669,1.0,22.360679774997898,3.1510542574937324,MONOPHASIC,RR
S2_B2_2@3|83_9,S2_B2_2@3,RR_MP_2,41.0,9.0,0.3902439024390244,0.0,0.0,0.04878048780487805,13.380491846438824,,,22.360679774997898,3.1510542574937324,MONOPHASIC,RR
S2_B2_2@6|67_17,S2_B2_2@6,RR_MP_2,5.0,5.0,0.2,0.2,0.3333333333333333,0.2,0.06670441642053423,7.878876799734956,1.0,211.06601717798213,5.3568976279794756,MONOPHASIC,RR
S2_B2_2@6|67_20,S2_B2_2@6,RR_MP_2,13.0,5.0,0.15384615384615385,0.0,,0.0,0.7358312833287179,3.138763448370627,3.0,71.6198851918164,4.285238785040522,MONOPHASIC,RR
S2_B2_2@6|68_21,S2_B2_2@6,RR_MP_2,21.0,6.0,0.14285714285714285,0.0,0.0,0.0,1.598784277355752,7.310191531036386,2.0,42.426406871192846,3.771067709327022,MONOPHASIC,RR
S2_B2_2@6|69_17,S2_B2_2@6,RR_MP_2,5.0,7.0,0.0,0.0,0.0,0.0,-0.18043980573787033,-0.4095011549349956,2.0,412.24831399688856,6.024048656830472,MONOPHASIC,RR
S2_B2_2@6|69_22,S2_B2_2@6,RR_MP_2,7.0,8.0,0.0,0.0,0.0,0.0,0.70025722128052,,,56.568542494923804,4.0529762812736765,MONOPHASIC,RR
S2_B2_2@6|70_17,S2_B2_2@6,RR_MP_2,11.0,8.0,0.09090909090909091,0.0,0.0,0.0,-0.12802103830596256,0.32750300176362906,2.0,470.95647357266466,6.15688676432624,MONOPHASIC,RR
S2_B2_2@6|75_11,S2_B2_2@6,RR_MP_2,6.0,9.0,0.0,0.0,0.0,0.0,-0.3451487177660178,-0.46203682277915686,1.0,327.56678708318395,5.794740126493581,MONOPHASIC,RR
S2_B2_2@6|75_8,S2_B2_2@6,RR_MP_2,21.0,7.0,0.2857142857142857,0.2857142857142857,,0.14285714285714285,2.8953616294488245,4.49732009399095,6.0,20.0,3.044522437723423,MONOPHASIC,RR
S2_B2_2@6|75_9,S2_B2_2@6,RR_MP_2,6.0,6.0,0.0,0.0,,0.0,0.20905949607105695,1.8409072121888508,3.0,128.55490470489656,4.864104765842963,MONOPHASIC,RR
S2_B2_2@6|76_8,S2_B2_2@6,RR_MP_2,6.0,7.0,0.16666666666666666,0.14285714285714285,0.0,0.0,-0.3726099984499822,6.3084559178305,2.0,70.71067811865476,4.272639664252711,MONOPHASIC,RR
S2_B2_2@9|84_15,S2_B2_2@9,RR_MP_2,18.0,13.0,0.0,0.07692307692307693,0.0,0.0,2.208734493035598,4.054780802016008,2.0,60.0,4.110873864173311,MONOPHASIC,RR
S2_B2_2@9|85_13,S2_B2_2@9,RR_MP_2,31.0,8.0,0.12903225806451613,0.125,,0.0967741935483871,12.775832726281372,8.913029018135205,6.0,20.0,3.044522437723423,MONOPHASIC,RR
S2_B3_0@103|12_18,S2_B3_0@103,RR_OS2_1,5.0,14.0,0.0,0.0,0.16666666666666666,0.0,5.389346148097804,1.1527989249277133,5.0,44.721359549995796,3.822565574923594,ONSET2,RR
S2_B3_0@103|13_17,S2_B3_0@103,RR_OS2_1,7.0,17.0,0.0,0.0,0.0,0.42857142857142855,-0.3022291531729464,,1.0,99.49366711458497,4.610094711728454,ONSET2,RR
S2_B3_0@103|13_18,S2_B3_0@103,RR_OS2_1,31.0,19.0,0.0967741935483871,0.10526315789473684,0.0,0.22580645161290322,2.306103801102637,2.853174484465385,4.0,41.82873156368473,3.7572091755848236,ONSET2,RR
S2_B3_0@103|14_18,S2_B3_0@103,RR_OS2_1,16.0,20.0,0.125,0.1,0.15384615384615385,0.0625,2.366859617600418,6.951271756089017,2.0,33.839144678161844,3.5507416016875912,ONSET2,RR
S2_B3_0@21|18_7,S2_B3_0@21,RR_OS2_1,10.0,8.0,0.0,0.0,,0.0,-0.17669544930841052,-0.38080084419899474,5.0,118.73147244755961,4.785251505720113,ONSET2,RR
S2_B3_0@21|18_8,S2_B3_0@21,RR_OS2_1,5.0,9.0,0.0,0.1111111111111111,0.0,0.0,-0.22285954622630488,-0.44493320124237956,4.0,153.93947698915932,5.043034569627898,ONSET2,RR
S2_B3_0@21|19_8,S2_B3_0@21,RR_OS2_1,11.0,13.0,0.0,0.0,0.0,0.0,-0.14825755811486835,-0.1634663816388503,5.0,81.77126710612092,4.4160809855408,ONSET2,RR
S2_B3_0@30|10_6,S2_B3_0@30,RR_OS2_1,9.0,23.0,0.0,0.13043478260869565,0.0,0.1111111111111111,1.0213639645609136,0.21382350799964367,2.0,30.0,3.4339872044851463,ONSET2,RR
S2_B3_0@30|9_6,S2_B3_0@30,RR_OS2_1,17.0,6.0,0.5882352941176471,0.16666666666666666,,0.9411764705882353,0.038746061123290015,0.36240050065257223,6.0,22.360679774997898,3.1510542574937324,ONSET2,RR
S2_B3_0@48|20_11,S2_B3_0@48,RR_OS2_1,10.0,19.0,0.1,0.05263157894736842,0.0,0.0,-0.1729423059036761,-0.6174538128900564,6.0,98.99494936611666,4.60511967837377,ONSET2,RR
S2_B3_0@48|20_12,S2_B3_0@48,RR_OS2_1,20.0,15.0,0.05,0.06666666666666667,0.0,0.0,-0.05270453740427207,-0.4094144288039878,4.0,85.44003745317531,4.459450964923822,ONSET2,RR
S2_B3_0@48|20_13,S2_B3_0@48,RR_OS2_1,15.0,14.0,0.06666666666666667,0.0,0.14285714285714285,0.0,-0.3218319490788644,-0.2931298871719291,2.0,100.4987562112089,4.620046544330001,ONSET2,RR
S2_B3_0@48|20_14,S2_B3_0@48,RR_OS2_1,16.0,7.0,0.0625,0.0,0.0,0.0,-0.26397421715652625,-0.5038265115623893,3.0,84.85281374238569,4.452634361906983,ONSET2,RR
S2_B3_0@48|20_15,S2_B3_0@48,RR_OS2_1,11.0,12.0,0.09090909090909091,0.0,0.0,0.0,0.43567739319330623,,2.0,42.426406871192846,3.771067709327022,ONSET2,RR
S2_B3_0@48|22_11,S2_B3_0@48,RR_OS2_1,8.0,7.0,0.125,0.14285714285714285,,0.125,0.35369674250858596,2.4926545376650955,2.0,10.0,2.3978952727983707,ONSET2,RR
S2_B3_0@54|13_11,S2_B3_0@54,RR_OS2_1,10.0,6.0,0.0,0.0,,0.0,-0.1793963971666129,-0.4454531757493363,2.0,227.7949890773731,5.432826358380208,ONSET2,RR
S2_B3_0@54|13_12,S2_B3_0@54,RR_OS2_1,6.0,7.0,0.0,0.0,0.0,0.0,-0.10277495838156393,-0.35242815102753144,2.0,202.48456731316588,5.315590165707993,ONSET2,RR
S2_B3_0@54|14_11,S2_B3_0@54,RR_OS2_1,7.0,15.0,0.0,0.06666666666666667,0.0,0.0,-0.11684741561243142,-0.3205718618135318,4.0,177.48149913859493,5.1844849495656655,ONSET2,RR
S2_B3_0@66|10_13,S2_B3_0@66,RR_OS2_1,6.0,7.0,0.0,0.0,0.0,0.0,-0.1989298481570903,-0.3652314392074339,2.0,127.27922061357856,4.8542092991405985,ONSET2,RR
S2_B3_0@66|11_13,S2_B3_0@66,RR_OS2_1,8.0,9.0,0.0,0.0,0.0,0.0,-0.17839679028727212,,,186.01075237738274,5.2311661145458555,ONSET2,RR
S2_B3_0@66|11_14,S2_B3_0@66,RR_OS2_1,7.0,5.0,0.0,0.0,0.0,0.0,-0.0799239497051807,-0.4853175073731564,2.0,226.27416997969522,5.426157085948432,ONSET2,RR
S2_B3_0@74|12_14,S2_B3_0@74,RR_OS2_1,18.0,5.0,0.05555555555555555,0.0,,0.0,-0.08680370398370327,,,233.45235059857504,5.4572523714975985,ONSET2,RR
S2_B3_0@74|12_15,S2_B3_0@74,RR_OS2_1,14.0,13.0,0.0,0.0,0.0,0.0,-0.12359309484841846,-0.29590219243901966,2.0,208.80613017821102,5.346183914687904,ONSET2,RR
S2_B3_0@77|16_17,S2_B3_0@77,RR_OS2_1,5.0,20.0,0.2,0.15,0.11538461538461539,0.0,9.35666101926377,2.6275646584772256,2.0,28.284271247461902,3.377050554392157,ONSET2,RR
S2_B3_0@77|17_17,S2_B3_0@77,RR_OS2_1,7.0,15.0,0.14285714285714285,0.06666666666666667,0.18181818181818182,0.0,1.5080022318034934,,,22.360679774997898,3.1510542574937324,ONSET2,RR
S2_B3_0@80|13_16,S2_B3_0@80,RR_OS2_1,16.0,21.0,0.0,0.0,0.0,0.0,-0.2085878644419604,-0.49695780891432334,3.0,152.64337522473747,5.03463417163485,ONSET2,RR
S2_B3_0@82|10_16,S2_B3_0@82,RR_OS2_1,8.0,6.0,0.25,0.0,0.0,0.0,0.10012122518903005,-0.24601193920775002,2.0,28.284271247461902,3.377050554392157,ONSET2,RR
S2_B3_0@82|10_17,S2_B3_0@82,RR_OS2_1,6.0,11.0,0.0,0.0,0.0,0.0,2.3486630367167933,0.9025362076554848,5.0,31.622776601683796,3.485010713180571,ONSET2,RR
S2_B3_0@82|11_16,S2_B3_0@82,RR_OS2_1,5.0,11.0,0.0,0.0,0.0,0.0,-0.9487280604503159,-0.969364078487502,2.0,90.0,4.51085950651685,ONSET2,RR
S2_B3_0@82|11_17,S2_B3_0@82,RR_OS2_1,36.0,12.0,0.19444444444444445,0.08333333333333333,0.0,0.2777777777777778,-1.6582426116882514,0.6956007073384591,4.0,71.75588850572997,4.287109844435521,ONSET2,RR
S2_B3_0@82|11_18,S2_B3_0@82,RR_OS2_1,9.0,12.0,0.5555555555555556,0.08333333333333333,0.0,0.4444444444444444,5.068195867214419,,,41.23105625617661,3.743155880619243,ONSET2,RR
S2_B3_0@82|12_17,S2_B3_0@82,RR_OS2_1,7.0,12.0,0.0,0.0,0.0,0.42857142857142855,0.009103045233577994,,,85.44003745317531,4.459450964923822,ONSET2,RR
S2_B3_0@9|11_12,S2_B3_0@9,RR_OS2_1,5.0,10.0,0.0,0.0,0.0,0.0,-0.20724654523313585,-0.48313028583448286,1.0,150.33296378372907,5.019482467412519,ONSET2,RR
S2_B3_0@9|12_10,S2_B3_0@9,RR_OS2_1,5.0,14.0,0.0,0.0,0.0,0.0,-0.17600184856193438,,,111.80339887498948,4.725646470480477,ONSET2,RR
S2_B3_0@9|12_11,S2_B3_0@9,RR_OS2_1,5.0,5.0,0.0,0.0,0.0,0.0,-0.1714788623693052,-0.45688799274307884,3.0,167.9021499655285,5.12931955295434,ONSET2,RR
S2_B3_0@9|13_10,S2_B3_0@9,RR_OS2_1,9.0,6.0,0.0,0.0,0.0,0.0,-0.22171379081039097,-0.396251959560718,1.0,176.91806012954132,5.1813231079538875,ONSET2,RR
S2_B3_0@9|14_10,S2_B3_0@9,RR_OS2_1,19.0,31.0,0.05263157894736842,0.0,0.0,0.0,-0.13377745101537708,-0.46488339224791814,6.0,206.99956164329407,5.337535972214934,ONSET2,RR
S2_B3_0@9|15_10,S2_B3_0@9,RR_OS2_1,6.0,13.0,0.0,0.0,0.0,0.0,2.1413165960680116,,,188.67962264113206,5.245336452305214,ONSET2,RR
S2_B3_0@9|15_8,S2_B3_0@9,RR_OS2_1,15.0,9.0,0.06666666666666667,0.1111111111111111,0.0,0.0,-0.127437254257261,-0.398351197406943,3.0,208.86818190401544,5.346479628409093,ONSET2,RR
S2_B3_0@9|16_5,S2_B3_0@9,RR_OS2_1,7.0,6.0,0.0,0.0,0.0,0.0,-0.3516966693105654,-0.4903754003378845,2.0,50.0,3.9318256327243257,ONSET2,RR
S2_B3_0@9|16_8,S2_B3_0@9,RR_OS2_1,7.0,10.0,0.0,0.1,0.0,0.0,-0.2503508558179156,,,266.8332812825267,5.590364702169152,ONSET2,RR
S2_B3_1@1|38_16,S2_B3_1@1,RR_MP_2,25.0,5.0,0.08,0.0,,0.0,0.7542988477385264,2.0297266267429923,2.0,29.14213562373095,3.4059240474807915,MONOPHASIC,RR
S2_B3_1@1|39_15,S2_B3_1@1,RR_MP_2,26.0,24.0,0.34615384615384615,0.08333333333333333,0.0,0.038461538461538464,5.610634609144598,,,56.568542494923804,4.0529762812736765,MONOPHASIC,RR
S2_B3_1@1|40_15,S2_B3_1@1,RR_MP_2,7.0,5.0,0.14285714285714285,0.2,,0.0,-0.0061495540697586865,2.1830919268117723,2.0,108.15072906367325,4.692729762439273,MONOPHASIC,RR
S2_B3_1@1|40_17,S2_B3_1@1,RR_MP_2,6.0,8.0,0.0,0.0,0.0,0.0,-0.3227268935357299,,,162.78820596099706,5.098574166146536,MONOPHASIC,RR
S2_B3_1@1|41_14,S2_B3_1@1,RR_MP_2,44.0,10.0,0.3409090909090909,0.1,,0.20454545454545456,6.913895759334763,,,30.0,3.4339872044851463,MONOPHASIC,RR
S2_B3_1@1|41_15,S2_B3_1@1,RR_MP_2,10.0,7.0,0.0,0.0,0.0,0.0,-0.5210758562277278,1.1632355192000294,4.0,60.0,4.110873864173311,MONOPHASIC,RR
S2_B3_1@1|41_19,S2_B3_1@1,RR_MP_2,5.0,5.0,0.0,0.0,0.0,0.0,-0.30041160371774933,-0.129837342918933,2.0,208.6574398213981,5.345474959852847,MONOPHASIC,RR
S2_B3_1@1|44_18,S2_B3_1@1,RR_MP_2,10.0,5.0,0.0,0.0,0.0,0.0,-0.35224613919839176,-0.11235499826831787,1.0,120.0,4.795790545596741,MONOPHASIC,RR
S2_B3_1@28|55_16,S2_B3_1@28,RR_MP_2,7.0,5.0,0.42857142857142855,1.0,0.0,0.0,-0.018164974563443955,,,10.0,2.3978952727983707,MONOPHASIC,RR
S2_B3_1@31|38_18,S2_B3_1@31,RR_MP_2,9.0,6.0,0.0,0.0,0.0,0.0,-0.22164820782129896,1.828463856095654,4.0,131.52946437965906,4.88680499338181,MONOPHASIC,RR
S2_B3_1@32|36_20,S2_B3_1@32,RR_MP_2,33.0,21.0,0.21212121212121213,0.19047619047619047,0.0,0.0,7.1563943213226855,,,20.0,3.044522437723423,MONOPHASIC,RR
S2_B3_1@32|36_21,S2_B3_1@32,RR_MP_2,19.0,45.0,0.15789473684210525,0.17777777777777778,0.06666666666666667,0.631578947368421,7.200649383597554,6.559331111017302,4.0,30.0,3.4339872044851463,MONOPHASIC,RR
S2_B3_1@32|36_22,S2_B3_1@32,RR_MP_2,14.0,22.0,0.14285714285714285,0.0,0.0,0.5714285714285714,4.732323245126305,5.826455739623212,4.0,28.284271247461902,3.377050554392157,MONOPHASIC,RR
S2_B3_1@32|37_18,S2_B3_1@32,RR_MP_2,6.0,9.0,0.3333333333333333,0.0,0.0,0.3333333333333333,2.1506822097290583,3.4769034177630593,1.0,14.142135623730951,2.7174812964321107,MONOPHASIC,RR
S2_B3_1@32|37_21,S2_B3_1@32,RR_MP_2,10.0,13.0,0.0,0.0,0.0,0.0,-0.15988073350102625,2.3887825910311684,2.0,130.0,4.875197323201151,MONOPHASIC,RR
S2_B3_1@32|38_21,S2_B3_1@32,RR_MP_2,11.0,10.0,0.09090909090909091,0.0,0.0,0.0,-0.1717171153034642,2.427042808303834,3.0,235.3720459187964,5.465407029465505,MONOPHASIC,RR
S2_B3_1@33|43_20,S2_B3_1@33,RR_MP_2,7.0,6.0,0.14285714285714285,0.0,0.0,0.0,-0.19101155320698532,-0.43742452953753613,2.0,223.60679774997897,5.414351307874737,MONOPHASIC,RR
S2_B3_1@33|44_20,S2_B3_1@33,RR_MP_2,15.0,8.0,0.06666666666666667,0.0,,0.0,-0.14365026167478107,-0.43103369503926886,5.0,148.66068747318505,5.008370648208314,MONOPHASIC,RR
S2_B3_1@37|51_23,S2_B3_1@37,RR_MP_2,12.0,8.0,0.08333333333333333,0.0,0.0,0.0,-0.272265155795736,1.1535671486746915,2.0,305.69407861905785,5.72585076418149,MONOPHASIC,RR
S2_B3_1@37|51_24,S2_B3_1@37,RR_MP_2,5.0,7.0,0.0,0.0,0.0,0.0,-0.7257140456631666,-0.26444040830709487,2.0,305.7481343168133,5.726027001475747,MONOPHASIC,RR
S2_B3_1@37|55_23,S2_B3_1@37,RR_MP_2,8.0,10.0,0.25,0.0,,0.0,0.3971846937848871,,,10.0,2.3978952727983707,MONOPHASIC,RR
S2_B3_1@39|38_30,S2_B3_1@39,RR_MP_2,30.0,17.0,0.13333333333333333,0.11764705882352941,0.0,0.0,2.0423258618504256,2.8305734308759316,4.0,42.426406871192846,3.771067709327022,MONOPHASIC,RR
S2_B3_1@39|39_29,S2_B3_1@39,RR_MP_2,16.0,13.0,0.0,0.0,0.0,0.0,-0.6138568580822477,-0.11667949788107781,2.0,178.04493814764857,5.187636825436882,MONOPHASIC,RR
S2_B3_1@39|40_29,S2_B3_1@39,RR_MP_2,8.0,16.0,0.0,0.0625,0.0,0.0,-0.602911680108386,,,259.42243542145695,5.562305064155544,MONOPHASIC,RR
S2_B3_1@39|42_27,S2_B3_1@39,RR_MP_2,12.0,11.0,0.0,0.0,0.0,0.0,0.12458935793243016,1.6782906163791014,2.0,510.3920062069938,6.237136431540146,MONOPHASIC,RR
S2_B3_1@39|43_26,S2_B3_1@39,RR_MP_2,14.0,13.0,0.0,0.0,0.0,0.0,-0.7001849388142719,-0.45368107457332124,3.0,665.7326790837295,6.502389184597546,MONOPHASIC,RR
S2_B3_1@39|44_25,S2_B3_1@39,RR_MP_2,16.0,12.0,0.0,0.0,0.0,0.0,-0.08192358190808852,0.914000570457275,5.0,607.289058027559,6.410650193375233,MONOPHASIC,RR
S2_B3_1@39|44_26,S2_B3_1@39,RR_MP_2,11.0,8.0,0.0,0.0,,0.0,-0.7805599062483655,-0.647689814287547,2.0,679.7793759742935,6.523238282990506,MONOPHASIC,RR
S2_B3_1@39|44_34,S2_B3_1@39,RR_MP_2,58.0,5.0,0.29310344827586204,0.0,,0.7413793103448276,13.315596983288156,6.77053351708248,3.0,20.0,3.044522437723423,MONOPHASIC,RR
S2_B3_1@39|45_25,S2_B3_1@39,RR_MP_2,10.0,6.0,0.0,0.0,0.0,0.0,-0.30778819912644223,0.11516114617149631,4.0,539.1568029242728,6.291859473193122,MONOPHASIC,RR
S2_B3_1@39|45_26,S2_B3_1@39,RR_MP_2,12.0,5.0,0.0,0.0,,0.0,-0.2703896887735979,0.44983910158809354,3.0,652.5335240430181,6.482393830972722,MONOPHASIC,RR
S2_B3_1@39|45_27,S2_B3_1@39,RR_MP_2,8.0,8.0,0.0,0.0,0.0,0.125,0.2595278087629584,1.3628890336253245,1.0,689.093530217315,6.53682713944468,MONOPHASIC,RR
S2_B3_1@39|45_28,S2_B3_1@39,RR_MP_2,8.0,5.0,0.125,0.0,0.0,0.625,0.10119250254397616,0.9595391561016828,1.0,586.0034129593445,6.375030634051985,MONOPHASIC,RR
S2_B3_1@39|45_31,S2_B3_1@39,RR_MP_2,8.0,9.0,0.125,0.2222222222222222,0.0,0.0,-0.1717138751795714,,,344.81879299133334,5.845914918190445,MONOPHASIC,RR
S2_B3_1@39|45_34,S2_B3_1@39,RR_MP_2,12.0,7.0,0.08333333333333333,0.0,0.0,0.08333333333333333,2.415773352246005,6.994165787302295,1.0,50.99019513592785,3.951055145724373,MONOPHASIC,RR
S2_B3_1@39|46_23,S2_B3_1@39,RR_MP_2,12.0,9.0,0.0,0.0,0.0,0.0,0.0021343161193773832,-0.2352844903435216,2.0,364.0054944640259,5.8999124067952895,MONOPHASIC,RR
S2_B3_1@39|46_25,S2_B3_1@39,RR_MP_2,12.0,8.0,0.0,0.0,0.0,0.0,-0.7092389894281859,-0.6910771377287062,3.0,536.0037313302959,6.286005042958274,MONOPHASIC,RR
S2_B3_1@39|46_32,S2_B3_1@39,RR_MP_2,9.0,26.0,0.0,0.0,0.0,0.0,-0.23674930369215194,-0.42669521538956384,5.0,286.53097563788805,5.661330595782899,MONOPHASIC,RR
S2_B3_1@39|46_33,S2_B3_1@39,RR_MP_2,25.0,12.0,0.04,0.0,0.0,0.0,-0.7948116254868974,-0.5213777364125971,2.0,214.7091055358389,5.373930766393044,MONOPHASIC,RR
S2_B3_1@39|46_34,S2_B3_1@39,RR_MP_2,20.0,17.0,0.0,0.0,0.0,0.0,0.13979589172568677,2.1553618846339213,3.0,130.384048104053,4.878124699168459,MONOPHASIC,RR
S2_B3_1@39|46_35,S2_B3_1@39,RR_MP_2,26.0,29.0,0.15384615384615385,0.034482758620689655,0.0,0.0,3.2336414450300377,5.346889004593604,11.0,36.05551275463989,3.6124171329715926,MONOPHASIC,RR
S2_B3_1@39|47_24,S2_B3_1@39,RR_MP_2,11.0,7.0,0.09090909090909091,0.0,0.0,0.0,-0.14969401074381788,,,446.4158982548453,6.103488583191885,MONOPHASIC,RR
S2_B3_1@39|47_26,S2_B3_1@39,RR_MP_2,9.0,8.0,0.0,0.0,0.0,0.0,-0.2529127016651456,-0.40091712806937224,5.0,601.3318551349163,6.40080854780088,MONOPHASIC,RR
S2_B3_1@39|47_32,S2_B3_1@39,RR_MP_2,9.0,11.0,0.0,0.09090909090909091,0.0,0.0,-0.167931505434495,-0.39596028268891614,2.0,342.53860139048345,5.839299482031247,MONOPHASIC,RR
S2_B3_1@39|47_33,S2_B3_1@39,RR_MP_2,14.0,16.0,0.0,0.0,0.0,0.0,-0.07234323369499804,0.29251377932200767,3.0,259.42243542145695,5.562305064155544,MONOPHASIC,RR
S2_B3_1@39|47_35,S2_B3_1@39,RR_MP_2,14.0,18.0,0.07142857142857142,0.0,0.0,0.0,0.47548493957551685,0.1441334381657181,8.0,76.15773105863909,4.34585178193694,MONOPHASIC,RR
S2_B3_1@39|47_36,S2_B3_1@39,RR_MP_2,6.0,11.0,0.16666666666666666,0.09090909090909091,,0.0,2.42635883856975,3.2357922076173242,2.0,10.0,2.3978952727983707,MONOPHASIC,RR
S2_B3_1@39|48_23,S2_B3_1@39,RR_MP_2,5.0,5.0,0.0,0.0,0.0,0.0,-0.17628246709476258,-0.40948413153923396,1.0,358.58716811360057,5.884956618183255,MONOPHASIC,RR
S2_B3_1@39|48_33,S2_B3_1@39,RR_MP_2,7.0,6.0,0.0,0.0,0.0,0.0,-0.1981515810470743,-0.4117916383030298,2.0,310.16124838541646,5.740311261367472,MONOPHASIC,RR
S2_B3_1@39|49_21,S2_B3_1@39,RR_MP_2,7.0,7.0,0.0,0.0,0.0,0.0,-0.181427720881939,-0.4103828028932949,1.0,270.5509455580915,5.604149766552094,MONOPHASIC,RR
S2_B3_1@39|49_24,S2_B3_1@39,RR_MP_2,8.0,7.0,0.0,0.0,0.0,0.0,-0.2502005767106419,-0.4097376689469077,1.0,456.17978911828175,6.125076725165515,MONOPHASIC,RR
S2_B3_1@39|49_25,S2_B3_1@39,RR_MP_2,9.0,7.0,0.0,0.0,,0.0,-0.22158796939229453,-0.18935295772873073,2.0,442.43625930784873,6.094554069454124,MONOPHASIC,RR
S2_B3_1@42|39_24,S2_B3_1@42,RR_MP_2,5.0,6.0,0.0,0.0,0.0,0.0,-0.20017088388709786,-0.45516881342922505,1.0,322.49030993194197,5.779169159649801,MONOPHASIC,RR
S2_B3_1@42|39_25,S2_B3_1@42,RR_MP_2,11.0,11.0,0.0,0.0,0.0,0.0,0.06398420140133865,-0.36061092906487724,2.0,330.15148038438355,5.802575915355493,MONOPHASIC,RR
S2_B3_1@42|40_25,S2_B3_1@42,RR_MP_2,5.0,8.0,0.0,0.0,0.0,0.0,0.0191402903796017,-0.3653849587349838,2.0,390.0,5.968707559985366,MONOPHASIC,RR
S2_B3_1@43|36_24,S2_B3_1@43,RR_MP_2,11.0,22.0,0.0,0.0,0.0,0.0,4.093020648316698,3.4919894909833573,3.0,30.0,3.4339872044851463,MONOPHASIC,RR
S2_B3_1@43|36_25,S2_B3_1@43,RR_MP_2,35.0,16.0,0.05714285714285714,0.0,0.0,0.0,5.879618215069153,5.787704210755781,6.0,31.622776601683796,3.485010713180571,MONOPHASIC,RR
S2_B3_1@43|36_26,S2_B3_1@43,RR_MP_2,42.0,14.0,0.2857142857142857,0.07142857142857142,0.25,0.3333333333333333,5.966205280203736,1.391455066666673,11.0,40.6155281280883,3.7284733699282553,MONOPHASIC,RR
S2_B3_1@43|37_26,S2_B3_1@43,RR_MP_2,10.0,15.0,0.0,0.0,0.0,0.0,0.8222171464951609,-0.9199529049580804,2.0,90.55385138137417,4.516927338847066,MONOPHASIC,RR
S2_B3_1@43|37_27,S2_B3_1@43,RR_MP_2,7.0,29.0,0.0,0.0,0.0,0.0,1.135160909235573,-0.5639286515841061,5.0,65.16379626418065,4.192133429120362,MONOPHASIC,RR
S2_B3_1@43|37_28,S2_B3_1@43,RR_MP_2,24.0,26.0,0.041666666666666664,0.0,0.0,0.0,3.5751820570304798,0.8523638571770707,14.0,41.23105625617661,3.743155880619243,MONOPHASIC,RR
S2_B3_1@45|51_27,S2_B3_1@45,RR_MP_2,6.0,5.0,0.16666666666666666,0.0,0.0,0.3333333333333333,-1.1679603617388448,0.3627423153692772,1.0,192.35384061671343,5.2645218814025165,MONOPHASIC,RR
S2_B3_1@45|53_26,S2_B3_1@45,RR_MP_2,8.0,5.0,0.125,0.0,0.0,0.0,-0.09463352585535365,,,84.85281374238569,4.452634361906983,MONOPHASIC,RR
S2_B3_1@45|54_26,S2_B3_1@45,RR_MP_2,27.0,6.0,0.14814814814814814,0.16666666666666666,,0.037037037037037035,5.206082049649726,,,14.142135623730951,2.7174812964321107,MONOPHASIC,RR
S2_B3_1@53|47_28,S2_B3_1@53,RR_MP_2,9.0,7.0,0.0,0.0,0.0,0.0,-0.1461172321842532,-0.3400976960357135,4.0,565.7572332271485,6.3399310519478345,MONOPHASIC,RR
S2_B3_1@53|49_28,S2_B3_1@53,RR_MP_2,6.0,6.0,0.0,0.0,0.0,0.0,-0.18139502710790092,-0.5543896196749947,1.0,401.1234224026316,5.996759062399817,MONOPHASIC,RR
S2_B3_1@53|49_29,S2_B3_1@53,RR_MP_2,8.0,9.0,0.0,0.0,0.0,0.0,-0.1021865055280352,-0.3012454413345863,2.0,381.1823710509184,5.945897905810199,MONOPHASIC,RR
S2_B3_1@59|46_30,S2_B3_1@59,RR_MP_2,10.0,9.0,0.1,0.0,0.0,0.0,-0.07460503248110667,0.7177324654615811,6.0,450.0,6.111467339502679,MONOPHASIC,RR
S2_B3_1@59|46_31,S2_B3_1@59,RR_MP_2,7.0,12.0,0.0,0.0,0.0,0.0,-0.2680709865840248,,,408.0441152620633,6.013823011502631,MONOPHASIC,RR
S2_B3_1@59|47_30,S2_B3_1@59,RR_MP_2,10.0,12.0,0.0,0.08333333333333333,0.0,0.0,-0.15866459927416957,-0.3917745501607681,5.0,536.5628457050636,6.287045675408924,MONOPHASIC,RR
S2_B3_1@65|50_32,S2_B3_1@65,RR_MP_2,9.0,6.0,0.0,0.0,0.0,0.0,-0.1580903190263584,-0.41944295945565396,5.0,260.0,5.564520407322694,MONOPHASIC,RR
S2_B3_1@65|51_32,S2_B3_1@65,RR_MP_2,6.0,12.0,0.0,0.0,0.0,0.0,0.08238598532900232,-0.01522664906490418,2.0,176.45216439476008,5.17870107622725,MONOPHASIC,RR
S2_B3_1@68|50_35,S2_B3_1@68,RR_MP_2,16.0,23.0,0.0,0.0,0.0,0.0,3.729152854664157,4.6045676173869285,7.0,82.46211251235322,4.424392786517565,MONOPHASIC,RR
S2_B3_1@68|50_36,S2_B3_1@68,RR_MP_2,9.0,8.0,0.1111111111111111,0.25,0.0,0.0,2.6465252476879386,4.384684210957873,5.0,14.142135623730951,2.7174812964321107,MONOPHASIC,RR
S2_B3_1@68|51_34,S2_B3_1@68,RR_MP_2,31.0,20.0,0.12903225806451613,0.0,0.0,0.22580645161290322,0.8264515013865182,2.639740150411883,5.0,42.426406871192846,3.771067709327022,MONOPHASIC,RR
S2_B3_2@15|67_13,S2_B3_2@15,RR_P2M_2,16.0,7.0,0.25,0.0,0.14285714285714285,0.0,0.6636845350537036,4.745554909877192,2.0,20.0,3.044522437723423,PEAK2_MILD,RR
S2_B3_2@15|68_10,S2_B3_2@15,RR_P2M_2,7.0,6.0,0.0,0.16666666666666666,0.0,0.0,0.17321991357995706,3.6165612962109934,3.0,128.06248474865697,4.860296664985133,PEAK2_MILD,RR
S2_B3_2@15|68_6,S2_B3_2@15,RR_P2M_2,17.0,18.0,0.0,0.0,,0.0,1.0776219516327223,2.200110377722735,2.0,60.0,4.110873864173311,PEAK2_MILD,RR
S2_B3_2@15|68_7,S2_B3_2@15,RR_P2M_2,18.0,5.0,0.05555555555555555,0.0,,0.0,-0.7288188416863861,-1.475906709175085,1.0,100.0,4.61512051684126,PEAK2_MILD,RR
S2_B3_2@15|69_12,S2_B3_2@15,RR_P2M_2,5.0,7.0,0.2,0.0,0.0,0.0,0.2983529082375863,23.2576116639631,1.0,231.8348196315009,5.450329273536811,PEAK2_MILD,RR
S2_B3_2@15|69_5,S2_B3_2@15,RR_P2M_2,11.0,9.0,0.0,0.0,0.0,0.0,0.5976193378511612,8.414396932333789,1.0,145.41322061754875,4.986432902214658,PEAK2_MILD,RR
S2_B3_2@15|69_6,S2_B3_2@15,RR_P2M_2,6.0,12.0,0.0,0.08333333333333333,0.0,0.0,-2.3348788925691335,-1.3503429013961383,2.0,140.178344238091,4.9500239438782305,PEAK2_MILD,RR
S2_B3_2@15|69_7,S2_B3_2@15,RR_P2M_2,14.0,14.0,0.0,0.0,,0.0,-0.3592529602050734,-0.7897283564494693,2.0,161.39410298049853,5.090026115371854,PEAK2_MILD,RR
S2_B3_2@15|69_9,S2_B3_2@15,RR_P2M_2,23.0,10.0,0.043478260869565216,0.0,0.0,0.0,-1.3228728843904916,2.823626384776041,2.0,164.92422502470643,5.1115312083849895,PEAK2_MILD,RR
S2_B3_2@15|70_4,S2_B3_2@15,RR_P2M_2,6.0,8.0,0.16666666666666666,0.0,,0.16666666666666666,6.009505547969113,8.143046659812113,1.0,115.3182902034099,4.756330314600577,PEAK2_MILD,RR
S2_B3_2@15|70_5,S2_B3_2@15,RR_P2M_2,5.0,5.0,0.0,0.0,0.0,0.0,-0.1076286057164915,5.028238856152762,2.0,174.4427190999916,5.167312602735491,PEAK2_MILD,RR
S2_B3_2@15|70_8,S2_B3_2@15,RR_P2M_2,6.0,6.0,0.0,0.0,0.0,0.0,-0.39466096895836633,-1.0275858528989263,1.0,254.44638444196613,5.543012541994772,PEAK2_MILD,RR
S2_B3_2@15|71_11,S2_B3_2@15,RR_P2M_2,11.0,8.0,0.0,0.0,0.0,0.0,-0.1559289650205462,1.7360841811846928,1.0,408.166632639171,6.01412248783764,PEAK2_MILD,RR
S2_B3_2@15|71_15,S2_B3_2@15,RR_P2M_2,8.0,5.0,0.0,0.0,,0.0,-0.32187899523929814,,,231.94827009486403,5.450816412156091,PEAK2_MILD,RR
S2_B3_2@15|71_6,S2_B3_2@15,RR_P2M_2,6.0,12.0,0.3333333333333333,0.0,0.0,0.8333333333333334,0.47273723934481804,6.7672592195337815,3.0,317.016368829126,5.762102855760848,PEAK2_MILD,RR
S2_B3_2@15|71_7,S2_B3_2@15,RR_P2M_2,9.0,6.0,0.0,0.0,0.0,0.0,-0.5187474421230587,-0.08505703693375338,4.0,331.36083051561786,5.806221217637135,PEAK2_MILD,RR
S2_B3_2@15|72_10,S2_B3_2@15,RR_P2M_2,5.0,13.0,0.0,0.0,0.0,0.0,-0.2116896912651313,-0.3966116081598983,4.0,481.8706371390573,6.179748785768941,PEAK2_MILD,RR
S2_B3_2@15|72_13,S2_B3_2@15,RR_P2M_2,5.0,6.0,0.0,0.0,0.0,0.0,-0.2898175681023868,-0.14280636487161674,1.0,423.7924020083418,6.051600583723379,PEAK2_MILD,RR
S2_B3_2@15|72_14,S2_B3_2@15,RR_P2M_2,10.0,11.0,0.0,0.0,,0.0,-0.09092335003267385,,,335.4101966249684,5.818331238653004,PEAK2_MILD,RR
S2_B3_2@15|72_16,S2_B3_2@15,RR_P2M_2,8.0,7.0,0.125,0.14285714285714285,,0.0,0.9194368443400842,,,152.31546211727817,5.0324976426133325,PEAK2_MILD,RR
S2_B3_2@15|72_8,S2_B3_2@15,RR_P2M_2,7.0,9.0,0.0,0.0,0.0,0.0,-0.06906458537120688,13.675218294223024,1.0,430.69554476603713,6.067720582299786,PEAK2_MILD,RR
S2_B3_2@15|72_9,S2_B3_2@15,RR_P2M_2,12.0,6.0,0.0,0.0,0.0,0.0,-0.0799599484369101,0.4695726894921266,3.0,465.40062069343907,6.145044965853234,PEAK2_MILD,RR
S2_B3_2@15|73_15,S2_B3_2@15,RR_P2M_2,9.0,10.0,0.0,0.1,0.0,0.0,-0.5209781156745643,0.14128735022285188,4.0,220.2271554554524,5.399190026378419,PEAK2_MILD,RR
S2_B3_2@15|73_16,S2_B3_2@15,RR_P2M_2,11.0,5.0,0.0,0.0,0.0,0.0,-1.3438986894649698,3.7250510152941825,1.0,140.178344238091,4.9500239438782305,PEAK2_MILD,RR
S2_B3_2@15|73_4,S2_B3_2@15,RR_P2M_2,20.0,13.0,0.0,0.07692307692307693,0.0,0.3,1.863117314820732,1.3642125221371753,2.0,63.24555320336759,4.16271251053762,PEAK2_MILD,RR
S2_B3_2@15|73_5,S2_B3_2@15,RR_P2M_2,8.0,8.0,0.0,0.0,0.0,0.0,-0.41593031358384147,4.006362726566842,1.0,120.41594578792296,4.79922221915902,PEAK2_MILD,RR
S2_B3_2@15|73_6,S2_B3_2@15,RR_P2M_2,5.0,7.0,0.4,0.0,0.0,0.6,0.8725047813691782,9.644133206893246,1.0,222.8214154308621,5.410848481339423,PEAK2_MILD,RR
S2_B3_2@15|73_8,S2_B3_2@15,RR_P2M_2,11.0,8.0,0.09090909090909091,0.0,0.0,0.0,-1.0103985809927967,,,424.26406871192853,6.052710314119507,PEAK2_MILD,RR
S2_B3_2@15|73_9,S2_B3_2@15,RR_P2M_2,12.0,10.0,0.08333333333333333,0.0,0.0,0.0,2.485826388071897,4.060202947673567,5.0,481.5588457749524,6.179102873497847,PEAK2_MILD,RR
S2_B3_2@15|74_12,S2_B3_2@15,RR_P2M_2,6.0,6.0,0.0,0.0,,0.0,-0.1704278333613366,-0.3174127438096126,3.0,415.91825863520256,6.032890180126341,PEAK2_MILD,RR
S2_B3_2@15|74_13,S2_B3_2@15,RR_P2M_2,8.0,7.0,0.0,0.0,0.0,0.0,-0.2294664598353757,-0.4112264093729666,2.0,417.85164831552356,6.037516795928171,PEAK2_MILD,RR
S2_B3_2@15|74_7,S2_B3_2@15,RR_P2M_2,7.0,6.0,0.14285714285714285,0.0,0.0,0.0,-1.3468723596004701,8.79109514875115,2.0,332.41540277189324,5.8093891683254135,PEAK2_MILD,RR
S2_B3_2@15|75_10,S2_B3_2@15,RR_P2M_2,16.0,8.0,0.0625,0.0,0.0,0.0,-0.2424986446745058,-0.4424675513850281,2.0,280.178514522438,5.6389897506249245,PEAK2_MILD,RR
S2_B3_2@15|75_12,S2_B3_2@15,RR_P2M_2,9.0,6.0,0.2222222222222222,0.0,0.0,0.0,-0.12308940200724972,4.7595192572615375,2.0,328.9376840679705,5.798903800471068,PEAK2_MILD,RR
S2_B3_2@15|75_14,S2_B3_2@15,RR_P2M_2,5.0,23.0,0.0,0.0,0.0,0.0,-0.2803028680253936,-0.2022158152910845,3.0,287.14001112164317,5.6634465117313795,PEAK2_MILD,RR
S2_B3_2@15|75_15,S2_B3_2@15,RR_P2M_2,9.0,7.0,0.0,0.0,0.0,0.0,-0.7124754726056318,4.523435123127521,1.0,218.61488383050778,5.391875484344573,PEAK2_MILD,RR
S2_B3_2@15|75_8,S2_B3_2@15,RR_P2M_2,7.0,8.0,0.0,0.0,0.0,0.0,-0.2810305550631459,-0.5093828708520974,4.0,322.49030993194197,5.779169159649801,PEAK2_MILD,RR
S2_B3_2@15|76_10,S2_B3_2@15,RR_P2M_2,7.0,10.0,0.0,0.0,0.0,0.0,-0.18986680005269124,-0.3675391550579513,3.0,162.78820596099706,5.098574166146536,PEAK2_MILD,RR
S2_B3_2@15|76_11,S2_B3_2@15,RR_P2M_2,16.0,11.0,0.0,0.0,0.0,0.0,-0.23788755717984159,-0.4063945638354709,2.0,182.4828759089466,5.2121213438428144,PEAK2_MILD,RR
S2_B3_2@15|76_9,S2_B3_2@15,RR_P2M_2,9.0,17.0,0.1111111111111111,0.0,0.0,0.0,-0.20359948683596335,-0.40356239045407477,6.0,201.24611797498108,5.309485361563938,PEAK2_MILD,RR
S2_B3_2@15|77_11,S2_B3_2@15,RR_P2M_2,6.0,9.0,0.16666666666666666,0.0,0.0,0.0,-0.28856555290954106,-0.46950255912018507,1.0,120.41594578792296,4.79922221915902,PEAK2_MILD,RR
S2_B3_2@15|77_9,S2_B3_2@15,RR_P2M_2,9.0,6.0,0.0,0.0,0.0,0.0,-0.22146824673615462,,,120.41594578792296,4.79922221915902,PEAK2_MILD,RR
S2_B3_2@15|78_9,S2_B3_2@15,RR_P2M_2,9.0,6.0,0.1111111111111111,0.0,,0.0,0.07866466811559135,,,56.568542494923804,4.0529762812736765,PEAK2_MILD,RR
S2_B3_2@15|79_13,S2_B3_2@15,RR_P2M_2,5.0,9.0,0.0,0.1111111111111111,0.0,0.0,-0.2847775452079482,0.104729658986222,1.0,88.28855202590023,4.491873282866112,PEAK2_MILD,RR
S2_B3_2@15|80_12,S2_B3_2@15,RR_P2M_2,10.0,15.0,0.1,0.0,0.3333333333333333,0.0,-0.010272730585285024,0.09414842938985596,2.0,22.360679774997898,3.1510542574937324,PEAK2_MILD,RR
S2_B3_2@16|75_4,S2_B3_2@16,RR_P2M_2,5.0,8.0,0.0,0.0,0.0,0.0,3.0210407480655834,-2.279301589626892,1.0,22.360679774997898,3.1510542574937324,PEAK2_MILD,RR
S2_B3_2@16|76_4,S2_B3_2@16,RR_P2M_2,33.0,12.0,0.09090909090909091,0.0,0.0,0.0,12.464382122975508,11.860677077634206,5.0,50.0,3.9318256327243257,PEAK2_MILD,RR
S2_B3_2@16|78_5,S2_B3_2@16,RR_P2M_2,10.0,10.0,0.1,0.1,0.0,0.0,-0.111904915279254,4.935815378149094,5.0,105.32979877628004,4.6665455732157985,PEAK2_MILD,RR
S2_B3_2@16|79_5,S2_B3_2@16,RR_P2M_2,6.0,7.0,0.16666666666666666,0.0,0.0,0.0,1.2657546361251708,3.647677468048669,2.0,78.10249675906654,4.370744438865426,PEAK2_MILD,RR
S2_B3_2@19|79_7,S2_B3_2@19,RR_P2M_2,5.0,6.0,0.2,0.0,0.0,0.0,0.528469620377968,6.698910680797258,1.0,196.97715603592206,5.288151650482545,PEAK2_MILD,RR
S2_B3_2@19|80_6,S2_B3_2@19,RR_P2M_2,18.0,6.0,0.2777777777777778,0.16666666666666666,,0.05555555555555555,-1.0150416982631758,12.825319916053237,2.0,98.48857801796103,4.600042843785899,PEAK2_MILD,RR
S2_B3_2@26|83_9,S2_B3_2@26,RR_P2M_2,14.0,11.0,0.14285714285714285,0.0,0.0,0.2857142857142857,-0.35763803610231204,-0.11349510634384799,8.0,63.24555320336759,4.16271251053762,PEAK2_MILD,RR
S2_B3_2@27|80_8,S2_B3_2@27,RR_P2M_2,5.0,8.0,0.0,0.125,0.0,0.0,-0.5784695660766361,,,111.80339887498948,4.725646470480477,PEAK2_MILD,RR
S2_B3_2@27|80_9,S2_B3_2@27,RR_P2M_2,11.0,5.0,0.0,0.0,,0.0,-0.7682631584349627,14.567095880270813,1.0,43.027756377319946,3.784820261787972,PEAK2_MILD,RR
S2_B3_2@43|75_17,S2_B3_2@43,RR_P2M_2,5.0,6.0,0.0,0.5,0.125,0.0,-0.7244855335053052,0.9219356742111133,2.0,28.284271247461902,3.377050554392157,PEAK2_MILD,RR
S2_B3_2@43|76_13,S2_B3_2@43,RR_P2M_2,6.0,8.0,0.0,0.125,0.3333333333333333,0.0,0.12054616439981841,0.37054190125894537,2.0,296.98484809834997,5.697042639905187,PEAK2_MILD,RR
S2_B3_2@43|76_16,S2_B3_2@43,RR_P2M_2,6.0,16.0,0.0,0.0,0.0,0.0,0.06330526938008191,8.350607581865363,4.0,92.19544457292886,4.534698842524112,PEAK2_MILD,RR
S2_B3_2@43|77_16,S2_B3_2@43,RR_P2M_2,7.0,5.0,0.0,0.2,,0.0,-0.24997132690468954,7.713477259316517,1.0,141.4213562373095,4.9587899613095745,PEAK2_MILD,RR
S2_B3_2@43|81_14,S2_B3_2@43,RR_P2M_2,5.0,10.0,0.0,0.1,0.0,0.0,8.303301055204486,9.462364907715614,1.0,50.99019513592785,3.951055145724373,PEAK2_MILD,RR
S2_T1_0@1|16_2,S2_T1_0@1,RR_R1_2,45.0,16.0,0.17777777777777778,0.125,,0.35555555555555557,19.882940925474543,,,22.360679774997898,3.1510542574937324,REMISSION1,RR
S2_T1_1@17|43_26,S2_T1_1@17,RR_CFA_2,6.0,7.0,0.0,0.0,0.0,0.0,-0.13295026149784706,-0.31878305986181044,1.0,291.20439557122074,5.677453542226112,PLP CFA,RR
S2_T1_1@17|43_27,S2_T1_1@17,RR_CFA_2,6.0,5.0,0.0,0.0,0.0,0.0,-0.14058238569093345,-0.454634204660662,3.0,210.95023109728987,5.356351488136763,PLP CFA,RR
S2_T1_1@17|44_27,S2_T1_1@17,RR_CFA_2,16.0,5.0,0.0,0.0,0.0,0.0,-0.20489006114461955,-0.56022931340901,2.0,220.90722034374522,5.402259368137185,PLP CFA,RR
S2_T1_1@9|41_18,S2_T1_1@9,RR_CFA_2,6.0,6.0,0.0,0.0,0.0,0.0,-0.09283031109359571,-0.38860486578400577,3.0,440.5619682629566,6.09031836866118,PLP CFA,RR
S2_T1_1@9|42_18,S2_T1_1@9,RR_CFA_2,9.0,9.0,0.0,0.0,0.0,0.0,-0.1954963448660209,-0.35480050086508297,4.0,490.20097236137315,6.19685335639403,PLP CFA,RR
S2_T1_1@9|42_19,S2_T1_1@9,RR_CFA_2,7.0,11.0,0.0,0.0,0.0,0.0,-0.10345947718267784,-0.3705228199582349,4.0,544.5581919891516,6.301809476007343,PLP CFA,RR
S2_T2_2@10|59_17,S2_T2_2@10,RR_R1_2,20.0,5.0,0.0,0.0,0.0,0.0,2.4652346596431403,3.086582779973734,5.0,56.568542494923804,4.0529762812736765,REMISSION1,RR
S2_T2_2@12|70_17,S2_T2_2@12,RR_R1_2,5.0,7.0,0.0,0.14285714285714285,0.0,0.0,3.4735956730235626,3.372534678998197,1.0,12.071067811865476,2.570401223753042,REMISSION1,RR
S2_T2_2@12|70_18,S2_T2_2@12,RR_R1_2,12.0,9.0,0.0,0.1111111111111111,0.0,0.0,-0.1224030051889802,4.03229993853471,4.0,80.62257748298549,4.402105908540379,REMISSION1,RR
S2_T2_2@12|70_21,S2_T2_2@12,RR_R1_2,6.0,5.0,0.0,0.0,0.0,0.0,-0.1942092027837317,,,200.24984394500788,5.30454714086984,REMISSION1,RR
S2_T2_2@12|71_20,S2_T2_2@12,RR_R1_2,9.0,9.0,0.2222222222222222,0.0,0.0,0.4444444444444444,0.8146052491405,4.783224408783542,1.0,104.62887976860826,4.6599318165398715,REMISSION1,RR
S2_T2_2@12|71_21,S2_T2_2@12,RR_R1_2,16.0,7.0,0.0,0.0,,0.0625,0.31071348033636115,1.5397325090112257,1.0,114.0175425099138,4.745084660294132,REMISSION1,RR
S2_T2_2@12|71_22,S2_T2_2@12,RR_R1_2,6.0,14.0,0.3333333333333333,0.07142857142857142,0.0,0.16666666666666666,-0.16749053615875642,1.1957525744574808,2.0,158.41847692189964,5.07153267508323,REMISSION1,RR
S2_T2_2@13|59_18,S2_T2_2@13,RR_R1_2,5.0,5.0,0.0,0.0,,0.0,2.6403430747110255,2.0292511951030208,2.0,184.39088914585773,5.222466510316163,REMISSION1,RR
S2_T2_2@14|56_24,S2_T2_2@14,RR_R1_2,13.0,8.0,0.07692307692307693,0.125,0.0,0.38461538461538464,-0.01630694698155702,1.4156222383926682,3.0,80.62257748298549,4.402105908540379,REMISSION1,RR
S2_T2_2@14|56_25,S2_T2_2@14,RR_R1_2,7.0,7.0,0.0,0.0,0.0,0.0,-1.3660599757203618,4.44725281053125,1.0,68.02332604808639,4.234444506136222,REMISSION1,RR
S2_T2_2@15|65_20,S2_T2_2@15,RR_R1_2,11.0,10.0,0.0,0.0,0.0,0.0,-0.398907918114762,-0.6698234845778761,6.0,465.2956049652737,6.144819778432678,REMISSION1,RR
S2_T2_2@19|58_23,S2_T2_2@19,RR_R1_2,5.0,8.0,0.2,0.0,0.0,0.0,0.1353742414073658,0.9249571618874435,1.0,280.713376952364,5.640890160273742,REMISSION1,RR
S2_T2_2@23|72_25,S2_T2_2@23,RR_R1_2,21.0,18.0,0.0,0.0,0.0,0.047619047619047616,3.610830861438004,3.8483369579819637,9.0,20.0,3.044522437723423,REMISSION1,RR
S2_T2_2@23|72_26,S2_T2_2@23,RR_R1_2,32.0,29.0,0.0,0.034482758620689655,,0.0,12.999439014512134,10.218755212083646,9.0,22.360679774997898,3.1510542574937324,REMISSION1,RR
S2_T2_2@26|66_32,S2_T2_2@26,RR_R1_2,5.0,6.0,0.0,0.0,0.25,0.0,6.111988286108203,4.892958902260967,1.0,14.142135623730951,2.7174812964321107,REMISSION1,RR
S2_T2_2@26|67_28,S2_T2_2@26,RR_R1_2,10.0,9.0,0.0,0.0,0.0,0.1,0.23513837029859175,3.6683391882200507,3.0,240.41630560342614,5.486522852378269,REMISSION1,RR
S2_T2_2@26|67_29,S2_T2_2@26,RR_R1_2,5.0,7.0,0.0,0.14285714285714285,0.0,0.0,-0.4382511292709731,3.8927098460509266,1.0,201.838588849812,5.31241053394054,REMISSION1,RR
S2_T2_2@26|68_28,S2_T2_2@26,RR_R1_2,6.0,8.0,0.16666666666666666,0.0,0.0,0.0,0.12491384497701212,,,176.91806012954132,5.1813231079538875,REMISSION1,RR
S2_T2_2@26|70_28,S2_T2_2@26,RR_R1_2,14.0,23.0,0.07142857142857142,0.13043478260869565,0.09090909090909091,0.0,4.7151505676130006,4.938697820911191,6.0,22.360679774997898,3.1510542574937324,REMISSION1,RR
S2_T2_2@27|57_29,S2_T2_2@27,RR_R1_2,18.0,7.0,0.05555555555555555,0.14285714285714285,0.2,0.0,3.905697549380827,3.7244233116151646,2.0,22.360679774997898,3.1510542574937324,REMISSION1,RR
S2_T2_2@28|63_30,S2_T2_2@28,RR_R1_2,5.0,7.0,0.0,0.0,0.0,0.0,-0.1712173639411481,0.9422178402587629,2.0,277.308492477241,5.628730183615091,REMISSION1,RR
S2_T2_2@28|64_29,S2_T2_2@28,RR_R1_2,8.0,6.0,0.0,0.0,0.0,0.0,-0.24075314695145128,-0.41090214943549735,1.0,315.03743127317114,5.755860659967974,REMISSION1,RR
S2_T2_2@28|64_30,S2_T2_2@28,RR_R1_2,9.0,9.0,0.0,0.0,0.0,0.0,-0.27783972747727426,-0.4578678231553187,1.0,253.66978248105926,5.539967735296835,REMISSION1,RR
S2_T2_2@29|58_30,S2_T2_2@29,RR_R1_2,17.0,17.0,0.23529411764705882,0.17647058823529413,0.0,0.0,7.367552989664171,14.491711097471065,2.0,14.142135623730951,2.7174812964321107,REMISSION1,RR
S2_T2_2@29|60_31,S2_T2_2@29,RR_R1_2,19.0,13.0,0.10526315789473684,0.15384615384615385,0.0,0.10526315789473684,3.2517466744388868,5.04644880993398,2.0,57.439030721688404,4.067984000873775,REMISSION1,RR
S2_T2_2@5|64_15,S2_T2_2@5,RR_R1_2,15.0,13.0,0.13333333333333333,0.15384615384615385,0.0,0.0,-0.5512233274949192,1.8149683413618984,5.0,22.360679774997898,3.1510542574937324,REMISSION1,RR
S2_T2_2@6|60_16,S2_T2_2@6,RR_R1_2,6.0,8.0,0.0,0.25,0.0,0.0,-0.16091370835577112,0.31092111116156196,3.0,82.06287471474641,4.4195978477017706,REMISSION1,RR
S2_T2_2@7|65_16,S2_T2_2@7,RR_R1_2,11.0,7.0,0.0,0.2857142857142857,0.0,0.0,0.8640674491439464,4.2580321316507375,3.0,52.420921603636444,3.9782024595666288,REMISSION1,RR
S2_T2_2@9|69_17,S2_T2_2@9,RR_R1_2,5.0,5.0,0.0,0.0,,0.0,2.8338114595722232,3.3224750615409313,1.0,50.0,3.9318256327243257,REMISSION1,RR
S2_T3_0@10|12_2,S2_T3_0@10,RR_P3_1,5.0,6.0,0.2,0.16666666666666666,0.0,0.0,-0.20605050958185667,-0.15980583366420897,1.0,222.03603311174518,5.407333341867658,PEAK3,RR
S2_T3_0@11|11_4,S2_T3_0@11,RR_P3_1,10.0,8.0,0.1,0.0,0.0,0.0,-0.2175472432162983,-0.4954778307939682,4.0,353.527930165713,5.870787130360044,PEAK3,RR
S2_T3_0@12|18_5,S2_T3_0@12,RR_P3_1,8.0,8.0,0.125,0.0,0.0,0.0,-0.2624020744097149,0.26860137726950645,4.0,181.92658064002882,5.209084873651328,PEAK3,RR
S2_T3_0@12|18_7,S2_T3_0@12,RR_P3_1,8.0,7.0,0.25,0.0,,0.125,-0.19398775426059783,0.016188895201854604,1.0,187.88294228055935,5.24112747016842,PEAK3,RR
S2_T3_0@17|13_11,S2_T3_0@17,RR_P3_1,15.0,11.0,0.0,0.0,0.0,0.0,-0.21950802663407917,-0.43354926809027744,1.0,358.53511402943855,5.884811847021116,PEAK3,RR
S2_T3_0@18|14_12,S2_T3_0@18,RR_P3_1,6.0,8.0,0.0,0.0,0.0,0.0,0.2503741600391608,-0.07445424429565478,2.0,241.03798771912136,5.489094687883506,PEAK3,RR
S2_T3_0@18|15_12,S2_T3_0@18,RR_P3_1,8.0,11.0,0.0,0.0,0.0,0.0,0.06953136414059156,-0.48273947320410504,1.0,221.35943621178654,5.404295154607088,PEAK3,RR
S2_T3_0@19|8_12,S2_T3_0@19,RR_P3_1,18.0,35.0,0.0,0.05714285714285714,0.0,0.0,3.7291779336111217,0.04892963321779231,6.0,28.284271247461902,3.377050554392157,PEAK3,RR
S2_T3_0@19|9_13,S2_T3_0@19,RR_P3_1,10.0,23.0,0.0,0.043478260869565216,0.125,0.0,4.593919286871504,2.0305920484282476,4.0,36.05551275463989,3.6124171329715926,PEAK3,RR
S2_T3_0@1|11_0,S2_T3_0@1,RR_P3_1,10.0,11.0,0.1,0.09090909090909091,0.1,0.0,0.14885363393933634,,,41.23105625617661,3.743155880619243,PEAK3,RR
S2_T3_0@1|13_1,S2_T3_0@1,RR_P3_1,8.0,7.0,0.125,0.14285714285714285,0.0,0.0,1.0861880725426152,1.437732684132976,2.0,130.0,4.875197323201151,PEAK3,RR
S2_T3_0@1|5_4,S2_T3_0@1,RR_P3_1,17.0,28.0,0.11764705882352941,0.21428571428571427,0.0,0.0,3.211132751111787,-0.9193897550183331,1.0,31.622776601683796,3.485010713180571,PEAK3,RR
S2_T3_0@1|5_7,S2_T3_0@1,RR_P3_1,21.0,26.0,0.23809523809523808,0.0,0.07142857142857142,0.0,2.1861403153281582,,,30.0,3.4339872044851463,PEAK3,RR
S2_T3_0@1|5_8,S2_T3_0@1,RR_P3_1,8.0,14.0,0.0,0.0,0.125,0.0,1.8430255372753621,,,22.360679774997898,3.1510542574937324,PEAK3,RR
S2_T3_0@1|6_2,S2_T3_0@1,RR_P3_1,19.0,6.0,0.3684210526315789,0.0,,0.3684210526315789,8.10258587007426,4.832324019009157,3.0,22.360679774997898,3.1510542574937324,PEAK3,RR
S2_T3_0@1|6_5,S2_T3_0@1,RR_P3_1,10.0,5.0,0.2,0.0,,0.0,-0.06829826472494084,,,177.2004514666935,5.1829090485166285,PEAK3,RR
S2_T3_0@1|6_7,S2_T3_0@1,RR_P3_1,9.0,6.0,0.0,0.0,0.0,0.0,0.34428647894728653,1.5658095747424647,3.0,120.41594578792296,4.79922221915902,PEAK3,RR
S2_T3_0@1|6_9,S2_T3_0@1,RR_P3_1,22.0,8.0,0.045454545454545456,0.0,0.0,0.0,4.019717773549888,5.782567385399694,3.0,20.0,3.044522437723423,PEAK3,RR
S2_T3_0@1|8_4,S2_T3_0@1,RR_P3_1,9.0,8.0,0.0,0.0,0.0,0.0,0.10224764792138612,2.037351413959515,4.0,272.9468812791236,5.612934223649222,PEAK3,RR
S2_T3_0@1|8_8,S2_T3_0@1,RR_P3_1,8.0,6.0,0.375,0.0,0.0,0.0,-0.27523051379984675,,,229.345240920172,5.439579230956528,PEAK3,RR
S2_T3_0@20|18_12,S2_T3_0@20,RR_P3_1,8.0,18.0,0.0,0.0,0.0,0.625,1.6638145730315228,,1.0,71.41085181396727,4.282356175092996,PEAK3,RR
S2_T3_0@20|18_13,S2_T3_0@20,RR_P3_1,26.0,10.0,0.3076923076923077,0.0,0.0,0.3076923076923077,4.89717859905144,1.2091160145460744,5.0,22.360679774997898,3.1510542574937324,PEAK3,RR
S2_T3_0@20|19_12,S2_T3_0@20,RR_P3_1,15.0,24.0,0.13333333333333333,0.041666666666666664,0.0,0.3333333333333333,3.745709607050844,3.1211024347314567,7.0,22.360679774997898,3.1510542574937324,PEAK3,RR
S2_T3_0@23|15_14,S2_T3_0@23,RR_P3_1,33.0,24.0,0.12121212121212122,0.0,0.0,0.06060606060606061,7.488910343891902,3.370921009334579,5.0,30.0,3.4339872044851463,PEAK3,RR
S2_T3_0@7|20_2,S2_T3_0@7,RR_P3_1,12.0,10.0,0.08333333333333333,0.0,,0.0,-0.38803593410428305,-0.3330750645785137,3.0,28.284271247461902,3.377050554392157,PEAK3,RR
S2_T3_1@16|62_20,S2_T3_1@16,RR_P3_1,7.0,7.0,0.0,0.0,0.0,0.0,-0.20769331264554758,-0.4893786217578773,2.0,423.98395583382745,6.052051417232601,PEAK3,RR
S2_T3_1@16|63_21,S2_T3_1@16,RR_P3_1,5.0,5.0,0.0,0.0,0.0,0.0,-0.1311544740740803,-0.270665682629964,5.0,530.1882346972145,6.2751164493800715,PEAK3,RR
S2_T3_1@16|64_19,S2_T3_1@16,RR_P3_1,5.0,5.0,0.0,0.0,0.0,0.0,-0.12652061805419357,-0.12851177468963587,2.0,400.62420143874135,5.995516829108472,PEAK3,RR
S2_T3_1@16|64_20,S2_T3_1@16,RR_P3_1,5.0,9.0,0.0,0.0,0.14285714285714285,0.0,-0.1684071419508293,-0.4834933744207859,4.0,438.6892772862904,6.086068289458413,PEAK3,RR
S2_T3_1@20|61_21,S2_T3_1@20,RR_P3_1,5.0,6.0,0.0,0.0,0.0,0.0,-0.32599207920780965,-0.4094222093990345,2.0,337.34255586866,5.824058861161369,PEAK3,RR
S2_T3_1@20|61_22,S2_T3_1@20,RR_P3_1,5.0,8.0,0.0,0.0,0.0,0.0,-0.19029792875323204,-0.02253260408530433,2.0,322.49030993194197,5.779169159649801,PEAK3,RR
S2_T3_1@23|78_23,S2_T3_1@23,RR_P3_1,8.0,6.0,0.125,0.16666666666666666,0.0,0.0,-0.21558119165247053,2.2245826492554275,1.0,134.53624047073708,4.909239061908028,PEAK3,RR
S2_T3_1@24|79_23,S2_T3_1@24,RR_P3_1,10.0,6.0,0.0,0.0,,0.0,0.707703640043049,7.244219158614168,2.0,50.495097567963924,3.941486610283494,PEAK3,RR
S2_T3_1@25|62_24,S2_T3_1@25,RR_P3_1,10.0,8.0,0.0,0.0,0.0,0.0,-0.23865333212079803,-0.5135196525021626,2.0,365.62391868188445,5.904336577908702,PEAK3,RR
S2_T3_1@29|58_25,S2_T3_1@29,RR_P3_1,16.0,9.0,0.3125,0.0,0.0,0.125,0.8454276055355567,5.592299044672624,1.0,10.0,2.3978952727983707,PEAK3,RR
S2_T3_1@29|60_26,S2_T3_1@29,RR_P3_1,9.0,5.0,0.1111111111111111,0.0,,0.0,-0.13816813853616167,,,194.164878389476,5.273844731506895,PEAK3,RR
S2_T3_1@29|60_28,S2_T3_1@29,RR_P3_1,5.0,10.0,0.0,0.1,0.0,0.2,0.08341561179579372,1.1941693546423502,2.0,121.65525060596438,4.809377579457692,PEAK3,RR
S2_T3_1@29|61_30,S2_T3_1@29,RR_P3_1,8.0,11.0,0.125,0.0,0.0,1.0,-0.6626960610435042,,,141.4213562373095,4.9587899613095745,PEAK3,RR
S2_T3_1@29|62_29,S2_T3_1@29,RR_P3_1,5.0,8.0,0.0,0.0,0.0,0.0,0.28022088171756493,1.2635775470763109,3.0,261.72504656604804,5.571108034994191,PEAK3,RR
S2_T3_1@2|59_24,S2_T3_1@2,RR_P3_1,5.0,9.0,0.2,0.1111111111111111,0.0,0.0,0.13707631815575722,3.5213285092406146,1.0,91.09772228646443,4.522850212081012,PEAK3,RR
S2_T3_1@2|60_16,S2_T3_1@2,RR_P3_1,18.0,9.0,0.2222222222222222,0.0,,0.1111111111111111,-2.1048894601014387,0.42596669593063097,1.0,14.142135623730951,2.7174812964321107,PEAK3,RR
S2_T3_1@2|65_16,S2_T3_1@2,RR_P3_1,9.0,7.0,0.0,0.0,0.0,0.0,-0.26316937397714046,0.9839436675642579,2.0,41.23105625617661,3.743155880619243,PEAK3,RR
S2_T3_1@2|66_18,S2_T3_1@2,RR_P3_1,5.0,7.0,0.0,0.14285714285714285,0.0,0.2,-0.09207118682325477,,,230.10864433221337,5.4428879217396435,PEAK3,RR
S2_T3_1@2|67_20,S2_T3_1@2,RR_P3_1,7.0,12.0,0.14285714285714285,0.0,0.0,0.8571428571428571,0.2964226448802576,0.4290164856901048,2.0,462.709412050371,6.139258088906258,PEAK3,RR
S2_T3_1@2|70_17,S2_T3_1@2,RR_P3_1,8.0,5.0,0.125,0.0,0.0,0.0,-0.057806977720378565,3.8636705431474083,4.0,92.19544457292886,4.534698842524112,PEAK3,RR
S2_T3_1@2|72_19,S2_T3_1@2,RR_P3_1,7.0,5.0,0.0,0.0,0.0,0.0,-0.3083299130145068,-0.02561322555370622,2.0,201.24228365658294,5.309466402709332,PEAK3,RR
S2_T3_1@2|74_19,S2_T3_1@2,RR_P3_1,5.0,8.0,0.0,0.0,0.0,0.0,0.25045752627626455,1.2918709335270995,4.0,84.85281374238569,4.452634361906983,PEAK3,RR
S2_T3_1@2|75_19,S2_T3_1@2,RR_P3_1,11.0,7.0,0.0,0.0,0.0,0.0,5.765389924458371,1.4865219231861626,5.0,26.991728188340847,3.331909044684605,PEAK3,RR
S2_T3_1@30|70_25,S2_T3_1@30,RR_P3_1,9.0,12.0,0.0,0.0,0.0,0.0,-0.27846191693429806,-0.19494268525475245,6.0,809.9382692526635,6.698191934390592,PEAK3,RR
S2_T3_1@31|62_26,S2_T3_1@31,RR_P3_1,7.0,8.0,0.0,0.0,0.0,0.0,-0.21896933525415124,-0.4358415648331708,3.0,361.38621999185307,5.8927105491408405,PEAK3,RR
S2_T3_1@34|71_26,S2_T3_1@34,RR_P3_1,18.0,18.0,0.05555555555555555,0.0,0.0,0.0,-0.3798474957572815,-0.4920202740231913,4.0,819.2064879227134,6.709556123098234,PEAK3,RR
S2_T3_1@35|78_31,S2_T3_1@35,RR_P3_1,8.0,15.0,0.0,0.06666666666666667,0.0,0.0,0.5435251972258491,-0.051496137509661394,1.0,76.15773105863909,4.34585178193694,PEAK3,RR
S2_T3_1@35|78_32,S2_T3_1@35,RR_P3_1,32.0,22.0,0.1875,0.0,0.0,0.125,1.6445070689644115,1.8167960620150265,4.0,50.495097567963924,3.941486610283494,PEAK3,RR
S2_T3_1@35|78_33,S2_T3_1@35,RR_P3_1,41.0,22.0,0.12195121951219512,0.09090909090909091,0.14285714285714285,0.0,5.742217389421427,3.9915993034078925,4.0,22.360679774997898,3.1510542574937324,PEAK3,RR
S2_T3_1@35|79_27,S2_T3_1@35,RR_P3_1,9.0,10.0,0.1111111111111111,0.1,0.25,0.5555555555555556,0.004053336622103531,-0.4507323383398564,3.0,80.62257748298549,4.402105908540379,PEAK3,RR
S2_T3_1@35|79_29,S2_T3_1@35,RR_P3_1,5.0,6.0,0.2,0.0,,0.2,0.005116328924009393,3.5169198385974614,2.0,76.15773105863909,4.34585178193694,PEAK3,RR
S2_T3_1@36|66_32,S2_T3_1@36,RR_P3_1,5.0,5.0,0.0,0.0,0.0,0.0,-0.25435274513961936,,,265.21281170846805,5.584296032933874,PEAK3,RR
S2_T3_1@36|66_33,S2_T3_1@36,RR_P3_1,8.0,13.0,0.0,0.0,0.0,0.0,-0.2706369858715695,-0.3210595049136313,2.0,220.2271554554524,5.399190026378419,PEAK3,RR
S2_T3_1@36|67_30,S2_T3_1@36,RR_P3_1,5.0,7.0,0.0,0.0,0.0,0.0,-0.284686611931653,,,507.04933449521064,6.230578558011164,PEAK3,RR
S2_T3_1@36|67_32,S2_T3_1@36,RR_P3_1,15.0,32.0,0.0,0.0,0.0,0.0,0.04068800208723092,0.2967519206012125,11.0,354.682957019364,5.874039763888492,PEAK3,RR
S2_T3_1@36|67_33,S2_T3_1@36,RR_P3_1,16.0,5.0,0.0,0.0,0.0,0.0,-0.10483774696888679,-0.46293312059501396,3.0,254.95097567963924,5.544985924889447,PEAK3,RR
S2_T3_1@36|68_28,S2_T3_1@36,RR_P3_1,16.0,21.0,0.0,0.0,0.0,0.0,-0.6070774049119874,1.8886401478354176,5.0,701.78344238091,6.55504879653187,PEAK3,RR
S2_T3_1@36|68_29,S2_T3_1@36,RR_P3_1,8.0,18.0,0.0,0.0,0.0,0.0,-0.6416559151476093,-0.4109344356488809,3.0,622.3343101139897,6.4350829882070855,PEAK3,RR
S2_T3_1@36|68_33,S2_T3_1@36,RR_P3_1,13.0,16.0,0.0,0.0,0.0,0.0,0.3830811818487864,1.095805729171918,5.0,282.31188426986205,5.64654835537371,PEAK3,RR
S2_T3_1@36|69_34,S2_T3_1@36,RR_P3_1,8.0,7.0,0.125,0.0,0.0,0.25,-0.4384229566587259,2.278551678202233,1.0,223.60679774997897,5.414351307874737,PEAK3,RR
S2_T3_1@36|71_27,S2_T3_1@36,RR_P3_1,13.0,11.0,0.0,0.0,0.0,0.0,-0.3007263186601098,0.575337044777557,3.0,892.3843719852866,6.795016916024126,PEAK3,RR
S2_T3_1@36|73_29,S2_T3_1@36,RR_P3_1,8.0,8.0,0.0,0.0,0.0,0.0,-0.307112399760351,2.0394109469984274,3.0,632.8804310851376,6.451860342148109,PEAK3,RR
S2_T3_1@36|74_29,S2_T3_1@36,RR_P3_1,8.0,6.0,0.125,0.0,0.0,0.0,-0.27601512898364927,-0.251955293663653,3.0,548.6779171757507,6.3093325015578605,PEAK3,RR
S2_T3_1@36|74_30,S2_T3_1@36,RR_P3_1,5.0,11.0,0.0,0.0,0.0,0.0,-0.36049866097438477,-0.5333410453195504,3.0,497.1371280716902,6.210875396694389,PEAK3,RR
S2_T3_1@36|74_31,S2_T3_1@36,RR_P3_1,11.0,10.0,0.0,0.0,0.0,0.0,0.2267506873576288,6.873322365740818,2.0,446.87805943008664,6.10452100659277,PEAK3,RR
S2_T3_1@36|74_33,S2_T3_1@36,RR_P3_1,11.0,11.0,0.0,0.0,0.0,0.09090909090909091,0.857953532048534,5.661933545617739,3.0,268.1131532235835,5.595131935109815,PEAK3,RR
S2_T3_1@36|75_30,S2_T3_1@36,RR_P3_1,12.0,8.0,0.0,0.0,0.0,0.0,-0.19077841660497943,-0.11571178664861152,2.0,438.11827889923677,6.084768804802446,PEAK3,RR
S2_T3_1@36|75_32,S2_T3_1@36,RR_P3_1,7.0,12.0,0.0,0.0,0.0,0.0,-0.1942299468924486,1.6476451436540929,1.0,318.9043743820395,5.768022121079047,PEAK3,RR
S2_T3_1@36|75_34,S2_T3_1@36,RR_P3_1,17.0,23.0,0.0,0.0,0.0,0.0,-0.7444779259521405,3.119813305094777,1.0,143.17821063276352,4.971050108251365,PEAK3,RR
S2_T3_1@36|76_34,S2_T3_1@36,RR_P3_1,25.0,27.0,0.04,0.037037037037037035,0.0,0.0,1.6083477258831387,0.7314742944002948,7.0,92.19544457292886,4.534698842524112,PEAK3,RR
S2_T3_1@36|76_35,S2_T3_1@36,RR_P3_1,26.0,9.0,0.11538461538461539,0.1111111111111111,,0.0,4.911848114984702,5.096405605895959,7.0,14.142135623730951,2.7174812964321107,PEAK3,RR
S2_T3_1@36|77_34,S2_T3_1@36,RR_P3_1,29.0,28.0,0.20689655172413793,0.07142857142857142,0.05263157894736842,0.0,8.944864029101403,4.851391201804652,7.0,31.622776601683796,3.485010713180571,PEAK3,RR
S2_T3_1@38|64_27,S2_T3_1@38,RR_P3_1,7.0,5.0,0.14285714285714285,0.0,0.0,0.0,-0.2492229521316447,-0.35885093838571375,2.0,531.8146307611485,6.278173578986447,PEAK3,RR
S2_T3_1@42|65_30,S2_T3_1@42,RR_P3_1,10.0,9.0,0.0,0.0,0.0,0.0,-0.14252486521187158,-0.15301263488493674,3.0,394.4616584663204,5.980053838048923,PEAK3,RR
S2_T3_1@46|64_33,S2_T3_1@46,RR_P3_1,26.0,25.0,0.07692307692307693,0.04,0.0,0.11538461538461539,2.346232663387815,0.5594854522389976,5.0,53.85164807134504,4.004632233149422,PEAK3,RR
S2_T3_1@46|65_34,S2_T3_1@46,RR_P3_1,30.0,26.0,0.03333333333333333,0.0,0.0,0.2,7.174529813270608,2.7768972864935444,12.0,56.568542494923804,4.0529762812736765,PEAK3,RR
S2_T3_1@46|65_35,S2_T3_1@46,RR_P3_1,20.0,20.0,0.05,0.05,0.0,0.15,11.52641691114227,4.621268450331892,7.0,28.284271247461902,3.377050554392157,PEAK3,RR
S2_T3_1@54|68_36,S2_T3_1@54,RR_P3_1,41.0,12.0,0.17073170731707318,0.0,,0.0,3.743128180175775,2.6226281244633247,4.0,20.0,3.044522437723423,PEAK3,RR
S2_T3_1@54|69_36,S2_T3_1@54,RR_P3_1,5.0,14.0,0.2,0.14285714285714285,0.0,0.0,3.2758694457841018,3.492254622159903,4.0,28.284271247461902,3.377050554392157,PEAK3,RR
S3_B1_0@17|2_10,S3_B1_0@17,RR_OS2_2,41.0,23.0,0.0975609756097561,0.0,0.0,0.0,1.9115871343887398,0.3968469859037877,16.0,28.284271247461902,3.377050554392157,ONSET2,RR
S3_B1_0@17|2_11,S3_B1_0@17,RR_OS2_2,18.0,28.0,0.05555555555555555,0.0,0.0,0.0,0.5421585264395938,-0.16704242367941072,9.0,30.0,3.4339872044851463,ONSET2,RR
S3_B1_0@23|2_16,S3_B1_0@23,RR_OS2_2,10.0,5.0,0.0,0.2,0.0,0.0,1.195461419164221,0.32543589954428,2.0,10.0,2.3978952727983707,ONSET2,RR
S3_B1_0@30|3_20,S3_B1_0@30,RR_OS2_2,21.0,7.0,0.14285714285714285,0.0,,0.047619047619047616,0.0751617465177497,-0.2680140890875385,3.0,17.071067811865476,2.8943121959332228,ONSET2,RR
S3_B1_0@30|3_21,S3_B1_0@30,RR_OS2_2,20.0,8.0,0.2,0.0,,0.0,0.15553315656486824,0.015087354152969953,1.0,10.0,2.3978952727983707,ONSET2,RR
S3_B1_0@30|4_21,S3_B1_0@30,RR_OS2_2,8.0,16.0,0.0,0.0,0.0,0.0,0.5374550225210837,-0.6296413871903073,3.0,47.3606797749979,3.8786870822027604,ONSET2,RR
S3_B1_0@30|4_22,S3_B1_0@30,RR_OS2_2,48.0,12.0,0.020833333333333332,0.0,0.0,0.0,0.8914515092705554,-0.24327823842200644,4.0,36.05551275463989,3.6124171329715926,ONSET2,RR
S3_B1_0@30|5_23,S3_B1_0@30,RR_OS2_2,23.0,11.0,0.043478260869565216,0.0,0.0,0.0,0.6121216756156922,0.05908534628599377,3.0,28.284271247461902,3.377050554392157,ONSET2,RR
S3_B1_0@34|8_19,S3_B1_0@34,RR_OS2_2,5.0,6.0,0.0,0.0,0.0,0.0,-0.20854108119293435,,,370.0,5.916202062607435,ONSET2,RR
S3_B1_0@35|6_23,S3_B1_0@35,RR_OS2_2,11.0,12.0,0.09090909090909091,0.0,0.0,0.0,-0.18026542097820297,-0.3032246686006025,6.0,28.284271247461902,3.377050554392157,ONSET2,RR
S3_B1_0@35|7_24,S3_B1_0@35,RR_OS2_2,16.0,11.0,0.25,0.0,,0.0,1.3487824107161819,0.7022977859803518,4.0,10.0,2.3978952727983707,ONSET2,RR
S3_B1_0@36|12_25,S3_B1_0@36,RR_OS2_2,12.0,14.0,0.16666666666666666,0.07142857142857142,,0.4166666666666667,3.0025307967340003,,,10.0,2.3978952727983707,ONSET2,RR
S3_B1_1@5|40_15,S3_B1_1@5,RR_P1_2,11.0,6.0,0.18181818181818182,0.16666666666666666,,0.5454545454545454,-0.5992870928097309,,,14.142135623730951,2.7174812964321107,PEAK1,RR
S3_B1_1@5|41_16,S3_B1_1@5,RR_P1_2,13.0,16.0,0.0,0.0,0.0,0.15384615384615385,0.8234648427458109,3.9308029131235513,2.0,64.03124237432849,4.174867806332253,PEAK1,RR
S3_B1_1@5|41_17,S3_B1_1@5,RR_P1_2,15.0,21.0,0.0,0.0,0.0,0.0,-0.6792486548301526,-0.8233689340072583,3.0,144.39020420918695,4.979421191503782,PEAK1,RR
S3_B1_1@5|42_15,S3_B1_1@5,RR_P1_2,14.0,9.0,0.07142857142857142,0.0,0.0,0.2857142857142857,2.9043459256548285,2.1686049790324575,5.0,14.142135623730951,2.7174812964321107,PEAK1,RR
S3_B1_1@5|42_16,S3_B1_1@5,RR_P1_2,10.0,6.0,0.0,0.0,0.0,0.0,0.9445239478607506,,,62.036589253174895,4.143715339599484,PEAK1,RR
S3_B1_1@5|47_14,S3_B1_1@5,RR_P1_2,15.0,17.0,0.13333333333333333,0.0,0.0,0.0,0.8468734796979798,,,29.14213562373095,3.4059240474807915,PEAK1,RR
S3_B1_1@5|51_15,S3_B1_1@5,RR_P1_2,13.0,5.0,0.23076923076923078,0.0,,0.07692307692307693,2.3085319363218835,,,41.23105625617661,3.743155880619243,PEAK1,RR
S3_B1_1@5|52_15,S3_B1_1@5,RR_P1_2,19.0,21.0,0.3684210526315789,0.09523809523809523,0.0,0.631578947368421,2.728013781975941,,,29.14213562373095,3.4059240474807915,PEAK1,RR
S3_B1_1@5|54_16,S3_B1_1@5,RR_P1_2,7.0,23.0,0.14285714285714285,0.13043478260869565,0.058823529411764705,0.7142857142857143,1.7597950227218226,,,51.92582403567252,3.9688913867754403,PEAK1,RR
S3_B1_1@5|56_17,S3_B1_1@5,RR_P1_2,31.0,8.0,0.41935483870967744,0.125,,0.8709677419354839,-0.25284728583786864,,,22.360679774997898,3.1510542574937324,PEAK1,RR
S3_B1_2@7|73_31,S3_B1_2@7,RR_P3_2,19.0,8.0,0.10526315789473684,0.125,0.0,0.3684210526315789,0.4694138814193858,,,36.05551275463989,3.6124171329715926,PEAK3,RR
S3_B1_2@7|75_20,S3_B1_2@7,RR_P3_2,6.0,10.0,0.0,0.0,0.0,0.0,0.8572477604719291,,,92.71109059321279,4.540216545027811,PEAK3,RR
S3_B1_2@7|75_26,S3_B1_2@7,RR_P3_2,24.0,20.0,0.125,0.1,0.0,0.625,5.090744463663161,,,77.13011390885282,4.3583755639475985,PEAK3,RR
S3_B1_2@7|75_27,S3_B1_2@7,RR_P3_2,21.0,14.0,0.09523809523809523,0.0,0.1111111111111111,0.0,0.8537320218256355,,,67.0820393249937,4.220713438648939,PEAK3,RR
S3_B1_2@7|75_28,S3_B1_2@7,RR_P3_2,7.0,17.0,0.0,0.0,0.08333333333333333,0.0,1.7536539619880576,,,25.3224755112299,3.2704231564123165,PEAK3,RR
S3_B1_2@7|76_22,S3_B1_2@7,RR_P3_2,12.0,9.0,0.08333333333333333,0.0,0.0,0.0,0.23571016420687013,,,50.0,3.9318256327243257,PEAK3,RR
S3_B1_2@7|76_24,S3_B1_2@7,RR_P3_2,9.0,6.0,0.1111111111111111,0.0,0.0,0.0,0.3126210501476138,,,50.0,3.9318256327243257,PEAK3,RR
S3_B1_2@7|76_25,S3_B1_2@7,RR_P3_2,9.0,11.0,0.0,0.0,0.07692307692307693,0.0,0.17672959524736737,,,47.3606797749979,3.8786870822027604,PEAK3,RR
S3_B2_0@10|10_12,S3_B2_0@10,RR_OS2_2,12.0,5.0,0.16666666666666666,0.0,0.0,0.25,-0.04605315843899169,-0.5158735887346877,1.0,243.51591323771842,5.499280391613846,ONSET2,RR
S3_B2_0@10|10_13,S3_B2_0@10,RR_OS2_2,8.0,10.0,0.0,0.0,0.0,0.0,-0.24735158870906104,-0.5166200747917475,3.0,193.64847877387786,5.271195258839067,ONSET2,RR
S3_B2_0@10|10_14,S3_B2_0@10,RR_OS2_2,13.0,11.0,0.0,0.0,0.5,0.0,-0.23030564585387336,-0.5347912115333564,5.0,183.43688252740216,5.217307304828505,ONSET2,RR
S3_B2_0@10|10_15,S3_B2_0@10,RR_OS2_2,12.0,8.0,0.0,0.0,0.0,0.0,-0.23179408401386237,-0.5973271953135166,3.0,181.10770276274835,5.204598285469647,ONSET2,RR
S3_B2_0@10|11_10,S3_B2_0@10,RR_OS2_2,7.0,8.0,0.0,0.0,,0.0,-0.30616007846032695,-0.5572149681483193,1.0,262.48809496813374,5.574008186574163,ONSET2,RR
S3_B2_0@10|11_7,S3_B2_0@10,RR_OS2_2,6.0,5.0,0.0,0.0,0.0,0.0,-0.23907176766648608,-0.6154568772090393,1.0,110.0,4.709530201312334,ONSET2,RR
S3_B2_0@10|12_12,S3_B2_0@10,RR_OS2_2,5.0,8.0,0.0,0.0,,0.0,-0.7905200955338264,-0.7110463827270217,2.0,78.10249675906654,4.370744438865426,ONSET2,RR
S3_B2_0@10|12_14,S3_B2_0@10,RR_OS2_2,10.0,5.0,0.0,0.0,,0.0,-0.2265257586807947,-0.5896254233021528,3.0,14.142135623730951,2.7174812964321107,ONSET2,RR
S3_B2_0@10|6_14,S3_B2_0@10,RR_OS2_2,10.0,9.0,0.0,0.0,0.0,0.0,-0.13885852033739352,-0.5700133950033845,1.0,70.71067811865476,4.272639664252711,ONSET2,RR
S3_B2_0@10|9_14,S3_B2_0@10,RR_OS2_2,12.0,10.0,0.0,0.0,,0.0,-0.1751023690490578,-0.5223551461832578,1.0,243.90132157024289,5.5008553603104176,ONSET2,RR
S3_B2_0@19|3_8,S3_B2_0@19,RR_OS2_2,22.0,6.0,0.22727272727272727,0.0,,0.0,0.12702715151618318,0.7119145233303744,2.0,12.071067811865476,2.570401223753042,ONSET2,RR
S3_B2_0@19|3_9,S3_B2_0@19,RR_OS2_2,6.0,8.0,0.16666666666666666,0.0,0.0,0.0,0.9416860824951294,1.4316229462007148,3.0,58.309518948453004,4.08276981501776,ONSET2,RR
S3_B2_0@20|6_11,S3_B2_0@20,RR_OS2_2,10.0,6.0,0.0,0.0,,0.0,-0.23908814158083092,-0.18005634091076966,3.0,58.2842712474619,4.0823440304748955,ONSET2,RR
S3_B2_0@20|7_12,S3_B2_0@20,RR_OS2_2,6.0,7.0,0.16666666666666666,0.0,0.0,0.0,-0.2982430997708304,,3.0,189.73665961010278,5.250893731205672,ONSET2,RR
S3_B2_0@20|7_9,S3_B2_0@20,RR_OS2_2,13.0,6.0,0.07692307692307693,0.0,0.0,0.0,-0.16376478634404296,,,50.0,3.9318256327243257,ONSET2,RR
S3_B2_0@20|8_10,S3_B2_0@20,RR_OS2_2,10.0,11.0,0.1,0.0,0.0,0.0,-0.19921408929202258,-0.4050432957130921,5.0,150.0,5.017279836814924,ONSET2,RR
S3_B2_0@20|8_9,S3_B2_0@20,RR_OS2_2,5.0,11.0,0.0,0.0,0.0,0.0,-0.18985152768668168,-0.5582802433912126,1.0,121.03277807866851,4.804289681423161,ONSET2,RR
S3_B2_0@22|2_10,S3_B2_0@22,RR_OS2_2,14.0,8.0,0.07142857142857142,0.0,0.0,0.0,-0.2179066844882073,0.5139919204745161,3.0,71.41085181396727,4.282356175092996,ONSET2,RR
S3_B2_0@22|3_11,S3_B2_0@22,RR_OS2_2,9.0,14.0,0.2222222222222222,0.0,0.0,0.0,-0.2320300298765695,-0.8120898115106927,2.0,165.52945357246847,5.115172192108977,ONSET2,RR
S3_B2_0@22|4_13,S3_B2_0@22,RR_OS2_2,5.0,5.0,0.0,0.0,0.0,0.0,-0.23871672198823812,-0.5572777686168564,1.0,107.37985014242975,4.6856421874319905,ONSET2,RR
S3_B2_0@6|7_5,S3_B2_0@6,RR_OS2_2,9.0,6.0,0.0,0.0,0.0,0.0,-0.12188536558757398,-0.48152498406174493,2.0,41.23105625617661,3.743155880619243,ONSET2,RR
S3_B2_0@6|9_5,S3_B2_0@6,RR_OS2_2,6.0,6.0,0.0,0.0,0.0,0.0,-0.1793499607114824,0.56234531912037,1.0,29.95352392457285,3.4324868512783744,ONSET2,RR
S3_B2_1@14|27_15,S3_B2_1@14,RR_OS2_2,8.0,8.0,0.0,0.0,0.0,0.0,-0.10372828083013858,0.24148732476653156,2.0,61.622776601683796,4.137129055408443,ONSET2,RR
S3_B2_1@14|29_15,S3_B2_1@14,RR_OS2_2,17.0,14.0,0.17647058823529413,0.0,0.0,0.0,0.017345374645513462,-0.16229115783727482,3.0,22.360679774997898,3.1510542574937324,ONSET2,RR
S3_B2_1@17|31_17,S3_B2_1@17,RR_OS2_2,5.0,27.0,0.4,0.1111111111111111,0.07692307692307693,0.2,4.091710469031634,4.367742707736451,2.0,28.284271247461902,3.377050554392157,ONSET2,RR
S3_B2_1@19|28_17,S3_B2_1@19,RR_OS2_2,8.0,11.0,0.0,0.09090909090909091,0.0,0.0,-0.3816457220668923,,,212.13203435596427,5.361911853268888,ONSET2,RR
S3_B2_1@19|28_18,S3_B2_1@19,RR_OS2_2,5.0,6.0,0.0,0.0,0.0,0.0,-0.0950799560975254,-0.527621258227664,2.0,270.1851217221259,5.602801693654711,ONSET2,RR
S3_B2_1@26|27_25,S3_B2_1@26,RR_OS2_2,9.0,7.0,0.0,0.0,0.0,0.0,-0.2976599695031624,-0.5689935424755858,3.0,249.91801279862216,5.5251262435360236,ONSET2,RR
S3_B2_1@26|30_19,S3_B2_1@26,RR_OS2_2,7.0,5.0,0.0,0.0,0.0,0.0,-0.09805437049854653,,,211.04793302858752,5.356812348306893,ONSET2,RR
S3_B2_1@26|30_28,S3_B2_1@26,RR_OS2_2,28.0,6.0,0.14285714285714285,0.16666666666666666,,0.14285714285714285,-0.3666395795539303,,,28.284271247461902,3.377050554392157,ONSET2,RR
S3_B2_1@26|32_18,S3_B2_1@26,RR_OS2_2,10.0,16.0,0.0,0.0,0.0,0.0,3.5498652759453955,,,21.18033988749895,3.0992063058579626,ONSET2,RR
S3_B2_1@26|32_19,S3_B2_1@26,RR_OS2_2,16.0,7.0,0.0625,0.14285714285714285,,0.0,2.2678022743316935,1.3406164629259605,5.0,28.284271247461902,3.377050554392157,ONSET2,RR
S3_B2_1@26|32_20,S3_B2_1@26,RR_OS2_2,18.0,16.0,0.0,0.0625,0.0,0.0,-0.6467194810411694,-0.8816593357066871,5.0,99.24428900898052,4.607610097072503,ONSET2,RR
S3_B2_1@26|32_23,S3_B2_1@26,RR_OS2_2,5.0,7.0,0.0,0.14285714285714285,0.0,0.0,-0.2772480845903446,-0.53500489561384,3.0,112.2355763408932,4.729470395023697,ONSET2,RR
S3_B2_1@26|32_25,S3_B2_1@26,RR_OS2_2,21.0,10.0,0.09523809523809523,0.3,,0.047619047619047616,1.0444509437380367,,,30.0,3.4339872044851463,ONSET2,RR
S3_B2_1@26|33_20,S3_B2_1@26,RR_OS2_2,11.0,17.0,0.0,0.11764705882352941,0.0,0.0,0.12662946906218206,1.6909718144726709,4.0,21.18033988749895,3.0992063058579626,ONSET2,RR
S3_B2_1@26|33_21,S3_B2_1@26,RR_OS2_2,40.0,6.0,0.175,0.16666666666666666,,0.0,2.6544199601624174,2.3101861002113577,3.0,20.0,3.044522437723423,ONSET2,RR
S3_B2_1@26|33_24,S3_B2_1@26,RR_OS2_2,11.0,5.0,0.2727272727272727,0.0,0.0,0.0,5.699907018648794,9.70310382866023,1.0,10.0,2.3978952727983707,ONSET2,RR
S3_B2_1@31|31_21,S3_B2_1@31,RR_OS2_2,9.0,6.0,0.0,0.0,0.0,0.0,-0.13227390634795338,-1.0375801186051914,1.0,210.0,5.351858133476067,ONSET2,RR
S3_B2_1@31|31_22,S3_B2_1@31,RR_OS2_2,12.0,10.0,0.0,0.0,,0.0,-0.38747822340382254,-0.5642816718807209,3.0,231.40809885358397,5.448494873138125,ONSET2,RR
S3_B2_1@34|28_25,S3_B2_1@34,RR_OS2_2,7.0,6.0,0.0,0.0,,0.0,-0.4390403525763062,-0.5736474349308285,2.0,350.0,5.860786223465865,ONSET2,RR
S3_B2_1@36|23_24,S3_B2_1@36,RR_OS2_2,8.0,5.0,0.0,0.0,0.0,0.0,-0.248856416933009,-0.6623257045291,1.0,28.284271247461902,3.377050554392157,ONSET2,RR
S3_B2_2@1|58_25,S3_B2_2@1,RR_P1_2,8.0,5.0,0.25,0.0,0.14285714285714285,0.0,0.9524894996653732,,,14.142135623730951,2.7174812964321107,PEAK1,RR
S3_B2_2@1|73_30,S3_B2_2@1,RR_P1_2,15.0,5.0,0.2,0.0,,0.0,2.538878873595331,,,38.643284505408246,3.679921564389673,PEAK1,RR
S3_B2_2@1|74_30,S3_B2_2@1,RR_P1_2,14.0,16.0,0.0,0.0625,0.0,0.0,1.5890710568361235,,,22.360679774997898,3.1510542574937324,PEAK1,RR
S3_B3_0@8|10_6,S3_B3_0@8,RR_P1_2,20.0,12.0,0.25,0.16666666666666666,0.14285714285714285,0.45,0.42828936923510785,,,28.284271247461902,3.377050554392157,PEAK1,RR
S3_B3_0@8|11_6,S3_B3_0@8,RR_P1_2,22.0,9.0,0.18181818181818182,0.1111111111111111,0.0,0.13636363636363635,0.5259400827752394,,,53.85164807134504,4.004632233149422,PEAK1,RR
S3_B3_0@8|12_6,S3_B3_0@8,RR_P1_2,8.0,21.0,0.0,0.0,0.0,0.0,2.3201055235439347,,,50.0,3.9318256327243257,PEAK1,RR
S3_B3_0@8|16_6,S3_B3_0@8,RR_P1_2,8.0,7.0,0.0,0.14285714285714285,,0.0,0.4104923608229569,,,22.360679774997898,3.1510542574937324,PEAK1,RR
S3_B3_0@8|19_7,S3_B3_0@8,RR_P1_2,13.0,7.0,0.07692307692307693,0.0,,0.0,2.83245706852675,,,28.284271247461902,3.377050554392157,PEAK1,RR
S3_B3_0@8|20_8,S3_B3_0@8,RR_P1_2,6.0,5.0,0.16666666666666666,0.0,0.0,0.0,0.7369397316252877,,,14.142135623730951,2.7174812964321107,PEAK1,RR
S3_B3_0@8|22_11,S3_B3_0@8,RR_P1_2,8.0,15.0,0.25,0.06666666666666667,0.0,0.25,0.27047028964662145,3.171169154526795,1.0,22.360679774997898,3.1510542574937324,PEAK1,RR
S3_B3_0@8|6_11,S3_B3_0@8,RR_P1_2,9.0,5.0,0.0,0.2,,0.0,0.31876283162321717,,,21.18033988749895,3.0992063058579626,PEAK1,RR
S3_B3_0@8|6_13,S3_B3_0@8,RR_P1_2,16.0,10.0,0.125,0.2,0.0,0.125,1.8194537085698257,,,28.284271247461902,3.377050554392157,PEAK1,RR
S3_B3_0@8|6_17,S3_B3_0@8,RR_P1_2,30.0,5.0,0.43333333333333335,0.2,,0.3333333333333333,1.8571926873465134,,,14.142135623730951,2.7174812964321107,PEAK1,RR
S3_B3_0@8|7_9,S3_B3_0@8,RR_P1_2,16.0,5.0,0.3125,0.0,,0.0,0.0479737329028662,,,22.360679774997898,3.1510542574937324,PEAK1,RR
S3_B3_0@8|8_21,S3_B3_0@8,RR_P1_2,33.0,9.0,0.2727272727272727,0.1111111111111111,,0.30303030303030304,1.018631881193716,1.3134634413615671,3.0,21.18033988749895,3.0992063058579626,PEAK1,RR
S3_B3_1@1|42_31,S3_B3_1@1,RR_P3_2,11.0,6.0,0.0,0.0,0.0,0.0,-0.2233721443706666,-0.5300617828113264,2.0,349.2849839314596,5.858747062974234,PEAK3,RR
S3_B3_1@1|43_30,S3_B3_1@1,RR_P3_2,7.0,8.0,0.0,0.0,0.0,0.0,-0.2582195261606974,-0.3751850620588399,2.0,450.111097397076,6.111713644858988,PEAK3,RR
S3_B3_1@1|43_33,S3_B3_1@1,RR_P3_2,12.0,17.0,0.08333333333333333,0.058823529411764705,0.0,0.0,-0.2710334156350242,-0.4057277282765016,2.0,166.43316977093238,5.120584285206658,PEAK3,RR
S3_B3_1@1|44_14,S3_B3_1@1,RR_P3_2,8.0,6.0,0.125,0.0,0.0,0.5,0.05942490234611307,-0.30162756646478167,1.0,14.142135623730951,2.7174812964321107,PEAK3,RR
S3_B3_1@1|44_33,S3_B3_1@1,RR_P3_2,6.0,9.0,0.0,0.0,0.0,0.0,-0.2693302633238737,,,180.27756377319946,5.200029358162469,PEAK3,RR
S3_B3_1@1|45_30,S3_B3_1@1,RR_P3_2,6.0,5.0,0.0,0.0,,0.0,-0.2135612245312598,-0.44402685013817256,2.0,400.1249804748511,5.994273050754049,PEAK3,RR
S3_B3_1@1|46_31,S3_B3_1@1,RR_P3_2,8.0,5.0,0.0,0.0,0.0,0.0,-0.23727959441320778,-0.4467940700814701,2.0,353.41194094144583,5.870459911564687,PEAK3,RR
S3_B3_1@1|47_28,S3_B3_1@1,RR_P3_2,5.0,16.0,0.0,0.0,0.0,0.4,-0.3175834527527274,,,355.10561809129405,5.875227366882937,PEAK3,RR
S3_B3_1@1|47_30,S3_B3_1@1,RR_P3_2,6.0,5.0,0.0,0.0,0.0,0.0,-0.2794866033954765,-0.5851103451496058,1.0,284.60498941515414,5.654609700253848,PEAK3,RR
S3_B3_1@1|47_31,S3_B3_1@1,RR_P3_2,5.0,6.0,0.0,0.0,0.0,0.0,-0.2392140037746636,-0.5294328042621805,3.0,263.0589287593181,5.576172293234972,PEAK3,RR
S3_B3_1@1|48_27,S3_B3_1@1,RR_P3_2,15.0,7.0,0.0,0.0,,0.0,-0.5823063381082305,-0.22748216234634688,3.0,262.39198766268305,5.573643369950097,PEAK3,RR
S3_B3_1@1|48_28,S3_B3_1@1,RR_P3_2,6.0,12.0,0.0,0.0,0.0,0.0,-0.5353161612561431,3.8073319722887633,1.0,225.56225450408598,5.4230197614802345,PEAK3,RR
S3_B3_1@1|49_28,S3_B3_1@1,RR_P3_2,9.0,13.0,0.0,0.07692307692307693,0.0,0.0,-0.3799080311544837,,1.0,153.2846032334079,5.038798969772074,PEAK3,RR
S3_B3_1@1|50_29,S3_B3_1@1,RR_P3_2,21.0,9.0,0.047619047619047616,0.0,0.0,0.0,0.5808341768550798,1.5137573524530292,10.0,30.0,3.4339872044851463,PEAK3,RR
S3_B3_1@1|50_30,S3_B3_1@1,RR_P3_2,32.0,10.0,0.09375,0.0,0.0,0.0,0.1702836460197476,1.318397684613998,5.0,31.622776601683796,3.485010713180571,PEAK3,RR
S3_B3_1@1|51_23,S3_B3_1@1,RR_P3_2,18.0,7.0,0.2222222222222222,0.2857142857142857,,0.3333333333333333,4.0299847920310485,3.367977801499116,1.0,10.0,2.3978952727983707,PEAK3,RR
S3_B3_1@25|49_32,S3_B3_1@25,RR_P3_2,16.0,18.0,0.125,0.0,0.0,0.0,0.49184356207660407,0.832020231820244,6.0,56.568542494923804,4.0529762812736765,PEAK3,RR
S3_B3_1@25|49_33,S3_B3_1@25,RR_P3_2,19.0,5.0,0.0,0.0,,0.0,-0.9400701305138164,-0.346221704922559,8.0,29.95352392457285,3.4324868512783744,PEAK3,RR
S3_B3_2@1|63_22,S3_B3_2@1,RR_P3_2,48.0,9.0,0.3541666666666667,0.2222222222222222,,0.041666666666666664,3.990061842277928,-0.6890721742685993,3.0,20.0,3.044522437723423,PEAK3,RR
S3_T1_1@10|33_16,S3_T1_1@10,RR_MP_3,14.0,14.0,0.0,0.07142857142857142,0.0,0.0,2.6613194702503815,,,28.284271247461902,3.377050554392157,MONOPHASIC,RR
S3_T1_1@10|33_17,S3_T1_1@10,RR_MP_3,10.0,18.0,0.3,0.1111111111111111,0.0,0.0,5.794779316962729,7.57792921837195,2.0,47.3606797749979,3.8786870822027604,MONOPHASIC,RR
S3_T1_1@10|34_15,S3_T1_1@10,RR_MP_3,7.0,10.0,0.0,0.0,0.0,0.0,6.303544253944519,9.930264269912316,3.0,22.360679774997898,3.1510542574937324,MONOPHASIC,RR
S3_T1_1@11|39_16,S3_T1_1@11,RR_MP_3,8.0,9.0,0.125,0.0,0.0,0.0,0.09583904732779809,0.051663942271992835,3.0,534.8831648126533,6.283916161214764,MONOPHASIC,RR
S3_T1_1@11|39_17,S3_T1_1@11,RR_MP_3,10.0,6.0,0.0,0.0,0.0,0.0,-0.035427620205109825,-0.17545401445857947,2.0,585.5681161619212,6.374288801438319,MONOPHASIC,RR
S3_T1_1@12|47_19,S3_T1_1@12,RR_MP_3,7.0,5.0,0.0,0.0,0.0,0.0,0.2415504542067624,11.225878697086639,2.0,78.36696539454051,4.374082228713556,MONOPHASIC,RR
S3_T1_1@12|48_17,S3_T1_1@12,RR_MP_3,9.0,6.0,0.0,0.0,0.0,0.0,1.9328996344101537,5.396672362742099,3.0,50.0,3.9318256327243257,MONOPHASIC,RR
S3_T1_1@15|44_25,S3_T1_1@15,RR_MP_3,24.0,8.0,0.25,0.0,0.0,0.0,11.47218406410538,12.900947416663929,5.0,22.360679774997898,3.1510542574937324,MONOPHASIC,RR
S3_T1_1@19|38_26,S3_T1_1@19,RR_MP_3,6.0,9.0,0.3333333333333333,0.1111111111111111,0.0,0.0,2.593506930997029,5.289499069176834,1.0,14.142135623730951,2.7174812964321107,MONOPHASIC,RR
S3_T1_1@1|40_10,S3_T1_1@1,RR_MP_3,14.0,13.0,0.14285714285714285,0.3076923076923077,0.0,0.0,3.259307745374404,6.645012434893536,7.0,40.0,3.713572066704308,MONOPHASIC,RR
S3_T1_1@1|40_9,S3_T1_1@1,RR_MP_3,22.0,8.0,0.3181818181818182,0.0,0.0,0.0,0.2580024146569514,,,14.142135623730951,2.7174812964321107,MONOPHASIC,RR
S3_T1_1@1|41_10,S3_T1_1@1,RR_MP_3,12.0,7.0,0.0,0.14285714285714285,0.0,0.0,1.8592790273304294,7.74369905351571,3.0,50.99019513592785,3.951055145724373,MONOPHASIC,RR
S3_T1_1@20|42_26,S3_T1_1@20,RR_MP_3,20.0,9.0,0.0,0.1111111111111111,0.25,0.0,7.6644826152717,9.877177929397433,6.0,28.284271247461902,3.377050554392157,MONOPHASIC,RR
S3_T1_1@2|44_10,S3_T1_1@2,RR_MP_3,12.0,6.0,0.0,0.16666666666666666,,0.0,4.174541465053261,6.607191584451552,4.0,12.071067811865476,2.570401223753042,MONOPHASIC,RR
S3_T1_1@2|47_12,S3_T1_1@2,RR_MP_3,14.0,6.0,0.07142857142857142,0.3333333333333333,,0.0,5.659551986017183,11.486125407431643,2.0,12.071067811865476,2.570401223753042,MONOPHASIC,RR
S3_T1_1@3|36_11,S3_T1_1@3,RR_MP_3,35.0,13.0,0.34285714285714286,0.0,0.0,0.4857142857142857,1.2298759492597282,-0.18565810730584098,2.0,30.0,3.4339872044851463,MONOPHASIC,RR
S3_T1_1@3|36_12,S3_T1_1@3,RR_MP_3,15.0,11.0,0.0,0.0,0.0,0.06666666666666667,5.217290897251142,5.352909716559172,5.0,74.40658743886064,4.322894637760813,MONOPHASIC,RR
S3_T1_1@3|37_11,S3_T1_1@3,RR_MP_3,22.0,15.0,0.045454545454545456,0.06666666666666667,0.0,0.0,-0.29952511157816986,3.6697814397509605,8.0,22.360679774997898,3.1510542574937324,MONOPHASIC,RR
S3_T1_1@8|48_14,S3_T1_1@8,RR_MP_3,13.0,8.0,0.07692307692307693,0.0,0.0,0.0,5.695719240151888,8.545788188019811,5.0,36.05551275463989,3.6124171329715926,MONOPHASIC,RR
S3_T1_2@11|67_9,S3_T1_2@11,RR_R2LONG_1,5.0,7.0,0.0,0.0,0.0,0.0,6.462132984246933,4.969319845307768,1.0,188.27603826639842,5.243206469465798,REMISSION2_LONG,RR
S3_T1_2@18|65_11,S3_T1_2@18,RR_R2LONG_1,9.0,18.0,0.2222222222222222,0.05555555555555555,0.0,0.1111111111111111,0.3365353155236189,-1.3671355554698326,1.0,58.309518948453004,4.08276981501776,REMISSION2_LONG,RR
S3_T1_2@18|65_12,S3_T1_2@18,RR_R2LONG_1,28.0,23.0,0.07142857142857142,0.043478260869565216,0.0,0.0,1.4027935406346113,,,72.11102550927978,4.291979183142695,REMISSION2_LONG,RR
S3_T1_2@18|66_10,S3_T1_2@18,RR_R2LONG_1,6.0,11.0,0.0,0.0,,0.0,4.23007606148202,-2.214197011514349,3.0,150.33296378372907,5.019482467412519,REMISSION2_LONG,RR
S3_T1_2@18|66_12,S3_T1_2@18,RR_R2LONG_1,11.0,10.0,0.0,0.0,0.0,0.0,3.6070371516580084,3.2022341547468,2.0,138.92443989449805,4.941102561871417,REMISSION2_LONG,RR
S3_T1_2@18|67_12,S3_T1_2@18,RR_R2LONG_1,5.0,8.0,0.0,0.0,0.0,0.0,1.8495177342648748,0.21077087598173574,3.0,222.03603311174518,5.407333341867658,REMISSION2_LONG,RR
S3_T1_2@19|80_12,S3_T1_2@19,RR_R2LONG_1,6.0,13.0,0.0,0.15384615384615385,0.14285714285714285,0.0,-5.9725128451092875,9.516830534419318,1.0,20.0,3.044522437723423,REMISSION2_LONG,RR
S3_T1_2@35|73_19,S3_T1_2@35,RR_R2LONG_1,5.0,6.0,0.2,0.0,0.0,0.0,1.429913540446958,13.196749251797474,1.0,92.19544457292886,4.534698842524112,REMISSION2_LONG,RR
S3_T1_2@3|72_3,S3_T1_2@3,RR_R2LONG_1,5.0,11.0,0.0,0.0,0.1111111111111111,0.0,8.499964114477514,12.01809561575571,1.0,36.05551275463989,3.6124171329715926,REMISSION2_LONG,RR
S3_T1_2@3|72_4,S3_T1_2@3,RR_R2LONG_1,7.0,5.0,0.0,0.0,,0.0,-0.6382873208585915,0.9696713598473183,2.0,121.86040338165071,4.811048778993054,REMISSION2_LONG,RR
S3_T1_2@3|73_2,S3_T1_2@3,RR_R2LONG_1,22.0,6.0,0.22727272727272727,0.0,0.0,0.0,-2.502174286524098,4.52258285123956,3.0,14.142135623730951,2.7174812964321107,REMISSION2_LONG,RR
S3_T1_2@5|79_3,S3_T1_2@5,RR_R2LONG_1,5.0,12.0,0.0,0.0,0.125,0.0,13.168864478824215,9.404908723386521,1.0,31.622776601683796,3.485010713180571,REMISSION2_LONG,RR
S3_T1_2@5|80_5,S3_T1_2@5,RR_R2LONG_1,16.0,8.0,0.0625,0.0,,0.0,13.19900126641805,13.87063505159321,6.0,82.7376956126856,4.427689241854176,REMISSION2_LONG,RR
S3_T1_2@8|67_6,S3_T1_2@8,RR_R2LONG_1,7.0,9.0,0.0,0.0,0.0,0.0,10.146215983402902,2.684155839098213,4.0,86.02325267042627,4.466175355017631,REMISSION2_LONG,RR
S3_T1_2@8|68_5,S3_T1_2@8,RR_R2LONG_1,25.0,7.0,0.04,0.0,,0.0,4.747724510955362,-3.443944351948798,9.0,28.284271247461902,3.377050554392157,REMISSION2_LONG,RR
S3_T2_0@10|3_21,S3_T2_0@10,RR_R2LONG_1,14.0,21.0,0.14285714285714285,0.0,0.0,0.0,0.9471219545141617,,,28.284271247461902,3.377050554392157,REMISSION2_LONG,RR
S3_T2_0@10|4_21,S3_T2_0@10,RR_R2LONG_1,14.0,11.0,0.07142857142857142,0.0,0.0,0.14285714285714285,8.142974892243279,4.233094753309821,5.0,72.80109889280519,4.301373621641981,REMISSION2_LONG,RR
S3_T2_0@12|8_20,S3_T2_0@12,RR_R2LONG_1,11.0,7.0,0.18181818181818182,0.0,0.0,0.0,-0.3590068829876505,0.8822008489713953,3.0,386.01570669571197,5.958465277983235,REMISSION2_LONG,RR
S3_T2_0@17|3_24,S3_T2_0@17,RR_R2LONG_1,15.0,11.0,0.4,0.0,0.0,0.0,0.606983489161165,4.661268297524387,1.0,25.3224755112299,3.2704231564123165,REMISSION2_LONG,RR
S3_T2_0@17|4_22,S3_T2_0@17,RR_R2LONG_1,20.0,17.0,0.25,0.11764705882352941,0.1111111111111111,0.05,6.083507355194608,4.969775175420201,2.0,64.03124237432849,4.174867806332253,REMISSION2_LONG,RR
S3_T2_0@17|4_23,S3_T2_0@17,RR_R2LONG_1,16.0,11.0,0.0625,0.2727272727272727,0.0,0.0625,3.691327956155042,2.927918682031839,2.0,22.360679774997898,3.1510542574937324,REMISSION2_LONG,RR
S3_T2_0@17|4_26,S3_T2_0@17,RR_R2LONG_1,12.0,8.0,0.25,0.125,0.0,0.0,10.660901296380796,,,21.18033988749895,3.0992063058579626,REMISSION2_LONG,RR
S3_T2_0@17|5_22,S3_T2_0@17,RR_R2LONG_1,7.0,6.0,0.0,0.16666666666666666,0.0,0.0,-0.18912272085992657,2.5935694656877977,1.0,169.70562748477138,5.139940596361686,REMISSION2_LONG,RR
S3_T2_0@17|8_28,S3_T2_0@17,RR_R2LONG_1,8.0,7.0,0.0,0.0,0.0,0.0,1.7147213644739339,0.26072762398208343,3.0,31.622776601683796,3.485010713180571,REMISSION2_LONG,RR
S3_T2_0@18|12_22,S3_T2_0@18,RR_R2LONG_1,7.0,10.0,0.0,0.0,0.0,0.0,-0.17524257674272042,-0.3835144355700386,2.0,611.310068623117,6.417238802286512,REMISSION2_LONG,RR
S3_T2_0@18|12_23,S3_T2_0@18,RR_R2LONG_1,8.0,6.0,0.0,0.0,,0.0,-0.16164401590439065,-0.3455122672723901,3.0,517.2464827284007,6.25045096446874,REMISSION2_LONG,RR
S3_T2_0@18|13_23,S3_T2_0@18,RR_R2LONG_1,5.0,10.0,0.0,0.0,0.0,0.0,-0.12651490524571532,-0.2684351228593571,2.0,552.268050859363,6.315842605347602,REMISSION2_LONG,RR
S3_T2_0@1|14_12,S3_T2_0@1,RR_R2LONG_1,18.0,7.0,0.1111111111111111,0.0,0.0,0.0,11.7131756862958,7.803539222032086,4.0,42.426406871192846,3.771067709327022,REMISSION2_LONG,RR
S3_T2_0@1|14_13,S3_T2_0@1,RR_R2LONG_1,11.0,6.0,0.0,0.0,,0.0,0.2774222034161989,4.268138484354629,4.0,161.24515496597098,5.089108493603487,REMISSION2_LONG,RR
S3_T2_0@1|15_12,S3_T2_0@1,RR_R2LONG_1,8.0,14.0,0.0,0.0,0.0,0.0,7.698231998132806,4.137385667942028,7.0,41.23105625617661,3.743155880619243,REMISSION2_LONG,RR
S3_T2_0@1|16_13,S3_T2_0@1,RR_R2LONG_1,8.0,6.0,0.0,0.0,0.0,0.0,-0.2593161143054224,3.380993847002157,2.0,170.0,5.14166355650266,REMISSION2_LONG,RR
S3_T2_0@1|17_12,S3_T2_0@1,RR_R2LONG_1,12.0,5.0,0.08333333333333333,0.0,,0.08333333333333333,7.1818649048193155,-1.3600473631020864,5.0,53.85164807134504,4.004632233149422,REMISSION2_LONG,RR
S3_T2_0@1|18_12,S3_T2_0@1,RR_R2LONG_1,17.0,22.0,0.0,0.09090909090909091,0.0,0.0,6.425068176356078,7.460615708450309,6.0,53.85164807134504,4.004632233149422,REMISSION2_LONG,RR
S3_T2_0@1|18_13,S3_T2_0@1,RR_R2LONG_1,7.0,6.0,0.0,0.0,0.0,0.0,0.13828773426386723,8.657487521405221,2.0,155.56349186104046,5.053461626499295,REMISSION2_LONG,RR
S3_T2_0@1|19_12,S3_T2_0@1,RR_R2LONG_1,8.0,22.0,0.0,0.0,0.0,0.0,9.52651143873764,6.0789335181410005,8.0,38.643284505408246,3.679921564389673,REMISSION2_LONG,RR
S3_T2_0@1|19_13,S3_T2_0@1,RR_R2LONG_1,14.0,5.0,0.14285714285714285,0.0,,0.0,11.882212309711601,5.554552497056779,5.0,64.03124237432849,4.174867806332253,REMISSION2_LONG,RR
S3_T2_0@1|20_13,S3_T2_0@1,RR_R2LONG_1,21.0,30.0,0.09523809523809523,0.26666666666666666,0.0,0.0,-1.15231144966458,11.14172250068042,3.0,36.05551275463989,3.6124171329715926,REMISSION2_LONG,RR
S3_T2_0@21|17_24,S3_T2_0@21,RR_R2LONG_1,5.0,8.0,0.0,0.0,0.0,0.0,0.31198527899468526,,,325.7299494980466,5.789133987187843,REMISSION2_LONG,RR
S3_T2_0@21|18_24,S3_T2_0@21,RR_R2LONG_1,6.0,5.0,0.0,0.2,1.0,0.0,-0.5264840692869944,1.1937581725169384,4.0,277.8488797889961,5.630669985574476,REMISSION2_LONG,RR
S3_T2_0@21|18_27,S3_T2_0@21,RR_R2LONG_1,11.0,12.0,0.0,0.16666666666666666,0.0,0.0,3.2177766566383292,4.754931857554999,6.0,50.0,3.9318256327243257,REMISSION2_LONG,RR
S3_T2_0@21|19_25,S3_T2_0@21,RR_R2LONG_1,5.0,13.0,0.2,0.0,0.1111111111111111,0.0,1.9764770241619247,3.3438278460929185,5.0,122.85779332466981,4.8191340794677116,REMISSION2_LONG,RR
S3_T2_0@21|19_26,S3_T2_0@21,RR_R2LONG_1,17.0,7.0,0.058823529411764705,0.0,0.0,0.0,0.9669137741503901,3.6849283038814855,1.0,90.55385138137417,4.516927338847066,REMISSION2_LONG,RR
S3_T2_0@21|19_27,S3_T2_0@21,RR_R2LONG_1,16.0,7.0,0.0,0.0,0.0,0.0,1.6617143439622823,,,10.0,2.3978952727983707,REMISSION2_LONG,RR
S3_T2_0@22|20_25,S3_T2_0@22,RR_R2LONG_1,27.0,18.0,0.1111111111111111,0.16666666666666666,0.0,0.0,3.754062103163809,3.843189106135034,2.0,28.284271247461902,3.377050554392157,REMISSION2_LONG,RR
S3_T2_0@2|10_13,S3_T2_0@2,RR_R2LONG_1,13.0,9.0,0.0,0.2222222222222222,0.0,0.0,1.5135828944901661,3.477451714090093,6.0,43.57388321059432,3.797148109270325,REMISSION2_LONG,RR
S3_T2_0@2|11_12,S3_T2_0@2,RR_R2LONG_1,27.0,33.0,0.037037037037037035,0.09090909090909091,0.16666666666666666,0.0,9.99056805397512,5.815847605011512,22.0,60.0,4.110873864173311,REMISSION2_LONG,RR
S3_T2_0@2|12_12,S3_T2_0@2,RR_R2LONG_1,18.0,19.0,0.1111111111111111,0.05263157894736842,0.0,0.0,8.250029433720997,7.51202588181885,6.0,42.426406871192846,3.771067709327022,REMISSION2_LONG,RR
S3_T2_0@2|9_13,S3_T2_0@2,RR_R2LONG_1,7.0,10.0,0.0,0.2,0.0,0.0,0.2379163193593398,,,28.284271247461902,3.377050554392157,REMISSION2_LONG,RR
S3_T2_0@2|9_14,S3_T2_0@2,RR_R2LONG_1,6.0,12.0,0.0,0.3333333333333333,0.2,0.0,-0.35173455491337974,5.015036828103696,4.0,53.2842712474619,3.9942345210282064,REMISSION2_LONG,RR
S3_T2_0@6|21_15,S3_T2_0@6,RR_R2LONG_1,17.0,5.0,0.11764705882352941,0.0,0.0,0.0,21.854009806656872,10.862308218873984,2.0,14.142135623730951,2.7174812964321107,REMISSION2_LONG,RR
S3_T2_0@6|21_18,S3_T2_0@6,RR_R2LONG_1,7.0,11.0,0.0,0.0,0.0,0.0,1.0250538152185107,5.582620090851285,6.0,90.0,4.51085950651685,REMISSION2_LONG,RR
S3_T2_0@6|22_16,S3_T2_0@6,RR_R2LONG_1,19.0,8.0,0.05263157894736842,0.0,,0.0,-2.5504124930231096,,,14.142135623730951,2.7174812964321107,REMISSION2_LONG,RR
S3_T2_0@6|22_17,S3_T2_0@6,RR_R2LONG_1,40.0,22.0,0.175,0.0,0.0,0.0,6.546522528916064,1.7163171083126705,1.0,38.027756377319946,3.6642730949724527,REMISSION2_LONG,RR
S3_T2_0@6|22_18,S3_T2_0@6,RR_R2LONG_1,14.0,17.0,0.5,0.0,0.0,0.0,8.250549840791805,,,50.99019513592785,3.951055145724373,REMISSION2_LONG,RR
S3_T2_0@7|13_16,S3_T2_0@7,RR_R2LONG_1,7.0,5.0,0.0,0.0,,0.0,-0.1657804252574584,-0.5226213000558982,1.0,440.0,6.089044875446846,REMISSION2_LONG,RR
S3_T2_0@7|14_16,S3_T2_0@7,RR_R2LONG_1,7.0,7.0,0.0,0.0,0.0,0.0,-0.1355018540080224,-0.4124257788210956,1.0,466.1001530812119,6.146543695234859,REMISSION2_LONG,RR
S3_T2_0@8|7_18,S3_T2_0@8,RR_R2LONG_1,5.0,5.0,0.0,0.0,0.0,0.0,-0.6342222528141054,7.551566334511826,1.0,151.44498878246714,5.026803801673705,REMISSION2_LONG,RR
S3_T2_1@12|44_20,S3_T2_1@12,RR_MP_3,5.0,8.0,0.0,0.0,0.0,0.0,-0.19223236092578236,-0.3705366288801492,3.0,313.8470965295043,5.752087113134265,MONOPHASIC,RR
S3_T2_1@1|44_18,S3_T2_1@1,RR_MP_3,11.0,5.0,0.0,0.0,,0.0,-0.4777358230953174,,,156.8386874347297,5.061573545883595,MONOPHASIC,RR
S3_T2_1@20|48_22,S3_T2_1@20,RR_MP_3,7.0,7.0,0.0,0.0,0.0,0.0,-0.19980755644583148,-0.3891985469993938,3.0,393.76384257746633,5.978287719214954,MONOPHASIC,RR
S3_T2_1@20|49_22,S3_T2_1@20,RR_MP_3,6.0,9.0,0.0,0.2222222222222222,0.0,0.0,-0.19612556221811064,-0.4294818942282195,4.0,357.77087639996637,5.882683957436394,MONOPHASIC,RR
S3_T2_1@23|53_23,S3_T2_1@23,RR_MP_3,17.0,14.0,0.0,0.0,,0.0,5.898451353664239,5.5671732390787705,7.0,36.05551275463989,3.6124171329715926,MONOPHASIC,RR
S3_T2_1@23|53_24,S3_T2_1@23,RR_MP_3,26.0,9.0,0.07692307692307693,0.0,,0.0,3.683863769144856,7.954470921933354,1.0,63.24555320336759,4.16271251053762,MONOPHASIC,RR
S3_T2_1@27|50_27,S3_T2_1@27,RR_MP_3,7.0,8.0,0.0,0.0,0.0,0.14285714285714285,1.6400075815806427,12.204630022443355,1.0,354.682957019364,5.874039763888492,MONOPHASIC,RR
S3_T2_1@27|51_26,S3_T2_1@27,RR_MP_3,7.0,5.0,0.0,0.0,0.0,0.0,0.43725149963673565,,,298.40389273333756,5.70179347368236,MONOPHASIC,RR
S3_T2_1@28|39_28,S3_T2_1@28,RR_MP_3,8.0,5.0,0.0,0.0,,0.0,0.6917499078416799,,,111.80339887498948,4.725646470480477,MONOPHASIC,RR
S3_T2_1@29|52_29,S3_T2_1@29,RR_MP_3,10.0,10.0,0.0,0.0,0.0,0.0,4.67223458615599,6.611743298081759,5.0,90.55385138137417,4.516927338847066,MONOPHASIC,RR
S3_T2_1@29|53_28,S3_T2_1@29,RR_MP_3,7.0,5.0,0.14285714285714285,0.2,0.07692307692307693,0.0,2.2600512757196465,9.557068056957243,3.0,46.110625696052224,3.852498574221123,MONOPHASIC,RR
S3_T2_1@29|53_29,S3_T2_1@29,RR_MP_3,19.0,12.0,0.15789473684210525,0.16666666666666666,0.3333333333333333,0.0,5.166332554353547,11.635895143861775,2.0,30.0,3.4339872044851463,MONOPHASIC,RR
S3_T2_1@31|42_32,S3_T2_1@31,RR_MP_3,9.0,5.0,0.1111111111111111,0.4,,0.0,4.4021517859606485,,,22.360679774997898,3.1510542574937324,MONOPHASIC,RR
S3_T2_1@31|43_32,S3_T2_1@31,RR_MP_3,5.0,16.0,0.0,0.0625,0.0,0.0,1.0384186153724286,2.0554250452527203,2.0,40.0,3.713572066704308,MONOPHASIC,RR
S3_T2_1@31|44_31,S3_T2_1@31,RR_MP_3,6.0,8.0,0.0,0.0,0.0,0.0,0.03885951686970824,2.150861941373091,1.0,160.77867519239248,5.086229198610749,MONOPHASIC,RR
S3_T2_1@31|44_32,S3_T2_1@31,RR_MP_3,8.0,7.0,0.0,0.14285714285714285,0.0,0.0,6.857621499421003,8.715755729064815,1.0,70.0,4.2626798770413155,MONOPHASIC,RR
S3_T2_1@33|47_32,S3_T2_1@33,RR_MP_3,19.0,5.0,0.0,0.0,0.0,0.0,0.9593521088416785,1.0700432323858013,2.0,124.07317850634979,4.828898994056949,MONOPHASIC,RR
S3_T2_1@4|50_17,S3_T2_1@4,RR_MP_3,23.0,12.0,0.13043478260869565,0.08333333333333333,0.0,0.0,1.6493960043196472,8.98304288248172,6.0,28.284271247461902,3.377050554392157,MONOPHASIC,RR
S3_T2_2@11|61_12,S3_T2_2@11,RR_MP_3,5.0,6.0,0.0,0.0,0.0,0.0,0.5606015227845604,5.463895859271824,2.0,123.6931687685298,4.825856069858493,MONOPHASIC,RR
S3_T2_2@18|70_12,S3_T2_2@18,RR_MP_3,11.0,5.0,0.0,0.0,0.0,0.0,-0.2163778893733439,-0.3544130436983807,2.0,159.17584891101876,5.076272267408146,MONOPHASIC,RR
S3_T2_2@22|58_13,S3_T2_2@22,RR_MP_3,12.0,9.0,0.16666666666666666,0.0,0.0,0.0,0.7633955946181448,3.16576307379024,2.0,14.142135623730951,2.7174812964321107,MONOPHASIC,RR
S3_T2_2@26|58_19,S3_T2_2@26,RR_MP_3,8.0,6.0,0.0,0.0,,0.0,-0.1394490435025764,2.062679120124567,2.0,40.6155281280883,3.7284733699282553,MONOPHASIC,RR
S3_T2_2@27|75_19,S3_T2_2@27,RR_MP_3,11.0,17.0,0.09090909090909091,0.058823529411764705,0.08333333333333333,0.0,1.4166940534311283,-0.025070832686630018,7.0,154.74767191638443,5.048237209988492,MONOPHASIC,RR
S3_T2_2@27|76_19,S3_T2_2@27,RR_MP_3,5.0,12.0,0.0,0.0,0.0,0.0,-0.3268077933865601,,,98.48857801796103,4.600042843785899,MONOPHASIC,RR
S3_T2_2@27|76_20,S3_T2_2@27,RR_MP_3,12.0,14.0,0.0,0.0,0.0,0.0,0.1976694473111748,1.0708366573231578,4.0,80.62257748298549,4.402105908540379,MONOPHASIC,RR
S3_T2_2@28|58_20,S3_T2_2@28,RR_MP_3,30.0,8.0,0.16666666666666666,0.0,0.0,0.06666666666666667,4.520237765328141,7.668719692217382,1.0,14.142135623730951,2.7174812964321107,MONOPHASIC,RR
S3_T2_2@33|67_23,S3_T2_2@33,RR_MP_3,8.0,5.0,0.0,0.2,0.0,0.125,-0.1739553821334483,7.248536537341838,1.0,516.2363799656123,6.248499984651347,MONOPHASIC,RR
S3_T2_2@33|68_22,S3_T2_2@33,RR_MP_3,12.0,7.0,0.0,0.2857142857142857,0.3333333333333333,0.6666666666666666,0.6545262158238724,8.878123856610372,1.0,585.2349955359813,6.373720725464483,MONOPHASIC,RR
S3_T2_2@33|71_25,S3_T2_2@33,RR_MP_3,6.0,7.0,0.0,0.14285714285714285,0.25,0.16666666666666666,-0.23178044081289118,,,180.27756377319946,5.200029358162469,MONOPHASIC,RR
S3_T2_2@33|71_26,S3_T2_2@33,RR_MP_3,6.0,8.0,0.0,0.25,0.0,0.3333333333333333,-0.27404963465735716,5.4666055084557055,4.0,102.4509106501572,4.639097206957614,MONOPHASIC,RR
S3_T2_2@33|72_26,S3_T2_2@33,RR_MP_3,5.0,7.0,0.0,0.0,0.0,0.0,2.9015418423920885,4.549809040331343,4.0,42.976207903086205,3.7836487581960427,MONOPHASIC,RR
S3_T2_2@33|72_27,S3_T2_2@33,RR_MP_3,10.0,10.0,0.0,0.2,0.0,0.0,11.538619422845066,15.995657971190528,3.0,20.0,3.044522437723423,MONOPHASIC,RR
S3_T2_2@34|63_23,S3_T2_2@34,RR_MP_3,9.0,5.0,0.0,0.0,0.0,0.0,-0.14300809256459793,,,441.9266689668448,6.093404223536849,MONOPHASIC,RR
S3_T2_2@35|60_25,S3_T2_2@35,RR_MP_3,8.0,7.0,0.25,0.14285714285714285,0.0,0.0,-0.19148565426971356,,,193.13207915827968,5.268538747813757,MONOPHASIC,RR
S3_T2_2@36|73_26,S3_T2_2@36,RR_MP_3,29.0,19.0,0.0,0.0,0.0,0.0,5.25868112603826,3.5597263265535855,16.0,29.14213562373095,3.4059240474807915,MONOPHASIC,RR
S3_T2_2@36|74_25,S3_T2_2@36,RR_MP_3,9.0,27.0,0.0,0.0,0.0,0.0,5.712032067546927,1.9756230548583082,5.0,38.027756377319946,3.6642730949724527,MONOPHASIC,RR
S3_T3_1@10|52_27,S3_T3_1@10,RR_R2LONG_1,9.0,8.0,0.0,0.0,0.0,0.3333333333333333,1.4959011702263518,6.162895706964806,2.0,31.622776601683796,3.485010713180571,REMISSION2_LONG,RR
S3_T3_1@10|52_29,S3_T3_1@10,RR_R2LONG_1,10.0,5.0,0.0,0.0,0.0,0.0,0.15680730916450264,2.508259338569012,4.0,94.86832980505139,4.562975685481548,REMISSION2_LONG,RR
S3_T3_1@10|53_28,S3_T3_1@10,RR_R2LONG_1,17.0,14.0,0.35294117647058826,0.14285714285714285,0.0,0.47058823529411764,12.393217227612837,,,22.360679774997898,3.1510542574937324,REMISSION2_LONG,RR
S3_T3_1@13|51_31,S3_T3_1@13,RR_R2LONG_1,7.0,5.0,0.0,0.0,0.0,0.0,3.1690663186898815,11.425156999663024,5.0,101.2395732415323,4.627318816535344,REMISSION2_LONG,RR
S3_T3_1@13|52_31,S3_T3_1@13,RR_R2LONG_1,10.0,16.0,0.3,0.0625,0.14285714285714285,0.2,4.183847001201743,29.08160517504857,1.0,26.18033988749895,3.302493913703638,REMISSION2_LONG,RR
S3_T3_1@16|30_32,S3_T3_1@16,RR_R2LONG_1,7.0,6.0,0.14285714285714285,0.0,0.0,0.0,-0.37039382242991137,5.454836867971381,2.0,40.0,3.713572066704308,REMISSION2_LONG,RR
S3_T3_1@16|30_33,S3_T3_1@16,RR_R2LONG_1,19.0,11.0,0.15789473684210525,0.0,0.0,0.0,1.5783088216049757,13.830581152036897,5.0,20.0,3.044522437723423,REMISSION2_LONG,RR
S3_T3_1@18|51_33,S3_T3_1@18,RR_R2LONG_1,5.0,5.0,0.0,0.0,0.0,0.0,-0.15099494640947306,0.8081133717112349,1.0,96.26712082661493,4.57746101663464,REMISSION2_LONG,RR
S3_T3_1@18|52_34,S3_T3_1@18,RR_R2LONG_1,17.0,9.0,0.0,0.2222222222222222,0.0,0.058823529411764705,5.823470734118836,4.67261242051463,1.0,14.142135623730951,2.7174812964321107,REMISSION2_LONG,RR
S3_T3_1@19|30_34,S3_T3_1@19,RR_R2LONG_1,10.0,5.0,0.0,0.0,0.0,0.0,16.372466377529133,11.364854272904886,1.0,20.0,3.044522437723423,REMISSION2_LONG,RR
S3_T3_1@20|49_36,S3_T3_1@20,RR_R2LONG_1,21.0,7.0,0.09523809523809523,0.0,0.0,0.0,1.7381170234589856,,1.0,58.94144522283676,4.093368172756286,REMISSION2_LONG,RR
S3_T3_1@20|49_37,S3_T3_1@20,RR_R2LONG_1,9.0,12.0,0.0,0.08333333333333333,0.2857142857142857,0.0,4.246490699924757,2.724636787417834,3.0,22.360679774997898,3.1510542574937324,REMISSION2_LONG,RR
S3_T3_1@20|50_36,S3_T3_1@20,RR_R2LONG_1,5.0,16.0,0.0,0.25,0.25,0.0,4.642068950746491,5.3525173795002265,1.0,53.85164807134504,4.004632233149422,REMISSION2_LONG,RR
S3_T3_1@21|31_36,S3_T3_1@21,RR_R2LONG_1,13.0,9.0,0.23076923076923078,0.1111111111111111,0.0,0.0,7.921426667086332,,,14.142135623730951,2.7174812964321107,REMISSION2_LONG,RR
S3_T3_1@21|32_36,S3_T3_1@21,RR_R2LONG_1,9.0,8.0,0.0,0.0,0.0,0.0,-0.8268514586762555,2.9816720718176906,1.0,58.309518948453004,4.08276981501776,REMISSION2_LONG,RR
S3_T3_1@22|48_37,S3_T3_1@22,RR_R2LONG_1,18.0,17.0,0.16666666666666666,0.0,,0.0,0.7147376936525396,3.4343635928874305,3.0,28.284271247461902,3.377050554392157,REMISSION2_LONG,RR
S3_T3_1@23|33_38,S3_T3_1@23,RR_R2LONG_1,29.0,14.0,0.20689655172413793,0.07142857142857142,0.0,0.0,8.191745505684086,17.7574593380216,6.0,22.360679774997898,3.1510542574937324,REMISSION2_LONG,RR
S3_T3_1@7|32_25,S3_T3_1@7,RR_R2LONG_1,8.0,12.0,0.0,0.0,0.0,0.0,0.46423675908645773,3.8867598350402917,3.0,56.568542494923804,4.0529762812736765,REMISSION2_LONG,RR
S3_T3_1@7|33_24,S3_T3_1@7,RR_R2LONG_1,22.0,15.0,0.045454545454545456,0.06666666666666667,0.0,0.0,1.9454907117807898,4.2966468844485135,12.0,36.05551275463989,3.6124171329715926,REMISSION2_LONG,RR
S3_T3_1@7|34_23,S3_T3_1@7,RR_R2LONG_1,7.0,5.0,0.0,0.0,0.0,0.0,5.213775295563098,5.258444656640483,3.0,25.3224755112299,3.2704231564123165,REMISSION2_LONG,RR
S4_B1_0@1|17_27,S4_B1_0@1,RR_P1_3,25.0,9.0,0.12,0.0,0.0,0.08,2.7902461073314666,2.1828257449420727,4.0,50.0,3.9318256327243257,PEAK1,RR
S4_B1_0@1|18_27,S4_B1_0@1,RR_P1_3,22.0,16.0,0.09090909090909091,0.0,0.0,0.045454545454545456,1.6536155760861821,,,106.05318061589779,4.673325726092658,PEAK1,RR
S4_B1_0@1|19_28,S4_B1_0@1,RR_P1_3,15.0,11.0,0.06666666666666667,0.09090909090909091,0.2,0.0,0.23241513391235422,,,33.027756377319946,3.527176555611106,PEAK1,RR
S4_B1_0@1|9_29,S4_B1_0@1,RR_P1_3,31.0,9.0,0.41935483870967744,0.0,,0.3548387096774194,2.5138266705271013,,,17.071067811865476,2.8943121959332228,PEAK1,RR
S4_B1_1@10|23_25,S4_B1_1@10,RR_MP_4,6.0,10.0,0.0,0.1,0.0,0.0,10.724236365145288,11.412683708787624,1.0,25.3224755112299,3.2704231564123165,MONOPHASIC,RR
S4_B1_1@13|32_32,S4_B1_1@13,RR_MP_4,12.0,7.0,0.0,0.0,0.0,0.0,2.4340142675786955,3.4579252628524237,4.0,438.4062043356595,6.085424279868255,MONOPHASIC,RR
S4_B1_1@13|32_37,S4_B1_1@13,RR_MP_4,8.0,11.0,0.0,0.18181818181818182,0.0,0.0,2.3577806707150653,8.115512323854977,3.0,14.142135623730951,2.7174812964321107,MONOPHASIC,RR
S4_B1_1@13|39_31,S4_B1_1@13,RR_MP_4,24.0,6.0,0.0,0.0,0.0,0.0,8.148034974904629,8.887139936141143,7.0,28.284271247461902,3.377050554392157,MONOPHASIC,RR
S4_B1_1@13|41_27,S4_B1_1@13,RR_MP_4,14.0,10.0,0.21428571428571427,0.0,0.0,0.0,11.032264793523721,14.462489322425629,1.0,22.360679774997898,3.1510542574937324,MONOPHASIC,RR
S4_B1_1@15|23_28,S4_B1_1@15,RR_MP_4,5.0,8.0,0.0,0.0,0.058823529411764705,0.0,0.5486631289853133,0.19543147262290703,4.0,63.24555320336759,4.16271251053762,MONOPHASIC,RR
S4_B1_1@1|33_21,S4_B1_1@1,RR_MP_4,22.0,39.0,0.09090909090909091,0.02564102564102564,0.16666666666666666,0.0,8.70454022341553,5.382888420425785,7.0,41.23105625617661,3.743155880619243,MONOPHASIC,RR
S4_B1_1@1|34_21,S4_B1_1@1,RR_MP_4,19.0,28.0,0.0,0.0,0.0,0.0,6.209323575482348,5.587715434786625,7.0,50.0,3.9318256327243257,MONOPHASIC,RR
S4_B1_1@1|35_21,S4_B1_1@1,RR_MP_4,17.0,6.0,0.0,0.0,,0.0,2.895396062054331,-0.3201551319059555,5.0,14.142135623730951,2.7174812964321107,MONOPHASIC,RR
S4_B1_1@1|36_22,S4_B1_1@1,RR_MP_4,28.0,10.0,0.25,0.1,0.0,0.0,-0.1432127343015794,2.753941077290996,5.0,32.1698920010509,3.501642597031167,MONOPHASIC,RR
S4_B1_1@1|37_22,S4_B1_1@1,RR_MP_4,35.0,11.0,0.37142857142857144,0.09090909090909091,,0.0,12.158437253324827,4.65584179243432,2.0,22.360679774997898,3.1510542574937324,MONOPHASIC,RR
S4_B1_1@1|37_23,S4_B1_1@1,RR_MP_4,10.0,10.0,0.0,0.0,,0.0,11.379893920779853,6.15389679956777,7.0,36.05551275463989,3.6124171329715926,MONOPHASIC,RR
S4_B1_1@1|37_24,S4_B1_1@1,RR_MP_4,7.0,7.0,0.0,0.0,0.0,0.0,0.41270330185712517,10.949194163914001,1.0,130.90773054215782,4.882102667119983,MONOPHASIC,RR
S4_B1_1@1|38_24,S4_B1_1@1,RR_MP_4,22.0,14.0,0.18181818181818182,0.0,0.25,0.18181818181818182,1.9855789942482072,4.630834709528568,11.0,64.03124237432849,4.174867806332253,MONOPHASIC,RR
S4_B1_1@1|40_26,S4_B1_1@1,RR_MP_4,25.0,10.0,0.28,0.3,0.5,0.12,17.707381888451113,6.812784184441369,3.0,28.284271247461902,3.377050554392157,MONOPHASIC,RR
S4_B1_1@24|23_31,S4_B1_1@24,RR_MP_4,10.0,6.0,0.0,0.0,0.0,0.1,-0.07755230139951771,7.6005278272393095,1.0,35.0,3.58351893845611,MONOPHASIC,RR
S4_B1_1@24|30_37,S4_B1_1@24,RR_MP_4,5.0,10.0,0.2,0.0,0.0,0.0,-0.4943160109820766,2.818460202855198,3.0,80.62257748298549,4.402105908540379,MONOPHASIC,RR
S4_B1_1@24|31_37,S4_B1_1@24,RR_MP_4,6.0,7.0,0.0,0.0,0.0,0.0,0.02167772412378544,5.487575068349974,2.0,72.80109889280519,4.301373621641981,MONOPHASIC,RR
S4_B1_1@24|31_38,S4_B1_1@24,RR_MP_4,6.0,6.0,0.0,0.3333333333333333,0.5,0.0,3.2830168971372746,,,10.0,2.3978952727983707,MONOPHASIC,RR
S4_B1_1@27|29_34,S4_B1_1@27,RR_MP_4,7.0,5.0,0.0,0.0,0.0,0.0,-0.11906770074088718,-0.49310270252181293,2.0,411.5338200513099,6.022318190417079,MONOPHASIC,RR
S4_B1_1@27|30_34,S4_B1_1@27,RR_MP_4,5.0,5.0,0.2,0.0,0.0,0.0,-0.23100205910811972,,,386.12418235513525,5.9587455261959095,MONOPHASIC,RR
S4_B1_1@28|28_35,S4_B1_1@28,RR_MP_4,8.0,6.0,0.125,0.0,,0.0,-0.2678957908288787,-0.287169461706265,2.0,324.7295533680135,5.786067446170084,MONOPHASIC,RR
S4_B1_1@28|29_35,S4_B1_1@28,RR_MP_4,13.0,8.0,0.07692307692307693,0.0,,0.0,0.14093608738088165,-0.6465671990390911,1.0,306.75723300355935,5.7293112676431575,MONOPHASIC,RR
S4_B1_1@28|30_35,S4_B1_1@28,RR_MP_4,6.0,6.0,0.0,0.0,0.0,0.0,0.4915301903817058,-0.7020608684538083,1.0,265.7986635900006,5.586494304995942,MONOPHASIC,RR
S4_B1_1@2|26_23,S4_B1_1@2,RR_MP_4,6.0,9.0,0.0,0.0,0.07142857142857142,0.0,5.244731481939805,3.8002897123603243,3.0,60.82762530298219,4.124350275958941,MONOPHASIC,RR
S4_B1_1@2|27_22,S4_B1_1@2,RR_MP_4,30.0,21.0,0.1,0.0,0.0,0.0,7.785917720011459,8.974919719574906,4.0,22.360679774997898,3.1510542574937324,MONOPHASIC,RR
S4_B1_1@2|27_23,S4_B1_1@2,RR_MP_4,12.0,8.0,0.0,0.125,1.0,0.0,0.41445686957384703,4.869665557192053,5.0,92.71109059321279,4.540216545027811,MONOPHASIC,RR
S4_B1_1@2|28_22,S4_B1_1@2,RR_MP_4,17.0,37.0,0.11764705882352941,0.0,0.06896551724137931,0.0,7.959034826797551,11.802604401962476,5.0,41.82873156368473,3.7572091755848236,MONOPHASIC,RR
S4_B1_1@2|28_23,S4_B1_1@2,RR_MP_4,9.0,5.0,0.0,0.0,0.0,0.0,1.0129505926010238,,,119.35112485658033,4.7904135107294845,MONOPHASIC,RR
S4_B1_1@2|29_22,S4_B1_1@2,RR_MP_4,39.0,12.0,0.20512820512820512,0.16666666666666666,,0.02564102564102564,11.789847296443297,8.709268447248206,1.0,60.82762530298219,4.124350275958941,MONOPHASIC,RR
S4_B1_2@10|58_12,S4_B1_2@10,RR_MP_4,9.0,5.0,0.0,0.0,0.0,0.0,-0.1802737733235941,-0.4435786558507513,3.0,617.3317778988296,6.427025170842763,MONOPHASIC,RR
S4_B1_2@10|59_10,S4_B1_2@10,RR_MP_4,5.0,8.0,0.0,0.0,0.0,0.0,-0.19978962816907714,-0.49951882536532644,3.0,410.48751503547584,6.019778679524352,MONOPHASIC,RR
S4_B1_2@10|59_12,S4_B1_2@10,RR_MP_4,6.0,5.0,0.0,0.0,0.0,0.0,-0.19841606522533234,-0.48480730523077475,3.0,549.1812087098392,6.310247694344595,MONOPHASIC,RR
S4_B1_2@10|59_13,S4_B1_2@10,RR_MP_4,6.0,7.0,0.0,0.14285714285714285,0.125,0.0,-0.16714963851171416,-0.5045220671459913,2.0,602.9925372672534,6.403561842340692,MONOPHASIC,RR
S4_B1_2@10|59_14,S4_B1_2@10,RR_MP_4,6.0,7.0,0.0,0.0,0.0,0.0,-0.07690563275291107,-0.5069457462545159,2.0,630.0793600809346,6.447431623382487,MONOPHASIC,RR
S4_B1_2@10|60_16,S4_B1_2@10,RR_MP_4,7.0,5.0,0.14285714285714285,0.2,0.0,0.0,-0.1662234471411992,-0.39246070078135165,1.0,565.4453541309836,6.339380613557526,MONOPHASIC,RR
S4_B1_2@11|49_11,S4_B1_2@11,RR_MP_4,33.0,7.0,0.3333333333333333,0.0,,0.5151515151515151,9.566145200308005,,,20.0,3.044522437723423,MONOPHASIC,RR
S4_B1_2@11|50_15,S4_B1_2@11,RR_MP_4,5.0,8.0,0.2,0.0,0.0,0.4,-0.7640557903471592,1.7300251957698256,2.0,90.55385138137417,4.516927338847066,MONOPHASIC,RR
S4_B1_2@11|52_16,S4_B1_2@11,RR_MP_4,5.0,13.0,0.2,0.0,0.0,0.0,-1.4555365976348975,,,290.0,5.673323267171493,MONOPHASIC,RR
S4_B1_2@11|53_13,S4_B1_2@11,RR_MP_4,6.0,10.0,0.0,0.0,0.0,0.0,-0.2584351332635634,7.7406235596128266,2.0,365.0,5.902633333401366,MONOPHASIC,RR
S4_B1_2@14|53_11,S4_B1_2@14,RR_MP_4,9.0,9.0,0.1111111111111111,0.0,0.0,0.0,-0.11640748035203893,-0.4969647245432544,2.0,431.141686190454,6.068753511764033,MONOPHASIC,RR
S4_B1_2@14|53_12,S4_B1_2@14,RR_MP_4,6.0,12.0,0.0,0.0,0.0,0.0,-0.26319012703037703,0.17106995230990565,3.0,410.11606182459445,6.01887556349963,MONOPHASIC,RR
S4_B1_2@16|55_14,S4_B1_2@16,RR_MP_4,20.0,9.0,0.0,0.0,,0.0,-0.295828857859135,-0.4763725167305141,6.0,575.5866572463264,6.357125644538234,MONOPHASIC,RR
S4_B1_2@16|56_14,S4_B1_2@16,RR_MP_4,11.0,6.0,0.0,0.0,0.0,0.0,-0.1597027713625439,-0.31597703496364693,1.0,650.3076195155643,6.478982064417694,MONOPHASIC,RR
S4_B1_2@18|55_15,S4_B1_2@18,RR_MP_4,6.0,8.0,0.0,0.125,0.0,0.0,0.002560480209437388,1.3937066498498893,4.0,580.8611996459108,6.366231930707604,MONOPHASIC,RR
S4_B1_2@18|55_17,S4_B1_2@18,RR_MP_4,17.0,11.0,0.0,0.0,,0.0,-0.3206828207221769,-0.18114464173743827,6.0,583.6520281218357,6.371016846530684,MONOPHASIC,RR
S4_B1_2@18|57_16,S4_B1_2@18,RR_MP_4,7.0,9.0,0.0,0.0,0.0,0.0,-0.3646463791926502,-0.42103328529446565,3.0,759.5393340703298,6.634027831690353,MONOPHASIC,RR
S4_B1_2@18|57_17,S4_B1_2@18,RR_MP_4,7.0,5.0,0.0,0.0,0.0,0.0,-0.9353953102953692,-1.1134221765634167,1.0,696.3476143421474,6.547284015765149,MONOPHASIC,RR
S4_B1_2@18|57_18,S4_B1_2@18,RR_MP_4,6.0,6.0,0.0,0.0,0.0,0.0,-0.5527136916639926,-0.7628875027236912,1.0,670.5561005182108,6.509597557549116,MONOPHASIC,RR
S4_B1_2@18|58_17,S4_B1_2@18,RR_MP_4,6.0,9.0,0.0,0.1111111111111111,0.0,0.0,-0.30999939814506094,-0.5061563598410633,1.0,760.5918747922567,6.635410814817641,MONOPHASIC,RR
S4_B1_2@18|58_18,S4_B1_2@18,RR_MP_4,7.0,7.0,0.0,0.0,0.0,0.0,-0.20387123624665812,-0.5713632679896068,5.0,695.323423006309,6.545814240627736,MONOPHASIC,RR
S4_B1_2@1|53_5,S4_B1_2@1,RR_MP_4,10.0,11.0,0.0,0.0,0.0,0.2,0.7765813860617866,1.6919319016649064,3.0,80.0,4.394449154672439,MONOPHASIC,RR
S4_B1_2@1|53_6,S4_B1_2@1,RR_MP_4,6.0,14.0,0.16666666666666666,0.0,0.0,0.0,-0.3650331396791411,-1.3622533353385335,3.0,171.31338250816034,5.149314810327144,MONOPHASIC,RR
S4_B1_2@1|54_6,S4_B1_2@1,RR_MP_4,7.0,12.0,0.14285714285714285,0.0,0.0,0.0,0.7940695406028825,3.250348579581191,1.0,164.92422502470643,5.1115312083849895,MONOPHASIC,RR
S4_B1_2@1|56_4,S4_B1_2@1,RR_MP_4,5.0,5.0,0.2,0.0,,0.0,-1.0322213504959141,,,14.142135623730951,2.7174812964321107,MONOPHASIC,RR
S4_B1_2@1|56_5,S4_B1_2@1,RR_MP_4,16.0,10.0,0.0625,0.2,,0.125,9.330984340325571,8.078455668616787,8.0,28.284271247461902,3.377050554392157,MONOPHASIC,RR
S4_B1_2@1|59_6,S4_B1_2@1,RR_MP_4,5.0,6.0,0.4,0.0,,0.6,4.983449849180231,,,53.85164807134504,4.004632233149422,MONOPHASIC,RR
S4_B1_2@22|50_16,S4_B1_2@22,RR_MP_4,7.0,10.0,0.0,0.0,0.0,0.0,0.7181322296962402,1.5098011888103353,3.0,90.55385138137417,4.516927338847066,MONOPHASIC,RR
S4_B1_2@22|50_17,S4_B1_2@22,RR_MP_4,8.0,23.0,0.125,0.0,0.0,0.0,0.006727394905487488,-0.21952580131163035,2.0,70.0,4.2626798770413155,MONOPHASIC,RR
S4_B1_2@27|54_18,S4_B1_2@27,RR_MP_4,6.0,10.0,0.16666666666666666,0.0,0.0,0.0,-0.12434492777885414,-0.4321974427876524,1.0,469.2876901575132,6.153344614161313,MONOPHASIC,RR
S4_B1_2@27|54_19,S4_B1_2@27,RR_MP_4,5.0,9.0,0.0,0.0,0.0,0.0,-0.22035265620621147,,,418.02750158314007,6.037936554004785,MONOPHASIC,RR
S4_B1_2@27|55_18,S4_B1_2@27,RR_MP_4,6.0,12.0,0.0,0.0,0.0,0.0,-0.14159122206946684,-0.29824446819354483,5.0,508.4268127923708,6.233286197187556,MONOPHASIC,RR
S4_B1_2@29|51_18,S4_B1_2@29,RR_MP_4,10.0,10.0,0.0,0.0,0.0,0.0,-0.3494830091781093,-0.48756835134644605,3.0,187.3269325251311,5.23817945530855,MONOPHASIC,RR
S4_B1_2@29|51_19,S4_B1_2@29,RR_MP_4,11.0,15.0,0.0,0.0,0.0,0.0,-0.3952306909959568,-0.539450616881102,2.0,200.7430363066398,5.30699479010647,MONOPHASIC,RR
S4_B1_2@29|52_18,S4_B1_2@29,RR_MP_4,5.0,8.0,0.0,0.0,0.0,0.0,-0.16251908314154248,-0.1266852190434013,3.0,240.83189157584593,5.4882428218568835,MONOPHASIC,RR
S4_B1_2@29|52_19,S4_B1_2@29,RR_MP_4,8.0,11.0,0.0,0.0,0.0,0.0,-0.210666936870694,-0.28852784025610667,1.0,264.76404589747455,5.582608869625813,MONOPHASIC,RR
S4_B1_2@2|49_6,S4_B1_2@2,RR_MP_4,17.0,15.0,0.17647058823529413,0.0,0.0,0.11764705882352941,2.846717080674634,3.6814528393479007,4.0,36.05551275463989,3.6124171329715926,MONOPHASIC,RR
S4_B1_2@2|50_6,S4_B1_2@2,RR_MP_4,17.0,15.0,0.058823529411764705,0.0,0.0,0.0,-0.10455236629297421,-0.5752493132070564,6.0,74.40658743886064,4.322894637760813,MONOPHASIC,RR
S4_B1_2@2|51_5,S4_B1_2@2,RR_MP_4,25.0,10.0,0.08,0.0,0.0,0.0,1.4526369762431288,0.41302630512796623,10.0,31.622776601683796,3.485010713180571,MONOPHASIC,RR
S4_B1_2@30|49_19,S4_B1_2@30,RR_MP_4,18.0,5.0,0.05555555555555555,0.0,0.0,0.0,8.363894945670683,6.525876207269221,6.0,14.142135623730951,2.7174812964321107,MONOPHASIC,RR
S4_B1_2@30|50_19,S4_B1_2@30,RR_MP_4,5.0,9.0,0.0,0.0,0.0,0.0,0.5758301729614472,0.23822645849842927,3.0,91.37464797715151,4.525852568458956,MONOPHASIC,RR
S4_B1_2@30|50_20,S4_B1_2@30,RR_MP_4,15.0,11.0,0.13333333333333333,0.0,0.0,0.13333333333333333,5.79756210568939,3.2513241949606253,7.0,85.73164506180079,4.4628188121378445,MONOPHASIC,RR
S4_B1_2@30|50_21,S4_B1_2@30,RR_MP_4,36.0,13.0,0.19444444444444445,0.0,0.0,0.0,1.7749901678603006,6.87904238434132,6.0,22.360679774997898,3.1510542574937324,MONOPHASIC,RR
S4_B1_2@32|61_20,S4_B1_2@32,RR_MP_4,7.0,10.0,0.0,0.1,0.0,0.0,-0.168205671171244,-0.506410173863822,6.0,500.89919145472777,6.218399285690728,MONOPHASIC,RR
S4_B1_2@32|62_20,S4_B1_2@32,RR_MP_4,7.0,8.0,0.0,0.125,0.0,0.0,-0.11097730396011984,-0.4374790398708672,2.0,419.7618372363071,6.042066966332467,MONOPHASIC,RR
S4_B1_2@34|56_24,S4_B1_2@34,RR_MP_4,5.0,6.0,0.0,0.0,,0.0,-0.24894630479250504,1.0208903870818844,4.0,160.0,5.081404364984463,MONOPHASIC,RR
S4_B1_2@39|55_22,S4_B1_2@39,RR_MP_4,10.0,5.0,0.0,0.0,0.0,0.0,-0.07638821189959297,,,237.69728648009425,5.475196165371054,MONOPHASIC,RR
S4_B1_2@39|55_23,S4_B1_2@39,RR_MP_4,5.0,5.0,0.0,0.0,0.0,0.0,-0.13500139195393956,-0.302859978657557,2.0,185.86535269453086,5.230388318435274,MONOPHASIC,RR
S4_B1_2@39|56_22,S4_B1_2@39,RR_MP_4,10.0,8.0,0.0,0.0,0.0,0.0,-0.14138461707642816,-0.5043207669668109,4.0,305.36774076741784,5.724786147621974,MONOPHASIC,RR
S4_B1_2@39|56_23,S4_B1_2@39,RR_MP_4,7.0,5.0,0.0,0.2,,0.0,-0.28224781727401427,-0.5168934172814182,1.0,255.53797258847658,5.547276694934405,MONOPHASIC,RR
S4_B1_2@39|56_24,S4_B1_2@39,RR_MP_4,8.0,6.0,0.0,0.0,,0.0,0.6428175253470287,1.0566434653014956,5.0,187.06377437798025,5.236781130720805,MONOPHASIC,RR
S4_B1_2@39|57_21,S4_B1_2@39,RR_MP_4,10.0,7.0,0.0,0.0,0.0,0.0,-0.047972017864096585,0.0887132015945184,2.0,368.78177829171545,5.912913043243906,MONOPHASIC,RR
S4_B1_2@39|57_22,S4_B1_2@39,RR_MP_4,8.0,7.0,0.0,0.0,,0.0,-0.27738462198543806,,,310.4834939252005,5.741346347819369,MONOPHASIC,RR
S4_B1_2@39|59_21,S4_B1_2@39,RR_MP_4,8.0,13.0,0.0,0.0,0.0,0.0,-0.17555670755911926,-0.48686879516579995,4.0,383.275357934736,5.951359373565213,MONOPHASIC,RR
S4_B1_2@3|59_8,S4_B1_2@3,RR_MP_4,5.0,7.0,0.0,0.0,0.0,0.0,-0.1361673436809807,0.19925659336572912,2.0,233.45235059857504,5.4572523714975985,MONOPHASIC,RR
S4_B1_2@3|60_6,S4_B1_2@3,RR_MP_4,15.0,7.0,0.06666666666666667,0.0,,0.0,2.1766696222884887,6.616513892340583,3.0,50.99019513592785,3.951055145724373,MONOPHASIC,RR
S4_B1_2@3|61_9,S4_B1_2@3,RR_MP_4,7.0,5.0,0.0,0.0,0.0,0.0,1.0284684057827314,,,209.14365781842366,5.3477913816877205,MONOPHASIC,RR
S4_B1_2@3|62_7,S4_B1_2@3,RR_MP_4,13.0,11.0,0.07692307692307693,0.0,0.0,0.0,4.270907108524539,5.243289494013216,5.0,33.839144678161844,3.5507416016875912,MONOPHASIC,RR
S4_B1_2@3|63_13,S4_B1_2@3,RR_MP_4,8.0,5.0,0.25,0.0,0.0,0.0,0.3206165586699079,,,274.5906043549196,5.618916446957935,MONOPHASIC,RR
S4_B1_2@3|63_8,S4_B1_2@3,RR_MP_4,17.0,11.0,0.058823529411764705,0.09090909090909091,,0.35294117647058826,-2.847805342367642,,,14.142135623730951,2.7174812964321107,MONOPHASIC,RR
S4_B1_2@3|66_17,S4_B1_2@3,RR_MP_4,5.0,18.0,0.2,0.2222222222222222,0.0,0.0,0.9707447858578679,2.0074655341400014,2.0,14.142135623730951,2.7174812964321107,MONOPHASIC,RR
S4_B1_2@40|51_22,S4_B1_2@40,RR_MP_4,18.0,18.0,0.0,0.0,0.0,0.0,-0.4488538489476119,4.230456631084388,4.0,56.568542494923804,4.0529762812736765,MONOPHASIC,RR
S4_B1_2@40|52_23,S4_B1_2@40,RR_MP_4,7.0,9.0,0.14285714285714285,0.0,0.0,0.0,-0.8566307468785563,,,28.284271247461902,3.377050554392157,MONOPHASIC,RR
S4_B1_2@42|53_26,S4_B1_2@42,RR_MP_4,10.0,10.0,0.0,0.0,0.0,0.0,1.1786176039300265,2.8491212417634606,1.0,36.05551275463989,3.6124171329715926,MONOPHASIC,RR
S4_B1_2@7|53_9,S4_B1_2@7,RR_MP_4,18.0,7.0,0.0,0.0,,0.0,-0.15657886095349277,-0.46362619027592344,5.0,430.11626335213134,6.066377806284217,MONOPHASIC,RR
S4_B2_0@15|17_22,S4_B2_0@15,RR_P3_3,9.0,7.0,0.1111111111111111,0.0,0.0,0.0,-0.1873319846255559,,,812.7115109311545,6.70160589400928,PEAK3,RR
S4_B2_0@15|17_23,S4_B2_0@15,RR_P3_3,8.0,10.0,0.0,0.0,0.0,0.0,-0.23733743744697317,-0.4840728207550785,4.0,771.9398438604765,6.65020122390389,PEAK3,RR
S4_B2_0@1|10_11,S4_B2_0@1,RR_P3_3,7.0,5.0,0.0,0.2,0.0,0.0,0.045713301289590655,1.6354472518493628,3.0,247.0575974802759,5.5136609671039505,PEAK3,RR
S4_B2_0@1|11_23,S4_B2_0@1,RR_P3_3,7.0,5.0,0.0,0.0,,0.0,-0.211186804247109,-0.5023519661975343,4.0,526.9843915673451,6.269066721843831,PEAK3,RR
S4_B2_0@1|15_10,S4_B2_0@1,RR_P3_3,8.0,9.0,0.0,0.0,0.0,0.0,1.3413592018409957,0.10850024409767334,3.0,150.0,5.017279836814924,PEAK3,RR
S4_B2_0@1|16_24,S4_B2_0@1,RR_P3_3,7.0,5.0,0.0,0.0,0.0,0.0,-0.1888585240719129,-0.5179806854743068,4.0,615.4250389259978,6.423936723850658,PEAK3,RR
S4_B2_0@1|16_30,S4_B2_0@1,RR_P3_3,9.0,6.0,0.1111111111111111,0.16666666666666666,,0.0,1.7360432358227333,,,56.568542494923804,4.0529762812736765,PEAK3,RR
S4_B2_0@1|16_9,S4_B2_0@1,RR_P3_3,10.0,14.0,0.0,0.0,0.0,0.0,0.1963294322012784,-0.6461526905422679,4.0,88.81774101305209,4.497782517188035,PEAK3,RR
S4_B2_0@1|17_25,S4_B2_0@1,RR_P3_3,8.0,11.0,0.0,0.0,,0.0,-0.16288596096132396,-0.5311577318660547,4.0,573.846669416143,6.354103343351779,PEAK3,RR
S4_B2_0@1|17_29,S4_B2_0@1,RR_P3_3,7.0,5.0,0.0,0.0,,0.0,-0.14808469024528914,-0.10870041018856419,3.0,162.1715750875161,5.09480225510239,PEAK3,RR
S4_B2_0@1|17_9,S4_B2_0@1,RR_P3_3,7.0,12.0,0.0,0.0,0.0,0.0,-0.2392641523200105,0.3118247432379592,3.0,63.24555320336759,4.16271251053762,PEAK3,RR
S4_B2_0@1|18_25,S4_B2_0@1,RR_P3_3,9.0,8.0,0.0,0.0,0.0,0.0,-0.20866127491151876,-0.4932199534830288,5.0,570.701322935211,6.3486166923047,PEAK3,RR
S4_B2_0@1|18_27,S4_B2_0@1,RR_P3_3,7.0,7.0,0.14285714285714285,0.0,0.0,0.7142857142857143,-0.14202151555122497,0.06286636750349461,1.0,342.1987414511076,5.838309700506581,PEAK3,RR
S4_B2_0@1|19_25,S4_B2_0@1,RR_P3_3,16.0,6.0,0.0,0.0,,0.0,-0.1420212202890785,-0.4716804777896779,2.0,532.2593352868505,6.279007863596444,PEAK3,RR
S4_B2_0@1|21_27,S4_B2_0@1,RR_P3_3,8.0,10.0,0.125,0.2,0.0,0.0,-0.0022681490181337,0.23713650671106565,2.0,302.08268271713905,5.714005648538909,PEAK3,RR
S4_B2_0@1|21_29,S4_B2_0@1,RR_P3_3,5.0,8.0,0.0,0.0,0.0,0.0,-0.4131116793751951,,,144.22205101855957,4.9782639573791485,PEAK3,RR
S4_B2_0@1|22_29,S4_B2_0@1,RR_P3_3,5.0,8.0,0.0,0.0,1.0,0.0,0.7995987247895519,2.3257308827121443,2.0,98.99494936611666,4.60511967837377,PEAK3,RR
S4_B2_0@1|22_30,S4_B2_0@1,RR_P3_3,12.0,6.0,0.25,0.0,,0.0,2.8092491794438486,1.6658995844461288,4.0,10.0,2.3978952727983707,PEAK3,RR
S4_B2_0@1|23_28,S4_B2_0@1,RR_P3_3,13.0,18.0,0.0,0.0,0.0,0.07692307692307693,1.128942280700852,-0.06877893431090266,3.0,94.33981132056603,4.557447470758213,PEAK3,RR
S4_B2_0@1|24_26,S4_B2_0@1,RR_P3_3,19.0,17.0,0.15789473684210525,0.0,0.0,0.3157894736842105,1.6596866183863455,1.5053594772726784,4.0,78.10249675906654,4.370744438865426,PEAK3,RR
S4_B2_0@1|24_27,S4_B2_0@1,RR_P3_3,27.0,8.0,0.0,0.125,,0.037037037037037035,2.5053041586006954,2.679396429741133,6.0,22.360679774997898,3.1510542574937324,PEAK3,RR
S4_B2_0@1|25_25,S4_B2_0@1,RR_P3_3,28.0,17.0,0.03571428571428571,0.0,0.0,0.0,2.333732621752194,0.9490770919211946,10.0,63.24555320336759,4.16271251053762,PEAK3,RR
S4_B2_0@1|26_24,S4_B2_0@1,RR_P3_3,7.0,10.0,0.0,0.0,0.0,0.0,1.1191973879405432,-0.04290859567915143,1.0,14.142135623730951,2.7174812964321107,PEAK3,RR
S4_B2_0@1|4_15,S4_B2_0@1,RR_P3_3,19.0,18.0,0.10526315789473684,0.16666666666666666,,0.0,9.219148178735441,1.7457255603260828,4.0,20.0,3.044522437723423,PEAK3,RR
S4_B2_0@1|6_11,S4_B2_0@1,RR_P3_3,9.0,18.0,0.0,0.2222222222222222,0.0,0.0,4.486826078292866,1.848021625656161,5.0,22.360679774997898,3.1510542574937324,PEAK3,RR
S4_B2_0@1|6_22,S4_B2_0@1,RR_P3_3,17.0,9.0,0.23529411764705882,0.0,0.0,0.058823529411764705,0.04208049324570904,4.080830083029065,1.0,35.8113883008419,3.6058072619973536,PEAK3,RR
S4_B2_0@1|7_10,S4_B2_0@1,RR_P3_3,15.0,6.0,0.06666666666666667,0.0,0.0,0.0,2.1170986022636757,3.4578235158594337,2.0,14.142135623730951,2.7174812964321107,PEAK3,RR
S4_B2_0@1|7_12,S4_B2_0@1,RR_P3_3,7.0,8.0,0.0,0.0,0.0,0.0,0.3639856286150799,-0.11242323831182045,2.0,191.049731745428,5.2577543579954575,PEAK3,RR
S4_B2_0@2|18_9,S4_B2_0@2,RR_P3_3,20.0,5.0,0.0,0.0,,0.0,1.2196536792188946,1.900989640054043,8.0,76.15773105863909,4.34585178193694,PEAK3,RR
S4_B2_0@3|14_19,S4_B2_0@3,RR_P3_3,11.0,7.0,0.0,0.0,0.0,0.0,-0.23794872293028912,-0.7096003768438592,2.0,881.0395313024354,6.78223687507319,PEAK3,RR
S4_B2_0@3|15_13,S4_B2_0@3,RR_P3_3,6.0,7.0,0.0,0.0,0.0,0.0,-0.23291935232914446,-0.47504249627395895,1.0,490.9175083453431,6.198311036470049,PEAK3,RR
S4_B2_0@3|15_15,S4_B2_0@3,RR_P3_3,6.0,7.0,0.0,0.0,0.0,0.0,-0.18489120798712547,-0.45026105278199025,1.0,660.6814663663572,6.4947842715073545,PEAK3,RR
S4_B2_0@3|15_21,S4_B2_0@3,RR_P3_3,5.0,5.0,0.0,0.0,0.0,0.0,-0.0737635217722944,-0.515483050348424,2.0,858.8364221433555,6.7567421643458925,PEAK3,RR
S4_B2_0@3|16_14,S4_B2_0@3,RR_P3_3,11.0,5.0,0.0,0.0,,0.0,-0.1767298209574469,-0.40350627056325844,2.0,563.4269702274134,6.335811004498572,PEAK3,RR
S4_B2_0@3|16_20,S4_B2_0@3,RR_P3_3,8.0,8.0,0.125,0.0,0.0,0.0,-0.16434987829328418,-0.3802488630988392,1.0,900.1942345233331,6.803720810982513,PEAK3,RR
S4_B2_0@3|16_21,S4_B2_0@3,RR_P3_3,7.0,5.0,0.0,0.0,0.0,0.0,-0.227525835227174,-0.49846541670146854,3.0,900.4998611882181,6.804059888664678,PEAK3,RR
S4_B2_0@3|17_14,S4_B2_0@3,RR_P3_3,9.0,13.0,0.0,0.0,,0.0,-0.192722269348983,-0.46049533933997966,3.0,533.3281572999748,6.281010176994914,PEAK3,RR
S4_B2_0@3|17_15,S4_B2_0@3,RR_P3_3,6.0,8.0,0.0,0.0,0.3333333333333333,0.0,-0.1795914350946838,-0.47364755618214927,2.0,628.4153573203448,6.444791384269628,PEAK3,RR
S4_B2_0@3|17_16,S4_B2_0@3,RR_P3_3,8.0,7.0,0.0,0.0,0.0,0.0,-0.24710579746004552,-0.4030700453647708,3.0,676.0177512462228,6.517697493020848,PEAK3,RR
S4_B2_0@3|18_14,S4_B2_0@3,RR_P3_3,9.0,5.0,0.1111111111111111,0.0,,0.0,-0.23555242253074593,-0.5062914031676129,2.0,479.5032408336811,6.174833973098696,PEAK3,RR
S4_B2_0@3|19_20,S4_B2_0@3,RR_P3_3,8.0,5.0,0.0,0.0,0.0,0.0,-0.15059056486253256,-0.39468719487792814,2.0,650.0,6.478509642208569,PEAK3,RR
S4_B2_0@3|20_15,S4_B2_0@3,RR_P3_3,12.0,6.0,0.0,0.0,,0.0,-0.40079311128578654,,,367.48922338186327,5.909411466647795,PEAK3,RR
S4_B2_0@3|20_20,S4_B2_0@3,RR_P3_3,16.0,9.0,0.0,0.0,,0.0,-0.1567902358985681,-0.19173432283346328,3.0,565.1548460377917,6.338867620359186,PEAK3,RR
S4_B2_0@3|20_21,S4_B2_0@3,RR_P3_3,8.0,5.0,0.0,0.0,0.0,0.0,-0.1693491443312493,-0.45165363537242664,4.0,572.7128425310541,6.352128996804467,PEAK3,RR
S4_B2_0@3|21_10,S4_B2_0@3,RR_P3_3,10.0,23.0,0.0,0.0,0.0,0.0,0.9027643171722333,0.3097762960703412,8.0,50.0,3.9318256327243257,PEAK3,RR
S4_B2_0@3|21_11,S4_B2_0@3,RR_P3_3,8.0,9.0,0.0,0.0,0.0,0.0,-0.1847827976958505,-0.7283771506601011,2.0,70.71067811865476,4.272639664252711,PEAK3,RR
S4_B2_0@3|21_15,S4_B2_0@3,RR_P3_3,11.0,5.0,0.0,0.2,,0.45454545454545453,2.1778594365971706,0.9166544011835085,2.0,301.0581940144667,5.7106196942236345,PEAK3,RR
S4_B2_0@3|21_20,S4_B2_0@3,RR_P3_3,6.0,7.0,0.0,0.0,,0.0,-0.18940369328347845,-0.4103433451755645,2.0,438.6342439892262,6.085943117560233,PEAK3,RR
S4_B2_0@3|22_11,S4_B2_0@3,RR_P3_3,16.0,29.0,0.0,0.0,,0.0,1.4313554937039683,0.8984033204424292,8.0,14.142135623730951,2.7174812964321107,PEAK3,RR
S4_B2_0@3|22_12,S4_B2_0@3,RR_P3_3,14.0,16.0,0.14285714285714285,0.0,0.0,0.0,0.3344498255599275,-0.31445333978039147,4.0,50.0,3.9318256327243257,PEAK3,RR
S4_B2_0@3|22_13,S4_B2_0@3,RR_P3_3,11.0,16.0,0.09090909090909091,0.0,0.0,0.0,-0.3153283658692811,0.06850571599150032,1.0,98.48857801796103,4.600042843785899,PEAK3,RR
S4_B2_0@3|22_19,S4_B2_0@3,RR_P3_3,5.0,10.0,0.0,0.0,0.0,0.0,-0.6669468542498911,-0.35913738933138123,4.0,327.56678708318395,5.794740126493581,PEAK3,RR
S4_B2_0@3|23_13,S4_B2_0@3,RR_P3_3,14.0,15.0,0.14285714285714285,0.0,,0.35714285714285715,2.630618235155514,2.2773515873375962,6.0,14.142135623730951,2.7174812964321107,PEAK3,RR
S4_B2_0@3|24_16,S4_B2_0@3,RR_P3_3,33.0,9.0,0.21212121212121213,0.1111111111111111,0.0,0.2727272727272727,5.593416101325374,4.49923922157304,3.0,20.0,3.044522437723423,PEAK3,RR
S4_B2_0@3|24_17,S4_B2_0@3,RR_P3_3,13.0,10.0,0.23076923076923078,0.1,,0.6153846153846154,7.684034766343611,2.6227700582367817,4.0,36.05551275463989,3.6124171329715926,PEAK3,RR
S4_B2_0@3|25_17,S4_B2_0@3,RR_P3_3,23.0,17.0,0.08695652173913043,0.058823529411764705,0.0,0.0,6.925323310455342,1.1240492675219151,6.0,28.284271247461902,3.377050554392157,PEAK3,RR
S4_B2_0@3|25_19,S4_B2_0@3,RR_P3_3,14.0,7.0,0.07142857142857142,0.0,0.0,0.0,1.920320225490686,4.24339434880999,8.0,31.622776601683796,3.485010713180571,PEAK3,RR
S4_B2_0@4|11_15,S4_B2_0@4,RR_P3_3,7.0,7.0,0.0,0.0,0.0,0.0,-0.22431558688608128,-0.5128573336419919,1.0,654.4077269912683,6.4852575259286125,PEAK3,RR
S4_B2_0@4|7_17,S4_B2_0@4,RR_P3_3,7.0,5.0,0.0,0.0,,0.0,-0.02745598258342084,,,368.43876344213993,5.91198499848641,PEAK3,RR
S4_B2_0@4|9_17,S4_B2_0@4,RR_P3_3,14.0,7.0,0.0,0.0,,0.0,-0.17712793630284318,-0.47610812187249035,5.0,545.7105459856901,6.303919495975902,PEAK3,RR
S4_B2_0@4|9_18,S4_B2_0@4,RR_P3_3,5.0,8.0,0.0,0.0,0.0,0.0,-0.21157505152063896,-0.491739188448788,2.0,516.2363799656123,6.248499984651347,PEAK3,RR
S4_B2_0@7|15_16,S4_B2_0@7,RR_P3_3,17.0,6.0,0.0,0.0,,0.0,-0.1734449842995614,-0.46056220633368117,4.0,770.0,6.647688373563329,PEAK3,RR
S4_B2_0@9|11_19,S4_B2_0@9,RR_P3_3,5.0,8.0,0.0,0.0,0.0,0.0,-0.21517830252998635,,,635.0590523722972,6.455291408671838,PEAK3,RR
S4_B2_0@9|12_18,S4_B2_0@9,RR_P3_3,9.0,7.0,0.0,0.0,0.0,0.0,-0.20188142403100054,-0.269818683497543,2.0,762.3970933550391,6.637778332804587,PEAK3,RR
S4_B2_0@9|13_18,S4_B2_0@9,RR_P3_3,11.0,6.0,0.0,0.0,0.0,0.0,-0.17680967757279611,-0.4811986983729026,3.0,858.8364221433555,6.7567421643458925,PEAK3,RR
S4_B2_0@9|14_18,S4_B2_0@9,RR_P3_3,14.0,7.0,0.0,0.0,0.0,0.0,-0.08552144488044328,-0.46283392706979587,5.0,903.3825324855468,6.8072524262915435,PEAK3,RR
S4_B2_1@3|37_3,S4_B2_1@3,RR_MP_4,29.0,5.0,0.20689655172413793,0.0,,0.3103448275862069,0.045771915391570946,5.2009741530237585,2.0,22.360679774997898,3.1510542574937324,MONOPHASIC,RR
S4_B2_1@3|41_20,S4_B2_1@3,RR_MP_4,8.0,22.0,0.375,0.3181818181818182,0.2,0.125,-1.3609368476357901,5.127557782658174,2.0,33.839144678161844,3.5507416016875912,MONOPHASIC,RR
S4_B2_1@3|42_20,S4_B2_1@3,RR_MP_4,6.0,24.0,0.16666666666666666,0.16666666666666666,0.0,0.0,0.2984118690974276,9.878805030683912,1.0,36.05551275463989,3.6124171329715926,MONOPHASIC,RR
S4_B2_1@3|43_3,S4_B2_1@3,RR_MP_4,11.0,6.0,0.2727272727272727,0.16666666666666666,,0.0,13.209654685194685,2.3169314190597525,1.0,10.0,2.3978952727983707,MONOPHASIC,RR
S4_B2_1@3|44_18,S4_B2_1@3,RR_MP_4,17.0,5.0,0.058823529411764705,0.0,0.0,0.058823529411764705,11.698539400817955,4.023175383883123,5.0,21.18033988749895,3.0992063058579626,MONOPHASIC,RR
S4_B2_1@3|46_16,S4_B2_1@3,RR_MP_4,17.0,6.0,0.0,0.16666666666666666,,0.0,7.601932359713018,5.652082185394117,3.0,28.284271247461902,3.377050554392157,MONOPHASIC,RR
S4_B2_1@3|46_6,S4_B2_1@3,RR_MP_4,6.0,16.0,0.5,0.0625,0.0,0.0,7.158536816936905,3.2027384161205967,9.0,22.360679774997898,3.1510542574937324,MONOPHASIC,RR
S4_B2_1@3|47_10,S4_B2_1@3,RR_MP_4,7.0,5.0,0.0,0.2,0.0,0.0,-0.17960055625985746,,,99.24428900898052,4.607610097072503,MONOPHASIC,RR
S4_B2_1@3|47_14,S4_B2_1@3,RR_MP_4,25.0,6.0,0.12,0.3333333333333333,,0.0,7.780356900541284,5.916381417187152,8.0,14.142135623730951,2.7174812964321107,MONOPHASIC,RR
S4_B2_1@3|47_15,S4_B2_1@3,RR_MP_4,11.0,13.0,0.18181818181818182,0.3076923076923077,0.0,0.0,12.58095890199648,,,14.142135623730951,2.7174812964321107,MONOPHASIC,RR
S4_B3_0@5|15_5,S4_B3_0@5,RR_P3_3,33.0,25.0,0.18181818181818182,0.12,0.0,0.30303030303030304,6.460147513953531,2.9212748731191445,2.0,20.0,3.044522437723423,PEAK3,RR
S4_B3_0@5|7_25,S4_B3_0@5,RR_P3_3,18.0,5.0,0.1111111111111111,0.0,0.0,0.4444444444444444,0.3245520009450069,,,14.142135623730951,2.7174812964321107,PEAK3,RR
S4_B3_1@103|53_27,S4_B3_1@103,RR_P1_3,10.0,9.0,0.0,0.0,,0.0,-0.19218325108343082,-0.5224884528446514,3.0,250.79872407968907,5.5286300543999864,PEAK1,RR
S4_B3_1@59|54_19,S4_B3_1@59,RR_P1_3,6.0,9.0,0.0,0.0,0.0,0.0,-0.24171118929912536,-0.6000227543443708,2.0,216.33307652783938,5.381431091637475,PEAK1,RR
S4_B3_1@59|56_21,S4_B3_1@59,RR_P1_3,10.0,5.0,0.0,0.0,,0.0,-0.23919853076065714,-0.6026972875729466,2.0,84.85281374238569,4.452634361906983,PEAK1,RR
S4_B3_1@59|56_23,S4_B3_1@59,RR_P1_3,9.0,11.0,0.0,0.0,0.0,0.0,-0.1946286895484421,-0.5941311314480654,3.0,138.71803066233196,4.9396263249518935,PEAK1,RR
S4_B3_1@59|56_24,S4_B3_1@59,RR_P1_3,10.0,5.0,0.1,0.0,0.0,0.0,-0.19736658357576614,-0.5591265159945734,3.0,158.11388300841895,5.0696201911749235,PEAK1,RR
S4_B3_1@8|39_18,S4_B3_1@8,RR_P1_3,11.0,5.0,0.0,0.0,,0.0,-0.3461170851415559,0.5686626652355432,7.0,36.4269164289302,3.6223901361804924,PEAK1,RR
S4_B3_1@8|40_20,S4_B3_1@8,RR_P1_3,9.0,9.0,0.0,0.0,0.0,0.0,-0.24328039363054865,0.28652133920802975,2.0,142.29978343503652,4.964938823563176,PEAK1,RR
S4_B3_1@8|41_19,S4_B3_1@8,RR_P1_3,7.0,7.0,0.0,0.0,0.0,0.0,-0.20885988149917606,,,141.23104670230236,4.957452824778164,PEAK1,RR
S4_B3_1@8|42_19,S4_B3_1@8,RR_P1_3,10.0,10.0,0.0,0.0,0.0,0.0,-0.19790959767966587,-0.5866210093958346,4.0,90.55385138137417,4.516927338847066,PEAK1,RR
S4_B3_1@8|42_22,S4_B3_1@8,RR_P1_3,14.0,15.0,0.07142857142857142,0.0,0.0,0.0,-0.5788465307908143,-0.6258948864069231,5.0,120.41594578792296,4.79922221915902,PEAK1,RR
S4_B3_1@8|43_23,S4_B3_1@8,RR_P1_3,9.0,7.0,0.0,0.14285714285714285,0.0,0.0,-0.7628075394099645,,,120.41594578792296,4.79922221915902,PEAK1,RR
S4_B3_1@8|43_24,S4_B3_1@8,RR_P1_3,19.0,22.0,0.05263157894736842,0.09090909090909091,0.0,0.0,0.4232196206066597,-0.07036459977211025,8.0,28.284271247461902,3.377050554392157,PEAK1,RR
S4_B3_1@8|45_15,S4_B3_1@8,RR_P1_3,5.0,11.0,0.0,0.0,0.0,0.0,-0.17594931876541098,-0.5015851433800095,1.0,36.05551275463989,3.6124171329715926,PEAK1,RR
S4_B3_1@8|45_19,S4_B3_1@8,RR_P1_3,10.0,10.0,0.1,0.0,0.0,0.0,-0.1985720373830864,-0.43118121641998464,2.0,141.0513252636308,4.956188437814092,PEAK1,RR
S4_B3_1@8|45_21,S4_B3_1@8,RR_P1_3,5.0,5.0,0.2,0.0,0.0,0.0,-0.22648471654466407,-0.48200327125003156,1.0,349.4957699700552,5.859348637842776,PEAK1,RR
S4_B3_1@8|45_23,S4_B3_1@8,RR_P1_3,14.0,18.0,0.0,0.0,0.0,0.0,-0.38710235807245197,3.468832088451099,2.0,204.31992429702444,5.32456936898477,PEAK1,RR
S4_B3_1@8|46_20,S4_B3_1@8,RR_P1_3,6.0,5.0,0.0,0.0,0.0,0.0,-0.24021143931855826,-0.5722679753856028,2.0,296.98484809834997,5.697042639905187,PEAK1,RR
S4_B3_1@8|46_21,S4_B3_1@8,RR_P1_3,13.0,7.0,0.0,0.0,0.0,0.0,-0.2289057443009983,-0.5728971945360485,1.0,349.4885077716825,5.8593279178391935,PEAK1,RR
S4_B3_1@8|46_22,S4_B3_1@8,RR_P1_3,7.0,16.0,0.14285714285714285,0.0,0.0,0.0,-0.2619775983175333,-0.5466994321275079,3.0,353.5533905932738,5.870858942793474,PEAK1,RR
S4_B3_1@8|46_23,S4_B3_1@8,RR_P1_3,8.0,11.0,0.125,0.0,0.0,0.0,-0.5518329292588786,0.90289678975616,2.0,277.8488797889961,5.630669985574476,PEAK1,RR
S4_B3_1@8|46_26,S4_B3_1@8,RR_P1_3,24.0,5.0,0.125,0.0,,0.041666666666666664,5.6598588074498,,,28.284271247461902,3.377050554392157,PEAK1,RR
S4_B3_1@8|47_15,S4_B3_1@8,RR_P1_3,7.0,7.0,0.0,0.0,0.0,0.0,-0.21347355284766023,-0.49487618881498396,3.0,257.4754878398196,5.5548008648481675,PEAK1,RR
S4_B3_1@8|47_16,S4_B3_1@8,RR_P1_3,9.0,7.0,0.0,0.0,0.0,0.0,-0.325300056667719,,,268.8680076432187,5.597932978886412,PEAK1,RR
S4_B3_1@8|47_21,S4_B3_1@8,RR_P1_3,11.0,9.0,0.0,0.0,,0.0,-0.11484660942144666,-0.36561628255893464,5.0,432.77947956215405,6.0725362933600175,PEAK1,RR
S4_B3_1@8|47_22,S4_B3_1@8,RR_P1_3,5.0,5.0,0.0,0.0,0.0,0.0,-0.08062825298136173,-0.1667960177158237,3.0,423.61239471478495,6.051176740352242,PEAK1,RR
S4_B3_1@8|48_19,S4_B3_1@8,RR_P1_3,9.0,11.0,0.0,0.0,0.0,0.0,-0.15134943200846912,-0.29194739177793216,1.0,385.39432764659773,5.956858422226982,PEAK1,RR
S4_B3_1@8|48_20,S4_B3_1@8,RR_P1_3,8.0,6.0,0.0,0.16666666666666666,,0.0,-0.21217469068218303,-0.5467388294670381,2.0,412.61286890568385,6.024930437085621,PEAK1,RR
S4_B3_1@8|49_13,S4_B3_1@8,RR_P1_3,11.0,7.0,0.0,0.0,,0.0,-0.2106691639342053,-0.5692625547642817,1.0,207.48070572954703,5.339846498489508,PEAK1,RR
S4_B3_1@8|49_14,S4_B3_1@8,RR_P1_3,7.0,8.0,0.0,0.0,0.0,0.0,-0.22620113846604648,-0.5473303565388019,4.0,314.00636936215164,5.752592858818514,PEAK1,RR
S4_B3_1@8|49_16,S4_B3_1@8,RR_P1_3,5.0,9.0,0.0,0.0,0.0,0.0,-0.21126301420112903,-0.5619948137513866,3.0,293.5122013786661,5.685320433060798,PEAK1,RR
S4_B3_1@8|49_17,S4_B3_1@8,RR_P1_3,11.0,7.0,0.09090909090909091,0.0,0.0,0.0,-0.20293275755245682,-0.5558337111115133,2.0,315.9904170468884,5.758871543284342,PEAK1,RR
S4_B3_1@8|49_18,S4_B3_1@8,RR_P1_3,7.0,6.0,0.0,0.0,0.0,0.0,-0.24527825602313655,-0.5256040110220104,1.0,354.682957019364,5.874039763888492,PEAK1,RR
S4_B3_1@8|49_19,S4_B3_1@8,RR_P1_3,8.0,7.0,0.0,0.0,0.0,0.0,-0.2199563930998426,,,410.1219330881975,6.018889844677681,PEAK1,RR
S4_B3_1@8|49_29,S4_B3_1@8,RR_P1_3,19.0,10.0,0.21052631578947367,0.0,,0.3684210526315789,0.5258843222203209,-0.2298385416462862,2.0,14.142135623730951,2.7174812964321107,PEAK1,RR
S4_B3_1@8|51_19,S4_B3_1@8,RR_P1_3,9.0,6.0,0.0,0.0,0.0,0.0,-0.20326169501950617,-0.5555074769090665,4.0,252.38858928247924,5.534924236417254,PEAK1,RR
S4_B3_1@8|51_22,S4_B3_1@8,RR_P1_3,8.0,5.0,0.0,0.0,0.0,0.0,-0.22876069684167039,-0.2799882057333386,1.0,538.5164807134504,6.290673332356628,PEAK1,RR
S4_B3_1@8|51_23,S4_B3_1@8,RR_P1_3,8.0,7.0,0.0,0.0,0.0,0.0,-0.20316346998529672,0.11612104295528852,2.0,552.268050859363,6.315842605347602,PEAK1,RR
S4_B3_1@8|51_27,S4_B3_1@8,RR_P1_3,15.0,15.0,0.0,0.0,,0.13333333333333333,-0.3696425714191134,0.12459083766777253,1.0,274.5906043549196,5.618916446957935,PEAK1,RR
S4_B3_1@8|51_28,S4_B3_1@8,RR_P1_3,17.0,10.0,0.058823529411764705,0.1,0.0,0.0,0.18477633320014789,0.6933509540682077,3.0,212.13203435596427,5.361911853268888,PEAK1,RR
S4_B3_1@8|51_29,S4_B3_1@8,RR_P1_3,15.0,8.0,0.0,0.0,0.0,0.0,-0.7891126226126075,-0.6400944229162853,3.0,155.56349186104046,5.053461626499295,PEAK1,RR
S4_B3_1@8|52_27,S4_B3_1@8,RR_P1_3,15.0,17.0,0.06666666666666667,0.058823529411764705,0.0,0.0,-0.3216741242721713,-0.48067441129784594,1.0,330.37849274035716,5.803261204698063,PEAK1,RR
S4_B3_1@8|52_30,S4_B3_1@8,RR_P1_3,9.0,17.0,0.0,0.0,0.0,0.0,-1.00963784952574,0.577605969899749,2.0,100.72243971391552,4.62224792487026,PEAK1,RR
S4_B3_1@8|53_26,S4_B3_1@8,RR_P1_3,14.0,7.0,0.0,0.0,,0.0,-0.22808950703716302,-0.4718655055974017,2.0,257.0992026436488,5.553344017388718,PEAK1,RR
S4_B3_1@8|53_30,S4_B3_1@8,RR_P1_3,11.0,14.0,0.0,0.0,0.0,0.0,-0.30304414677309777,-0.6138059679224785,1.0,158.11388300841895,5.0696201911749235,PEAK1,RR
S4_B3_1@8|54_30,S4_B3_1@8,RR_P1_3,9.0,13.0,0.1111111111111111,0.0,0.0,0.2222222222222222,-0.24621664033461219,,1.0,153.445475682628,5.039841125847991,PEAK1,RR
S4_B3_1@8|55_29,S4_B3_1@8,RR_P1_3,10.0,17.0,0.0,0.0,0.0,0.0,-0.2482349635586675,-0.5647932568357168,4.0,60.82762530298219,4.124350275958941,PEAK1,RR
S4_B3_1@8|55_31,S4_B3_1@8,RR_P1_3,31.0,7.0,0.3548387096774194,0.14285714285714285,,0.8064516129032258,2.36659727077337,0.12446263510973071,4.0,28.284271247461902,3.377050554392157,PEAK1,RR
S4_B3_1@91|53_22,S4_B3_1@91,RR_P1_3,5.0,5.0,0.0,0.0,0.0,0.0,-0.15452390146812092,-0.5239509929467837,1.0,394.0602923739438,5.979038392174364,PEAK1,RR
S4_B3_1@91|54_23,S4_B3_1@91,RR_P1_3,6.0,6.0,0.16666666666666666,0.0,0.0,0.0,-0.18708947330774006,,,328.7076185662984,5.798206257382133,PEAK1,RR
S4_B3_2@4|67_11,S4_B3_2@4,RR_P3_3,33.0,9.0,0.24242424242424243,0.0,0.0,0.0,3.3864611575944226,,,17.071067811865476,2.8943121959332228,PEAK3,RR
S4_B3_2@4|67_3,S4_B3_2@4,RR_P3_3,5.0,5.0,0.0,0.0,0.0,0.0,2.99016668620467,0.7778884404235916,2.0,14.142135623730951,2.7174812964321107,PEAK3,RR
S4_B3_2@4|68_3,S4_B3_2@4,RR_P3_3,9.0,8.0,0.0,0.0,0.0,0.0,0.47546032324234455,1.162307854520225,5.0,40.0,3.713572066704308,PEAK3,RR
S4_B3_2@4|71_15,S4_B3_2@4,RR_P3_3,13.0,9.0,0.15384615384615385,0.0,0.0,0.0,1.5192916110017602,,,14.142135623730951,2.7174812964321107,PEAK3,RR
S4_B3_2@4|73_16,S4_B3_2@4,RR_P3_3,11.0,14.0,0.09090909090909091,0.0,,0.18181818181818182,0.7214073677723075,2.865086296572409,1.0,31.622776601683796,3.485010713180571,PEAK3,RR
S4_B3_2@4|83_3,S4_B3_2@4,RR_P3_3,19.0,5.0,0.21052631578947367,0.2,,0.3157894736842105,2.9434841583582894,,,14.142135623730951,2.7174812964321107,PEAK3,RR
S4_T1_0@1|10_2,S4_T1_0@1,RR_P2_3,30.0,9.0,0.16666666666666666,0.0,,0.2,4.0959088947231095,5.437435637836131,5.0,30.0,3.4339872044851463,PEAK2,RR
S4_T1_0@1|11_4,S4_T1_0@1,RR_P2_3,5.0,6.0,0.0,0.0,,0.2,-0.1728130832637212,7.3847520514024225,1.0,230.8679276123039,5.446167932033159,PEAK2,RR
S4_T1_0@1|12_2,S4_T1_0@1,RR_P2_3,44.0,6.0,0.3409090909090909,0.16666666666666666,,0.6363636363636364,8.871932905206311,,,22.360679774997898,3.1510542574937324,PEAK2,RR
S4_T1_0@1|14_3,S4_T1_0@1,RR_P2_3,11.0,8.0,0.09090909090909091,0.0,0.0,0.18181818181818182,7.135751646227361,,,44.721359549995796,3.822565574923594,PEAK2,RR
S4_T1_0@1|15_3,S4_T1_0@1,RR_P2_3,6.0,16.0,0.0,0.0,0.0,0.5,2.543301711456593,,,29.14213562373095,3.4059240474807915,PEAK2,RR
S4_T1_0@1|18_10,S4_T1_0@1,RR_P2_3,11.0,6.0,0.0,0.16666666666666666,,0.2727272727272727,14.831333055243864,,,22.360679774997898,3.1510542574937324,PEAK2,RR
S4_T1_0@1|18_9,S4_T1_0@1,RR_P2_3,19.0,15.0,0.15789473684210525,0.0,0.0,0.7368421052631579,39.722160618054644,,,28.284271247461902,3.377050554392157,PEAK2,RR
S4_T1_0@1|2_10,S4_T1_0@1,RR_P2_3,14.0,37.0,0.0,0.0,0.0,0.0,4.519066764526012,5.807154917790064,4.0,30.0,3.4339872044851463,PEAK2,RR
S4_T1_0@1|2_11,S4_T1_0@1,RR_P2_3,21.0,21.0,0.047619047619047616,0.0,0.0,0.0,1.785589989553845,2.51042565583779,8.0,29.14213562373095,3.4059240474807915,PEAK2,RR
S4_T1_0@1|2_12,S4_T1_0@1,RR_P2_3,14.0,18.0,0.0,0.05555555555555555,0.0,0.0,5.625615910930576,5.969114912328337,6.0,20.0,3.044522437723423,PEAK2,RR
S4_T1_0@1|3_11,S4_T1_0@1,RR_P2_3,15.0,10.0,0.0,0.0,0.0,0.0,-0.815429629917052,-0.29475614408234513,3.0,131.52946437965906,4.88680499338181,PEAK2,RR
S4_T1_0@1|3_16,S4_T1_0@1,RR_P2_3,11.0,13.0,0.18181818181818182,0.0,,0.7272727272727273,25.113219333035833,18.209532736311683,1.0,20.0,3.044522437723423,PEAK2,RR
S4_T1_0@1|3_6,S4_T1_0@1,RR_P2_3,23.0,11.0,0.2608695652173913,0.18181818181818182,,0.5217391304347826,1.2182029474975102,5.339539061288745,1.0,21.18033988749895,3.0992063058579626,PEAK2,RR
S4_T1_0@1|3_7,S4_T1_0@1,RR_P2_3,18.0,7.0,0.16666666666666666,0.14285714285714285,,0.2222222222222222,1.8489769269672383,7.001821948717171,1.0,28.284271247461902,3.377050554392157,PEAK2,RR
S4_T1_0@1|4_10,S4_T1_0@1,RR_P2_3,6.0,7.0,0.0,0.0,0.0,0.0,-0.18521492889974506,0.6559109994753897,2.0,240.20824298928628,5.4856606391832035,PEAK2,RR
S4_T1_0@1|4_16,S4_T1_0@1,RR_P2_3,16.0,5.0,0.1875,0.2,,0.625,5.559781548606647,,,28.284271247461902,3.377050554392157,PEAK2,RR
S4_T1_0@1|4_17,S4_T1_0@1,RR_P2_3,14.0,24.0,0.14285714285714285,0.0,0.3333333333333333,0.35714285714285715,5.236949480822321,,,22.360679774997898,3.1510542574937324,PEAK2,RR
S4_T1_0@1|4_5,S4_T1_0@1,RR_P2_3,12.0,10.0,0.3333333333333333,0.1,0.0,0.25,-2.495520670666709,9.027582172824939,3.0,28.284271247461902,3.377050554392157,PEAK2,RR
S4_T1_0@1|5_17,S4_T1_0@1,RR_P2_3,35.0,5.0,0.2571428571428571,0.0,,0.2857142857142857,9.344885701910805,,,28.284271247461902,3.377050554392157,PEAK2,RR
S4_T1_0@1|5_7,S4_T1_0@1,RR_P2_3,8.0,7.0,0.125,0.0,,0.25,-0.8784190538144644,12.258204447781457,1.0,232.59406699226017,5.453584852481963,PEAK2,RR
S4_T1_0@1|5_8,S4_T1_0@1,RR_P2_3,20.0,11.0,0.0,0.0,0.0,0.0,-0.9189424892147895,-0.773739289970826,2.0,272.9468812791236,5.612934223649222,PEAK2,RR
S4_T1_0@1|5_9,S4_T1_0@1,RR_P2_3,5.0,14.0,0.0,0.0,0.0,0.0,-0.2522516557206473,2.296793095894917,2.0,329.84845004941286,5.801660415693923,PEAK2,RR
S4_T1_0@1|6_18,S4_T1_0@1,RR_P2_3,32.0,6.0,0.09375,0.0,,0.1875,10.304566057480763,,,20.0,3.044522437723423,PEAK2,RR
S4_T1_0@1|6_5,S4_T1_0@1,RR_P2_3,11.0,14.0,0.0,0.07142857142857142,0.0,0.0,-1.0736438339518295,3.299017207630256,2.0,205.18284528683193,5.328763373586755,PEAK2,RR
S4_T1_0@1|6_8,S4_T1_0@1,RR_P2_3,7.0,5.0,0.14285714285714285,0.0,0.0,0.0,-0.03507484852348702,,,353.6042406974153,5.871002352670164,PEAK2,RR
S4_T1_0@1|6_9,S4_T1_0@1,RR_P2_3,14.0,13.0,0.0,0.0,0.0,0.0,-0.2205556720829987,0.9846178134716785,6.0,388.329756778952,5.964426688322436,PEAK2,RR
S4_T1_0@1|7_7,S4_T1_0@1,RR_P2_3,6.0,13.0,0.0,0.0,0.0,0.0,0.34538852761328803,8.403644411077162,3.0,408.5339643163099,6.015019840797084,PEAK2,RR
S4_T1_0@1|7_8,S4_T1_0@1,RR_P2_3,13.0,12.0,0.15384615384615385,0.0,0.0,0.0,0.21250548841003633,1.4973295720843245,1.0,456.17978911828175,6.125076725165515,PEAK2,RR
S4_T1_0@1|7_9,S4_T1_0@1,RR_P2_3,12.0,11.0,0.0,0.0,0.0,0.0,0.5413664413275483,3.5556125338208977,3.0,496.58836071740546,6.2097731503101725,PEAK2,RR
S4_T1_0@1|8_5,S4_T1_0@1,RR_P2_3,7.0,6.0,0.0,0.0,0.0,0.0,-0.18846565502022578,0.7673454441931513,1.0,325.7299494980466,5.789133987187843,PEAK2,RR
S4_T1_0@1|8_8,S4_T1_0@1,RR_P2_3,9.0,12.0,0.0,0.0,0.1111111111111111,0.0,2.3457807993601656,5.605080527573017,4.0,563.0275304103699,6.335103063091098,PEAK2,RR
S4_T1_0@1|9_6,S4_T1_0@1,RR_P2_3,9.0,8.0,0.0,0.0,,0.0,-0.09932426385818766,1.0778108297737996,3.0,441.81444068749045,6.093150812514753,PEAK2,RR
S4_T1_0@4|6_3,S4_T1_0@4,RR_P2_3,21.0,19.0,0.09523809523809523,0.0,0.0,0.0,2.8210979841321873,3.244316271163231,6.0,33.839144678161844,3.5507416016875912,PEAK2,RR
S4_T1_0@4|7_2,S4_T1_0@4,RR_P2_3,26.0,6.0,0.0,0.16666666666666666,,0.0,4.827009382156943,4.882559702644804,1.0,25.3224755112299,3.2704231564123165,PEAK2,RR
S4_T1_0@4|7_3,S4_T1_0@4,RR_P2_3,6.0,10.0,0.0,0.0,0.0,0.0,0.13430360015749798,0.21601110177610555,4.0,81.12190899639839,4.408204838305264,PEAK2,RR
S4_T1_0@4|8_2,S4_T1_0@4,RR_P2_3,16.0,22.0,0.125,0.0,0.0,0.0,1.4697368110393754,3.6696294113802512,3.0,25.3224755112299,3.2704231564123165,PEAK2,RR
S4_T1_1@19|22_11,S4_T1_1@19,RR_OS1_2,8.0,8.0,0.125,0.125,,0.0,0.2972050978711043,7.669023970316078,1.0,14.142135623730951,2.7174812964321107,ONSET1,RR
S4_T1_1@19|23_8,S4_T1_1@19,RR_OS1_2,9.0,10.0,0.0,0.0,0.0,0.0,0.7830132509264782,16.809949445418926,1.0,36.05551275463989,3.6124171329715926,ONSET1,RR
S4_T1_1@24|34_11,S4_T1_1@24,RR_OS1_2,11.0,5.0,0.0,0.0,0.0,0.0,-0.04974951474927257,-0.49105257805112956,5.0,36.05551275463989,3.6124171329715926,ONSET1,RR
S4_T1_1@3|28_3,S4_T1_1@3,RR_OS1_2,5.0,7.0,0.0,0.14285714285714285,0.0,0.0,2.9949786335241813,12.102907071828266,1.0,17.071067811865476,2.8943121959332228,ONSET1,RR
S4_T1_1@49|35_15,S4_T1_1@49,RR_OS1_2,20.0,8.0,0.0,0.375,,0.0,4.2845913687795445,1.4713585057059646,3.0,14.142135623730951,2.7174812964321107,ONSET1,RR
S4_T1_1@57|20_16,S4_T1_1@57,RR_OS1_2,16.0,5.0,0.0,0.0,0.0,0.0,1.1816414990214923,4.599909232798774,2.0,14.142135623730951,2.7174812964321107,ONSET1,RR
S4_T1_1@57|21_16,S4_T1_1@57,RR_OS1_2,11.0,10.0,0.0,0.0,0.0,0.09090909090909091,-0.19604684819225912,6.927672850992011,3.0,58.309518948453004,4.08276981501776,ONSET1,RR
S4_T1_2@16|57_15,S4_T1_2@16,RR_OS1_2,5.0,5.0,0.0,0.0,0.0,0.0,-0.22012206158657904,,,472.89804174269057,6.160992196748695,ONSET1,RR
S4_T1_2@16|57_16,S4_T1_2@16,RR_OS1_2,5.0,6.0,0.0,0.0,0.0,0.0,-0.23119299445671185,-0.30564071143997423,2.0,388.9730067755345,5.966077523332269,ONSET1,RR
S4_T1_2@17|68_17,S4_T1_2@17,RR_OS1_2,8.0,8.0,0.0,0.0,0.0,0.0,0.3599089833470881,3.0845152713073962,4.0,20.0,3.044522437723423,ONSET1,RR
S4_T1_2@17|68_19,S4_T1_2@17,RR_OS1_2,11.0,8.0,0.0,0.0,,0.0,-0.21308572048399016,1.0871109034219286,1.0,14.142135623730951,2.7174812964321107,ONSET1,RR
S4_T1_2@31|59_21,S4_T1_2@31,RR_OS1_2,14.0,7.0,0.07142857142857142,0.14285714285714285,,0.0,0.5293192381833352,4.677615705845493,3.0,22.360679774997898,3.1510542574937324,ONSET1,RR
S4_T1_2@5|64_7,S4_T1_2@5,RR_OS1_2,12.0,14.0,0.0,0.0,0.0,0.0,-0.29558398220384485,-0.41951302700593307,4.0,118.938729421571,4.7869810242339526,ONSET1,RR
S4_T1_2@5|65_7,S4_T1_2@5,RR_OS1_2,9.0,13.0,0.0,0.0,0.0,0.0,-0.2416196334536112,-0.9078892805054396,1.0,86.02325267042627,4.466175355017631,ONSET1,RR
S4_T2_0@10|10_18,S4_T2_0@10,RR_R1_3,10.0,8.0,0.0,0.0,0.0,0.0,-0.19735878141330992,-0.30793328413480897,1.0,438.29214001622256,6.085164658757527,REMISSION1,RR
S4_T2_0@10|11_18,S4_T2_0@10,RR_R1_3,7.0,7.0,0.0,0.0,0.0,0.0,-0.187307706471465,-0.46187518900829816,2.0,488.77380511419574,6.193943662308409,REMISSION1,RR
S4_T2_0@10|11_19,S4_T2_0@10,RR_R1_3,7.0,9.0,0.14285714285714285,0.0,0.0,0.0,-0.21745046741949503,,,438.52022416244284,6.085683732363313,REMISSION1,RR
S4_T2_0@10|2_16,S4_T2_0@10,RR_R1_3,11.0,5.0,0.5454545454545454,0.2,,0.2727272727272727,2.2328353471364957,,,14.142135623730951,2.7174812964321107,REMISSION1,RR
S4_T2_0@10|2_19,S4_T2_0@10,RR_R1_3,12.0,7.0,0.08333333333333333,0.14285714285714285,0.0,0.0,0.78165833036595,,,40.0,3.713572066704308,REMISSION1,RR
S4_T2_0@10|2_22,S4_T2_0@10,RR_R1_3,7.0,5.0,0.42857142857142855,0.0,0.0,0.0,-0.3474047941320317,,,10.0,2.3978952727983707,REMISSION1,RR
S4_T2_0@10|3_14,S4_T2_0@10,RR_R1_3,8.0,5.0,0.125,0.0,0.0,0.0,-0.6986294562121387,1.3794697442691266,2.0,117.04699910719626,4.771082842684876,REMISSION1,RR
S4_T2_0@10|3_16,S4_T2_0@10,RR_R1_3,5.0,5.0,0.0,0.0,0.0,0.0,0.37060991269348914,3.433396996887576,2.0,51.21320343559643,3.955335402284063,REMISSION1,RR
S4_T2_0@10|4_23,S4_T2_0@10,RR_R1_3,6.0,5.0,0.16666666666666666,0.0,,0.0,-0.13723437636122246,-0.10776594329545562,3.0,42.426406871192846,3.771067709327022,REMISSION1,RR
S4_T2_0@10|6_17,S4_T2_0@10,RR_R1_3,5.0,7.0,0.0,0.0,0.0,0.0,-0.219493695987192,-0.3949804211324076,3.0,403.04834044179887,6.001534525362023,REMISSION1,RR
S4_T2_0@10|6_18,S4_T2_0@10,RR_R1_3,10.0,5.0,0.0,0.0,0.0,0.0,0.008778396298565968,-0.23031565784035318,4.0,393.19206502675,5.97683826520793,REMISSION1,RR
S4_T2_0@10|7_16,S4_T2_0@10,RR_R1_3,5.0,8.0,0.0,0.125,0.0,0.0,-0.20523075004808244,,1.0,460.10868281309365,6.1336337696861865,REMISSION1,RR
S4_T2_0@10|7_17,S4_T2_0@10,RR_R1_3,11.0,14.0,0.0,0.0,0.0,0.0,-0.17487529101923788,-0.418215265326991,4.0,463.89654018972806,6.141814886616208,REMISSION1,RR
S4_T2_0@10|7_19,S4_T2_0@10,RR_R1_3,5.0,5.0,0.0,0.0,,0.0,-0.09269296577644005,0.22153127901834768,1.0,305.5747107463293,5.725461480147128,REMISSION1,RR
S4_T2_0@10|7_21,S4_T2_0@10,RR_R1_3,6.0,5.0,0.0,0.0,0.0,0.0,-0.17311537949205769,-0.40865399814336745,1.0,123.6931687685298,4.825856069858493,REMISSION1,RR
S4_T2_0@10|8_18,S4_T2_0@10,RR_R1_3,5.0,5.0,0.0,0.0,0.0,0.0,-0.1910394955626855,-0.4305992526000308,1.0,402.35516311358737,5.999817471880175,REMISSION1,RR
S4_T2_0@10|8_20,S4_T2_0@10,RR_R1_3,9.0,7.0,0.0,0.0,0.0,0.0,-0.13844573353735884,-0.39895908521066825,1.0,179.84166368782004,5.197621862161902,REMISSION1,RR
S4_T2_0@10|9_19,S4_T2_0@10,RR_R1_3,6.0,6.0,0.0,0.16666666666666666,0.0,0.0,-0.20094231290190925,-0.4476952035524593,2.0,306.0219917265172,5.726919379309914,REMISSION1,RR
S4_T2_0@11|22_14,S4_T2_0@11,RR_R1_3,14.0,5.0,0.2857142857142857,0.0,,0.14285714285714285,-0.4260702344197189,0.9605659261120127,3.0,30.0,3.4339872044851463,REMISSION1,RR
S4_T2_0@11|22_15,S4_T2_0@11,RR_R1_3,5.0,13.0,0.0,0.0,0.0,0.2,-0.0601608774818495,-0.23125835397054056,1.0,12.071067811865476,2.570401223753042,REMISSION1,RR
S4_T2_0@12|6_13,S4_T2_0@12,RR_R1_3,6.0,7.0,0.0,0.0,0.0,0.0,-0.17543295546264237,-0.35373845035688056,2.0,368.78177829171545,5.912913043243906,REMISSION1,RR
S4_T2_0@12|7_13,S4_T2_0@12,RR_R1_3,5.0,8.0,0.0,0.0,0.0,0.0,-0.1894364994509846,-0.37071523096950804,1.0,437.3785545725808,6.083082816947755,REMISSION1,RR
S4_T2_0@13|10_13,S4_T2_0@13,RR_R1_3,5.0,8.0,0.4,0.0,0.0,0.0,-0.357314553293697,,,697.2087205421343,6.548518084627502,REMISSION1,RR
S4_T2_0@13|11_14,S4_T2_0@13,RR_R1_3,5.0,7.0,0.0,0.0,0.0,0.0,-0.14715868365605267,,,746.2901055084018,6.616453470527972,REMISSION1,RR
S4_T2_0@14|8_14,S4_T2_0@14,RR_R1_3,6.0,6.0,0.0,0.0,,0.0,-0.1283715331819593,-0.3547060089839445,1.0,581.9702236925964,6.368136110762445,REMISSION1,RR
S4_T2_0@14|8_15,S4_T2_0@14,RR_R1_3,7.0,14.0,0.0,0.0,,0.0,-0.14950389714844486,-0.29098613586659317,1.0,568.8585061331157,6.345388095159041,REMISSION1,RR
S4_T2_0@14|9_14,S4_T2_0@14,RR_R1_3,16.0,9.0,0.0625,0.0,0.0,0.0,-0.17550408094676223,-0.1764402966110598,1.0,664.8308055437865,6.501035592535256,REMISSION1,RR
S4_T2_0@16|17_18,S4_T2_0@16,RR_R1_3,13.0,10.0,0.07692307692307693,0.0,,0.0,-0.16444681879360887,-0.4152807933331789,4.0,508.0354318352215,6.2325176248060465,REMISSION1,RR
S4_T2_0@16|18_17,S4_T2_0@16,RR_R1_3,7.0,10.0,0.0,0.1,0.0,0.0,-0.11306355213250563,-0.39413575137027335,3.0,395.60080889704966,5.982930255662661,REMISSION1,RR
S4_T2_0@16|18_19,S4_T2_0@16,RR_R1_3,7.0,6.0,0.0,0.0,0.0,0.0,-0.18421051628455754,-0.44101669553882406,6.0,367.6955262170047,5.909971171228333,REMISSION1,RR
S4_T2_0@16|19_17,S4_T2_0@16,RR_R1_3,7.0,9.0,0.0,0.0,0.0,0.0,-0.11557500181483525,-0.41147324934115975,3.0,332.93329869056754,5.810941268513838,REMISSION1,RR
S4_T2_0@16|19_18,S4_T2_0@16,RR_R1_3,9.0,7.0,0.0,0.0,,0.0,-0.0275152529103003,-0.10404169541932985,3.0,340.5133591733904,5.833386797347881,REMISSION1,RR
S4_T2_0@19|23_18,S4_T2_0@19,RR_R1_3,24.0,17.0,0.20833333333333334,0.058823529411764705,0.07692307692307693,0.125,5.697298498796995,,,28.284271247461902,3.377050554392157,REMISSION1,RR
S4_T2_0@1|10_11,S4_T2_0@1,RR_R1_3,8.0,6.0,0.0,0.0,0.0,0.0,0.06069646801383409,0.7506727194523674,1.0,458.34589528150883,6.129803510749627,REMISSION1,RR
S4_T2_0@1|11_12,S4_T2_0@1,RR_R1_3,11.0,6.0,0.18181818181818182,0.0,0.0,0.5454545454545454,-0.06170013920571971,,,589.406481131655,6.380811250752526,REMISSION1,RR
S4_T2_0@1|11_6,S4_T2_0@1,RR_R1_3,15.0,38.0,0.2,0.07894736842105263,0.0,0.6,9.30689990005111,,,28.284271247461902,3.377050554392157,REMISSION1,RR
S4_T2_0@1|12_14,S4_T2_0@1,RR_R1_3,9.0,7.0,0.1111111111111111,0.0,,0.0,-0.9819969016574077,-0.7379288604076817,1.0,723.0577760613812,6.584871190391524,REMISSION1,RR
S4_T2_0@1|12_15,S4_T2_0@1,RR_R1_3,11.0,8.0,0.0,0.0,0.0,0.0,0.030277667717739144,1.0042928832657394,6.0,792.0227269466452,6.6758518806776985,REMISSION1,RR
S4_T2_0@1|12_17,S4_T2_0@1,RR_R1_3,6.0,9.0,0.0,0.0,0.0,0.0,-0.47884349835538104,,1.0,651.1528238439882,6.480278926859802,REMISSION1,RR
S4_T2_0@1|12_21,S4_T2_0@1,RR_R1_3,12.0,7.0,0.0,0.0,0.0,0.0,-0.17868807592679906,-0.4119891623351565,3.0,371.21422386541167,5.919469559129245,REMISSION1,RR
S4_T2_0@1|12_6,S4_T2_0@1,RR_R1_3,39.0,18.0,0.3076923076923077,0.1111111111111111,0.0,0.05128205128205128,12.718976123782053,,,20.0,3.044522437723423,REMISSION1,RR
S4_T2_0@1|13_13,S4_T2_0@1,RR_R1_3,6.0,8.0,0.3333333333333333,0.0,0.16666666666666666,0.3333333333333333,-0.13304514910938395,,,599.2892603935652,6.397411639698904,REMISSION1,RR
S4_T2_0@1|13_14,S4_T2_0@1,RR_R1_3,26.0,10.0,0.038461538461538464,0.1,0.0,0.0,-0.14006770859466822,0.7548107955693361,5.0,678.6368217851264,6.5215585698855225,REMISSION1,RR
S4_T2_0@1|14_10,S4_T2_0@1,RR_R1_3,9.0,11.0,0.0,0.09090909090909091,0.0,0.0,0.0810928705602419,1.9407679053540756,1.0,245.5564465096217,5.507590959193538,REMISSION1,RR
S4_T2_0@1|14_14,S4_T2_0@1,RR_R1_3,12.0,15.0,0.0,0.0,0.0,0.0,-0.1485757173214346,-0.1502048726918564,3.0,662.872536767062,6.498090168349028,REMISSION1,RR
S4_T2_0@1|14_17,S4_T2_0@1,RR_R1_3,15.0,10.0,0.0,0.0,0.0,0.0,-0.2341122091860937,-0.4241355329977292,6.0,778.3315488916019,6.658436563658462,REMISSION1,RR
S4_T2_0@1|14_18,S4_T2_0@1,RR_R1_3,11.0,7.0,0.0,0.0,0.0,0.0,-0.5302917245665119,-0.49750467761779876,3.0,718.5401732898553,6.578612359778929,REMISSION1,RR
S4_T2_0@1|14_20,S4_T2_0@1,RR_R1_3,5.0,7.0,0.2,0.0,0.0,0.0,-0.2209631578161807,0.3288318132201047,2.0,574.2349807028775,6.354778619409701,REMISSION1,RR
S4_T2_0@1|14_6,S4_T2_0@1,RR_R1_3,22.0,6.0,0.2727272727272727,0.16666666666666666,,0.09090909090909091,3.167273885841008,,,14.142135623730951,2.7174812964321107,REMISSION1,RR
S4_T2_0@1|14_8,S4_T2_0@1,RR_R1_3,8.0,9.0,0.125,0.1111111111111111,0.3333333333333333,0.0,-0.4937771339580993,2.471800997084192,1.0,120.41594578792296,4.79922221915902,REMISSION1,RR
S4_T2_0@1|14_9,S4_T2_0@1,RR_R1_3,17.0,8.0,0.0,0.125,,0.0,0.287518994188672,3.4192906951296114,1.0,169.70562748477138,5.139940596361686,REMISSION1,RR
S4_T2_0@1|15_15,S4_T2_0@1,RR_R1_3,12.0,6.0,0.0,0.0,0.0,0.0,-0.15900691047581803,-0.3598171740061218,3.0,694.6213603065157,6.544805489752352,REMISSION1,RR
S4_T2_0@1|15_17,S4_T2_0@1,RR_R1_3,8.0,8.0,0.0,0.0,0.0,0.0,-0.2717798293266379,-0.470848146842115,1.0,740.675256739413,6.608911487985716,REMISSION1,RR
S4_T2_0@1|15_8,S4_T2_0@1,RR_R1_3,13.0,17.0,0.23076923076923078,0.0,0.0,0.0,1.9926418297422586,2.836977465981751,2.0,47.3606797749979,3.8786870822027604,REMISSION1,RR
S4_T2_0@1|7_8,S4_T2_0@1,RR_R1_3,15.0,18.0,0.06666666666666667,0.0,0.0,0.0,0.5761154105167785,,,136.01470508735443,4.920088256472032,REMISSION1,RR
S4_T2_0@1|8_8,S4_T2_0@1,RR_R1_3,7.0,13.0,0.0,0.0,0.0,0.0,0.6427840442522056,0.04141102502991012,2.0,170.0,5.14166355650266,REMISSION1,RR
S4_T2_0@1|9_11,S4_T2_0@1,RR_R1_3,5.0,6.0,0.0,0.0,0.0,0.0,-0.022484042289566377,0.08614878978067711,2.0,490.0,6.19644412779452,REMISSION1,RR
S4_T2_0@1|9_12,S4_T2_0@1,RR_R1_3,5.0,7.0,0.0,0.0,0.0,0.0,-0.17879202845834827,-0.1433800877099615,1.0,530.6128009232623,6.27591540654026,REMISSION1,RR
S4_T2_0@1|9_9,S4_T2_0@1,RR_R1_3,19.0,10.0,0.0,0.0,,0.0,-0.020350168512799065,1.7418048243252149,1.0,270.0,5.602118820879701,REMISSION1,RR
S4_T2_0@21|19_19,S4_T2_0@21,RR_R1_3,8.0,5.0,0.0,0.0,0.0,0.0,-0.03495808348619186,-0.31394794629783085,3.0,290.0,5.673323267171493,REMISSION1,RR
S4_T2_0@21|20_19,S4_T2_0@21,RR_R1_3,7.0,8.0,0.0,0.0,0.0,0.0,-0.11444557325765926,,1.0,214.7091055358389,5.373930766393044,REMISSION1,RR
S4_T2_0@22|16_20,S4_T2_0@22,RR_R1_3,5.0,5.0,0.0,0.0,0.0,0.0,-0.1575117301641265,-0.36741279057678605,2.0,476.70053114902913,6.168984032283573,REMISSION1,RR
S4_T2_0@22|17_20,S4_T2_0@22,RR_R1_3,9.0,10.0,0.1111111111111111,0.0,0.0,0.0,-0.1799003063649624,,,393.95431207184413,5.978770092570435,REMISSION1,RR
S4_T2_0@26|19_23,S4_T2_0@26,RR_R1_3,9.0,6.0,0.0,0.0,0.0,0.0,-0.12225132511988811,-0.36699252277782873,3.0,139.2838827718412,4.943668103616054,REMISSION1,RR
S4_T2_0@27|10_23,S4_T2_0@27,RR_R1_3,12.0,12.0,0.0,0.0,0.0,0.0,-0.12930010994625452,-0.3460112559527513,4.0,140.35261950457536,4.951257616012986,REMISSION1,RR
S4_T2_0@2|19_7,S4_T2_0@2,RR_R1_3,22.0,16.0,0.13636363636363635,0.0,0.0,0.18181818181818182,-0.6577881514898262,3.6703380574156528,11.0,50.0,3.9318256327243257,REMISSION1,RR
S4_T2_0@2|20_7,S4_T2_0@2,RR_R1_3,14.0,10.0,0.14285714285714285,0.0,0.0,0.35714285714285715,1.8598063398534364,4.040919843787624,7.0,26.991728188340847,3.331909044684605,REMISSION1,RR
S4_T2_0@7|3_12,S4_T2_0@7,RR_R1_3,15.0,9.0,0.3333333333333333,0.0,0.0,0.8666666666666667,1.222686480736773,3.297208914630323,4.0,28.284271247461902,3.377050554392157,REMISSION1,RR
S4_T2_0@7|3_9,S4_T2_0@7,RR_R1_3,16.0,9.0,0.0625,0.0,0.0,0.25,14.231636552000719,6.285109975530846,2.0,20.0,3.044522437723423,REMISSION1,RR
S4_T2_0@7|4_10,S4_T2_0@7,RR_R1_3,20.0,10.0,0.05,0.0,0.0,0.35,-0.13404896991609236,-0.961068035915171,7.0,103.67968324948777,4.650905051764052,REMISSION1,RR
S4_T2_0@7|4_11,S4_T2_0@7,RR_R1_3,19.0,20.0,0.0,0.0,0.0,0.0,0.30733183175216,-1.0901296169959083,3.0,89.44271909999159,4.504716712194347,REMISSION1,RR
S4_T2_0@7|4_9,S4_T2_0@7,RR_R1_3,9.0,5.0,0.4444444444444444,0.0,,0.7777777777777778,9.955050560823128,6.97362922557132,3.0,18.251407699364425,2.9575841852998375,REMISSION1,RR
S4_T2_0@7|5_11,S4_T2_0@7,RR_R1_3,5.0,9.0,0.0,0.0,0.0,0.0,-1.2376127882665378,-0.8916760272537397,1.0,170.1286555793614,5.1424156454220045,REMISSION1,RR
S4_T2_0@7|5_12,S4_T2_0@7,RR_R1_3,9.0,12.0,0.1111111111111111,0.0,0.0,0.0,-0.4719901623947741,,,200.24984394500788,5.30454714086984,REMISSION1,RR
S4_T2_0@7|5_9,S4_T2_0@7,RR_R1_3,18.0,13.0,0.05555555555555555,0.0,0.0,0.0,0.02309250440034548,-0.33192250550003377,3.0,120.41594578792296,4.79922221915902,REMISSION1,RR
S4_T2_0@8|15_11,S4_T2_0@8,RR_R1_3,8.0,12.0,0.0,0.0,0.0,0.0,-0.08656229383686412,,,330.3027525481654,5.8030326175966165,REMISSION1,RR
S4_T2_0@8|16_11,S4_T2_0@8,RR_R1_3,8.0,8.0,0.0,0.0,0.0,0.0,-0.21605430464022313,,,350.78164150381514,5.863010646472827,REMISSION1,RR
S4_T2_0@8|17_11,S4_T2_0@8,RR_R1_3,14.0,6.0,0.0,0.0,,0.0,0.07183160310786389,-0.3657794745343661,3.0,369.4548750412082,5.914731642557986,REMISSION1,RR
S4_T2_0@8|17_12,S4_T2_0@8,RR_R1_3,7.0,10.0,0.0,0.0,0.0,0.0,-0.09390269627304895,0.16645019990774024,2.0,452.21676218380054,6.116370514753637,REMISSION1,RR
S4_T2_0@8|18_11,S4_T2_0@8,RR_R1_3,6.0,8.0,0.16666666666666666,0.0,0.0,0.0,-0.07722354422645838,0.6557961222194258,1.0,375.0657780874821,5.9297640698114025,REMISSION1,RR
S4_T2_1@28|45_14,S4_T2_1@28,RR_OS1_2,12.0,9.0,0.0,0.0,0.0,0.0,1.1288073686451792,5.3246970757296905,4.0,22.360679774997898,3.1510542574937324,ONSET1,RR
S4_T2_1@28|45_15,S4_T2_1@28,RR_OS1_2,20.0,6.0,0.15,0.0,,0.0,-0.9687830762293137,7.563946196648408,1.0,14.142135623730951,2.7174812964321107,ONSET1,RR
S4_T2_1@32|44_17,S4_T2_1@32,RR_OS1_2,6.0,7.0,0.0,0.14285714285714285,,0.0,-0.5027194592486338,,,22.360679774997898,3.1510542574937324,ONSET1,RR
S4_T2_1@36|34_18,S4_T2_1@36,RR_OS1_2,6.0,6.0,0.0,0.0,0.16666666666666666,0.0,-0.7164211135474283,,,12.071067811865476,2.570401223753042,ONSET1,RR
S4_T2_1@38|39_19,S4_T2_1@38,RR_OS1_2,8.0,22.0,0.0,0.045454545454545456,0.0,0.0,0.16690756050112346,2.0204910926029607,4.0,45.6155281280883,3.841933707258398,ONSET1,RR
S4_T2_1@38|40_19,S4_T2_1@38,RR_OS1_2,16.0,16.0,0.0,0.0625,0.0,0.0,1.0381527552145584,2.7849727029283993,7.0,31.622776601683796,3.485010713180571,ONSET1,RR
S4_T2_2@1|51_10,S4_T2_2@1,RR_P2_3,11.0,11.0,0.18181818181818182,0.0,,0.0,13.189843307850532,,,20.0,3.044522437723423,PEAK2,RR
S4_T2_2@1|51_11,S4_T2_2@1,RR_P2_3,9.0,5.0,0.2222222222222222,0.0,,0.2222222222222222,7.59828836437967,,,42.976207903086205,3.7836487581960427,PEAK2,RR
S4_T2_2@1|56_12,S4_T2_2@1,RR_P2_3,20.0,10.0,0.0,0.0,,0.0,-0.18069678927088534,1.9227753114161317,5.0,40.6155281280883,3.7284733699282553,PEAK2,RR
S4_T2_2@1|57_14,S4_T2_2@1,RR_P2_3,7.0,9.0,0.0,0.0,0.0,0.0,0.1775641541111112,1.8163252592557748,4.0,65.5553089206291,4.1980333150723,PEAK2,RR
S4_T2_2@1|57_15,S4_T2_2@1,RR_P2_3,13.0,7.0,0.0,0.0,0.0,0.0,0.8576606573414449,3.86588740346153,4.0,133.97644055600023,4.905100248809021,PEAK2,RR
S4_T2_2@1|59_14,S4_T2_2@1,RR_P2_3,7.0,11.0,0.0,0.0,0.0,0.0,-0.06383395096103624,0.4989652778365985,2.0,48.8997993755502,3.9100169822193345,PEAK2,RR
S4_T2_2@1|59_15,S4_T2_2@1,RR_P2_3,9.0,20.0,0.0,0.0,0.0,0.0,-0.17756631627430294,2.885560243505031,8.0,147.648230602334,5.001582646260812,PEAK2,RR
S4_T2_2@1|60_13,S4_T2_2@1,RR_P2_3,10.0,17.0,0.0,0.0,0.0,0.0,-0.14046738780027634,3.84064513914802,4.0,50.0,3.9318256327243257,PEAK2,RR
S4_T2_2@1|61_13,S4_T2_2@1,RR_P2_3,6.0,8.0,0.0,0.0,0.0,0.0,-0.08647732177760524,1.800367634306875,4.0,130.1920240520265,4.876662082375679,PEAK2,RR
S4_T2_2@1|62_10,S4_T2_2@1,RR_P2_3,15.0,7.0,0.0,0.0,0.0,0.0,-0.01942108489012455,8.865811970701017,5.0,25.3224755112299,3.2704231564123165,PEAK2,RR
S4_T2_2@1|62_11,S4_T2_2@1,RR_P2_3,8.0,12.0,0.0,0.0,0.0,0.0,-0.5546065637489461,-0.07970971787513698,4.0,116.10967233145622,4.763110866094844,PEAK2,RR
S4_T2_2@1|63_11,S4_T2_2@1,RR_P2_3,18.0,10.0,0.05555555555555555,0.0,0.0,0.0,-0.55674491986367,0.4847394009352527,2.0,65.5566408496611,4.1980533272355105,PEAK2,RR
S4_T2_2@1|64_12,S4_T2_2@1,RR_P2_3,12.0,5.0,0.0,0.2,,0.0,3.1104423351037305,5.818826892844183,5.0,31.622776601683796,3.485010713180571,PEAK2,RR
S4_T2_2@1|64_24,S4_T2_2@1,RR_P2_3,11.0,19.0,0.18181818181818182,0.3684210526315789,0.0,1.0,7.542117024161677,,,20.0,3.044522437723423,PEAK2,RR
S4_T2_2@1|65_23,S4_T2_2@1,RR_P2_3,10.0,6.0,0.0,0.16666666666666666,0.0,0.8,4.221558465439992,-0.05529818941220675,1.0,57.439030721688404,4.067984000873775,PEAK2,RR
S4_T3_0@15|12_13,S4_T3_0@15,RR_R1_3,16.0,13.0,0.0,0.0,0.0,0.0,-0.18506029489781275,-0.4126216305375803,4.0,620.0,6.431331081933479,REMISSION1,RR
S4_T3_0@15|14_12,S4_T3_0@15,RR_R1_3,5.0,5.0,0.0,0.0,0.0,0.0,-0.07079738200701233,-0.39052743674786405,3.0,511.2239067374693,6.238761847290547,REMISSION1,RR
S4_T3_0@15|14_14,S4_T3_0@15,RR_R1_3,7.0,7.0,0.0,0.0,,0.0,-0.17222278998934298,-0.4431242898458071,3.0,683.665818689994,6.5289308632947884,REMISSION1,RR
S4_T3_0@20|15_14,S4_T3_0@20,RR_R1_3,16.0,12.0,0.0,0.08333333333333333,0.0,0.0,-0.13603296110496235,-0.41543900467517825,2.0,640.3124237432849,6.463516738715156,REMISSION1,RR
S4_T3_0@4|10_11,S4_T3_0@4,RR_R1_3,7.0,11.0,0.0,0.0,0.0,0.0,-0.1061288561084342,0.059026544632112626,2.0,420.53503271427303,6.043902888375463,REMISSION1,RR
S4_T3_0@4|10_13,S4_T3_0@4,RR_R1_3,14.0,13.0,0.07142857142857142,0.0,0.0,0.0,-0.23370048842875946,-0.420200802562732,1.0,532.5410782277739,6.279536065392965,REMISSION1,RR
S4_T3_0@4|11_11,S4_T3_0@4,RR_R1_3,7.0,9.0,0.0,0.0,0.0,0.0,-0.18704334557544794,-0.26950526127394253,4.0,391.8522744110413,5.973433649120259,REMISSION1,RR
S4_T3_0@4|12_15,S4_T3_0@4,RR_R1_3,7.0,6.0,0.0,0.0,0.0,0.0,-0.30754398075045364,-0.3548700032374261,1.0,581.3776741499454,6.367119161927141,REMISSION1,RR
S4_T3_0@4|12_16,S4_T3_0@4,RR_R1_3,11.0,13.0,0.0,0.0,0.5,0.0,-0.29324184798010516,,,509.010133301004,6.234430594738636,REMISSION1,RR
S4_T3_0@4|13_10,S4_T3_0@4,RR_R1_3,12.0,9.0,0.0,0.0,,0.0,-0.28544650113938275,-0.3450107502213252,2.0,300.66592756745814,5.70932020497619,REMISSION1,RR
S4_T3_0@4|13_11,S4_T3_0@4,RR_R1_3,9.0,7.0,0.0,0.14285714285714285,0.3333333333333333,0.0,-0.19782394512519008,-0.4327205134147105,2.0,401.1234224026316,5.996759062399817,REMISSION1,RR
S4_T3_0@4|14_11,S4_T3_0@4,RR_R1_3,11.0,5.0,0.0,0.0,,0.0,-0.2529144255989967,-0.3631292766440379,4.0,410.48751503547584,6.019778679524352,REMISSION1,RR
S4_T3_0@4|14_15,S4_T3_0@4,RR_R1_3,5.0,8.0,0.0,0.0,0.0,0.0,-0.1948407617982818,-0.47267888626270316,4.0,612.0457499239742,6.418439565979989,REMISSION1,RR
S4_T3_0@4|14_16,S4_T3_0@4,RR_R1_3,8.0,13.0,0.125,0.0,0.0,0.0,-0.269419963889555,-0.5873641562169369,3.0,520.0961449578338,6.2559345639945665,REMISSION1,RR
S4_T3_0@4|15_10,S4_T3_0@4,RR_R1_3,9.0,7.0,0.0,0.0,0.0,0.0,-0.3248656489018617,-0.5110811149492626,2.0,301.4962686336267,5.71206894229937,REMISSION1,RR
S4_T3_0@4|15_11,S4_T3_0@4,RR_R1_3,5.0,8.0,0.0,0.0,,0.0,-0.017607662438786947,-0.4024981095322134,3.0,441.0215414239989,6.091358617143516,REMISSION1,RR
S4_T3_0@4|16_15,S4_T3_0@4,RR_R1_3,5.0,12.0,0.0,0.0,0.0,0.0,-0.22040141568124574,-0.4844222549185664,3.0,578.7054518492115,6.362520132905934,REMISSION1,RR
S4_T3_0@4|18_13,S4_T3_0@4,RR_R1_3,6.0,6.0,0.0,0.0,0.0,0.0,-0.2074896259007849,-0.1978906544781797,2.0,360.4111926092836,5.890016347820466,REMISSION1,RR
S4_T3_0@4|19_20,S4_T3_0@4,RR_R1_3,18.0,13.0,0.3333333333333333,0.0,0.2,0.05555555555555555,5.950906737023201,10.559211768737887,1.0,22.360679774997898,3.1510542574937324,REMISSION1,RR
S4_T3_0@4|20_13,S4_T3_0@4,RR_R1_3,5.0,11.0,0.0,0.0,,0.0,-0.1484444728504695,-0.21470738807911843,2.0,178.73900761994648,5.191505841017403,REMISSION1,RR
S4_T3_0@4|20_14,S4_T3_0@4,RR_R1_3,5.0,5.0,0.0,0.0,,0.0,0.03784488936781248,-0.06369068586303746,4.0,189.99981775725362,5.25227247389567,REMISSION1,RR
S4_T3_0@4|20_20,S4_T3_0@4,RR_R1_3,7.0,11.0,0.2857142857142857,0.0,0.0,0.0,4.956179368788828,,,20.0,3.044522437723423,REMISSION1,RR
S4_T3_0@4|21_18,S4_T3_0@4,RR_R1_3,7.0,5.0,0.14285714285714285,0.0,0.0,0.8571428571428571,1.5381446116814537,2.34532731148259,2.0,25.3224755112299,3.2704231564123165,REMISSION1,RR
S4_T3_0@4|4_10,S4_T3_0@4,RR_R1_3,20.0,18.0,0.25,0.05555555555555555,,0.2,14.17796170903966,5.479685468965374,1.0,21.18033988749895,3.0992063058579626,REMISSION1,RR
S4_T3_0@4|4_12,S4_T3_0@4,RR_R1_3,14.0,32.0,0.07142857142857142,0.1875,0.0,0.35714285714285715,29.39287409615513,,,20.0,3.044522437723423,REMISSION1,RR
S4_T3_0@4|4_9,S4_T3_0@4,RR_R1_3,16.0,6.0,0.125,0.0,,0.0,11.855877522309688,,,14.142135623730951,2.7174812964321107,REMISSION1,RR
S4_T3_0@4|5_14,S4_T3_0@4,RR_R1_3,40.0,5.0,0.175,0.0,,0.075,13.932584194777291,10.601734232393767,1.0,20.0,3.044522437723423,REMISSION1,RR
S4_T3_0@4|6_12,S4_T3_0@4,RR_R1_3,9.0,11.0,0.0,0.0,0.0,0.0,-0.737121375822237,,1.0,195.3168527166805,5.2797299494398455,REMISSION1,RR
S4_T3_0@4|6_13,S4_T3_0@4,RR_R1_3,7.0,10.0,0.0,0.0,0.0,0.0,1.3190652340077675,-0.0674799745620496,1.0,148.66068747318505,5.008370648208314,REMISSION1,RR
S4_T3_0@4|6_7,S4_T3_0@4,RR_R1_3,65.0,8.0,0.23076923076923078,0.25,,0.06153846153846154,10.732798878609279,,,28.284271247461902,3.377050554392157,REMISSION1,RR
S4_T3_0@4|7_14,S4_T3_0@4,RR_R1_3,13.0,20.0,0.0,0.05,0.0,0.0,-0.694068554298845,-0.2654725352103904,4.0,240.83189157584593,5.4882428218568835,REMISSION1,RR
S4_T3_0@4|7_15,S4_T3_0@4,RR_R1_3,5.0,7.0,0.0,0.0,0.0,0.0,0.6858149460415631,0.7371728941279929,2.0,188.48992113339102,5.24433583647684,REMISSION1,RR
S4_T3_0@4|7_16,S4_T3_0@4,RR_R1_3,6.0,9.0,0.0,0.0,,0.0,-0.4277879759011963,2.418409000878114,1.0,138.92443989449805,4.941102561871417,REMISSION1,RR
S4_T3_0@4|7_18,S4_T3_0@4,RR_R1_3,12.0,8.0,0.08333333333333333,0.25,,0.0,5.4892262285281435,5.33449369831229,4.0,14.142135623730951,2.7174812964321107,REMISSION1,RR
S4_T3_0@4|8_13,S4_T3_0@4,RR_R1_3,5.0,8.0,0.0,0.0,0.0,0.0,-0.1626809634278304,-0.3778057368579083,1.0,339.55853692699293,5.830587025430662,REMISSION1,RR
S4_T3_0@4|9_11,S4_T3_0@4,RR_R1_3,15.0,12.0,0.06666666666666667,0.0,0.0,0.0,-0.06734941582430103,-0.32753914299875214,4.0,412.31056256176606,6.0241992778370586,REMISSION1,RR
S4_T3_0@4|9_9,S4_T3_0@4,RR_R1_3,12.0,5.0,0.16666666666666666,0.0,0.0,0.0,-0.29756073180822595,-0.07673584965955473,2.0,225.61028345356956,5.423231729089216,REMISSION1,RR
S4_T3_0@5|16_7,S4_T3_0@5,RR_R1_3,9.0,5.0,0.0,0.0,0.0,0.0,-0.17174414987670084,1.5081382802841887,1.0,30.0,3.4339872044851463,REMISSION1,RR
S4_T3_0@9|18_10,S4_T3_0@9,RR_R1_3,5.0,8.0,0.2,0.0,0.0,0.0,-0.18171072467408908,,,138.92443989449805,4.941102561871417,REMISSION1,RR
S4_T3_0@9|18_9,S4_T3_0@9,RR_R1_3,5.0,7.0,0.2,0.14285714285714285,0.0,0.0,-0.008686546079733988,1.7980128234194517,2.0,80.7988842559072,4.404263603612342,REMISSION1,RR
S4_T3_0@9|19_11,S4_T3_0@9,RR_R1_3,8.0,7.0,0.0,0.0,0.2,0.0,-0.01308542769494066,0.7334834312323675,5.0,172.6267650163207,5.15690796670359,REMISSION1,RR
S4_T3_1@11|29_8,S4_T3_1@11,RR_P2_3,7.0,9.0,0.14285714285714285,0.0,0.0,0.0,-0.15106351637853463,-0.22297178687342661,2.0,351.13914953808535,5.8640264086709575,PEAK2,RR
S4_T3_1@11|31_7,S4_T3_1@11,RR_P2_3,11.0,5.0,0.0,0.0,0.0,0.0,0.20609386659922288,-0.04921457689521226,1.0,317.7047714809578,5.764265193011743,PEAK2,RR
S4_T3_1@11|32_7,S4_T3_1@11,RR_P2_3,6.0,8.0,0.0,0.0,0.0,0.0,-0.24415769641121257,,,343.579235298056,5.842324064872754,PEAK2,RR
S4_T3_1@11|32_8,S4_T3_1@11,RR_P2_3,7.0,8.0,0.0,0.0,0.0,0.0,-0.2390940017461037,0.043867954780511996,2.0,433.2435804486894,6.073605621934659,PEAK2,RR
S4_T3_1@22|33_9,S4_T3_1@22,RR_P2_3,6.0,6.0,0.0,0.0,0.0,0.0,-0.19144736995788503,-0.3432751068468056,2.0,560.0815307488674,6.329866226066305,PEAK2,RR
S4_T3_1@27|32_12,S4_T3_1@27,RR_P2_3,8.0,6.0,0.0,0.0,0.0,0.0,-0.13744745110861933,-0.44903288395492047,1.0,580.2154628164017,6.365121536325707,PEAK2,RR
S4_T3_1@28|30_12,S4_T3_1@28,RR_P2_3,10.0,10.0,0.0,0.0,0.0,0.0,-0.1766658862114511,-0.431421966362627,2.0,390.8323140537458,5.970833977999603,PEAK2,RR
S4_T3_1@28|30_13,S4_T3_1@28,RR_P2_3,6.0,7.0,0.16666666666666666,0.14285714285714285,0.0,0.0,-0.24027470195453154,-0.3254267339382544,2.0,403.11288741492746,6.001694263223827,PEAK2,RR
S4_T3_1@28|30_14,S4_T3_1@28,RR_P2_3,6.0,6.0,0.0,0.0,0.0,0.0,-0.16048984411960743,-0.41330798361995863,1.0,416.57827965663387,6.034472022899251,PEAK2,RR
S4_T3_1@28|31_12,S4_T3_1@28,RR_P2_3,10.0,9.0,0.1,0.0,,0.0,-0.16541307913037998,-0.43911918098245384,2.0,470.425339453563,6.155760742671195,PEAK2,RR
S4_T3_1@28|31_13,S4_T3_1@28,RR_P2_3,5.0,14.0,0.0,0.0,0.0,0.0,-0.2276506237182475,-0.38505454299532893,3.0,485.07731342539614,6.1863676923706485,PEAK2,RR
S4_T3_1@28|31_14,S4_T3_1@28,RR_P2_3,8.0,6.0,0.125,0.0,0.0,0.0,-0.17659188587663768,,,495.40391676872065,6.20738994364727,PEAK2,RR
S4_T3_1@28|32_14,S4_T3_1@28,RR_P2_3,8.0,11.0,0.0,0.0,0.0,0.0,-0.2117159735840045,-0.3933068282909365,2.0,610.0,6.415096959171596,PEAK2,RR
S4_T3_1@28|33_14,S4_T3_1@28,RR_P2_3,7.0,6.0,0.0,0.0,0.0,0.0,-0.19395462837736507,-0.31106690289730066,1.0,691.8092222571191,6.540754668731681,PEAK2,RR
S4_T3_1@29|42_13,S4_T3_1@29,RR_P2_3,29.0,8.0,0.034482758620689655,0.0,0.0,0.0,0.8159318304170797,1.6519939519398366,7.0,40.0,3.713572066704308,PEAK2,RR
S4_T3_1@29|43_14,S4_T3_1@29,RR_P2_3,17.0,14.0,0.0,0.0,0.0,0.0,3.9763066720894717,2.0007654858601414,2.0,22.360679774997898,3.1510542574937324,PEAK2,RR
S4_T3_1@29|43_15,S4_T3_1@29,RR_P2_3,31.0,10.0,0.06451612903225806,0.0,0.0,0.0,3.0431850456561826,4.882178265902521,4.0,42.426406871192846,3.771067709327022,PEAK2,RR
S4_T3_1@29|43_16,S4_T3_1@29,RR_P2_3,15.0,19.0,0.0,0.05263157894736842,0.0,0.0,-0.2036423816460874,,1.0,71.05551275463989,4.277436832421273,PEAK2,RR
S4_T3_1@2|26_13,S4_T3_1@2,RR_P2_3,23.0,19.0,0.30434782608695654,0.10526315789473684,0.18181818181818182,0.0,10.84211132565591,3.6227013869921083,1.0,22.360679774997898,3.1510542574937324,PEAK2,RR
S4_T3_1@2|26_7,S4_T3_1@2,RR_P2_3,7.0,9.0,0.0,0.0,0.0,0.0,-0.24675463423893396,,,82.7376956126856,4.427689241854176,PEAK2,RR
S4_T3_1@2|27_5,S4_T3_1@2,RR_P2_3,23.0,6.0,0.17391304347826086,0.0,,0.4782608695652174,3.646932243549763,5.392671035902013,3.0,14.142135623730951,2.7174812964321107,PEAK2,RR
S4_T3_1@2|27_6,S4_T3_1@2,RR_P2_3,10.0,5.0,0.2,0.2,0.0,0.1,0.9787663146989563,2.6717947694383968,2.0,42.426406871192846,3.771067709327022,PEAK2,RR
S4_T3_1@2|30_6,S4_T3_1@2,RR_P2_3,6.0,8.0,0.0,0.0,0.0,0.5,-0.3759003144888792,0.8793147145823519,2.0,225.93052098012276,5.424643895653464,PEAK2,RR
S4_T3_1@2|31_22,S4_T3_1@2,RR_P2_3,8.0,14.0,0.0,0.07142857142857142,0.0,0.0,4.018457327289904,2.5848576783163666,7.0,28.284271247461902,3.377050554392157,PEAK2,RR
S4_T3_1@2|32_22,S4_T3_1@2,RR_P2_3,10.0,12.0,0.0,0.0,0.0,0.0,0.48640277075722516,-1.2921905907849098,3.0,56.568542494923804,4.0529762812736765,PEAK2,RR
S4_T3_1@2|33_23,S4_T3_1@2,RR_P2_3,45.0,11.0,0.1111111111111111,0.0,0.0,0.2222222222222222,5.032714591341728,13.665968351298837,6.0,60.0,4.110873864173311,PEAK2,RR
S4_T3_1@2|33_6,S4_T3_1@2,RR_P2_3,7.0,5.0,0.0,0.0,,0.0,0.1659757165530379,1.533732611336121,4.0,330.9533754856293,5.804994523770281,PEAK2,RR
S4_T3_1@2|34_11,S4_T3_1@2,RR_P2_3,8.0,12.0,0.0,0.0,0.0,0.0,-0.229781386506251,-0.3878638570367504,1.0,640.5075814644694,6.463821002324856,PEAK2,RR
S4_T3_1@2|34_17,S4_T3_1@2,RR_P2_3,14.0,7.0,0.0,0.0,0.0,0.0,-0.08891918192755076,0.5726941994681166,1.0,612.2091146005587,6.418706010880275,PEAK2,RR
S4_T3_1@2|34_19,S4_T3_1@2,RR_P2_3,5.0,10.0,0.0,0.0,0.0,0.0,-0.16667434874804404,-0.33996247125311685,4.0,445.5333881989093,6.101514175121989,PEAK2,RR
S4_T3_1@2|34_20,S4_T3_1@2,RR_P2_3,11.0,13.0,0.0,0.0,0.0,0.0,-0.09486455062795507,-0.38514164145930907,1.0,330.0757401921918,5.802347171534132,PEAK2,RR
S4_T3_1@2|34_23,S4_T3_1@2,RR_P2_3,27.0,9.0,0.14814814814814814,0.1111111111111111,0.0,0.07407407407407407,-0.7618955237872782,-0.40711484502639494,8.0,60.0,4.110873864173311,PEAK2,RR
S4_T3_1@2|35_11,S4_T3_1@2,RR_P2_3,10.0,7.0,0.0,0.14285714285714285,,0.0,-0.3089025360610057,-0.41792149177126536,3.0,544.5181356024793,6.301736050554554,PEAK2,RR
S4_T3_1@2|35_12,S4_T3_1@2,RR_P2_3,5.0,7.0,0.0,0.0,0.0,0.0,-0.4510727403681572,-0.07355794232838514,2.0,568.5436050178521,6.344835347151645,PEAK2,RR
S4_T3_1@2|35_15,S4_T3_1@2,RR_P2_3,8.0,5.0,0.0,0.0,,0.0,-0.2624859673517136,0.005149578254304032,3.0,685.054742338158,6.530957423868849,PEAK2,RR
S4_T3_1@2|35_18,S4_T3_1@2,RR_P2_3,13.0,6.0,0.0,0.0,0.0,0.0,-0.13209972435908984,0.9179211064226751,4.0,533.6665625650534,6.2816433050545655,PEAK2,RR
S4_T3_1@2|35_23,S4_T3_1@2,RR_P2_3,54.0,14.0,0.35185185185185186,0.0,0.0,0.5,4.91355922126228,-0.6342081167455502,2.0,25.3224755112299,3.2704231564123165,PEAK2,RR
S4_T3_1@2|35_4,S4_T3_1@2,RR_P2_3,9.0,10.0,0.1111111111111111,0.0,,0.3333333333333333,-0.002247610966499971,3.44236783817317,2.0,188.67962264113206,5.245336452305214,PEAK2,RR
S4_T3_1@2|35_8,S4_T3_1@2,RR_P2_3,8.0,9.0,0.125,0.0,0.0,1.0,1.2782674765242967,2.5005630611207477,2.0,536.0037313302959,6.286005042958274,PEAK2,RR
S4_T3_1@2|36_21,S4_T3_1@2,RR_P2_3,12.0,8.0,0.08333333333333333,0.0,,0.0,-1.7322316429554439,-0.7708495958566955,2.0,207.48070572954703,5.339846498489508,PEAK2,RR
S4_T3_1@2|36_22,S4_T3_1@2,RR_P2_3,24.0,13.0,0.041666666666666664,0.0,0.0,0.0,-2.7372802207356774,-0.3168647870420815,7.0,139.2838827718412,4.943668103616054,PEAK2,RR
S4_T3_1@2|36_6,S4_T3_1@2,RR_P2_3,7.0,12.0,0.14285714285714285,0.08333333333333333,0.0,0.0,-0.1661440702690356,,,385.8756276314948,5.958103265748355,PEAK2,RR
S4_T3_1@2|37_5,S4_T3_1@2,RR_P2_3,8.0,6.0,0.125,0.0,0.0,0.0,-0.021921614193739072,0.6380198999072136,1.0,290.0861812854691,5.673619378946242,PEAK2,RR
S4_T3_1@2|37_6,S4_T3_1@2,RR_P2_3,9.0,6.0,0.1111111111111111,0.0,0.0,0.0,-0.13759791415058595,1.0722055162605637,1.0,372.15588131856794,5.921996244724977,PEAK2,RR
S4_T3_1@2|38_10,S4_T3_1@2,RR_P2_3,15.0,6.0,0.06666666666666667,0.0,,0.0,-0.11880043669504503,-0.07499706320860908,3.0,272.02941017470886,5.609579518960234,PEAK2,RR
S4_T3_1@2|38_12,S4_T3_1@2,RR_P2_3,5.0,13.0,0.0,0.0,0.0,0.0,-0.22743155410944982,-0.2541479513428567,2.0,261.0133587356272,5.568395490001838,PEAK2,RR
S4_T3_1@2|38_9,S4_T3_1@2,RR_P2_3,5.0,7.0,0.0,0.0,0.0,0.0,-0.2531690649457336,,,330.44536443949966,5.80346298288889,PEAK2,RR
S4_T3_1@2|39_13,S4_T3_1@2,RR_P2_3,5.0,6.0,0.0,0.0,0.0,0.0,-0.17949742660964663,-0.4069060891648348,1.0,197.9898987322333,5.293254063296621,PEAK2,RR
S4_T3_1@2|39_14,S4_T3_1@2,RR_P2_3,9.0,6.0,0.0,0.0,,0.0,0.031308668561690456,,,290.6888370749727,5.675687607629154,PEAK2,RR
S4_T3_1@2|39_6,S4_T3_1@2,RR_P2_3,11.0,6.0,0.0,0.0,0.0,0.0,0.16336625410841826,-0.2112498450015341,1.0,254.95097567963924,5.544985924889447,PEAK2,RR
S4_T3_1@2|40_16,S4_T3_1@2,RR_P2_3,14.0,6.0,0.0,0.0,0.0,0.0,0.018544096776808,0.04340801616340032,4.0,367.7620973547802,5.910151713501756,PEAK2,RR
S4_T3_1@2|41_17,S4_T3_1@2,RR_P2_3,13.0,11.0,0.0,0.0,0.0,0.0,-0.0577122327946577,,,250.0,5.5254529391317835,PEAK2,RR
S4_T3_1@2|41_4,S4_T3_1@2,RR_P2_3,6.0,6.0,0.0,0.0,0.0,0.0,-0.3782407206165672,0.5603346159043463,2.0,81.45306134579181,4.412229178040899,PEAK2,RR
S4_T3_1@2|42_18,S4_T3_1@2,RR_P2_3,16.0,5.0,0.0,0.0,,0.0625,-0.2493033199202869,,,130.0,4.875197323201151,PEAK2,RR
S4_T3_1@2|42_21,S4_T3_1@2,RR_P2_3,26.0,11.0,0.23076923076923078,0.09090909090909091,,0.38461538461538464,21.87459377218439,,,20.0,3.044522437723423,PEAK2,RR
S4_T3_1@33|26_17,S4_T3_1@33,RR_P2_3,8.0,52.0,0.5,0.0,0.0,0.0,11.580976867228502,,,42.426406871192846,3.771067709327022,PEAK2,RR
S4_T3_1@33|27_17,S4_T3_1@33,RR_P2_3,14.0,10.0,0.0,0.3,,0.07142857142857142,1.0217156579561655,1.8761381911249415,4.0,80.28230463570988,4.397928337706124,PEAK2,RR
S4_T3_1@33|27_18,S4_T3_1@33,RR_P2_3,35.0,8.0,0.37142857142857144,0.25,,0.22857142857142856,9.859884131976436,,,30.0,3.4339872044851463,PEAK2,RR
S4_T3_1@33|27_19,S4_T3_1@33,RR_P2_3,56.0,13.0,0.21428571428571427,0.23076923076923078,,0.07142857142857142,6.944593811571937,,,22.360679774997898,3.1510542574937324,PEAK2,RR
S4_T3_1@33|28_20,S4_T3_1@33,RR_P2_3,38.0,12.0,0.18421052631578946,0.08333333333333333,,0.05263157894736842,8.929832497571704,8.401718965915459,3.0,22.360679774997898,3.1510542574937324,PEAK2,RR
S4_T3_1@33|29_21,S4_T3_1@33,RR_P2_3,6.0,7.0,0.0,0.0,0.0,0.0,1.9443790614112602,2.6843356973813255,1.0,41.23105625617661,3.743155880619243,PEAK2,RR
S4_T3_2@14|55_12,S4_T3_2@14,RR_R1_3,10.0,7.0,0.0,0.0,0.0,0.0,0.0008701408255641853,-0.28588169120991175,1.0,439.65895873961216,6.088271240076804,REMISSION1,RR
S4_T3_2@1|48_21,S4_T3_2@1,RR_R1_3,14.0,6.0,0.21428571428571427,0.0,,0.0,-1.5344137951331902,,,10.0,2.3978952727983707,REMISSION1,RR
S4_T3_2@1|49_12,S4_T3_2@1,RR_R1_3,11.0,5.0,0.0,0.0,0.0,0.0,-0.024345020956924354,-0.388278426432213,1.0,309.98321413543795,5.739738936881558,REMISSION1,RR
S4_T3_2@1|50_11,S4_T3_2@1,RR_R1_3,8.0,11.0,0.25,0.0,0.0,0.0,0.04119183965668058,1.406706529153033,2.0,336.1547262794322,5.820541953410771,REMISSION1,RR
S4_T3_2@1|51_8,S4_T3_2@1,RR_R1_3,5.0,6.0,0.0,0.0,0.0,0.6,-0.260886982634802,-0.08241583133627596,2.0,36.05551275463989,3.6124171329715926,REMISSION1,RR
S4_T3_2@1|52_13,S4_T3_2@1,RR_R1_3,5.0,11.0,0.0,0.0,0.0,0.0,-0.17313063772348208,-0.3579976451971177,1.0,482.130461816119,6.1802867244599184,REMISSION1,RR
S4_T3_2@1|53_13,S4_T3_2@1,RR_R1_3,11.0,12.0,0.0,0.0,0.0,0.0,-0.19074437731186056,-0.43583379442532966,6.0,478.53944456021594,6.1728261527967225,REMISSION1,RR
S4_T3_2@1|53_15,S4_T3_2@1,RR_R1_3,5.0,6.0,0.0,0.0,0.0,0.0,0.26992439112324046,0.05147025631021085,2.0,679.1170738539859,6.522264950783373,REMISSION1,RR
S4_T3_2@1|53_23,S4_T3_2@1,RR_R1_3,27.0,6.0,0.2962962962962963,0.0,,0.7037037037037037,52.86384421475141,16.22411140647943,6.0,20.0,3.044522437723423,REMISSION1,RR
S4_T3_2@1|54_14,S4_T3_2@1,RR_R1_3,7.0,7.0,0.0,0.0,0.0,0.0,-0.20826147519833127,-0.4459937874404305,2.0,599.2476485950809,6.397342317717731,REMISSION1,RR
S4_T3_2@1|54_15,S4_T3_2@1,RR_R1_3,11.0,9.0,0.09090909090909091,0.0,0.0,0.0,-0.19378720171523933,-0.5308911663950591,1.0,680.6612487811672,6.524532831778919,REMISSION1,RR
S4_T3_2@1|54_23,S4_T3_2@1,RR_R1_3,18.0,16.0,0.16666666666666666,0.0625,0.0,0.5,20.144485940028968,9.8832323465002,9.0,17.071067811865476,2.8943121959332228,REMISSION1,RR
S4_T3_2@1|55_14,S4_T3_2@1,RR_R1_3,13.0,7.0,0.0,0.0,0.0,0.0,-0.26703056131582364,-0.49342532702582353,2.0,550.7246297846011,6.313049062719636,REMISSION1,RR
S4_T3_2@1|55_17,S4_T3_2@1,RR_R1_3,10.0,5.0,0.1,0.0,0.0,0.0,-0.07670059723807639,0.35786796811812976,1.0,528.0151512977634,6.27101707284278,REMISSION1,RR
S4_T3_2@1|55_23,S4_T3_2@1,RR_R1_3,8.0,16.0,0.25,0.0625,,0.125,8.249081288334063,11.317770335078864,2.0,14.142135623730951,2.7174812964321107,REMISSION1,RR
S4_T3_2@1|56_14,S4_T3_2@1,RR_R1_3,6.0,9.0,0.0,0.0,0.0,0.0,-0.12634407008830628,-0.08542056999720303,1.0,456.50848842053307,6.125795438468116,REMISSION1,RR
S4_T3_2@1|56_16,S4_T3_2@1,RR_R1_3,5.0,5.0,0.0,0.0,,0.0,-0.12232575508027481,-0.48169637021017064,1.0,498.5351776279555,6.213678021290429,REMISSION1,RR
S4_T3_2@1|56_18,S4_T3_2@1,RR_R1_3,10.0,12.0,0.0,0.0,0.0,0.0,0.1934446452328758,1.3089270222283562,2.0,371.6178643100886,5.920553402026452,REMISSION1,RR
S4_T3_2@1|56_21,S4_T3_2@1,RR_R1_3,8.0,8.0,0.125,0.125,0.0,0.0,-0.27080223235873324,-0.27544032771899163,2.0,133.95623132202235,4.904950513440753,REMISSION1,RR
S4_T3_2@1|56_22,S4_T3_2@1,RR_R1_3,9.0,7.0,0.0,0.0,0.0,0.0,3.162593453807498,2.6998756608650556,5.0,38.643284505408246,3.679921564389673,REMISSION1,RR
S4_T3_2@1|57_14,S4_T3_2@1,RR_R1_3,5.0,5.0,0.0,0.0,0.0,0.0,0.08203504842958954,-0.18558684329500494,1.0,404.783850554605,6.0058206300364905,REMISSION1,RR
S4_T3_2@1|57_16,S4_T3_2@1,RR_R1_3,9.0,17.0,0.0,0.0,0.0,0.0,-0.3281574742956712,-0.6192318187012888,2.0,428.6582253090039,6.062990067784069,REMISSION1,RR
S4_T3_2@1|57_18,S4_T3_2@1,RR_R1_3,14.0,11.0,0.07142857142857142,0.09090909090909091,,0.0,-0.015812974084532357,0.002195192419763984,3.0,311.1269837220809,5.743410104117045,REMISSION1,RR
S4_T3_2@1|57_21,S4_T3_2@1,RR_R1_3,7.0,12.0,0.0,0.0,0.0,0.42857142857142855,0.7201745379031561,1.720877127265855,4.0,100.0,4.61512051684126,REMISSION1,RR
S4_T3_2@1|58_17,S4_T3_2@1,RR_R1_3,5.0,5.0,0.0,0.0,0.0,0.0,0.22521601993976875,-0.6511217689366889,2.0,316.4553718720956,5.760337247420349,REMISSION1,RR
S4_T3_2@1|58_18,S4_T3_2@1,RR_R1_3,8.0,15.0,0.0,0.0,0.0,0.0,-0.5044428726812049,-0.16546125321250532,2.0,226.71568097509268,5.428097837519268,REMISSION1,RR
S4_T3_2@1|60_18,S4_T3_2@1,RR_R1_3,16.0,21.0,0.0,0.0,0.0,0.0,1.5603026795762123,0.507280047664099,7.0,84.85281374238569,4.452634361906983,REMISSION1,RR
S4_T3_2@1|61_16,S4_T3_2@1,RR_R1_3,15.0,7.0,0.0,0.0,0.0,0.0,-0.46170818086992355,1.0771711741911174,1.0,65.16379626418065,4.192133429120362,REMISSION1,RR
S4_T3_2@1|61_17,S4_T3_2@1,RR_R1_3,11.0,10.0,0.0,0.1,0.0,0.0,-0.08755634311511598,-1.0407458759791697,3.0,72.11102550927978,4.291979183142695,REMISSION1,RR
S4_T3_2@1|61_18,S4_T3_2@1,RR_R1_3,40.0,24.0,0.075,0.08333333333333333,,0.125,6.937455276903135,10.35142246678233,9.0,28.284271247461902,3.377050554392157,REMISSION1,RR
S4_T3_2@4|60_14,S4_T3_2@4,RR_R1_3,8.0,8.0,0.0,0.0,0.0,0.0,-0.18731212867714503,1.472705494583602,3.0,109.21030379950966,4.702390393250869,REMISSION1,RR
S4_T3_2@9|53_10,S4_T3_2@9,RR_R1_3,9.0,7.0,0.0,0.0,0.0,0.0,0.08608594406806597,0.28548613000641027,3.0,176.86723388953453,5.181037394962334,REMISSION1,RR
S5_B1_0@1|10_15,S5_B1_0@1,RR_R1_4,19.0,7.0,0.10526315789473684,0.0,0.0,0.0,2.172397949435461,1.9526172762701415,7.0,29.14213562373095,3.4059240474807915,REMISSION1,RR
S5_B1_0@1|10_16,S5_B1_0@1,RR_R1_4,8.0,16.0,0.0,0.0,0.0,0.0,-1.056363678372474,-0.8451789870777972,4.0,98.99494936611666,4.60511967837377,REMISSION1,RR
S5_B1_0@1|10_20,S5_B1_0@1,RR_R1_4,5.0,7.0,0.4,0.0,0.0,0.0,-0.14496068199870446,0.8682464208641985,1.0,198.1128722438174,5.293871861134069,REMISSION1,RR
S5_B1_0@1|10_23,S5_B1_0@1,RR_R1_4,7.0,6.0,0.0,0.0,0.0,0.0,-0.2280083286719757,1.3805050852749752,3.0,152.31546211727817,5.0324976426133325,REMISSION1,RR
S5_B1_0@1|11_22,S5_B1_0@1,RR_R1_4,7.0,11.0,0.0,0.09090909090909091,0.0,0.5714285714285714,-0.10886457052858539,0.5751508437241504,2.0,260.384048104053,5.565990774477429,REMISSION1,RR
S5_B1_0@1|12_14,S5_B1_0@1,RR_R1_4,9.0,9.0,0.0,0.0,0.0,0.2222222222222222,1.1124880373531882,0.8119063529718122,6.0,123.84758320075076,4.827093658915279,REMISSION1,RR
S5_B1_0@1|13_21,S5_B1_0@1,RR_R1_4,7.0,15.0,0.0,0.0,0.0,0.0,-0.17796202450063334,-0.275682567062881,5.0,452.38109286254087,6.11673303641553,REMISSION1,RR
S5_B1_0@1|13_22,S5_B1_0@1,RR_R1_4,17.0,7.0,0.0,0.0,,0.0,-0.1378998136446778,-0.20445928496163046,5.0,456.1791439106313,6.125075313886799,REMISSION1,RR
S5_B1_0@1|13_26,S5_B1_0@1,RR_R1_4,5.0,6.0,0.0,0.0,0.0,0.0,-0.040259599679503134,1.1559548657144325,1.0,194.164878389476,5.273844731506895,REMISSION1,RR
S5_B1_0@1|14_20,S5_B1_0@1,RR_R1_4,12.0,9.0,0.08333333333333333,0.0,0.0,0.0,-0.1530455825159562,-0.29267686938294624,2.0,577.0615218501404,6.3596803021952235,REMISSION1,RR
S5_B1_0@1|14_23,S5_B1_0@1,RR_R1_4,10.0,10.0,0.0,0.0,,0.0,-0.19052449104289082,-0.20986620815506588,5.0,506.25768103019954,6.229019121085511,REMISSION1,RR
S5_B1_0@1|14_25,S5_B1_0@1,RR_R1_4,5.0,7.0,0.0,0.14285714285714285,0.0,0.0,0.041231559580781736,,,327.76264559998174,5.795336048455555,REMISSION1,RR
S5_B1_0@1|15_20,S5_B1_0@1,RR_R1_4,9.0,11.0,0.0,0.0,0.0,0.0,-0.22472472149319117,-0.3610246446628541,1.0,690.5794630292816,6.53897805850022,REMISSION1,RR
S5_B1_0@1|15_21,S5_B1_0@1,RR_R1_4,10.0,10.0,0.0,0.0,0.0,0.0,-0.184614483046003,-0.35361256466407465,4.0,664.8308055437865,6.501035592535256,REMISSION1,RR
S5_B1_0@1|15_22,S5_B1_0@1,RR_R1_4,6.0,5.0,0.0,0.0,0.0,0.0,-0.3827747147097989,-0.5332814803947689,1.0,577.7542730261716,6.360877988571757,REMISSION1,RR
S5_B1_0@1|15_25,S5_B1_0@1,RR_R1_4,5.0,6.0,0.2,0.0,0.0,0.0,0.18126368811547353,,,335.4101966249684,5.818331238653004,REMISSION1,RR
S5_B1_0@1|15_27,S5_B1_0@1,RR_R1_4,12.0,6.0,0.0,0.0,0.0,0.4166666666666667,0.8384304223967314,,,144.39020420918695,4.979421191503782,REMISSION1,RR
S5_B1_0@1|16_22,S5_B1_0@1,RR_R1_4,8.0,6.0,0.0,0.0,0.0,0.0,-0.16507328745082506,-0.29536624835692893,3.0,570.39451774239,6.348079895320107,REMISSION1,RR
S5_B1_0@1|16_25,S5_B1_0@1,RR_R1_4,12.0,8.0,0.0,0.0,0.0,0.0,-0.12254463717997324,0.3790611824246265,3.0,275.2192490760971,5.621194931074286,REMISSION1,RR
S5_B1_0@1|16_26,S5_B1_0@1,RR_R1_4,12.0,7.0,0.08333333333333333,0.14285714285714285,0.0,0.16666666666666666,-0.42478739058440335,,,196.97715603592206,5.288151650482545,REMISSION1,RR
S5_B1_0@1|17_19,S5_B1_0@1,RR_R1_4,6.0,10.0,0.0,0.0,0.0,0.0,-0.22597751196842758,-0.35444117531288805,1.0,643.6613829203209,6.468725191221036,REMISSION1,RR
S5_B1_0@1|17_20,S5_B1_0@1,RR_R1_4,11.0,7.0,0.0,0.0,,0.0,-0.15621613733712625,-0.29743571928396506,4.0,613.4734870746141,6.42076578254985,REMISSION1,RR
S5_B1_0@1|18_9,S5_B1_0@1,RR_R1_4,6.0,17.0,0.0,0.0,0.0,0.0,0.864534250486483,0.15125455308499852,6.0,94.33981132056603,4.557447470758213,REMISSION1,RR
S5_B1_0@1|19_18,S5_B1_0@1,RR_R1_4,12.0,7.0,0.0,0.0,,0.0,-0.1912621383180451,-0.03540681837743592,3.0,627.6941930590086,6.443644958920415,REMISSION1,RR
S5_B1_0@1|19_25,S5_B1_0@1,RR_R1_4,5.0,7.0,0.0,0.14285714285714285,0.0,0.0,0.11801521092668615,4.559794180727651,3.0,221.56267361042893,5.405208741090167,REMISSION1,RR
S5_B1_0@1|19_26,S5_B1_0@1,RR_R1_4,12.0,5.0,0.0,0.2,,0.0,-0.5013300700557212,3.0910916209836774,4.0,136.01470508735443,4.920088256472032,REMISSION1,RR
S5_B1_0@1|19_9,S5_B1_0@1,RR_R1_4,13.0,12.0,0.0,0.0,0.0,0.07692307692307693,-0.20556649922868003,0.20743805098735896,7.0,80.62257748298549,4.402105908540379,REMISSION1,RR
S5_B1_0@1|20_17,S5_B1_0@1,RR_R1_4,6.0,5.0,0.0,0.0,0.0,0.0,-0.062445788511228964,-0.30451524840199334,1.0,655.2098900352466,6.486480692091643,REMISSION1,RR
S5_B1_0@1|20_21,S5_B1_0@1,RR_R1_4,16.0,5.0,0.0625,0.2,0.0,0.0,0.4895652106424136,0.4595418826444746,2.0,304.138126514911,5.720764547910394,REMISSION1,RR
S5_B1_0@1|20_8,S5_B1_0@1,RR_R1_4,49.0,5.0,0.2857142857142857,0.0,,0.3469387755102041,3.1524485278631804,2.5827229564261014,1.0,22.360679774997898,3.1510542574937324,REMISSION1,RR
S5_B1_0@1|21_14,S5_B1_0@1,RR_R1_4,7.0,8.0,0.0,0.0,0.0,0.0,-0.14755618155675151,-0.31205640171983356,4.0,616.1168720299745,6.425058425789395,REMISSION1,RR
S5_B1_0@1|21_8,S5_B1_0@1,RR_R1_4,40.0,6.0,0.2,0.0,,0.0,0.9950810732762327,0.503496965595196,2.0,20.0,3.044522437723423,REMISSION1,RR
S5_B1_0@1|22_8,S5_B1_0@1,RR_R1_4,7.0,6.0,0.0,0.0,0.0,0.0,1.7795458075785735,3.614228121637518,5.0,20.0,3.044522437723423,REMISSION1,RR
S5_B1_0@1|23_15,S5_B1_0@1,RR_R1_4,8.0,9.0,0.0,0.0,0.0,0.0,-0.12248623808753598,-0.3007567784329849,3.0,464.86557196677836,6.143897120335249,REMISSION1,RR
S5_B1_0@1|24_13,S5_B1_0@1,RR_R1_4,5.0,6.0,0.0,0.0,0.0,0.0,-0.13502433739432304,0.11569696360605619,1.0,330.60550509633083,5.803946024740737,REMISSION1,RR
S5_B1_0@1|24_14,S5_B1_0@1,RR_R1_4,5.0,6.0,0.0,0.0,0.0,0.0,-0.06887438548211253,-0.30495691750616993,2.0,335.26109228480425,5.8178879185795465,REMISSION1,RR
S5_B1_0@1|24_15,S5_B1_0@1,RR_R1_4,6.0,8.0,0.0,0.0,0.0,0.0,-0.09445806625629517,-0.30949961466133097,1.0,385.8756276314948,5.958103265748355,REMISSION1,RR
S5_B1_0@1|25_15,S5_B1_0@1,RR_R1_4,7.0,6.0,0.14285714285714285,0.16666666666666666,0.0,0.0,-0.23604673120462066,-0.1558863977175403,1.0,300.0,5.707110264748875,REMISSION1,RR
S5_B1_0@1|25_16,S5_B1_0@1,RR_R1_4,6.0,5.0,0.0,0.0,0.0,0.0,-0.061548205543083864,,,339.41125496954277,5.830154460105447,REMISSION1,RR
S5_B1_0@1|27_15,S5_B1_0@1,RR_R1_4,7.0,8.0,0.14285714285714285,0.0,0.0,0.0,0.27428663309288814,2.6012324462638055,2.0,152.31546211727817,5.0324976426133325,REMISSION1,RR
S5_B1_0@1|8_17,S5_B1_0@1,RR_R1_4,15.0,5.0,0.13333333333333333,0.2,0.0,0.0,6.89191883830928,2.0090579636645356,1.0,20.0,3.044522437723423,REMISSION1,RR
S5_B1_0@1|9_16,S5_B1_0@1,RR_R1_4,32.0,5.0,0.125,0.0,,0.5625,1.5285697285406,-0.23033264604592407,2.0,44.721359549995796,3.822565574923594,REMISSION1,RR
S5_B1_0@1|9_17,S5_B1_0@1,RR_R1_4,21.0,18.0,0.09523809523809523,0.0,0.0,0.09523809523809523,-1.1344183944103252,-2.205465193186253,2.0,86.02325267042627,4.466175355017631,REMISSION1,RR
S5_B1_0@1|9_19,S5_B1_0@1,RR_R1_4,11.0,13.0,0.09090909090909091,0.07692307692307693,0.0,0.0,-0.4400022052998733,0.0386075236819553,2.0,106.478150704935,4.677287577653369,REMISSION1,RR
S5_B1_0@27|17_17,S5_B1_0@27,RR_R1_4,12.0,13.0,0.0,0.0,0.0,0.0,-0.6747450692063865,-0.7692818162056899,5.0,651.9202405202648,6.481454978662083,REMISSION1,RR
S5_B1_1@10|62_8,S5_B1_1@10,RR_P2_4,9.0,13.0,0.0,0.07692307692307693,0.0,0.0,-0.5573793382667116,0.790708182113469,1.0,283.1782106327635,5.649601543592047,PEAK2,RR
S5_B1_1@10|62_9,S5_B1_1@10,RR_P2_4,6.0,7.0,0.0,0.0,0.0,0.0,-0.19287637208645103,-0.31272542541900694,1.0,374.8332962798263,5.929145684118456,PEAK2,RR
S5_B1_1@12|51_9,S5_B1_1@12,RR_P2_4,14.0,14.0,0.14285714285714285,0.0,0.0,0.0,-0.16113014970781708,-0.1257578902151336,2.0,229.12618684212717,5.43862779692018,PEAK2,RR
S5_B1_1@16|52_11,S5_B1_1@16,RR_P2_4,12.0,6.0,0.0,0.0,,0.0,-0.08765024662157489,-0.2895697921032653,2.0,427.2490834152951,6.059704996899067,PEAK2,RR
S5_B1_1@16|53_10,S5_B1_1@16,RR_P2_4,5.0,8.0,0.0,0.0,0.0,0.0,-0.10141615091304725,-0.3109525064109475,1.0,355.10561809129405,5.875227366882937,PEAK2,RR
S5_B1_1@16|53_11,S5_B1_1@16,RR_P2_4,8.0,11.0,0.0,0.0,0.0,0.0,-0.14200888965997038,-0.31416186392072376,3.0,431.04524124504616,6.0685303078650925,PEAK2,RR
S5_B1_1@1|53_6,S5_B1_1@1,RR_P2_4,17.0,5.0,0.058823529411764705,0.0,0.0,0.0,0.2625008957741546,4.699852731886151,4.0,10.0,2.3978952727983707,PEAK2,RR
S5_B1_1@1|53_7,S5_B1_1@1,RR_P2_4,9.0,11.0,0.0,0.0,0.0,0.0,-0.03494687932584688,-0.12746756509527746,5.0,31.622776601683796,3.485010713180571,PEAK2,RR
S5_B1_1@1|54_8,S5_B1_1@1,RR_P2_4,9.0,17.0,0.0,0.0,0.0,0.0,-0.23700772947961513,-0.2595797982743,4.0,151.1577310586391,5.024917687136474,PEAK2,RR
S5_B1_1@1|55_8,S5_B1_1@1,RR_P2_4,21.0,10.0,0.0,0.1,0.0,0.047619047619047616,-0.23497931562262334,-0.33107016312284604,1.0,212.13203435596427,5.361911853268888,PEAK2,RR
S5_B1_1@1|63_7,S5_B1_1@1,RR_P2_4,5.0,9.0,0.0,0.0,0.0,0.0,-0.743026544436426,,,133.79035964562536,4.903720679938809,PEAK2,RR
S5_B1_1@44|47_26,S5_B1_1@44,RR_P2_4,15.0,8.0,0.06666666666666667,0.0,0.0,0.0,-0.07551943948522405,,,10.0,2.3978952727983707,PEAK2,RR
S5_B1_1@5|50_7,S5_B1_1@5,RR_P2_4,10.0,8.0,0.0,0.0,0.0,0.0,1.3744158699522637,1.0362492183368102,3.0,24.14213562373095,3.2245451487876498,PEAK2,RR
S5_B1_1@5|51_7,S5_B1_1@5,RR_P2_4,21.0,15.0,0.047619047619047616,0.0,0.0,0.0,0.05912933517015292,-0.6246809429527167,5.0,50.0,3.9318256327243257,PEAK2,RR
S5_B1_1@7|44_16,S5_B1_1@7,RR_P2_4,7.0,17.0,0.0,0.0,0.0,0.0,0.8127297885714309,,,20.0,3.044522437723423,PEAK2,RR
S5_B1_1@7|45_14,S5_B1_1@7,RR_P2_4,26.0,6.0,0.19230769230769232,0.16666666666666666,,0.0,0.48607158305963855,,,14.142135623730951,2.7174812964321107,PEAK2,RR
S5_B1_1@7|48_8,S5_B1_1@7,RR_P2_4,8.0,5.0,0.0,0.0,,0.0,1.7740678013871771,5.053879725979632,1.0,14.142135623730951,2.7174812964321107,PEAK2,RR
S5_B1_1@7|49_8,S5_B1_1@7,RR_P2_4,25.0,26.0,0.0,0.0,0.0,0.0,0.40464841008016567,-0.18845245482981654,11.0,36.05551275463989,3.6124171329715926,PEAK2,RR
S5_B1_1@7|49_9,S5_B1_1@7,RR_P2_4,8.0,11.0,0.0,0.0,0.0,0.0,0.3888843428745251,-0.5380688714256509,4.0,120.41594578792296,4.79922221915902,PEAK2,RR
S5_B1_1@7|50_10,S5_B1_1@7,RR_P2_4,9.0,8.0,0.0,0.125,0.0,0.0,-0.05454106942354917,-0.3679866093472811,2.0,258.0697580112788,5.557097361386005,PEAK2,RR
S5_B1_1@7|50_8,S5_B1_1@7,RR_P2_4,6.0,9.0,0.0,0.0,0.0,0.0,-2.2482259792687556,,,50.0,3.9318256327243257,PEAK2,RR
S5_B1_1@7|51_14,S5_B1_1@7,RR_P2_4,10.0,5.0,0.0,0.0,0.0,0.0,-0.10599868660864861,,,612.9437168288782,6.419903257543043,PEAK2,RR
S5_B1_1@7|52_17,S5_B1_1@7,RR_P2_4,8.0,6.0,0.0,0.0,0.0,0.0,-0.15266743786636,-0.2852733257214808,2.0,551.1340254296815,6.313790816497472,PEAK2,RR
S5_B1_1@7|55_14,S5_B1_1@7,RR_P2_4,5.0,8.0,0.0,0.0,0.0,0.0,-0.10971894279011637,0.36507236549759015,3.0,747.2616676907762,6.617752739916648,PEAK2,RR
S5_B1_1@7|55_16,S5_B1_1@7,RR_P2_4,5.0,8.0,0.0,0.125,0.0,0.0,-0.11756945990253104,-0.264912724135749,1.0,760.0657866263946,6.63471980172898,PEAK2,RR
S5_B1_1@7|55_17,S5_B1_1@7,RR_P2_4,5.0,5.0,0.0,0.0,0.0,0.0,-0.14278689834484043,-0.35077401971653466,1.0,665.9694172590016,6.502744193678521,PEAK2,RR
S5_B1_1@7|55_9,S5_B1_1@7,RR_P2_4,12.0,10.0,0.0,0.0,0.0,0.0,-0.21089323981692573,-0.312573892115108,4.0,290.0,5.673323267171493,PEAK2,RR
S5_B1_1@7|56_12,S5_B1_1@7,RR_P2_4,8.0,9.0,0.0,0.0,0.0,0.0,-0.15508023699859627,,,586.0034129593445,6.375030634051985,PEAK2,RR
S5_B1_1@7|56_13,S5_B1_1@7,RR_P2_4,7.0,13.0,0.0,0.07692307692307693,0.0,0.0,-0.23705650750668691,-0.3832795443402428,3.0,688.2576907889013,6.535615208041003,PEAK2,RR
S5_B1_1@7|57_13,S5_B1_1@7,RR_P2_4,11.0,8.0,0.0,0.0,0.0,0.0,-0.1500833155326797,-0.017090589678935564,3.0,725.6031973468694,6.588380520199756,PEAK2,RR
S5_B1_1@7|57_14,S5_B1_1@7,RR_P2_4,17.0,9.0,0.058823529411764705,0.0,0.0,0.0,-0.1681027312968138,-0.34188231597068336,5.0,807.8658985217012,6.695633141293357,PEAK2,RR
S5_B1_1@7|57_16,S5_B1_1@7,RR_P2_4,6.0,11.0,0.0,0.0,0.0,0.0,-0.2900814896435263,-1.6749569345777815,1.0,772.0103626247512,6.650292454221694,PEAK2,RR
S5_B1_1@7|57_17,S5_B1_1@7,RR_P2_4,9.0,14.0,0.0,0.0,0.0,0.2222222222222222,-1.6966120886201592,-0.8247245676030504,3.0,686.2215385719105,6.53265671268748,PEAK2,RR
S5_B1_1@7|59_13,S5_B1_1@7,RR_P2_4,11.0,7.0,0.0,0.0,,0.0,-0.14819800988095622,-0.2874645455759987,5.0,770.8112275101944,6.648739996173395,PEAK2,RR
S5_B1_1@7|59_15,S5_B1_1@7,RR_P2_4,5.0,16.0,0.0,0.0,0.0,0.0,-0.13469586306753642,-0.17501259934929056,7.0,930.2150289046076,6.83649021613453,PEAK2,RR
S5_B1_1@7|60_15,S5_B1_1@7,RR_P2_4,7.0,5.0,0.0,0.0,,0.0,-0.16230753968084316,-0.30331967189682235,3.0,942.1762810186132,6.849253201556042,PEAK2,RR
S5_B1_1@7|61_11,S5_B1_1@7,RR_P2_4,5.0,6.0,0.0,0.0,0.0,0.0,-0.07773461719207464,-0.12034967545107335,1.0,591.3543776789007,6.384105066732032,PEAK2,RR
S5_B1_1@7|61_14,S5_B1_1@7,RR_P2_4,8.0,10.0,0.0,0.0,0.0,0.0,-0.13882252093854136,-0.250440907020837,4.0,834.113429256963,6.727567559046486,PEAK2,RR
S5_B1_1@7|62_17,S5_B1_1@7,RR_P2_4,7.0,11.0,0.0,0.0,0.0,0.0,-0.20155167656340858,-0.33323046655467026,5.0,843.5027194104625,6.738747956385314,PEAK2,RR
S5_B1_1@7|64_14,S5_B1_1@7,RR_P2_4,9.0,7.0,0.0,0.0,0.0,0.0,-0.11696243685909032,-0.2642394589010715,4.0,601.2403958113451,6.400656694188654,PEAK2,RR
S5_B1_1@7|64_17,S5_B1_1@7,RR_P2_4,8.0,7.0,0.0,0.0,0.0,0.0,-0.06692615362259322,,,688.839603971781,6.536459112556842,PEAK2,RR
S5_B1_1@7|65_10,S5_B1_1@7,RR_P2_4,6.0,5.0,0.0,0.0,0.0,0.0,-0.16036437727100714,-0.3713128437709213,1.0,330.60550509633083,5.803946024740737,PEAK2,RR
S5_B1_1@7|65_6,S5_B1_1@7,RR_P2_4,5.0,13.0,0.2,0.07692307692307693,,0.0,1.1003419553236986,3.8533519321013125,4.0,10.0,2.3978952727983707,PEAK2,RR
S5_B1_1@7|65_7,S5_B1_1@7,RR_P2_4,22.0,13.0,0.045454545454545456,0.0,0.0,0.0,-0.54149395271772,-0.6343282286933636,2.0,56.568542494923804,4.0529762812736765,PEAK2,RR
S5_B1_1@7|66_10,S5_B1_1@7,RR_P2_4,14.0,17.0,0.0,0.058823529411764705,0.0,0.0,-0.15837542768842322,,,241.66091947189145,5.491665075753165,PEAK2,RR
S5_B1_1@7|66_7,S5_B1_1@7,RR_P2_4,10.0,18.0,0.0,0.1111111111111111,0.0,0.0,-0.21135573817342354,4.79018310784217,1.0,40.6155281280883,3.7284733699282553,PEAK2,RR
S5_B1_1@7|67_10,S5_B1_1@7,RR_P2_4,7.0,12.0,0.0,0.0,0.0,0.0,-0.15224596212584335,-0.5493067791078978,2.0,191.049731745428,5.2577543579954575,PEAK2,RR
S5_B1_1@7|67_8,S5_B1_1@7,RR_P2_4,10.0,19.0,0.0,0.0,0.0,0.0,-0.8236821809557863,-1.2940687156769521,3.0,70.71067811865476,4.272639664252711,PEAK2,RR
S5_B1_1@7|67_9,S5_B1_1@7,RR_P2_4,17.0,9.0,0.0,0.0,,0.0,-0.06853612856930821,-0.516807910026695,1.0,105.32979877628004,4.6665455732157985,PEAK2,RR
S5_B1_1@7|68_8,S5_B1_1@7,RR_P2_4,8.0,5.0,0.0,0.0,,0.0,2.1986129327713466,2.3446336676741812,5.0,10.0,2.3978952727983707,PEAK2,RR
S5_B1_2@12|82_23,S5_B1_2@12,RR_R2_4,8.0,14.0,0.0,0.0,0.0,0.0,0.44145123066366077,2.615305540370658,3.0,80.50527240051238,4.400667710185204,REMISSION2,RR
S5_B1_2@12|82_24,S5_B1_2@12,RR_R2_4,16.0,26.0,0.0,0.11538461538461539,0.0,0.0,5.745694922417639,4.036213871805787,4.0,43.57388321059432,3.797148109270325,REMISSION2,RR
S5_B1_2@12|83_24,S5_B1_2@12,RR_R2_4,14.0,13.0,0.0,0.15384615384615385,0.3333333333333333,0.0,0.696878843074108,8.228138443793167,3.0,70.0,4.2626798770413155,REMISSION2,RR
S5_B1_2@1|82_9,S5_B1_2@1,RR_R2_4,9.0,9.0,0.1111111111111111,0.0,0.0,0.0,1.088018319146257,0.7624638696770583,5.0,17.071067811865476,2.8943121959332228,REMISSION2,RR
S5_B1_2@1|83_10,S5_B1_2@1,RR_R2_4,8.0,8.0,0.0,0.0,0.0,0.0,-0.9856439309329592,,,131.64696285046648,4.887691184358319,REMISSION2,RR
S5_B1_2@1|84_24,S5_B1_2@1,RR_R2_4,7.0,6.0,0.0,0.0,0.0,0.0,0.004834846682940083,,,92.19544457292886,4.534698842524112,REMISSION2,RR
S5_B1_2@1|84_25,S5_B1_2@1,RR_R2_4,11.0,6.0,0.0,0.0,0.0,0.0,2.2289687297207896,2.7807545073392927,7.0,14.142135623730951,2.7174812964321107,REMISSION2,RR
S5_B1_2@1|85_24,S5_B1_2@1,RR_R2_4,8.0,5.0,0.125,0.0,0.0,0.0,-0.9130900251408315,5.970562118815499,2.0,141.4213562373095,4.9587899613095745,REMISSION2,RR
S5_B1_2@1|86_8,S5_B1_2@1,RR_R2_4,5.0,11.0,0.0,0.09090909090909091,0.0,0.0,1.4678052478196244,,,25.3224755112299,3.2704231564123165,REMISSION2,RR
S5_B1_2@1|87_11,S5_B1_2@1,RR_R2_4,5.0,7.0,0.0,0.0,0.0,0.0,-0.09539548493585356,4.147888937203408,3.0,297.2792823044017,5.698030236558987,REMISSION2,RR
S5_B1_2@1|88_26,S5_B1_2@1,RR_R2_4,12.0,5.0,0.16666666666666666,0.0,,0.0,6.378057466122982,6.159367532659867,2.0,14.142135623730951,2.7174812964321107,REMISSION2,RR
S5_B1_2@1|89_25,S5_B1_2@1,RR_R2_4,11.0,7.0,0.0,0.14285714285714285,,0.0,2.237881282023139,0.29477823886450544,3.0,22.360679774997898,3.1510542574937324,REMISSION2,RR
S5_B1_2@1|90_20,S5_B1_2@1,RR_R2_4,6.0,8.0,0.0,0.0,0.0,0.0,-0.08546994527667416,-0.11647185326376322,1.0,289.9108946822285,5.673017016440385,REMISSION2,RR
S5_B1_2@1|91_18,S5_B1_2@1,RR_R2_4,7.0,5.0,0.0,0.0,0.0,0.0,0.2614726323142935,3.533083325675464,1.0,280.356688476182,5.639623218392817,REMISSION2,RR
S5_B1_2@1|91_24,S5_B1_2@1,RR_R2_4,35.0,23.0,0.08571428571428572,0.08695652173913043,0.0,0.08571428571428572,12.5724993679265,5.028135753693704,5.0,28.284271247461902,3.377050554392157,REMISSION2,RR
S5_B1_2@1|92_11,S5_B1_2@1,RR_R2_4,23.0,17.0,0.30434782608695654,0.058823529411764705,0.0,0.0,5.2076677570269005,6.637140769361784,2.0,14.142135623730951,2.7174812964321107,REMISSION2,RR
S5_B1_2@1|92_14,S5_B1_2@1,RR_R2_4,6.0,7.0,0.16666666666666666,0.0,,0.0,-0.5611819627214462,,,130.0,4.875197323201151,REMISSION2,RR
S5_B1_2@1|92_23,S5_B1_2@1,RR_R2_4,10.0,36.0,0.0,0.16666666666666666,0.0,0.0,10.615355536853261,7.107960049240704,4.0,22.360679774997898,3.1510542574937324,REMISSION2,RR
S5_B1_2@1|94_16,S5_B1_2@1,RR_R2_4,23.0,20.0,0.13043478260869565,0.15,,0.0,7.163958739698243,7.144460713716808,2.0,14.142135623730951,2.7174812964321107,REMISSION2,RR
S5_B1_2@4|87_14,S5_B1_2@4,RR_R2_4,7.0,10.0,0.0,0.0,0.0,0.0,0.24717510971621462,-0.04148579321240235,1.0,558.0322571321482,6.3262071765566805,REMISSION2,RR
S5_B1_2@4|88_14,S5_B1_2@4,RR_R2_4,7.0,9.0,0.0,0.0,0.0,0.0,-0.200736758292199,,,509.010133301004,6.234430594738636,REMISSION2,RR
S5_B1_2@5|79_16,S5_B1_2@5,RR_R2_4,10.0,6.0,0.0,0.0,0.0,0.0,6.4821947935752515,3.049290702111215,1.0,10.0,2.3978952727983707,REMISSION2,RR
S5_B1_2@6|80_17,S5_B1_2@6,RR_R2_4,7.0,16.0,0.0,0.0625,0.06666666666666667,0.0,5.854098195408058,,,31.622776601683796,3.485010713180571,REMISSION2,RR
S5_B1_2@6|80_18,S5_B1_2@6,RR_R2_4,31.0,22.0,0.12903225806451613,0.09090909090909091,0.0,0.0,0.9380085263625876,3.0688744975505147,2.0,22.360679774997898,3.1510542574937324,REMISSION2,RR
S5_B1_2@6|81_17,S5_B1_2@6,RR_R2_4,7.0,7.0,0.0,0.0,0.0,0.0,0.007624200665993626,0.39499631720747236,3.0,150.0,5.017279836814924,REMISSION2,RR
S5_B1_2@6|83_17,S5_B1_2@6,RR_R2_4,7.0,8.0,0.0,0.0,0.0,0.0,-0.29085067155747407,2.265888276057592,1.0,328.02438933713455,5.796131879741565,REMISSION2,RR
S5_B1_2@6|84_16,S5_B1_2@6,RR_R2_4,8.0,8.0,0.0,0.0,0.0,0.0,0.014667236716555046,1.674654548900075,1.0,350.6312417799838,5.862583017893091,REMISSION2,RR
S5_B1_2@6|84_17,S5_B1_2@6,RR_R2_4,7.0,9.0,0.0,0.0,0.0,0.0,-0.29675681515763436,,,392.8096443806709,5.97586765646042,REMISSION2,RR
S5_B2_0@15|10_22,S5_B2_0@15,RR_R2_4,5.0,12.0,0.0,0.08333333333333333,0.0,0.0,-0.2307259529049146,,,296.98484809834997,5.697042639905187,REMISSION2,RR
S5_B2_0@15|11_25,S5_B2_0@15,RR_R2_4,18.0,6.0,0.0,0.0,,0.05555555555555555,-0.16727993652414502,0.9114234458434326,2.0,96.41419466926354,4.578971935854117,REMISSION2,RR
S5_B2_0@15|12_26,S5_B2_0@15,RR_R2_4,16.0,8.0,0.125,0.125,0.5,0.0,9.347616993750771,7.700271805923188,2.0,28.284271247461902,3.377050554392157,REMISSION2,RR
S5_B2_0@15|13_25,S5_B2_0@15,RR_R2_4,6.0,9.0,0.0,0.0,0.0,0.0,0.2222810862150423,,,174.6424919657298,5.1684506335098,REMISSION2,RR
S5_B2_0@15|14_26,S5_B2_0@15,RR_R2_4,6.0,6.0,0.0,0.0,,0.0,-0.0352486960144753,,,132.26812023536854,4.89236304055758,REMISSION2,RR
S5_B2_0@15|14_27,S5_B2_0@15,RR_R2_4,11.0,28.0,0.09090909090909091,0.14285714285714285,0.12,0.0,10.544646727699028,7.677515151273929,3.0,36.05551275463989,3.6124171329715926,REMISSION2,RR
S5_B2_0@15|15_27,S5_B2_0@15,RR_R2_4,15.0,13.0,0.13333333333333333,0.15384615384615385,0.16666666666666666,0.0,9.419738031537836,6.697720064205014,1.0,20.0,3.044522437723423,REMISSION2,RR
S5_B2_0@15|18_27,S5_B2_0@15,RR_R2_4,35.0,22.0,0.2857142857142857,0.09090909090909091,0.0,0.14285714285714285,14.598064662206806,10.45790423020993,1.0,28.284271247461902,3.377050554392157,REMISSION2,RR
S5_B2_0@15|19_27,S5_B2_0@15,RR_R2_4,16.0,8.0,0.25,0.0,,0.0625,8.584023630112663,,,26.18033988749895,3.302493913703638,REMISSION2,RR
S5_B2_0@15|20_23,S5_B2_0@15,RR_R2_4,10.0,7.0,0.0,0.14285714285714285,0.0,0.0,-0.14621062947227217,0.3507110528071291,1.0,205.18284528683193,5.328763373586755,REMISSION2,RR
S5_B2_0@15|20_24,S5_B2_0@15,RR_R2_4,9.0,5.0,0.0,0.0,,0.0,-0.5945327799532143,2.879042282049457,1.0,141.5732454565288,4.959855870858019,REMISSION2,RR
S5_B2_0@15|20_26,S5_B2_0@15,RR_R2_4,12.0,17.0,0.0,0.058823529411764705,,0.0,10.06841147247222,24.416395000864497,1.0,20.0,3.044522437723423,REMISSION2,RR
S5_B2_0@15|21_22,S5_B2_0@15,RR_R2_4,6.0,5.0,0.0,0.0,,0.0,0.3383655291674741,1.9146828739064279,2.0,212.13203435596427,5.361911853268888,REMISSION2,RR
S5_B2_0@15|22_16,S5_B2_0@15,RR_R2_4,5.0,5.0,0.0,0.0,,0.0,-0.1438150508332836,,,406.73928899429563,6.010627972595205,REMISSION2,RR
S5_B2_0@15|22_18,S5_B2_0@15,RR_R2_4,7.0,6.0,0.0,0.0,0.0,0.0,0.05179764360983141,0.7832780467158108,1.0,296.141857899217,5.694209660795222,REMISSION2,RR
S5_B2_0@15|22_23,S5_B2_0@15,RR_R2_4,11.0,8.0,0.0,0.0,,0.0,3.473885727613076,7.408552989682135,5.0,22.360679774997898,3.1510542574937324,REMISSION2,RR
S5_B2_0@15|23_14,S5_B2_0@15,RR_R2_4,5.0,8.0,0.0,0.0,0.0,0.0,-0.08184287114288125,0.7452537831558563,2.0,465.18813398452033,6.144589273649077,REMISSION2,RR
S5_B2_0@15|24_13,S5_B2_0@15,RR_R2_4,9.0,7.0,0.0,0.0,0.0,0.0,-0.0025723104545924934,0.11505792064543936,3.0,405.62267774541453,6.007885673729964,REMISSION2,RR
S5_B2_0@15|24_14,S5_B2_0@15,RR_R2_4,11.0,9.0,0.0,0.1111111111111111,,0.0,0.6481630383853887,0.9990049096692278,2.0,383.79540613898496,5.952711780412038,REMISSION2,RR
S5_B2_0@15|24_15,S5_B2_0@15,RR_R2_4,7.0,6.0,0.14285714285714285,0.0,0.0,0.5714285714285714,0.23508670468289322,0.07470157446731208,2.0,328.02438933713455,5.796131879741565,REMISSION2,RR
S5_B2_0@15|24_16,S5_B2_0@15,RR_R2_4,8.0,8.0,0.125,0.0,0.0,0.0,0.12715650810297088,0.36270309611314955,4.0,257.6632687176316,5.555527095027917,REMISSION2,RR
S5_B2_0@15|24_21,S5_B2_0@15,RR_R2_4,26.0,25.0,0.07692307692307693,0.16,1.0,0.0,16.507942170282753,14.279003846658439,6.0,22.360679774997898,3.1510542574937324,REMISSION2,RR
S5_B2_0@15|24_22,S5_B2_0@15,RR_R2_4,10.0,13.0,0.0,0.0,,0.0,14.103117312870358,,,20.0,3.044522437723423,REMISSION2,RR
S5_B2_0@15|25_13,S5_B2_0@15,RR_R2_4,6.0,6.0,0.0,0.0,,0.0,-0.12037603058087484,-0.18238416870545493,2.0,335.0,5.817111159963204,REMISSION2,RR
S5_B2_0@15|25_19,S5_B2_0@15,RR_R2_4,25.0,25.0,0.16,0.08,,0.0,6.528342740850855,10.729920701213564,1.0,20.0,3.044522437723423,REMISSION2,RR
S5_B2_0@15|28_10,S5_B2_0@15,RR_R2_4,15.0,6.0,0.0,0.0,0.0,0.0,1.385711770181116,4.517706975578244,2.0,53.85164807134504,4.004632233149422,REMISSION2,RR
S5_B2_0@15|28_4,S5_B2_0@15,RR_R2_4,5.0,5.0,0.0,0.2,0.0,0.0,0.23766854243248853,3.352708217203379,2.0,14.142135623730951,2.7174812964321107,REMISSION2,RR
S5_B2_0@15|28_6,S5_B2_0@15,RR_R2_4,22.0,13.0,0.18181818181818182,0.15384615384615385,0.0,0.0,2.5904438469254485,7.211732965968315,4.0,14.142135623730951,2.7174812964321107,REMISSION2,RR
S5_B2_0@15|28_7,S5_B2_0@15,RR_R2_4,26.0,14.0,0.038461538461538464,0.0,,0.0,8.75483105336679,3.8336476162245274,4.0,28.284271247461902,3.377050554392157,REMISSION2,RR
S5_B2_0@15|29_10,S5_B2_0@15,RR_R2_4,14.0,23.0,0.14285714285714285,0.08695652173913043,0.0,0.0,4.600075797266344,6.448604138480927,1.0,20.0,3.044522437723423,REMISSION2,RR
S5_B2_0@15|7_22,S5_B2_0@15,RR_R2_4,16.0,5.0,0.125,0.0,,0.0,8.897594540113417,11.469600183371808,7.0,14.142135623730951,2.7174812964321107,REMISSION2,RR
S5_B2_0@15|8_24,S5_B2_0@15,RR_R2_4,19.0,26.0,0.15789473684210525,0.038461538461538464,0.0,0.0,5.916294944931262,10.29996431865193,3.0,22.360679774997898,3.1510542574937324,REMISSION2,RR
S5_B2_0@15|9_21,S5_B2_0@15,RR_R2_4,12.0,10.0,0.0,0.0,,0.0,-0.08005437062332318,1.3017867049348044,1.0,230.8679276123039,5.446167932033159,REMISSION2,RR
S5_B2_0@15|9_24,S5_B2_0@15,RR_R2_4,24.0,19.0,0.08333333333333333,0.05263157894736842,0.0,0.08333333333333333,9.97141183588254,7.84039121438915,6.0,56.568542494923804,4.0529762812736765,REMISSION2,RR
S5_B2_0@15|9_25,S5_B2_0@15,RR_R2_4,18.0,15.0,0.16666666666666666,0.06666666666666667,0.14285714285714285,0.0,14.187949794593102,8.940877934094141,1.0,28.284271247461902,3.377050554392157,REMISSION2,RR
S5_B2_0@16|10_10,S5_B2_0@16,RR_R2_4,45.0,19.0,0.26666666666666666,0.05263157894736842,0.0,0.022222222222222223,4.234896559590909,3.9263971959649293,2.0,28.284271247461902,3.377050554392157,REMISSION2,RR
S5_B2_0@16|10_11,S5_B2_0@16,RR_R2_4,27.0,6.0,0.0,0.0,,0.0,5.577882479776807,1.903343292881597,14.0,70.71067811865476,4.272639664252711,REMISSION2,RR
S5_B2_0@16|10_12,S5_B2_0@16,RR_R2_4,7.0,5.0,0.0,0.0,0.0,0.0,-0.11279541268812947,-0.19948447230338867,2.0,155.21467256284856,5.051231167455279,REMISSION2,RR
S5_B2_0@16|11_9,S5_B2_0@16,RR_R2_4,27.0,38.0,0.1111111111111111,0.05263157894736842,0.0,0.0,2.6463015652240216,-0.7383211596898043,3.0,36.05551275463989,3.6124171329715926,REMISSION2,RR
S5_B2_0@16|13_10,S5_B2_0@16,RR_R2_4,6.0,6.0,0.0,0.0,,0.5,-0.1793171919691563,-0.17991274761789913,5.0,273.1784663945658,5.613779231566499,REMISSION2,RR
S5_B2_0@16|14_9,S5_B2_0@16,RR_R2_4,8.0,12.0,0.125,0.0,0.0,0.0,0.1011406916416086,-0.05415074878284103,2.0,248.49089035228468,5.5194224029109185,REMISSION2,RR
S5_B2_0@16|15_12,S5_B2_0@16,RR_R2_4,10.0,6.0,0.0,0.16666666666666666,0.14285714285714285,0.0,-0.06695780790350198,0.09241899758089546,2.0,521.4657744006051,6.2585594781540035,REMISSION2,RR
S5_B2_0@20|21_14,S5_B2_0@20,RR_R2_4,6.0,10.0,0.0,0.0,0.0,0.0,-0.10073738647798253,-0.39299998184510154,1.0,608.1118318204309,6.412001882740674,REMISSION2,RR
S5_B2_0@25|12_17,S5_B2_0@25,RR_R2_4,10.0,15.0,0.1,0.0,0.0,0.0,-0.12297664996034977,-0.4080407287223706,6.0,554.616984954482,6.320079180885351,REMISSION2,RR
S5_B2_0@26|18_17,S5_B2_0@26,RR_R2_4,9.0,10.0,0.0,0.0,0.0,0.0,-0.11601520809635754,,1.0,708.3078426785913,6.564289625074295,REMISSION2,RR
S5_B2_0@26|18_18,S5_B2_0@26,RR_R2_4,13.0,8.0,0.0,0.0,0.0,0.0,-0.1509621779338826,-0.4333446922235661,3.0,691.2307863514183,6.539919406304986,REMISSION2,RR
S5_B2_0@26|19_17,S5_B2_0@26,RR_R2_4,6.0,8.0,0.0,0.0,0.0,0.0,-0.10430405531859152,-0.3772863061579801,3.0,630.9101455680292,6.4487472093049405,REMISSION2,RR
S5_B2_0@26|19_18,S5_B2_0@26,RR_R2_4,7.0,9.0,0.0,0.0,0.0,0.0,0.03285058673913719,-0.36221976248922066,1.0,604.476708143606,6.406016095108108,REMISSION2,RR
S5_B2_0@27|17_18,S5_B2_0@27,RR_R2_4,14.0,20.0,0.0,0.0,0.0,0.0,-0.22054630951017748,-0.4376225576449066,4.0,756.6372975210778,6.630204771812481,REMISSION2,RR
S5_B2_0@31|19_21,S5_B2_0@31,RR_R2_4,5.0,14.0,0.0,0.0,0.0,0.0,-0.24587178679196628,-0.3677952346096244,4.0,367.6955262170047,5.909971171228333,REMISSION2,RR
S5_B2_0@31|20_19,S5_B2_0@31,RR_R2_4,6.0,8.0,0.0,0.0,0.0,0.0,-0.22792200454092465,-0.5175404592483894,2.0,450.55324500606207,6.112693295042511,REMISSION2,RR
S5_B2_0@31|20_22,S5_B2_0@31,RR_R2_4,5.0,6.0,0.0,0.0,0.0,0.0,-0.060145093132781415,,,304.138126514911,5.720764547910394,REMISSION2,RR
S5_B2_0@31|21_20,S5_B2_0@31,RR_R2_4,5.0,5.0,0.2,0.0,,0.0,-0.34484227442012705,,,333.6068167121846,5.8129561610654195,REMISSION2,RR
S5_B2_0@33|8_19,S5_B2_0@33,RR_R2_4,5.0,19.0,0.2,0.0,0.0,0.0,-0.2332538991173296,-0.4924854205430319,1.0,160.0,5.081404364984463,REMISSION2,RR
S5_B2_0@33|8_20,S5_B2_0@33,RR_R2_4,20.0,11.0,0.1,0.0,0.0,0.0,-0.27892825123968723,-0.543325959659424,5.0,151.32745950421557,5.026032542429386,REMISSION2,RR
S5_B2_0@34|17_20,S5_B2_0@34,RR_R2_4,8.0,11.0,0.0,0.0,0.0,0.0,-0.10807635850574418,-0.4212319118645331,2.0,587.2818744010409,6.377206211266652,REMISSION2,RR
S5_B2_0@34|18_20,S5_B2_0@34,RR_R2_4,7.0,14.0,0.0,0.0,0.0,0.0,-0.13845303239380857,-0.4308125371712236,4.0,537.4011537017761,6.288603921162131,REMISSION2,RR
S5_B2_0@34|18_21,S5_B2_0@34,RR_R2_4,9.0,9.0,0.1111111111111111,0.0,0.0,0.0,-0.2328217473302595,-0.44996177335498844,5.0,473.8143096192854,6.162923800485421,REMISSION2,RR
S5_B2_0@35|7_20,S5_B2_0@35,RR_R2_4,7.0,14.0,0.0,0.0,0.0,0.0,-0.31848773088568866,1.0312497073982128,4.0,22.360679774997898,3.1510542574937324,REMISSION2,RR
S5_B2_0@35|7_21,S5_B2_0@35,RR_R2_4,14.0,15.0,0.0,0.06666666666666667,0.0,0.0,0.7341903356421575,3.5856999231986126,14.0,28.284271247461902,3.377050554392157,REMISSION2,RR
S5_B2_0@36|15_21,S5_B2_0@36,RR_R2_4,12.0,12.0,0.0,0.0,0.0,0.0,-0.12026179224618327,-0.39942184359446803,1.0,639.1307780346032,6.461672496158072,REMISSION2,RR
S5_B2_0@36|15_22,S5_B2_0@36,RR_R2_4,6.0,9.0,0.0,0.0,0.0,0.0,-0.11892196705626688,-0.40768167752720863,4.0,560.8029957123981,6.331151247002666,REMISSION2,RR
S5_B2_0@36|16_21,S5_B2_0@36,RR_R2_4,5.0,7.0,0.0,0.0,0.0,0.0,-0.1261514780653989,0.19622618903052158,2.0,655.9693320126784,6.487637338571191,REMISSION2,RR
S5_B2_0@6|19_1,S5_B2_0@6,RR_R2_4,11.0,14.0,0.18181818181818182,0.0,,0.0,6.420496892238566,0.7949798527116501,9.0,28.284271247461902,3.377050554392157,REMISSION2,RR
S5_B2_0@6|20_1,S5_B2_0@6,RR_R2_4,37.0,25.0,0.08108108108108109,0.08,,0.0,4.256300211554797,2.122213306489451,14.0,22.360679774997898,3.1510542574937324,REMISSION2,RR
S5_B2_0@6|20_2,S5_B2_0@6,RR_R2_4,13.0,8.0,0.0,0.0,0.0,0.0,-0.0771247060335572,0.19647067183039485,5.0,120.41594578792296,4.79922221915902,REMISSION2,RR
S5_B2_0@6|21_1,S5_B2_0@6,RR_R2_4,29.0,15.0,0.10344827586206896,0.13333333333333333,,0.0,7.539069440632765,3.8608911347360824,10.0,20.0,3.044522437723423,REMISSION2,RR
S5_B2_0@6|21_2,S5_B2_0@6,RR_R2_4,7.0,5.0,0.0,0.2,,0.2857142857142857,-0.3110018553356181,,,134.83396543794709,4.911433297532879,REMISSION2,RR
S5_B2_0@6|23_2,S5_B2_0@6,RR_R2_4,36.0,17.0,0.027777777777777776,0.17647058823529413,0.0,0.0,5.1413106592512445,4.750178591896844,2.0,22.360679774997898,3.1510542574937324,REMISSION2,RR
S5_B2_0@6|23_3,S5_B2_0@6,RR_R2_4,5.0,9.0,0.0,0.0,,0.0,-0.190929764210788,0.9263115580377328,2.0,130.3275925283613,4.877694907961454,REMISSION2,RR
S5_B2_0@6|23_4,S5_B2_0@6,RR_R2_4,8.0,6.0,0.0,0.0,0.0,0.0,-0.2842984687600577,,,230.8679276123039,5.446167932033159,REMISSION2,RR
S5_B2_0@6|26_3,S5_B2_0@6,RR_R2_4,30.0,10.0,0.23333333333333334,0.2,,0.0,5.476932432695542,2.045736325750573,1.0,20.0,3.044522437723423,REMISSION2,RR
S5_B2_0@6|26_4,S5_B2_0@6,RR_R2_4,7.0,10.0,0.14285714285714285,0.0,0.0,0.0,-0.4183624860813877,1.543448604800039,2.0,89.44271909999159,4.504716712194347,REMISSION2,RR
S5_B2_0@7|18_1,S5_B2_0@7,RR_R2_4,11.0,27.0,0.0,0.07407407407407407,0.0,0.0,5.637862672106679,2.5291385496856607,13.0,20.0,3.044522437723423,REMISSION2,RR
S5_B2_0@7|19_2,S5_B2_0@7,RR_R2_4,16.0,28.0,0.0,0.0,0.0,0.0,1.8099266923766832,0.6901645058314043,10.0,67.01562118716424,4.219737402134391,REMISSION2,RR
S5_B2_1@10|60_12,S5_B2_1@10,RR_R1_4,12.0,11.0,0.08333333333333333,0.0,0.0,0.0,-0.21350275433404228,-0.40613610096053804,5.0,661.2866246946176,6.495698430050132,REMISSION1,RR
S5_B2_1@16|53_16,S5_B2_1@16,RR_R1_4,8.0,11.0,0.0,0.0,0.0,0.0,0.16965580777089867,0.6190649610106185,1.0,120.41594578792296,4.79922221915902,REMISSION1,RR
S5_B2_1@16|56_20,S5_B2_1@16,RR_R1_4,16.0,7.0,0.0,0.42857142857142855,,0.0,-0.3945832654289573,,,20.0,3.044522437723423,REMISSION1,RR
S5_B2_1@16|57_16,S5_B2_1@16,RR_R1_4,5.0,6.0,0.0,0.0,0.0,0.0,-0.06080140109085356,,,413.40053217188773,6.026832975143019,REMISSION1,RR
S5_B2_1@16|58_17,S5_B2_1@16,RR_R1_4,7.0,12.0,0.0,0.16666666666666666,0.0,0.0,0.027440122399213902,1.3984939121933766,1.0,374.8332962798263,5.929145684118456,REMISSION1,RR
S5_B2_1@16|61_14,S5_B2_1@16,RR_R1_4,7.0,10.0,0.0,0.0,0.0,0.0,-0.13368988867648113,-0.4192611845594486,4.0,501.59744815937813,6.219789547817212,REMISSION1,RR
S5_B2_1@16|61_16,S5_B2_1@16,RR_R1_4,5.0,5.0,0.0,0.2,0.0,0.0,-0.1134137501044471,0.2065931955847387,3.0,333.31004992927615,5.812068855580452,REMISSION1,RR
S5_B2_1@16|61_17,S5_B2_1@16,RR_R1_4,6.0,9.0,0.0,0.0,0.0,0.0,-0.08120306905074601,1.9468957429905522,2.0,250.0,5.5254529391317835,REMISSION1,RR
S5_B2_1@16|62_14,S5_B2_1@16,RR_R1_4,10.0,7.0,0.0,0.0,0.0,0.0,-0.1761583658431848,-0.435701448480157,2.0,417.73197148410844,6.037231029040184,REMISSION1,RR
S5_B2_1@16|62_16,S5_B2_1@16,RR_R1_4,22.0,5.0,0.045454545454545456,0.0,,0.18181818181818182,0.32707042599584696,3.8701543375485663,2.0,296.98484809834997,5.697042639905187,REMISSION1,RR
S5_B2_1@16|63_16,S5_B2_1@16,RR_R1_4,5.0,6.0,0.0,0.0,,0.0,-0.012554850328894798,0.6875147247277289,1.0,222.03603311174518,5.407333341867658,REMISSION1,RR
S5_B2_1@16|64_15,S5_B2_1@16,RR_R1_4,5.0,5.0,0.0,0.2,0.0,0.0,0.2888132424000186,-0.18527491791732784,1.0,230.7437178092013,5.445632096459135,REMISSION1,RR
S5_B2_1@1|53_5,S5_B2_1@1,RR_R1_4,6.0,10.0,0.0,0.1,0.0,0.0,1.4868958657714466,0.8638910149889786,5.0,29.14213562373095,3.4059240474807915,REMISSION1,RR
S5_B2_1@1|54_5,S5_B2_1@1,RR_R1_4,11.0,12.0,0.0,0.0,0.0,0.0,-0.035360313685305844,-0.8996743132538101,2.0,64.03124237432849,4.174867806332253,REMISSION1,RR
S5_B2_1@1|55_5,S5_B2_1@1,RR_R1_4,5.0,8.0,0.0,0.0,0.0,0.0,-0.23434123413520536,,,92.19544457292886,4.534698842524112,REMISSION1,RR
S5_B2_1@1|56_4,S5_B2_1@1,RR_R1_4,10.0,12.0,0.0,0.08333333333333333,0.0,0.0,-0.4247635917810324,-0.743375900331819,1.0,92.19544457292886,4.534698842524112,REMISSION1,RR
S5_B2_1@1|57_3,S5_B2_1@1,RR_R1_4,8.0,6.0,0.0,0.0,,0.0,-0.06490821444600216,-0.10742121551081665,5.0,81.77126710612092,4.4160809855408,REMISSION1,RR
S5_B2_1@1|62_7,S5_B2_1@1,RR_R1_4,6.0,5.0,0.0,0.0,,0.0,-0.09276894866743805,0.07553902386398544,2.0,506.0632371551998,6.228635723930044,REMISSION1,RR
S5_B2_1@1|63_9,S5_B2_1@1,RR_R1_4,7.0,7.0,0.0,0.0,0.0,0.0,-0.11831176716093669,,,520.4300981442207,6.256575225464758,REMISSION1,RR
S5_B2_1@1|66_10,S5_B2_1@1,RR_R1_4,7.0,5.0,0.0,0.0,0.0,0.0,-0.05862436505810563,,,310.82624025263453,5.742446110403477,REMISSION1,RR
S5_B2_1@1|66_9,S5_B2_1@1,RR_R1_4,5.0,7.0,0.0,0.0,,0.0,0.10401992109289912,,,278.09658058074706,5.631557888875491,REMISSION1,RR
S5_B2_1@4|52_6,S5_B2_1@4,RR_R1_4,20.0,5.0,0.0,0.0,0.0,0.0,0.5487348328012411,,,22.360679774997898,3.1510542574937324,REMISSION1,RR
S5_B2_1@4|53_6,S5_B2_1@4,RR_R1_4,11.0,11.0,0.09090909090909091,0.0,0.0,0.0,0.6281185568381827,0.8756189270982884,2.0,100.48766981898618,4.619937311486696,REMISSION1,RR
S5_B2_1@5|59_7,S5_B2_1@5,RR_R1_4,10.0,8.0,0.1,0.0,0.0,0.0,0.12350536714720173,-0.30162418074737535,1.0,533.313158886943,6.280982106934726,REMISSION1,RR
S5_B2_1@5|60_7,S5_B2_1@5,RR_R1_4,6.0,7.0,0.0,0.0,0.5,0.0,-0.21207515314262046,,,526.1178575186362,6.267424162093275,REMISSION1,RR
S5_B2_1@5|60_8,S5_B2_1@5,RR_R1_4,6.0,5.0,0.0,0.0,0.0,0.0,-0.1425183586873857,-0.41060304928428737,2.0,633.8769596696192,6.453431215818152,REMISSION1,RR
S5_B2_1@7|51_10,S5_B2_1@7,RR_R1_4,12.0,11.0,0.08333333333333333,0.18181818181818182,0.0,0.0,0.24195503919014652,0.033038228788346787,3.0,76.15773105863909,4.34585178193694,REMISSION1,RR
S5_B2_1@7|51_12,S5_B2_1@7,RR_R1_4,10.0,16.0,0.0,0.0625,0.0,0.0,0.3729777676735276,-0.3312105853194376,4.0,78.07886552931954,4.370445652338607,REMISSION1,RR
S5_B2_1@7|51_9,S5_B2_1@7,RR_R1_4,9.0,9.0,0.1111111111111111,0.1111111111111111,0.0,0.2222222222222222,0.05352131774378511,1.369963338997601,2.0,85.44003745317531,4.459450964923822,REMISSION1,RR
S5_B2_1@7|52_10,S5_B2_1@7,RR_R1_4,7.0,10.0,0.5714285714285714,0.0,0.0,1.0,-0.0690034977023313,-0.05014419082814998,3.0,167.63054614240212,5.127710204379346,REMISSION1,RR
S5_B2_1@7|52_7,S5_B2_1@7,RR_R1_4,8.0,7.0,0.25,0.0,0.0,0.375,0.25213017709846536,0.08462019383401484,2.0,92.19544457292886,4.534698842524112,REMISSION1,RR
S5_B2_1@7|53_8,S5_B2_1@7,RR_R1_4,6.0,6.0,0.0,0.0,0.0,0.0,-0.3977858572580346,-0.07389486803638014,2.0,206.63468287684003,5.3357802032185155,REMISSION1,RR
S5_B2_1@7|53_9,S5_B2_1@7,RR_R1_4,7.0,8.0,0.0,0.0,0.0,0.0,-0.07482525046739925,-0.21478346465827947,1.0,272.9468812791236,5.612934223649222,REMISSION1,RR
S5_B2_1@7|55_10,S5_B2_1@7,RR_R1_4,6.0,8.0,0.0,0.0,0.08333333333333333,0.0,-0.07112786085797984,1.476683892253736,2.0,463.18213648278476,6.140277010727585,REMISSION1,RR
S5_B2_2@5|85_18,S5_B2_2@5,RR_P2_4,15.0,14.0,0.06666666666666667,0.21428571428571427,1.0,0.7333333333333333,3.532120237987744,,,14.142135623730951,2.7174812964321107,PEAK2,RR
S5_B2_2@5|92_21,S5_B2_2@5,RR_P2_4,27.0,12.0,0.2222222222222222,0.08333333333333333,,0.25925925925925924,4.981730618748069,,,28.284271247461902,3.377050554392157,PEAK2,RR
S5_B3_0@2|13_1,S5_B3_0@2,RR_P2_4,23.0,16.0,0.08695652173913043,0.0625,0.09090909090909091,0.0,0.6133887022323774,,,31.622776601683796,3.485010713180571,PEAK2,RR
S5_B3_0@4|12_2,S5_B3_0@4,RR_P2_4,30.0,5.0,0.06666666666666667,0.0,,0.06666666666666667,0.893511769967104,,,90.55385138137417,4.516927338847066,PEAK2,RR
S5_B3_0@4|13_2,S5_B3_0@4,RR_P2_4,9.0,20.0,0.1111111111111111,0.0,0.18181818181818182,0.1111111111111111,-0.5848813758649969,,,94.33981132056603,4.557447470758213,PEAK2,RR
S5_B3_0@4|14_2,S5_B3_0@4,RR_P2_4,31.0,14.0,0.12903225806451613,0.07142857142857142,0.0,0.16129032258064516,0.5576578754961425,1.0796403412145552,2.0,36.05551275463989,3.6124171329715926,PEAK2,RR
S5_B3_1@15|66_22,S5_B3_1@15,RR_R2_4,21.0,12.0,0.0,0.0,,0.0,8.245031742443311,6.0339382606486005,6.0,56.568542494923804,4.0529762812736765,REMISSION2,RR
S5_B3_1@15|67_17,S5_B3_1@15,RR_R2_4,9.0,9.0,0.1111111111111111,0.1111111111111111,0.0,0.0,1.7959969677889975,8.61037896741491,4.0,20.0,3.044522437723423,REMISSION2,RR
S5_B3_1@15|67_21,S5_B3_1@15,RR_R2_4,22.0,14.0,0.09090909090909091,0.0,,0.0,11.658566610384824,11.109353624340022,9.0,20.0,3.044522437723423,REMISSION2,RR
S5_B3_1@16|53_20,S5_B3_1@16,RR_R2_4,30.0,8.0,0.26666666666666666,0.0,0.0,0.0,1.9617407166198157,2.7066106700076813,7.0,22.360679774997898,3.1510542574937324,REMISSION2,RR
S5_B3_1@16|53_21,S5_B3_1@16,RR_R2_4,15.0,15.0,0.2,0.2,0.125,0.0,3.0057386738444483,,,20.0,3.044522437723423,REMISSION2,RR
S5_B3_1@17|64_21,S5_B3_1@17,RR_R2_4,7.0,6.0,0.0,0.0,0.0,0.0,-0.49435509839089753,-0.5307716609198317,2.0,264.0075756488817,5.5797584129318825,REMISSION2,RR
S5_B3_1@17|64_22,S5_B3_1@17,RR_R2_4,8.0,10.0,0.125,0.0,0.0,0.0,-0.3533035502772936,-0.4378985573285299,1.0,223.2506627175738,5.412764456196852,REMISSION2,RR
S5_B3_1@1|59_10,S5_B3_1@1,RR_R2_4,9.0,11.0,0.0,0.0,0.0,0.0,-0.11459800715222018,-0.3283735509581659,6.0,468.45235059857504,6.151566803824996,REMISSION2,RR
S5_B3_1@1|59_11,S5_B3_1@1,RR_R2_4,10.0,5.0,0.0,0.0,0.0,0.0,-0.0729459758798008,-0.34847684876125956,1.0,550.8175741568165,6.313217510056047,REMISSION2,RR
S5_B3_1@1|60_9,S5_B3_1@1,RR_R2_4,8.0,7.0,0.0,0.0,0.0,0.0,-0.10624534911580719,,1.0,360.5551275463989,5.89041452664292,REMISSION2,RR
S5_B3_1@1|63_10,S5_B3_1@1,RR_R2_4,5.0,7.0,0.0,0.0,0.0,0.0,0.12129880286977701,-0.3226972847302325,3.0,251.1686566083494,5.53009813590398,REMISSION2,RR
S5_B3_1@1|63_13,S5_B3_1@1,RR_R2_4,10.0,6.0,0.0,0.0,0.0,0.0,0.4902540383691846,2.0725901103761313,4.0,201.24366405328738,5.3094732281464685,REMISSION2,RR
S5_B3_1@1|65_15,S5_B3_1@1,RR_R2_4,6.0,12.0,0.0,0.0,0.0,0.0,2.137893582318103,-0.5367070739981143,1.0,118.51749184241449,4.783462735910084,REMISSION2,RR
S5_B3_1@1|65_7,S5_B3_1@1,RR_R2_4,13.0,11.0,0.0,0.09090909090909091,0.0,0.0,1.861122745388102,3.220268702678174,7.0,56.92582403567252,4.059163296124417,REMISSION2,RR
S5_B3_1@1|65_8,S5_B3_1@1,RR_R2_4,8.0,7.0,0.0,0.0,0.0,0.0,0.5950992947762355,,,80.62257748298549,4.402105908540379,REMISSION2,RR
S5_B3_1@1|65_9,S5_B3_1@1,RR_R2_4,5.0,8.0,0.2,0.0,0.0,0.0,0.21496280321216557,,,100.0,4.61512051684126,REMISSION2,RR
S5_B3_1@1|66_7,S5_B3_1@1,RR_R2_4,20.0,17.0,0.05,0.11764705882352941,,0.0,7.1048346296728635,6.263365188989974,3.0,20.0,3.044522437723423,REMISSION2,RR
S5_B3_1@1|66_8,S5_B3_1@1,RR_R2_4,20.0,8.0,0.2,0.125,,0.0,8.454828298520017,5.846540103128939,2.0,14.142135623730951,2.7174812964321107,REMISSION2,RR
S5_B3_1@23|55_23,S5_B3_1@23,RR_R2_4,9.0,9.0,0.0,0.0,0.0,0.0,2.8144377920482824,3.6063418671910736,4.0,12.071067811865476,2.570401223753042,REMISSION2,RR
S5_B3_1@26|62_25,S5_B3_1@26,RR_R2_4,7.0,5.0,0.0,0.0,0.125,0.0,2.330930065172761,4.741043572155638,3.0,29.14213562373095,3.4059240474807915,REMISSION2,RR
S5_B3_1@26|64_25,S5_B3_1@26,RR_R2_4,21.0,27.0,0.23809523809523808,0.1111111111111111,0.0,0.0,1.3664819308644378,1.6099837123348713,3.0,20.0,3.044522437723423,REMISSION2,RR
S5_B3_1@26|65_24,S5_B3_1@26,RR_R2_4,70.0,20.0,0.1,0.0,0.0,0.15714285714285714,9.476347079398744,6.0612085905812485,27.0,25.3224755112299,3.2704231564123165,REMISSION2,RR
S5_B3_1@4|61_5,S5_B3_1@4,RR_R2_4,5.0,8.0,0.0,0.0,0.0,0.0,0.20495764113095905,-0.5218159778625827,2.0,36.05551275463989,3.6124171329715926,REMISSION2,RR
S5_B3_1@4|62_6,S5_B3_1@4,RR_R2_4,5.0,5.0,0.0,0.0,0.0,0.0,-0.15092025899547873,-0.06532653272587692,2.0,41.21320343559643,3.7427330497267386,REMISSION2,RR
S5_B3_1@8|50_12,S5_B3_1@8,RR_R2_4,17.0,6.0,0.17647058823529413,0.16666666666666666,0.0,0.0,0.4600202977567328,,,10.0,2.3978952727983707,REMISSION2,RR
S5_B3_1@8|51_13,S5_B3_1@8,RR_R2_4,16.0,30.0,0.0,0.03333333333333333,0.0,0.0,1.216062493496727,3.215603339420784,3.0,31.622776601683796,3.485010713180571,REMISSION2,RR
S5_B3_1@8|51_14,S5_B3_1@8,RR_R2_4,9.0,12.0,0.1111111111111111,0.0,0.2777777777777778,0.0,2.939069511590724,8.078303516100629,2.0,30.0,3.4339872044851463,REMISSION2,RR
S5_B3_1@9|53_13,S5_B3_1@9,RR_R2_4,7.0,11.0,0.0,0.0,0.0,0.0,1.0828819244505015,1.31697749549429,5.0,142.29978343503652,4.964938823563176,REMISSION2,RR
S5_B3_1@9|54_13,S5_B3_1@9,RR_R2_4,8.0,5.0,0.0,0.0,0.0,0.0,0.7802853545781591,3.2152708682040347,1.0,183.5755975068582,5.21805912214361,REMISSION2,RR
S5_B3_2@17|100_10,S5_B3_2@17,RR_R1_4,5.0,6.0,0.2,0.0,,0.0,-0.2635201368268524,,,300.0,5.707110264748875,REMISSION1,RR
S5_B3_2@17|101_10,S5_B3_2@17,RR_R1_4,8.0,7.0,0.0,0.0,0.0,0.0,0.49196742064137233,3.243780595463577,1.0,246.98178070456936,5.513355278565374,REMISSION1,RR
S5_B3_2@17|102_12,S5_B3_2@17,RR_R1_4,7.0,7.0,0.0,0.14285714285714285,0.25,0.14285714285714285,0.4205921988975195,8.513359406075157,2.0,184.64914641582033,5.223858582798462,REMISSION1,RR
S5_B3_2@23|89_11,S5_B3_2@23,RR_R1_4,9.0,6.0,0.1111111111111111,0.0,0.0,0.0,-0.09636482346186534,-0.4454696792878185,1.0,442.8317965096906,6.095445653965592,REMISSION1,RR
S5_B3_2@24|96_11,S5_B3_2@24,RR_R1_4,7.0,10.0,0.0,0.0,0.0,0.0,-0.04716699475046762,-0.3373333002621994,2.0,604.0695324215583,6.405343381049349,REMISSION1,RR
S5_B3_2@29|82_14,S5_B3_2@29,RR_R1_4,46.0,13.0,0.13043478260869565,0.0,0.0,0.0,-1.2982903972329445,,,40.0,3.713572066704308,REMISSION1,RR
S5_B3_2@31|103_14,S5_B3_2@31,RR_R1_4,6.0,6.0,0.0,0.16666666666666666,0.0,0.0,-0.2344108663339812,,,113.85164807134504,4.743641278804419,REMISSION1,RR
S5_B3_2@31|103_15,S5_B3_2@31,RR_R1_4,5.0,9.0,0.2,0.2222222222222222,0.16666666666666666,0.0,-0.16982865918278572,2.1947453736619664,2.0,141.0513252636308,4.956188437814092,REMISSION1,RR
S5_B3_2@33|100_16,S5_B3_2@33,RR_R1_4,9.0,6.0,0.1111111111111111,0.0,0.0,0.5555555555555556,-0.0130266468181533,0.9235152414991983,1.0,411.0960958218893,6.021256564438913,REMISSION1,RR
S5_B3_2@33|99_15,S5_B3_2@33,RR_R1_4,7.0,6.0,0.0,0.0,,0.0,-0.12804535338686607,-0.08423332586615861,1.0,485.07731342539614,6.1863676923706485,REMISSION1,RR
S5_B3_2@36|92_15,S5_B3_2@36,RR_R1_4,10.0,5.0,0.1,0.0,,0.0,-0.05108953739841662,-0.347847156395462,3.0,804.9844718999243,6.692064476688195,REMISSION1,RR
S5_B3_2@41|82_16,S5_B3_2@41,RR_R1_4,12.0,13.0,0.3333333333333333,0.0,0.0,0.0,-0.059646470465001114,0.033400171864470404,2.0,22.360679774997898,3.1510542574937324,REMISSION1,RR
S5_B3_2@45|87_20,S5_B3_2@45,RR_R1_4,8.0,8.0,0.0,0.0,0.0,0.0,-0.461611980731908,-1.0024718684926663,3.0,166.5799998574353,5.121460848334414,REMISSION1,RR
S5_B3_2@45|89_19,S5_B3_2@45,RR_R1_4,7.0,12.0,0.2857142857142857,0.0,0.0,0.14285714285714285,0.38295575728637865,5.760600779525487,3.0,303.6445290137795,5.719145618265665,REMISSION1,RR
S5_B3_2@45|90_18,S5_B3_2@45,RR_R1_4,5.0,6.0,0.0,0.0,0.0,0.0,0.29019968223185133,2.846935824937557,2.0,425.440947723653,6.055473899487771,REMISSION1,RR
S5_B3_2@46|97_18,S5_B3_2@46,RR_R1_4,7.0,9.0,0.0,0.0,0.0,0.0,-0.15335748214430434,-1.1710955276422996,4.0,648.7249845631246,6.476549172685222,REMISSION1,RR
S5_B3_2@57|100_21,S5_B3_2@57,RR_R1_4,9.0,7.0,0.0,0.0,0.0,0.0,-0.05768279725599745,-0.36049653607338333,1.0,328.0172937312982,5.796110313916727,REMISSION1,RR
S5_B3_2@57|99_20,S5_B3_2@57,RR_R1_4,7.0,5.0,0.0,0.0,0.0,0.0,-0.04425551210161887,-0.3383207511259385,3.0,442.32311859859055,6.094298891527188,REMISSION1,RR
S5_B3_2@57|99_21,S5_B3_2@57,RR_R1_4,7.0,7.0,0.0,0.0,0.0,0.0,-0.0076791377614098665,2.693582002264818,1.0,436.9385188773684,6.082078532664067,REMISSION1,RR
S5_B3_2@5|82_10,S5_B3_2@5,RR_R1_4,13.0,6.0,0.0,0.0,0.0,0.0,-0.34281364349180454,0.22304635517679625,2.0,22.360679774997898,3.1510542574937324,REMISSION1,RR
S5_B3_2@5|82_11,S5_B3_2@5,RR_R1_4,6.0,7.0,0.0,0.0,0.0,0.0,0.40568445330448116,0.8024075381101616,4.0,111.80339887498948,4.725646470480477,REMISSION1,RR
S5_B3_2@5|83_11,S5_B3_2@5,RR_R1_4,34.0,10.0,0.17647058823529413,0.1,,0.14705882352941177,-0.5242903507057708,,,197.4835273840777,5.290706111213119,REMISSION1,RR
S5_B3_2@5|83_12,S5_B3_2@5,RR_R1_4,22.0,21.0,0.36363636363636365,0.09523809523809523,0.0,0.0,1.9401351605039663,,,148.66068747318505,5.008370648208314,REMISSION1,RR
S5_B3_2@5|83_13,S5_B3_2@5,RR_R1_4,9.0,8.0,0.0,0.0,0.0,0.0,-0.17898233668165814,10.004090105190949,1.0,120.0,4.795790545596741,REMISSION1,RR
S5_B3_2@5|84_12,S5_B3_2@5,RR_R1_4,15.0,6.0,0.2,0.0,,0.5333333333333333,-0.8481537493222173,-0.4572864900864775,1.0,224.7220505424423,5.419304377511396,REMISSION1,RR
S5_B3_2@5|84_14,S5_B3_2@5,RR_R1_4,8.0,7.0,0.0,0.0,0.0,0.0,-0.0991862962537444,-0.35982831030237616,5.0,228.47319317591726,5.435786217344631,REMISSION1,RR
S5_B3_2@5|85_10,S5_B3_2@5,RR_R1_4,20.0,5.0,0.05,0.0,,0.0,-1.9393412493903524,2.2549682521186662,4.0,176.91806012954132,5.1813231079538875,REMISSION1,RR
S5_B3_2@5|85_11,S5_B3_2@5,RR_R1_4,11.0,8.0,0.09090909090909091,0.0,0.0,0.0,-1.7668785728366432,-0.37434763229936613,3.0,281.7800560721074,5.644669408452477,REMISSION1,RR
S5_B3_2@5|85_12,S5_B3_2@5,RR_R1_4,7.0,11.0,0.0,0.0,0.0,0.0,-0.2249810180509015,-0.5806484274696287,2.0,325.7299494980466,5.789133987187843,REMISSION1,RR
S5_B3_2@5|85_13,S5_B3_2@5,RR_R1_4,9.0,11.0,0.0,0.0,0.0,0.0,-1.6484195605268503,-1.2088267811557623,4.0,305.7481343168133,5.726027001475747,REMISSION1,RR
S5_B3_2@5|85_14,S5_B3_2@5,RR_R1_4,7.0,13.0,0.0,0.07692307692307693,0.0,0.0,-0.6858347281404911,-1.4579160367485908,4.0,327.4528563519176,5.794393315759543,REMISSION1,RR
S5_B3_2@5|88_6,S5_B3_2@5,RR_R1_4,9.0,7.0,0.2222222222222222,0.0,0.0,0.0,-0.05150175148328285,2.52314269652441,1.0,14.142135623730951,2.7174812964321107,REMISSION1,RR
S5_B3_2@62|103_25,S5_B3_2@62,RR_R1_4,6.0,6.0,0.0,0.0,0.14285714285714285,0.5,0.6871879748558134,,,89.44271909999159,4.504716712194347,REMISSION1,RR
S5_B3_2@62|103_26,S5_B3_2@62,RR_R1_4,7.0,6.0,0.2857142857142857,0.0,0.0,0.14285714285714285,0.23344521169255653,2.6601982520945056,1.0,70.0,4.2626798770413155,REMISSION1,RR
S5_B3_2@62|103_27,S5_B3_2@62,RR_R1_4,8.0,5.0,0.0,0.0,0.0,0.0,0.6010730929490816,,,28.284271247461902,3.377050554392157,REMISSION1,RR
S5_B3_2@62|104_24,S5_B3_2@62,RR_R1_4,10.0,6.0,0.3,0.3333333333333333,,0.1,1.197955201106624,,,69.5153275036385,4.255830097586918,REMISSION1,RR
S5_B3_2@62|104_25,S5_B3_2@62,RR_R1_4,28.0,8.0,0.25,0.125,0.0,0.17857142857142858,5.908286517906371,4.4844014266893275,5.0,14.142135623730951,2.7174812964321107,REMISSION1,RR
S5_B3_2@65|93_21,S5_B3_2@65,RR_R1_4,9.0,13.0,0.1111111111111111,0.0,0.0,0.0,-0.07383165315294998,0.061892051546166754,1.0,473.54681478150934,6.1623602744720225,REMISSION1,RR
S5_B3_2@65|93_22,S5_B3_2@65,RR_R1_4,9.0,6.0,0.2222222222222222,0.0,0.0,0.0,-0.05463658008965165,-0.33838814315532384,1.0,435.6604182158393,6.079155817995331,REMISSION1,RR
S5_B3_2@65|94_21,S5_B3_2@65,RR_R1_4,9.0,6.0,0.0,0.0,0.0,0.0,-0.04579849340420701,,,557.8530272392541,6.32588651772534,REMISSION1,RR
S5_B3_2@68|90_23,S5_B3_2@68,RR_R1_4,18.0,15.0,0.0,0.06666666666666667,,0.0,1.057655433629704,2.2723227706001383,1.0,130.0,4.875197323201151,REMISSION1,RR
S5_B3_2@73|101_25,S5_B3_2@73,RR_R1_4,9.0,7.0,0.0,0.0,,0.0,-0.07073578666407504,-0.34407999171856596,6.0,278.36944332526326,5.632535075506544,REMISSION1,RR
S5_B3_2@73|101_26,S5_B3_2@73,RR_R1_4,10.0,5.0,0.2,0.0,,0.0,-0.10377040443303076,-0.3907284344363193,1.0,250.79872407968907,5.5286300543999864,REMISSION1,RR
S5_B3_2@78|90_26,S5_B3_2@78,RR_R1_4,20.0,18.0,0.0,0.0,0.0,0.0,1.5189526880595432,6.191613440123158,4.0,41.82873156368473,3.7572091755848236,REMISSION1,RR
S5_B3_2@80|91_27,S5_B3_2@80,RR_R1_4,19.0,16.0,0.05263157894736842,0.0,,0.0,0.051475981120636775,-1.277864416496796,1.0,72.80109889280519,4.301373621641981,REMISSION1,RR
S5_B3_2@80|92_27,S5_B3_2@80,RR_R1_4,9.0,10.0,0.1111111111111111,0.0,0.0,0.0,-0.38871774952673577,,,161.24515496597098,5.089108493603487,REMISSION1,RR
S5_B3_2@80|92_28,S5_B3_2@80,RR_R1_4,14.0,10.0,0.07142857142857142,0.0,0.0,0.0,0.3921802220925053,0.8682467080641578,3.0,89.10934862167757,4.501023917518983,REMISSION1,RR
S5_B3_2@81|98_27,S5_B3_2@81,RR_R1_4,7.0,9.0,0.14285714285714285,0.1111111111111111,0.0,0.0,-0.04331257183039522,-0.3257849207041911,3.0,466.6880652066527,6.147801546353337,REMISSION1,RR
S5_B3_2@82|102_30,S5_B3_2@82,RR_R1_4,31.0,9.0,0.12903225806451613,0.1111111111111111,,0.03225806451612903,1.0335563851328289,5.567235314793256,3.0,14.142135623730951,2.7174812964321107,REMISSION1,RR
S5_B3_2@82|103_28,S5_B3_2@82,RR_R1_4,8.0,8.0,0.125,0.0,0.0,0.75,0.7564905517257345,0.4605226052113409,1.0,10.0,2.3978952727983707,REMISSION1,RR
S5_B3_2@82|93_30,S5_B3_2@82,RR_R1_4,9.0,13.0,0.2222222222222222,0.07692307692307693,0.0,0.0,1.1335047997864358,0.0068077294666670785,4.0,28.284271247461902,3.377050554392157,REMISSION1,RR
S5_B3_2@82|95_30,S5_B3_2@82,RR_R1_4,5.0,6.0,0.2,0.0,0.16666666666666666,0.0,0.3313127195755471,2.9402938451361815,1.0,130.0,4.875197323201151,REMISSION1,RR
S5_B3_2@82|98_31,S5_B3_2@82,RR_R1_4,10.0,7.0,0.0,0.2857142857142857,1.0,0.4,0.8376252246649296,2.27974121085667,3.0,40.0,3.713572066704308,REMISSION1,RR
S5_B3_2@82|98_32,S5_B3_2@82,RR_R1_4,19.0,8.0,0.21052631578947367,0.125,0.0,0.0,2.0432318254489332,,,20.0,3.044522437723423,REMISSION1,RR
S5_T1_0@10|10_6,S5_T1_0@10,RR_R2_3,9.0,22.0,0.0,0.0,0.0,0.0,-0.0385144921515064,-2.240688503834506,6.0,22.360679774997898,3.1510542574937324,REMISSION2,RR
S5_T1_0@10|10_7,S5_T1_0@10,RR_R2_3,10.0,10.0,0.0,0.0,0.0,0.0,-2.072744886660939,0.4704784004299931,2.0,60.299892434626145,4.115778088203696,REMISSION2,RR
S5_T1_0@10|7_12,S5_T1_0@10,RR_R2_3,5.0,10.0,0.0,0.0,0.07142857142857142,0.0,0.728039999614525,1.717525245673625,2.0,44.721359549995796,3.822565574923594,REMISSION2,RR
S5_T1_0@10|8_9,S5_T1_0@10,RR_R2_3,5.0,5.0,0.0,0.2,0.3333333333333333,0.0,-3.2289764329196657,,,38.027756377319946,3.6642730949724527,REMISSION2,RR
S5_T1_0@10|9_8,S5_T1_0@10,RR_R2_3,9.0,6.0,0.0,0.0,0.0,0.0,4.2696390744723125,1.390615578145621,2.0,101.9803902718557,4.634538584393837,REMISSION2,RR
S5_T1_0@11|16_9,S5_T1_0@11,RR_R2_3,8.0,9.0,0.125,0.0,,0.0,0.16146566583504626,0.4593869226527299,5.0,450.0,6.111467339502679,REMISSION2,RR
S5_T1_0@11|18_7,S5_T1_0@11,RR_R2_3,12.0,9.0,0.08333333333333333,0.1111111111111111,0.0,0.0,3.1115136328683555,-0.491701834791579,3.0,253.17977802344328,5.5380418041489685,REMISSION2,RR
S5_T1_0@14|24_11,S5_T1_0@14,RR_R2_3,5.0,11.0,0.0,0.0,0.0,0.2,1.9618450062303765,2.8053734528954557,6.0,50.99019513592785,3.951055145724373,REMISSION2,RR
S5_T1_0@15|23_11,S5_T1_0@15,RR_R2_3,9.0,5.0,0.1111111111111111,0.0,0.0,0.0,1.8419199159385649,,,139.8831382177989,4.947930739761817,REMISSION2,RR
S5_T1_0@15|23_13,S5_T1_0@15,RR_R2_3,9.0,7.0,0.0,0.14285714285714285,,0.0,-0.0583009280052038,-0.18246989712039255,3.0,211.18499738612533,5.357458523332358,REMISSION2,RR
S5_T1_0@20|26_12,S5_T1_0@20,RR_R2_3,7.0,5.0,0.14285714285714285,0.4,0.2,0.0,-0.8354351074005939,,,10.0,2.3978952727983707,REMISSION2,RR
S5_T1_0@20|26_13,S5_T1_0@20,RR_R2_3,10.0,13.0,0.2,0.0,0.0,0.0,-4.2037337959956185,6.35225148181717,1.0,10.0,2.3978952727983707,REMISSION2,RR
S5_T1_0@22|10_16,S5_T1_0@22,RR_R2_3,12.0,5.0,0.0,0.2,0.0,0.0,0.12054520466703539,-0.011234771312154612,2.0,183.5755975068582,5.21805912214361,REMISSION2,RR
S5_T1_0@22|8_13,S5_T1_0@22,RR_R2_3,5.0,5.0,0.0,0.0,0.0,0.0,-0.9815435923346096,4.398759898058742,1.0,140.0,4.948759890378168,REMISSION2,RR
S5_T1_0@22|9_14,S5_T1_0@22,RR_R2_3,7.0,5.0,0.0,0.0,0.0,0.0,0.36345884273063295,0.4493758268214002,1.0,220.79050855637334,5.401733281197983,REMISSION2,RR
S5_T1_0@22|9_18,S5_T1_0@22,RR_R2_3,26.0,28.0,0.23076923076923078,0.07142857142857142,,0.0,1.4923073670584912,0.26886391759514205,1.0,28.284271247461902,3.377050554392157,REMISSION2,RR
S5_T1_0@25|22_17,S5_T1_0@25,RR_R2_3,7.0,7.0,0.0,0.14285714285714285,,0.0,-0.38531320679138004,,,297.48147124005095,5.698707858008403,REMISSION2,RR
S5_T1_0@25|22_21,S5_T1_0@25,RR_R2_3,14.0,8.0,0.14285714285714285,0.0,,0.14285714285714285,5.5026163904211405,6.025764139775337,6.0,21.18033988749895,3.0992063058579626,REMISSION2,RR
S5_T1_0@25|23_20,S5_T1_0@25,RR_R2_3,16.0,9.0,0.0,0.1111111111111111,,0.0,2.4473247296257155,-0.7428124854402437,8.0,14.142135623730951,2.7174812964321107,REMISSION2,RR
S5_T1_0@25|24_19,S5_T1_0@25,RR_R2_3,11.0,24.0,0.0,0.0,0.07692307692307693,0.0,18.238404832546365,1.758668955122616,3.0,28.284271247461902,3.377050554392157,REMISSION2,RR
S5_T1_0@25|25_18,S5_T1_0@25,RR_R2_3,12.0,5.0,0.08333333333333333,0.0,0.0,0.0,17.087124293036926,11.655645172515914,2.0,22.360679774997898,3.1510542574937324,REMISSION2,RR
S5_T1_0@31|13_21,S5_T1_0@31,RR_R2_3,9.0,6.0,0.0,0.0,0.0,0.0,7.2491728758838185,1.9157665936227979,3.0,14.142135623730951,2.7174812964321107,REMISSION2,RR
S5_T1_0@31|14_21,S5_T1_0@31,RR_R2_3,28.0,5.0,0.07142857142857142,0.0,,0.0,13.436272555961047,6.538267520398811,2.0,20.0,3.044522437723423,REMISSION2,RR
S5_T1_0@31|15_22,S5_T1_0@31,RR_R2_3,6.0,13.0,0.16666666666666666,0.0,0.14285714285714285,0.0,-0.415383436294533,,,10.0,2.3978952727983707,REMISSION2,RR
S5_T1_0@31|16_22,S5_T1_0@31,RR_R2_3,14.0,9.0,0.21428571428571427,0.0,0.0,0.0,-4.049717771259779,,,14.142135623730951,2.7174812964321107,REMISSION2,RR
S5_T1_0@7|19_6,S5_T1_0@7,RR_R2_3,5.0,5.0,0.2,0.0,0.0,0.0,-7.992110952725405,,,107.42833763048907,4.686089472097443,REMISSION2,RR
S5_T1_0@7|20_5,S5_T1_0@7,RR_R2_3,7.0,11.0,0.14285714285714285,0.0,0.0,0.0,8.3795611426504,9.61964718418588,5.0,17.071067811865476,2.8943121959332228,REMISSION2,RR
S5_T1_0@7|20_6,S5_T1_0@7,RR_R2_3,6.0,8.0,0.0,0.0,0.0,0.0,3.378040766917174,-0.9883340257457363,2.0,134.65424399927554,4.910109325009012,REMISSION2,RR
S5_T1_0@7|21_5,S5_T1_0@7,RR_R2_3,9.0,7.0,0.0,0.0,,0.0,8.749651428558355,3.5183274334339445,3.0,14.142135623730951,2.7174812964321107,REMISSION2,RR
S5_T1_0@7|22_6,S5_T1_0@7,RR_R2_3,12.0,16.0,0.08333333333333333,0.0625,0.0,0.0,2.4887472083877644,-2.180692743987123,2.0,50.0,3.9318256327243257,REMISSION2,RR
S5_T1_0@7|23_6,S5_T1_0@7,RR_R2_3,15.0,21.0,0.0,0.047619047619047616,0.0,0.0,21.05769608436234,13.347721988188002,9.0,20.0,3.044522437723423,REMISSION2,RR
S5_T1_0@7|23_7,S5_T1_0@7,RR_R2_3,16.0,16.0,0.0625,0.0,0.0,0.375,11.472493014569132,1.3553024186383813,9.0,64.03124237432849,4.174867806332253,REMISSION2,RR
S5_T1_0@7|24_7,S5_T1_0@7,RR_R2_3,10.0,13.0,0.3,0.23076923076923078,0.0,0.5,-4.404078814992853,1.345487981414056,3.0,14.142135623730951,2.7174812964321107,REMISSION2,RR
S5_T1_0@7|24_8,S5_T1_0@7,RR_R2_3,16.0,14.0,0.0,0.21428571428571427,0.0,0.0,6.274988376005394,6.908960875668543,3.0,38.027756377319946,3.6642730949724527,REMISSION2,RR
S5_T1_2@2|94_15,S5_T1_2@2,RR_P1_5,19.0,10.0,0.10526315789473684,0.1,,0.0,0.8714079386156939,4.078871557358938,2.0,30.0,3.4339872044851463,PEAK1,RR
S5_T2_0@10|2_14,S5_T2_0@10,RR_P3_5,20.0,15.0,0.05,0.0,0.0,0.0,-1.9761960074502705,2.4367980886567526,1.0,22.360679774997898,3.1510542574937324,PEAK3,RR
S5_T2_0@10|2_15,S5_T2_0@10,RR_P3_5,8.0,9.0,0.25,0.1111111111111111,0.0,0.0,0.8790713642456942,2.0826755341560728,1.0,31.622776601683796,3.485010713180571,PEAK3,RR
S5_T2_0@10|2_16,S5_T2_0@10,RR_P3_5,22.0,6.0,0.0,0.16666666666666666,,0.0,0.28440909500335243,1.8692936704572771,2.0,12.071067811865476,2.570401223753042,PEAK3,RR
S5_T2_0@10|2_18,S5_T2_0@10,RR_P3_5,26.0,5.0,0.07692307692307693,0.0,0.0,0.0,-1.5747752640439643,,,28.284271247461902,3.377050554392157,PEAK3,RR
S5_T2_0@10|3_10,S5_T2_0@10,RR_P3_5,20.0,6.0,0.25,0.0,,0.0,-0.3867860033168935,2.9303486422753955,1.0,22.360679774997898,3.1510542574937324,PEAK3,RR
S5_T2_0@10|3_14,S5_T2_0@10,RR_P3_5,7.0,7.0,0.14285714285714285,0.0,0.0,0.0,0.16622773591401244,,,165.156097709407,5.112927694153698,PEAK3,RR
S5_T2_0@10|3_19,S5_T2_0@10,RR_P3_5,23.0,16.0,0.08695652173913043,0.0625,0.0,0.0,-0.4568043544755981,2.8626118576659008,3.0,44.721359549995796,3.822565574923594,PEAK3,RR
S5_T2_0@10|3_20,S5_T2_0@10,RR_P3_5,15.0,10.0,0.26666666666666666,0.1,0.0,0.0,0.5359345683713816,,,30.0,3.4339872044851463,PEAK3,RR
S5_T2_0@10|4_13,S5_T2_0@10,RR_P3_5,5.0,10.0,0.0,0.1,0.16666666666666666,0.0,0.18721599354974858,,,250.19992006393608,5.526249116377178,PEAK3,RR
S5_T2_0@10|4_19,S5_T2_0@10,RR_P3_5,5.0,5.0,0.0,0.0,,0.0,0.19875293309260272,1.4899975199363575,4.0,112.91047069245164,4.735412795046656,PEAK3,RR
S5_T2_0@10|5_22,S5_T2_0@10,RR_P3_5,17.0,11.0,0.058823529411764705,0.0,0.0,0.0,-1.2649544838421856,1.3760937131159203,1.0,22.360679774997898,3.1510542574937324,PEAK3,RR
S5_T2_0@11|15_11,S5_T2_0@11,RR_P3_5,9.0,5.0,0.0,0.2,,0.0,-0.005190162390727348,-0.03406116346585466,2.0,857.1129691181959,6.754735756459726,PEAK3,RR
S5_T2_0@11|16_10,S5_T2_0@11,RR_P3_5,6.0,5.0,0.0,0.0,0.0,0.0,-0.02440851540431032,,,812.1576201698781,6.700924965504228,PEAK3,RR
S5_T2_0@11|16_12,S5_T2_0@11,RR_P3_5,9.0,13.0,0.0,0.0,0.0,0.0,0.009790197611391202,0.03956197224475713,2.0,941.8586039907354,6.848916328645147,PEAK3,RR
S5_T2_0@11|17_10,S5_T2_0@11,RR_P3_5,6.0,7.0,0.0,0.0,0.0,0.0,-0.024851513594623134,-0.015114711666732209,1.0,796.3039620647382,6.68123598884859,PEAK3,RR
S5_T2_0@14|10_13,S5_T2_0@14,RR_P3_5,6.0,6.0,0.0,0.0,0.0,0.0,-0.017655438026824705,-0.01228884896194578,3.0,747.8968358539522,6.618601238188247,PEAK3,RR
S5_T2_0@14|11_12,S5_T2_0@14,RR_P3_5,5.0,5.0,0.0,0.0,,0.0,-0.010026746469339565,,,737.055749723645,6.604019363378303,PEAK3,RR
S5_T2_0@14|11_13,S5_T2_0@14,RR_P3_5,6.0,6.0,0.0,0.0,,0.0,-0.01886467411216841,-0.0066915716135766586,1.0,811.5403955051296,6.7001656305127915,PEAK3,RR
S5_T2_0@16|14_14,S5_T2_0@16,RR_P3_5,16.0,7.0,0.0,0.0,0.0,0.0,-0.05762130896183993,-0.04530077212682738,3.0,926.3368717696602,6.83231689951935,PEAK3,RR
S5_T2_0@16|14_15,S5_T2_0@16,RR_P3_5,10.0,8.0,0.0,0.0,0.0,0.0,-0.11060284756079106,,,852.0782807245731,6.748851314353156,PEAK3,RR
S5_T2_0@16|16_14,S5_T2_0@16,RR_P3_5,7.0,11.0,0.0,0.0,0.0,0.0,-0.16916267509571736,0.13431374155763726,2.0,786.3197123012726,6.668634407729479,PEAK3,RR
S5_T2_0@16|18_17,S5_T2_0@16,RR_P3_5,8.0,7.0,0.0,0.0,0.0,0.0,0.3239795725451441,0.17268335364655102,3.0,392.0459156782532,5.973926438831629,PEAK3,RR
S5_T2_0@16|19_22,S5_T2_0@16,RR_P3_5,16.0,16.0,0.25,0.0625,0.0,0.0,1.3588519766208138,,,20.0,3.044522437723423,PEAK3,RR
S5_T2_0@16|20_18,S5_T2_0@16,RR_P3_5,5.0,10.0,0.0,0.1,0.2,0.0,-0.10067014406842904,3.020031738120905,1.0,219.5449840010015,5.396101683154716,PEAK3,RR
S5_T2_0@16|21_17,S5_T2_0@16,RR_P3_5,6.0,18.0,0.16666666666666666,0.0,0.0,0.0,-0.7685633767677116,0.266023038255767,2.0,245.5564465096217,5.507590959193538,PEAK3,RR
S5_T2_0@16|22_19,S5_T2_0@16,RR_P3_5,21.0,36.0,0.09523809523809523,0.027777777777777776,0.0,0.0,8.640466414833416,5.827421142150619,19.0,36.05551275463989,3.6124171329715926,PEAK3,RR
S5_T2_0@16|23_18,S5_T2_0@16,RR_P3_5,8.0,5.0,0.125,0.0,0.0,0.0,4.953226428709388,4.13864458195789,2.0,53.85164807134504,4.004632233149422,PEAK3,RR
S5_T2_0@1|10_4,S5_T2_0@1,RR_P3_5,18.0,18.0,0.05555555555555555,0.1111111111111111,0.0,0.0,-0.09999849619580482,0.56900240384642,1.0,36.05551275463989,3.6124171329715926,PEAK3,RR
S5_T2_0@1|10_6,S5_T2_0@1,RR_P3_5,10.0,9.0,0.0,0.1111111111111111,0.0,0.0,3.1536517899917897,2.273547102624555,3.0,184.39088914585773,5.222466510316163,PEAK3,RR
S5_T2_0@1|10_7,S5_T2_0@1,RR_P3_5,8.0,10.0,0.125,0.0,,0.0,-1.7728350231538652,2.8897968846975526,7.0,206.63468287684003,5.3357802032185155,PEAK3,RR
S5_T2_0@1|12_5,S5_T2_0@1,RR_P3_5,8.0,6.0,0.0,0.0,0.0,0.0,-0.05865086376654053,1.9767658475344305,2.0,209.518375782069,5.349572945189185,PEAK3,RR
S5_T2_0@1|15_2,S5_T2_0@1,RR_P3_5,12.0,14.0,0.08333333333333333,0.14285714285714285,,0.0,9.232808237635178,20.954597082725915,3.0,14.142135623730951,2.7174812964321107,PEAK3,RR
S5_T2_0@1|8_6,S5_T2_0@1,RR_P3_5,16.0,11.0,0.0625,0.09090909090909091,0.0,0.0,-2.3353757294620867,6.678709187972102,1.0,41.23105625617661,3.743155880619243,PEAK3,RR
S5_T2_0@1|9_5,S5_T2_0@1,RR_P3_5,15.0,16.0,0.06666666666666667,0.0,0.0,0.0,-0.5999846444224128,,,41.23105625617661,3.743155880619243,PEAK3,RR
S5_T2_0@1|9_7,S5_T2_0@1,RR_P3_5,12.0,5.0,0.08333333333333333,0.0,0.0,0.0,0.6661151987488019,0.3075820768855456,2.0,201.24611797498108,5.309485361563938,PEAK3,RR
S5_T2_0@25|7_23,S5_T2_0@25,RR_P3_5,5.0,6.0,0.0,0.0,,0.0,0.7561932021185057,,,10.0,2.3978952727983707,PEAK3,RR
S5_T2_0@25|8_22,S5_T2_0@25,RR_P3_5,7.0,14.0,0.0,0.0,0.0,0.0,-0.3335012564975158,-0.6795259650221523,2.0,90.55385138137417,4.516927338847066,PEAK3,RR
S5_T2_0@3|19_4,S5_T2_0@3,RR_P3_5,6.0,5.0,0.0,0.0,,0.0,-0.27213543943148755,1.5394250100557314,2.0,196.468827043885,5.285580734131007,PEAK3,RR
S5_T2_0@3|20_5,S5_T2_0@3,RR_P3_5,7.0,13.0,0.0,0.0,0.0,0.0,-1.2202483306913252,-0.3312398529435449,3.0,212.24955862943196,5.3624631166366195,PEAK3,RR
S5_T2_0@3|22_6,S5_T2_0@3,RR_P3_5,6.0,8.0,0.0,0.0,0.0,0.0,-0.5047674900104541,-0.09637518729037314,3.0,159.21303921361647,5.076504424665424,PEAK3,RR
S5_T2_0@3|23_4,S5_T2_0@3,RR_P3_5,43.0,23.0,0.3023255813953488,0.043478260869565216,0.0,0.0,6.967902111675925,,,22.360679774997898,3.1510542574937324,PEAK3,RR
S5_T2_0@3|25_8,S5_T2_0@3,RR_P3_5,12.0,6.0,0.16666666666666666,0.0,,0.0,5.7556116774473765,,,46.21320343559643,3.8546735872783127,PEAK3,RR
S5_T2_0@4|16_6,S5_T2_0@4,RR_P3_5,7.0,9.0,0.0,0.0,0.0,0.0,0.08187044718137827,0.32538223529824317,1.0,397.4250522252961,5.987519405825054,PEAK3,RR
S5_T2_0@4|17_5,S5_T2_0@4,RR_P3_5,5.0,7.0,0.0,0.0,0.0,0.0,-0.06254938283504874,0.20433165614086624,3.0,310.3142140883715,5.740802736823954,PEAK3,RR
S5_T2_0@4|18_6,S5_T2_0@4,RR_P3_5,10.0,5.0,0.0,0.0,0.0,0.0,-0.035389309830970425,-0.027053279053587898,3.0,391.1521443121589,5.971649887735422,PEAK3,RR
S5_T2_0@7|10_7,S5_T2_0@7,RR_P3_5,13.0,15.0,0.0,0.0,,0.0,2.067967887972232,0.14202807551170257,7.0,237.8013003300626,5.47563182677189,PEAK3,RR
S5_T2_0@7|10_8,S5_T2_0@7,RR_P3_5,6.0,6.0,0.0,0.0,0.0,0.0,0.27590531644855476,0.4831291266192946,3.0,346.61938900234975,5.851108171474132,PEAK3,RR
S5_T2_0@7|11_9,S5_T2_0@7,RR_P3_5,12.0,9.0,0.08333333333333333,0.0,,0.0,1.6978528670534159,1.4589247305276467,5.0,491.93495504995377,6.200377228319887,PEAK3,RR
S5_T2_0@7|12_10,S5_T2_0@7,RR_P3_5,32.0,9.0,0.03125,0.1111111111111111,,0.0,2.1603804494407535,0.3082877831627521,14.0,607.4537019394976,6.410920823977461,PEAK3,RR
S5_T2_0@7|12_9,S5_T2_0@7,RR_P3_5,11.0,10.0,0.0,0.0,0.0,0.0,1.4618516872263032,1.1917204419126368,4.0,532.5410782277739,6.279536065392965,PEAK3,RR
S5_T2_0@7|13_11,S5_T2_0@7,RR_P3_5,7.0,6.0,0.0,0.0,0.0,0.0,0.01776169987027788,0.3036845392593484,1.0,740.2702209328698,6.608365229444571,PEAK3,RR
S5_T2_0@8|6_7,S5_T2_0@8,RR_P3_5,9.0,9.0,0.0,0.0,0.0,0.0,-0.1443910177423126,1.7449737627226025,1.0,18.251407699364425,2.9575841852998375,PEAK3,RR
S5_T2_1@3|54_11,S5_T2_1@3,RR_P1_5,5.0,8.0,0.2,0.375,,0.0,1.2241930756452761,,,14.142135623730951,2.7174812964321107,PEAK1,RR
S5_T2_2@10|89_13,S5_T2_2@10,RR_R2_3,11.0,10.0,0.18181818181818182,0.0,0.0,0.0,-0.5732987493758381,3.808610479365099,3.0,50.0,3.9318256327243257,REMISSION2,RR
S5_T2_2@10|90_14,S5_T2_2@10,RR_R2_3,10.0,13.0,0.0,0.0,0.0,0.0,2.422247669042729,3.0824879729571646,5.0,41.23105625617661,3.743155880619243,REMISSION2,RR
S5_T2_2@10|90_15,S5_T2_2@10,RR_R2_3,6.0,10.0,0.0,0.0,0.0,0.0,3.935021910630752,-1.1617492160220941,3.0,65.5566408496611,4.1980533272355105,REMISSION2,RR
S5_T2_2@10|91_15,S5_T2_2@10,RR_R2_3,16.0,24.0,0.0625,0.0,0.0,0.0,11.329863536238639,4.9742429924605736,14.0,22.360679774997898,3.1510542574937324,REMISSION2,RR
S5_T2_2@12|87_13,S5_T2_2@12,RR_R2_3,5.0,8.0,0.0,0.0,0.0,0.0,-0.35552335054334994,1.8921692813273654,3.0,41.23105625617661,3.743155880619243,REMISSION2,RR
S5_T2_2@15|86_14,S5_T2_2@15,RR_R2_3,7.0,5.0,0.0,0.0,0.0,0.0,0.1719246123449336,1.8120064711597277,2.0,88.01162633521314,4.488766994180318,REMISSION2,RR
S5_T2_2@16|79_19,S5_T2_2@16,RR_R2_3,28.0,5.0,0.14285714285714285,0.0,,0.0,0.40277416222539847,8.016413114434295,9.0,22.360679774997898,3.1510542574937324,REMISSION2,RR
S5_T2_2@16|79_20,S5_T2_2@16,RR_R2_3,9.0,8.0,0.1111111111111111,0.0,0.0,0.0,0.14831009347330246,2.569153132825461,5.0,20.0,3.044522437723423,REMISSION2,RR
S5_T2_2@16|80_15,S5_T2_2@16,RR_R2_3,6.0,10.0,0.0,0.0,0.0,0.0,4.570602600677331,6.193687084626218,9.0,20.0,3.044522437723423,REMISSION2,RR
S5_T2_2@16|80_16,S5_T2_2@16,RR_R2_3,34.0,10.0,0.08823529411764706,0.1,,0.0,5.038590718376412,1.850120624839136,15.0,33.839144678161844,3.5507416016875912,REMISSION2,RR
S5_T2_2@16|80_17,S5_T2_2@16,RR_R2_3,9.0,9.0,0.0,0.0,0.0,0.0,1.6599897252205822,0.5619013013443361,5.0,71.75588850572997,4.287109844435521,REMISSION2,RR
S5_T2_2@18|89_25,S5_T2_2@18,RR_R2_3,9.0,17.0,0.0,0.058823529411764705,,0.0,-1.9647719553420613,11.22442190358133,6.0,38.643284505408246,3.679921564389673,REMISSION2,RR
S5_T2_2@18|89_26,S5_T2_2@18,RR_R2_3,6.0,22.0,0.0,0.09090909090909091,1.0,0.0,5.773756330985289,12.95171653914047,5.0,14.142135623730951,2.7174812964321107,REMISSION2,RR
S5_T2_2@18|90_24,S5_T2_2@18,RR_R2_3,14.0,9.0,0.07142857142857142,0.0,0.0,0.0,3.240958403633763,12.179488169042342,7.0,50.0,3.9318256327243257,REMISSION2,RR
S5_T2_2@18|91_16,S5_T2_2@18,RR_R2_3,12.0,17.0,0.08333333333333333,0.058823529411764705,0.058823529411764705,0.0,-0.6067369212767239,1.1974234632127372,4.0,22.360679774997898,3.1510542574937324,REMISSION2,RR
S5_T2_2@18|91_17,S5_T2_2@18,RR_R2_3,27.0,6.0,0.07407407407407407,0.0,0.0,0.0,6.3601564225919,2.5687188470734403,8.0,28.284271247461902,3.377050554392157,REMISSION2,RR
S5_T2_2@18|91_18,S5_T2_2@18,RR_R2_3,10.0,7.0,0.0,0.0,0.0,0.0,0.3055819179675637,3.7421795001880693,9.0,50.0,3.9318256327243257,REMISSION2,RR
S5_T2_2@18|91_21,S5_T2_2@18,RR_R2_3,11.0,9.0,0.0,0.0,0.0,0.0,2.0409226267198313,8.758901227819642,2.0,68.02332604808639,4.234444506136222,REMISSION2,RR
S5_T2_2@18|91_22,S5_T2_2@18,RR_R2_3,18.0,6.0,0.0,0.0,0.0,0.0,6.3786140050668845,21.246952199692288,4.0,50.0,3.9318256327243257,REMISSION2,RR
S5_T2_2@1|81_10,S5_T2_2@1,RR_R2_3,7.0,5.0,0.14285714285714285,0.0,0.0,0.0,6.264098248336503,,,14.142135623730951,2.7174812964321107,REMISSION2,RR
S5_T2_2@1|82_10,S5_T2_2@1,RR_R2_3,15.0,14.0,0.0,0.0,0.0,0.0,1.342135656147197,6.922367489137721,1.0,50.0,3.9318256327243257,REMISSION2,RR
S5_T2_2@1|85_10,S5_T2_2@1,RR_R2_3,5.0,11.0,0.0,0.0,0.0,0.0,3.741443361075891,5.445560594626318,3.0,101.2395732415323,4.627318816535344,REMISSION2,RR
S5_T2_2@20|88_19,S5_T2_2@20,RR_R2_3,5.0,6.0,0.0,0.0,0.0,0.0,-0.06801628588679065,-0.06692309868151765,1.0,340.0,5.831882477283517,REMISSION2,RR
S5_T2_2@20|89_18,S5_T2_2@20,RR_R2_3,5.0,5.0,0.2,0.0,0.0,0.0,-0.059203354138188696,1.1568136028882288,3.0,270.09256086106296,5.602460315556608,REMISSION2,RR
S5_T2_2@23|86_20,S5_T2_2@23,RR_R2_3,6.0,7.0,0.0,0.0,0.0,0.0,-0.03032714750599221,-0.029750543050893287,1.0,520.3844732503076,6.256487722096098,REMISSION2,RR
S5_T2_2@23|86_21,S5_T2_2@23,RR_R2_3,6.0,7.0,0.0,0.0,0.0,0.0,-0.06184766605097523,-0.0220629202206422,2.0,513.1276644267,6.242471608986369,REMISSION2,RR
S5_T2_2@24|79_22,S5_T2_2@24,RR_R2_3,29.0,14.0,0.034482758620689655,0.07142857142857142,0.0,0.0,0.9904888072783082,4.199757481291247,8.0,20.0,3.044522437723423,REMISSION2,RR
S5_T2_2@24|79_23,S5_T2_2@24,RR_R2_3,34.0,10.0,0.14705882352941177,0.1,,0.058823529411764705,10.424206513454342,4.303175549979591,6.0,20.0,3.044522437723423,REMISSION2,RR
S5_T2_2@25|88_24,S5_T2_2@25,RR_R2_3,5.0,9.0,0.0,0.0,0.0,0.0,-0.20258196828026115,-0.11860514752779433,1.0,215.86983440660975,5.37929733211941,REMISSION2,RR
S5_T2_2@26|83_24,S5_T2_2@26,RR_R2_3,7.0,5.0,0.14285714285714285,0.0,0.0,0.0,0.21266501632986967,1.8757090744705665,1.0,134.6419413859206,4.910018629938265,REMISSION2,RR
S5_T2_2@26|83_25,S5_T2_2@26,RR_R2_3,5.0,9.0,0.2,0.1111111111111111,0.0,0.0,-1.443244906037396,5.205110942326921,2.0,24.14213562373095,3.2245451487876498,REMISSION2,RR
S5_T2_2@26|84_24,S5_T2_2@26,RR_R2_3,7.0,8.0,0.0,0.0,0.0,0.0,2.241900583453254,1.2871474461762706,3.0,141.4213562373095,4.9587899613095745,REMISSION2,RR
S5_T2_2@26|84_26,S5_T2_2@26,RR_R2_3,13.0,6.0,0.07692307692307693,0.16666666666666666,,0.0,2.1146626886571522,3.4330326033572622,3.0,14.142135623730951,2.7174812964321107,REMISSION2,RR
S5_T2_2@26|85_25,S5_T2_2@26,RR_R2_3,6.0,8.0,0.0,0.0,0.0,0.0,-1.0328841355737526,2.5759706078456746,1.0,131.90034437265817,4.889599556932232,REMISSION2,RR
S5_T2_2@26|86_26,S5_T2_2@26,RR_R2_3,8.0,5.0,0.0,0.0,0.0,0.0,0.6624499462656672,7.977245493399236,3.0,70.0,4.2626798770413155,REMISSION2,RR
S5_T2_2@29|82_25,S5_T2_2@29,RR_R2_3,29.0,16.0,0.10344827586206896,0.125,0.0,0.20689655172413793,12.827029770663566,12.670384244880738,9.0,20.0,3.044522437723423,REMISSION2,RR
S5_T3_0@11|10_19,S5_T3_0@11,RR_P3_5,15.0,11.0,0.0,0.0,0.0,0.0,-0.011878303117773546,,,517.3960332320896,6.2507394930645175,PEAK3,RR
S5_T3_0@11|7_20,S5_T3_0@11,RR_P3_5,9.0,9.0,0.0,0.0,0.0,0.0,-0.2227102608827491,1.4984319601359144,4.0,256.8751545107882,5.5524755705605555,PEAK3,RR
S5_T3_0@11|8_18,S5_T3_0@11,RR_P3_5,6.0,9.0,0.0,0.0,0.0,0.0,-0.0648229506730267,,,434.1658669218482,6.075727261679684,PEAK3,RR
S5_T3_0@11|8_19,S5_T3_0@11,RR_P3_5,16.0,11.0,0.0,0.0,0.0,0.0,-0.09270376703442869,0.3471989210999376,2.0,398.24615503479754,5.989578156578611,PEAK3,RR
S5_T3_0@11|9_19,S5_T3_0@11,RR_P3_5,9.0,5.0,0.0,0.0,0.0,0.0,-0.06750441523106115,-0.07835513635002031,4.0,466.79758839013573,6.148035698921176,PEAK3,RR
S5_T3_0@11|9_20,S5_T3_0@11,RR_P3_5,9.0,11.0,0.0,0.0,0.0,0.0,-0.08411280759225828,-0.0010173041972382781,5.0,403.3608044135694,6.002307559633887,PEAK3,RR
S5_T3_0@12|16_23,S5_T3_0@12,RR_P3_5,34.0,12.0,0.3235294117647059,0.0,0.0,0.058823529411764705,0.3001698238944982,0.13635536644016744,6.0,28.284271247461902,3.377050554392157,PEAK3,RR
S5_T3_0@12|17_22,S5_T3_0@12,RR_P3_5,9.0,12.0,0.0,0.0,0.0,0.0,-0.4374138273334511,-0.5066344029686669,6.0,50.0,3.9318256327243257,PEAK3,RR
S5_T3_0@12|18_21,S5_T3_0@12,RR_P3_5,11.0,13.0,0.0,0.0,0.0,0.0,-1.0358289562421739,-1.1858572424028277,2.0,87.99694441727473,4.4886020367525985,PEAK3,RR
S5_T3_0@12|18_22,S5_T3_0@12,RR_P3_5,18.0,15.0,0.0,0.0,0.0,0.0,0.7687082963164102,-0.6505072328084779,3.0,22.360679774997898,3.1510542574937324,PEAK3,RR
S5_T3_0@2|10_23,S5_T3_0@2,RR_P3_5,5.0,5.0,0.0,0.0,0.0,0.0,-0.2807771106271896,1.6029211288162806,2.0,188.2423081344216,5.243028247551923,PEAK3,RR
S5_T3_0@2|10_25,S5_T3_0@2,RR_P3_5,44.0,20.0,0.22727272727272727,0.0,0.0,0.0,1.1366566387894186,,,31.622776601683796,3.485010713180571,PEAK3,RR
S5_T3_0@2|12_23,S5_T3_0@2,RR_P3_5,6.0,5.0,0.16666666666666666,0.0,0.0,0.0,-0.3535212202785091,1.3369375183430723,2.0,166.43316977093238,5.120584285206658,PEAK3,RR
S5_T3_0@2|13_24,S5_T3_0@2,RR_P3_5,6.0,6.0,0.16666666666666666,0.0,0.0,0.0,0.3177289938830232,3.1425868561649013,1.0,20.0,3.044522437723423,PEAK3,RR
S5_T3_0@2|14_24,S5_T3_0@2,RR_P3_5,10.0,5.0,0.0,0.2,0.0,0.0,2.6825418849363016,3.2717498524787874,3.0,20.0,3.044522437723423,PEAK3,RR
S5_T3_0@2|6_13,S5_T3_0@2,RR_P3_5,7.0,9.0,0.14285714285714285,0.0,,0.0,-0.09227414262598489,,,305.0806241927082,5.723848545002162,PEAK3,RR
S5_T3_0@2|7_11,S5_T3_0@2,RR_P3_5,5.0,11.0,0.0,0.0,0.0,0.0,0.19848758779393738,0.5775714457852901,6.0,342.1150239804381,5.838065737831486,PEAK3,RR
S5_T3_0@2|7_15,S5_T3_0@2,RR_P3_5,8.0,5.0,0.0,0.0,0.0,0.0,0.11249378406162508,,,322.80024783137947,5.780126806627366,PEAK3,RR
S5_T3_0@2|7_21,S5_T3_0@2,RR_P3_5,7.0,5.0,0.0,0.0,,0.0,0.36317646491629996,0.1466983920712821,3.0,169.9997455720177,5.141662068618616,PEAK3,RR
S5_T3_0@2|7_23,S5_T3_0@2,RR_P3_5,32.0,11.0,0.0625,0.0,,0.0,6.087470007646738,4.915813211587565,10.0,20.0,3.044522437723423,PEAK3,RR
S5_T3_0@2|8_11,S5_T3_0@2,RR_P3_5,7.0,9.0,0.0,0.0,0.0,0.0,0.21111852935133357,1.1193143667984404,3.0,390.9324836068045,5.971089589259265,PEAK3,RR
S5_T3_0@2|8_21,S5_T3_0@2,RR_P3_5,6.0,5.0,0.0,0.0,0.0,0.0,-0.010170040628749762,0.7729086375200794,1.0,247.58836806279896,5.515798388210411,PEAK3,RR
S5_T3_0@4|17_10,S5_T3_0@4,RR_P3_5,14.0,11.0,0.07142857142857142,0.0,0.0,0.0,0.07589482629950534,2.313364167087151,2.0,31.622776601683796,3.485010713180571,PEAK3,RR
S5_T3_0@4|17_11,S5_T3_0@4,RR_P3_5,6.0,14.0,0.0,0.0,0.0,0.0,0.1334950263733643,,,70.71067811865476,4.272639664252711,PEAK3,RR
S5_T3_0@4|18_11,S5_T3_0@4,RR_P3_5,21.0,26.0,0.047619047619047616,0.15384615384615385,0.0,0.09523809523809523,0.8876777791688127,4.549366427374137,13.0,31.622776601683796,3.485010713180571,PEAK3,RR
S5_T3_0@4|18_12,S5_T3_0@4,RR_P3_5,6.0,9.0,0.0,0.1111111111111111,0.0,0.0,3.832161721020438,2.1242834279098393,3.0,53.85164807134504,4.004632233149422,PEAK3,RR
S5_T3_0@7|18_13,S5_T3_0@7,RR_P3_5,7.0,7.0,0.0,0.0,0.0,0.0,2.469389672216247,1.2008429494135413,7.0,65.16379626418065,4.192133429120362,PEAK3,RR
S5_T3_0@7|19_13,S5_T3_0@7,RR_P3_5,9.0,11.0,0.1111111111111111,0.0,0.25,0.0,3.190405728295178,,,17.071067811865476,2.8943121959332228,PEAK3,RR
S5_T3_0@7|19_17,S5_T3_0@7,RR_P3_5,7.0,28.0,0.0,0.07142857142857142,0.0,0.0,1.335334786029272,3.9706088427060484,5.0,20.0,3.044522437723423,PEAK3,RR
S5_T3_0@7|19_18,S5_T3_0@7,RR_P3_5,17.0,17.0,0.0,0.17647058823529413,0.25,0.0,2.2572926393399886,3.3098930952523093,3.0,17.071067811865476,2.8943121959332228,PEAK3,RR
S5_T3_1@15|48_19,S5_T3_1@15,RR_R2_3,8.0,8.0,0.0,0.0,0.0,0.0,0.15881881590721778,1.228383485392231,3.0,363.9951268908069,5.899884002509276,REMISSION2,RR
S5_T3_1@17|51_21,S5_T3_1@17,RR_R2_3,12.0,5.0,0.08333333333333333,0.2,0.0,0.0,-0.13153161456636964,1.7371468166067663,2.0,126.49110640673518,4.848046608492915,REMISSION2,RR
S5_T3_1@17|52_20,S5_T3_1@17,RR_R2_3,9.0,26.0,0.0,0.0,0.0,0.0,1.747661419609476,2.4347504756052154,5.0,40.0,3.713572066704308,REMISSION2,RR
S5_T3_1@17|52_21,S5_T3_1@17,RR_R2_3,6.0,19.0,0.16666666666666666,0.05263157894736842,0.0,0.0,-1.036027176463303,-0.17152264789305535,5.0,56.568542494923804,4.0529762812736765,REMISSION2,RR
S5_T3_1@18|40_22,S5_T3_1@18,RR_R2_3,13.0,10.0,0.07692307692307693,0.0,,0.0,0.09413423253229983,4.962958450178846,3.0,914.8223871331527,6.819822445363338,REMISSION2,RR
S5_T3_1@1|41_10,S5_T3_1@1,RR_R2_3,12.0,13.0,0.16666666666666666,0.07692307692307693,0.125,0.0,1.3932509447722723,4.086514561539037,4.0,40.0,3.713572066704308,REMISSION2,RR
S5_T3_1@1|41_11,S5_T3_1@1,RR_R2_3,8.0,8.0,0.0,0.0,1.0,0.0,0.7192008637539526,2.816809327393652,3.0,105.32979877628004,4.6665455732157985,REMISSION2,RR
S5_T3_1@21|31_24,S5_T3_1@21,RR_R2_3,5.0,11.0,0.0,0.09090909090909091,0.1111111111111111,0.0,1.40073783472444,1.107805884683413,1.0,28.284271247461902,3.377050554392157,REMISSION2,RR
S5_T3_1@21|31_25,S5_T3_1@21,RR_R2_3,6.0,7.0,0.0,0.14285714285714285,0.14285714285714285,0.0,-0.16121431974624237,,,28.284271247461902,3.377050554392157,REMISSION2,RR
S5_T3_1@21|33_24,S5_T3_1@21,RR_R2_3,8.0,9.0,0.0,0.0,0.0,0.0,1.5711670323172122,0.173659515781625,6.0,202.48456731316588,5.315590165707993,REMISSION2,RR
S5_T3_1@21|33_25,S5_T3_1@21,RR_R2_3,5.0,5.0,0.0,0.0,0.0,0.0,-0.16329554480133288,2.0284691036745732,2.0,165.14693182963202,5.1128725283624625,REMISSION2,RR
S5_T3_1@22|35_23,S5_T3_1@22,RR_R2_3,18.0,8.0,0.05555555555555555,0.125,0.0,0.0,0.7764619732328648,1.1936404272319043,2.0,408.35029847774047,6.01457126497265,REMISSION2,RR
S5_T3_1@2|29_18,S5_T3_1@2,RR_R2_3,16.0,35.0,0.0625,0.05714285714285714,0.25,0.0,1.5845184482783499,2.282217347338297,4.0,20.0,3.044522437723423,REMISSION2,RR
S5_T3_1@2|29_19,S5_T3_1@2,RR_R2_3,31.0,5.0,0.16129032258064516,0.0,,0.0,2.6063090308263686,1.8671584482089665,2.0,14.142135623730951,2.7174812964321107,REMISSION2,RR
S5_T3_1@2|29_20,S5_T3_1@2,RR_R2_3,8.0,31.0,0.0,0.06451612903225806,0.0,0.0,1.6040360340516293,3.404117431084386,3.0,10.0,2.3978952727983707,REMISSION2,RR
S5_T3_1@2|29_21,S5_T3_1@2,RR_R2_3,10.0,24.0,0.1,0.041666666666666664,0.0,0.0,1.660416896148562,2.506861929489451,4.0,14.142135623730951,2.7174812964321107,REMISSION2,RR
S5_T3_1@2|30_16,S5_T3_1@2,RR_R2_3,48.0,12.0,0.25,0.0,0.0,0.0,0.5958886376569057,-0.44071163779669226,9.0,28.284271247461902,3.377050554392157,REMISSION2,RR
S5_T3_1@2|30_17,S5_T3_1@2,RR_R2_3,35.0,55.0,0.08571428571428572,0.09090909090909091,0.1,0.0,0.7436402950179071,0.3422068010898744,13.0,50.99019513592785,3.951055145724373,REMISSION2,RR
S5_T3_1@2|30_18,S5_T3_1@2,RR_R2_3,13.0,9.0,0.0,0.1111111111111111,,0.0,0.878292562832258,0.03431652898530618,4.0,80.0,4.394449154672439,REMISSION2,RR
S5_T3_1@2|31_14,S5_T3_1@2,RR_R2_3,45.0,32.0,0.2,0.0625,0.0,0.0,2.372202921130725,1.7419554959515149,11.0,28.284271247461902,3.377050554392157,REMISSION2,RR
S5_T3_1@2|31_16,S5_T3_1@2,RR_R2_3,14.0,25.0,0.21428571428571427,0.0,0.0,0.0,-1.0431360766604623,-1.001855109259143,8.0,76.15773105863909,4.34585178193694,REMISSION2,RR
S5_T3_1@2|31_17,S5_T3_1@2,RR_R2_3,19.0,25.0,0.05263157894736842,0.0,0.0,0.0,0.10178840858567055,-0.39478283994091956,12.0,123.84758320075076,4.827093658915279,REMISSION2,RR
S5_T3_1@2|31_18,S5_T3_1@2,RR_R2_3,8.0,8.0,0.0,0.0,0.0,0.0,0.28836706886100394,1.0054978568348374,1.0,196.468827043885,5.285580734131007,REMISSION2,RR
S5_T3_1@2|32_13,S5_T3_1@2,RR_R2_3,15.0,34.0,0.06666666666666667,0.029411764705882353,0.10714285714285714,0.0,1.6846591045258332,0.31786912614761553,2.0,42.426406871192846,3.771067709327022,REMISSION2,RR
S5_T3_1@2|32_14,S5_T3_1@2,RR_R2_3,31.0,6.0,0.03225806451612903,0.0,,0.0,0.5619852006351678,0.09831660968204281,11.0,86.02325267042627,4.466175355017631,REMISSION2,RR
S5_T3_1@2|32_15,S5_T3_1@2,RR_R2_3,16.0,23.0,0.0,0.0,0.0,0.0,0.06699710704012216,-0.7167359440523908,7.0,140.356688476182,4.951286401564024,REMISSION2,RR
S5_T3_1@2|32_17,S5_T3_1@2,RR_R2_3,15.0,9.0,0.0,0.1111111111111111,0.0,0.0,0.16661185636758513,1.4681664230911213,3.0,208.6574398213981,5.345474959852847,REMISSION2,RR
S5_T3_1@2|33_12,S5_T3_1@2,RR_R2_3,23.0,15.0,0.08695652173913043,0.26666666666666666,,0.0,0.9459901290204596,-1.7971629743572013,3.0,28.284271247461902,3.377050554392157,REMISSION2,RR
S5_T3_1@2|33_13,S5_T3_1@2,RR_R2_3,20.0,10.0,0.05,0.0,0.0,0.0,-1.231594737299739,-1.241553169320552,13.0,101.478150704935,4.6296496120015265,REMISSION2,RR
S5_T3_1@2|33_14,S5_T3_1@2,RR_R2_3,15.0,8.0,0.13333333333333333,0.0,,0.0,-0.5240779520135549,-0.17623620672053383,9.0,212.13203435596427,5.361911853268888,REMISSION2,RR
S5_T3_1@2|33_15,S5_T3_1@2,RR_R2_3,15.0,7.0,0.0,0.0,0.0,0.0,-0.0010460106002338765,0.07125104140046172,3.0,229.45150631606575,5.44004045555681,REMISSION2,RR
S5_T3_1@2|33_16,S5_T3_1@2,RR_R2_3,6.0,5.0,0.0,0.0,0.0,0.0,0.1471918473031594,1.8233046165405584,1.0,250.0,5.5254529391317835,REMISSION2,RR
S5_T3_1@2|34_11,S5_T3_1@2,RR_R2_3,24.0,16.0,0.16666666666666666,0.0625,0.0,0.0,0.6798293910322251,0.533516029727864,6.0,22.360679774997898,3.1510542574937324,REMISSION2,RR
S5_T3_1@2|34_15,S5_T3_1@2,RR_R2_3,9.0,13.0,0.0,0.0,0.2,0.1111111111111111,0.15339844656040344,0.16642679403498997,5.0,300.0,5.707110264748875,REMISSION2,RR
S5_T3_1@2|35_11,S5_T3_1@2,RR_R2_3,16.0,22.0,0.0,0.09090909090909091,,0.0,-0.36049730046083145,0.2236578055450228,6.0,74.47941497572214,4.32385996975121,REMISSION2,RR
S5_T3_1@2|36_10,S5_T3_1@2,RR_R2_3,9.0,11.0,0.0,0.0,0.1111111111111111,0.0,-0.14493317151677643,1.4869992132532674,2.0,20.0,3.044522437723423,REMISSION2,RR
S5_T3_1@2|36_13,S5_T3_1@2,RR_R2_3,11.0,12.0,0.09090909090909091,0.0,0.0,0.0,0.2340864684403987,0.700903111378897,6.0,284.2534080710379,5.653377936334398,REMISSION2,RR
S5_T3_1@2|36_15,S5_T3_1@2,RR_R2_3,11.0,10.0,0.0,0.0,0.0,0.0,-0.11391145757647583,5.441988874097622,1.0,466.47615158762403,6.147348334780759,REMISSION2,RR
S5_T3_1@2|36_16,S5_T3_1@2,RR_R2_3,7.0,5.0,0.0,0.2,0.0,0.0,0.045270598444295915,,,527.3923580608696,6.269839110130397,REMISSION2,RR
S5_T3_1@2|37_13,S5_T3_1@2,RR_R2_3,5.0,5.0,0.0,0.2,0.0,0.0,-0.2684333951568815,,,333.38551357029314,5.812294559609181,REMISSION2,RR
S5_T3_1@30|37_32,S5_T3_1@30,RR_R2_3,31.0,13.0,0.0967741935483871,0.0,,0.0,0.11082797061995628,3.9063952981371224,5.0,20.0,3.044522437723423,REMISSION2,RR
S5_T3_1@30|39_33,S5_T3_1@30,RR_R2_3,7.0,8.0,0.0,0.125,0.09523809523809523,0.0,3.0878935104687124,2.2968107139597325,2.0,41.23105625617661,3.743155880619243,REMISSION2,RR
S5_T3_1@30|40_32,S5_T3_1@30,RR_R2_3,7.0,9.0,0.0,0.0,0.0,0.0,0.5837878790909671,,,167.4621125123532,5.12671087295078,REMISSION2,RR
S5_T3_1@30|40_33,S5_T3_1@30,RR_R2_3,6.0,19.0,0.0,0.05263157894736842,0.09090909090909091,0.0,3.7918275213580523,3.738654964111213,1.0,22.360679774997898,3.1510542574937324,REMISSION2,RR
S5_T3_1@34|43_33,S5_T3_1@34,RR_R2_3,14.0,18.0,0.2857142857142857,0.0,0.0,0.0,0.31661376203890135,1.1474806496151568,5.0,33.839144678161844,3.5507416016875912,REMISSION2,RR
S5_T3_1@34|44_33,S5_T3_1@34,RR_R2_3,21.0,13.0,0.19047619047619047,0.0,0.0,0.0,-0.22497386100795888,1.8676484416181625,1.0,21.18033988749895,3.0992063058579626,REMISSION2,RR
S5_T3_1@6|46_12,S5_T3_1@6,RR_R2_3,7.0,15.0,0.2857142857142857,0.0,0.0,0.0,-1.0009007830106018,-2.798706906762475,1.0,30.811388300841898,3.4598243483434987,REMISSION2,RR
S5_T3_1@6|47_12,S5_T3_1@6,RR_R2_3,24.0,12.0,0.08333333333333333,0.0,0.0,0.0,-1.386710413009169,2.9170035408875084,5.0,40.0,3.713572066704308,REMISSION2,RR
S5_T3_1@6|48_12,S5_T3_1@6,RR_R2_3,33.0,9.0,0.06060606060606061,0.0,0.0,0.0,-0.8563468541502315,0.5575873562875623,6.0,22.360679774997898,3.1510542574937324,REMISSION2,RR
S5_T3_1@8|38_15,S5_T3_1@8,RR_R2_3,10.0,11.0,0.0,0.09090909090909091,,0.0,0.28247723549046855,0.5222784054726048,3.0,526.1178575186362,6.267424162093275,REMISSION2,RR
S5_T3_2@10|84_21,S5_T3_2@10,RR_P3_5,24.0,17.0,0.0,0.0,0.0,0.0,0.8984324354330769,3.872263878164975,2.0,28.284271247461902,3.377050554392157,PEAK3,RR
S5_T3_2@12|78_22,S5_T3_2@12,RR_P3_5,10.0,10.0,0.0,0.0,0.0,0.0,-0.0562673233619385,0.19952831321050965,2.0,571.4017850864661,6.3498411662771295,PEAK3,RR
S5_T3_2@12|78_23,S5_T3_2@12,RR_P3_5,6.0,9.0,0.0,0.0,0.0,0.0,-0.09121356860533782,-0.08054380591008549,1.0,602.0797289396147,6.402049408450536,PEAK3,RR
S5_T3_2@14|71_27,S5_T3_2@14,RR_P3_5,32.0,14.0,0.03125,0.07142857142857142,0.0,0.0,11.595962778902463,5.766055305815392,13.0,32.1698920010509,3.501642597031167,PEAK3,RR
S5_T3_2@14|73_29,S5_T3_2@14,RR_P3_5,23.0,19.0,0.043478260869565216,0.05263157894736842,,0.0,21.088811448862245,17.604317291402744,6.0,14.142135623730951,2.7174812964321107,PEAK3,RR
S5_T3_2@14|74_29,S5_T3_2@14,RR_P3_5,19.0,7.0,0.0,0.0,,0.0,22.739864315797888,12.846160005934207,10.0,28.284271247461902,3.377050554392157,PEAK3,RR
S5_T3_2@14|75_30,S5_T3_2@14,RR_P3_5,36.0,16.0,0.05555555555555555,0.125,,0.0,4.294373577451219,1.812775951940125,11.0,28.284271247461902,3.377050554392157,PEAK3,RR
S5_T3_2@14|76_26,S5_T3_2@14,RR_P3_5,5.0,5.0,0.0,0.0,0.0,0.0,-0.013135809395612815,,,396.9886648255841,5.986423524541137,PEAK3,RR
S5_T3_2@14|76_30,S5_T3_2@14,RR_P3_5,40.0,7.0,0.2,0.0,,0.0,3.9375831634256873,2.623264343340313,4.0,31.622776601683796,3.485010713180571,PEAK3,RR
S5_T3_2@14|77_31,S5_T3_2@14,RR_P3_5,14.0,9.0,0.0,0.0,0.0,0.0,4.725603239319119,,,14.142135623730951,2.7174812964321107,PEAK3,RR
S5_T3_2@14|78_30,S5_T3_2@14,RR_P3_5,10.0,13.0,0.2,0.0,0.0,0.0,-0.1836574863832192,2.4366254587353198,3.0,70.0,4.2626798770413155,PEAK3,RR
S5_T3_2@14|78_31,S5_T3_2@14,RR_P3_5,25.0,22.0,0.16,0.045454545454545456,0.0,0.0,2.1126895169580724,2.579919001521051,3.0,28.284271247461902,3.377050554392157,PEAK3,RR
S5_T3_2@14|82_28,S5_T3_2@14,RR_P3_5,12.0,14.0,0.08333333333333333,0.07142857142857142,0.3333333333333333,0.0,0.6555568823878182,5.672606381378922,1.0,36.05551275463989,3.6124171329715926,PEAK3,RR
S5_T3_2@14|82_29,S5_T3_2@14,RR_P3_5,22.0,16.0,0.18181818181818182,0.1875,0.0,0.0,-2.7123399318448462,,,22.360679774997898,3.1510542574937324,PEAK3,RR
S5_T3_2@14|83_27,S5_T3_2@14,RR_P3_5,15.0,11.0,0.26666666666666666,0.2727272727272727,,0.5333333333333333,6.613052095838266,1.3879680604182216,2.0,20.0,3.044522437723423,PEAK3,RR
S5_T3_2@14|83_28,S5_T3_2@14,RR_P3_5,18.0,5.0,0.05555555555555555,0.2,0.0,0.0,0.7108334272194715,,,28.284271247461902,3.377050554392157,PEAK3,RR
S5_T3_2@14|84_24,S5_T3_2@14,RR_P3_5,7.0,12.0,0.0,0.0,0.0,0.0,2.296421959258244,4.596143938115797,3.0,92.19544457292886,4.534698842524112,PEAK3,RR
S5_T3_2@1|74_14,S5_T3_2@1,RR_P3_5,9.0,5.0,0.0,0.0,0.3333333333333333,0.0,3.898606535411105,3.846046169195966,2.0,14.142135623730951,2.7174812964321107,PEAK3,RR
S5_T3_2@1|75_14,S5_T3_2@1,RR_P3_5,14.0,7.0,0.07142857142857142,0.0,0.0,0.0,4.141462659134689,6.092237809271858,5.0,14.142135623730951,2.7174812964321107,PEAK3,RR
S5_T3_2@3|78_15,S5_T3_2@3,RR_P3_5,16.0,6.0,0.125,0.0,0.0,0.0,-0.20421339704815866,7.621702587738699,2.0,20.0,3.044522437723423,PEAK3,RR
S5_T3_2@3|78_19,S5_T3_2@3,RR_P3_5,14.0,5.0,0.07142857142857142,0.0,0.0,0.0,1.680748306829722,1.8668383229439316,2.0,346.5544690232691,5.850921398112274,PEAK3,RR
S5_T3_2@3|80_16,S5_T3_2@3,RR_P3_5,11.0,9.0,0.0,0.0,0.0,0.0,0.5014348572202104,,,50.495097567963924,3.941486610283494,PEAK3,RR
S5_T3_2@3|80_17,S5_T3_2@3,RR_P3_5,26.0,18.0,0.07692307692307693,0.1111111111111111,0.0,0.0,3.664914120043634,3.730563709858396,4.0,56.568542494923804,4.0529762812736765,PEAK3,RR
S5_T3_2@3|81_17,S5_T3_2@3,RR_P3_5,8.0,12.0,0.0,0.16666666666666666,0.0,0.0,1.5461128939675075,,,29.14213562373095,3.4059240474807915,PEAK3,RR
S5_T3_2@3|81_18,S5_T3_2@3,RR_P3_5,15.0,12.0,0.0,0.0,0.0,0.0,2.354870844195539,0.22609896477032895,8.0,94.86832980505139,4.562975685481548,PEAK3,RR
S5_T3_2@3|82_18,S5_T3_2@3,RR_P3_5,21.0,19.0,0.0,0.15789473684210525,0.0,0.047619047619047616,0.6203560441520686,4.712085887961594,5.0,56.568542494923804,4.0529762812736765,PEAK3,RR
S5_T3_2@4|72_16,S5_T3_2@4,RR_P3_5,7.0,5.0,0.14285714285714285,0.0,,0.0,-1.124877807315946,1.6901527098726497,1.0,17.071067811865476,2.8943121959332228,PEAK3,RR
S5_T3_2@5|68_18,S5_T3_2@5,RR_P3_5,32.0,5.0,0.3125,0.0,,0.0,4.35757735409294,5.301788173096812,1.0,14.142135623730951,2.7174812964321107,PEAK3,RR
S5_T3_2@5|68_21,S5_T3_2@5,RR_P3_5,14.0,10.0,0.0,0.0,0.0,0.0,4.614823318402766,5.837032762859503,4.0,50.0,3.9318256327243257,PEAK3,RR
S5_T3_2@5|68_22,S5_T3_2@5,RR_P3_5,7.0,11.0,0.0,0.0,0.0,0.0,0.8322556546747547,1.5059128177617387,2.0,21.18033988749895,3.0992063058579626,PEAK3,RR
S5_T3_2@5|69_17,S5_T3_2@5,RR_P3_5,16.0,17.0,0.0625,0.0,0.0,0.0,0.996899165546508,3.699515128638429,2.0,22.360679774997898,3.1510542574937324,PEAK3,RR
S5_T3_2@5|70_17,S5_T3_2@5,RR_P3_5,13.0,16.0,0.0,0.0,0.0,0.0,-0.2349560505771472,-0.0064389761605518556,5.0,44.721359549995796,3.822565574923594,PEAK3,RR
S5_T3_2@5|71_20,S5_T3_2@5,RR_P3_5,5.0,6.0,0.0,0.0,,0.0,0.049369367191769126,0.5322908063578264,2.0,310.0,5.739792912179234,PEAK3,RR
S5_T3_2@5|72_18,S5_T3_2@5,RR_P3_5,10.0,8.0,0.0,0.0,0.0,0.0,0.17648461964803383,0.8759924153718579,3.0,145.9351408104468,4.989991270436451,PEAK3,RR
S6_T1_0@10|6_20,S6_T1_0@10,RR_R1_6,6.0,10.0,0.0,0.2,,0.0,0.34945536398371535,2.3455309209908854,2.0,253.5496013218244,5.539495714139397,REMISSION1,RR
S6_T1_0@10|7_17,S6_T1_0@10,RR_R1_6,6.0,5.0,0.16666666666666666,0.0,,0.0,0.08924143749103647,0.7905470262262853,1.0,241.86773244895647,5.492516984239944,REMISSION1,RR
S6_T1_0@11|14_19,S6_T1_0@11,RR_R1_6,13.0,8.0,0.0,0.0,,0.0,-0.5224474647718728,-0.41448497912712695,2.0,502.09560842532767,6.220780228429812,REMISSION1,RR
S6_T1_0@11|14_20,S6_T1_0@11,RR_R1_6,8.0,15.0,0.0,0.0,0.0,0.0,-0.5621008508276628,-0.39123133089326134,4.0,587.2818744010409,6.377206211266652,REMISSION1,RR
S6_T1_0@11|14_21,S6_T1_0@11,RR_R1_6,8.0,9.0,0.0,0.0,,0.0,-0.6585462464626125,-0.632267325356052,2.0,676.2396025078685,6.518025128330364,REMISSION1,RR
S6_T1_0@11|16_18,S6_T1_0@11,RR_R1_6,11.0,8.0,0.0,0.0,0.0,0.0,-0.4253844062283912,4.374647157703761,1.0,613.2699242584786,6.420434447600469,REMISSION1,RR
S6_T1_0@11|16_21,S6_T1_0@11,RR_R1_6,6.0,8.0,0.0,0.0,0.0,0.0,-0.6898767342589387,,,690.1060162176242,6.538293236337456,REMISSION1,RR
S6_T1_0@11|16_22,S6_T1_0@11,RR_R1_6,9.0,5.0,0.1111111111111111,0.0,0.0,0.0,-0.23895388945125212,-0.2571039806279739,1.0,602.1212488162994,6.4021182524947156,REMISSION1,RR
S6_T1_0@11|18_17,S6_T1_0@11,RR_R1_6,5.0,8.0,0.0,0.0,0.0,0.0,-0.05631745603494044,,,578.7054518492115,6.362520132905934,REMISSION1,RR
S6_T1_0@11|19_17,S6_T1_0@11,RR_R1_6,11.0,11.0,0.18181818181818182,0.0,0.0,0.0,0.021951321414257045,-0.02973089489889548,2.0,517.0565289749964,6.250084365600674,REMISSION1,RR
S6_T1_0@11|19_23,S6_T1_0@11,RR_R1_6,5.0,7.0,0.0,0.14285714285714285,0.0,0.0,0.9753966735057918,10.616674723559672,1.0,327.5587846976124,5.794715770766409,REMISSION1,RR
S6_T1_0@13|14_17,S6_T1_0@13,RR_R1_6,6.0,8.0,0.0,0.0,0.0,0.0,-2.084898840489903,-0.34238661315756197,2.0,412.2461729625825,6.0240434758296555,REMISSION1,RR
S6_T1_0@13|14_18,S6_T1_0@13,RR_R1_6,7.0,8.0,0.0,0.0,0.0,0.0,0.524850928244662,5.287193921261812,2.0,438.6342439892262,6.085943117560233,REMISSION1,RR
S6_T1_0@15|10_22,S6_T1_0@15,RR_R1_6,13.0,8.0,0.07692307692307693,0.0,0.0,0.0,0.10175256202532679,0.8029624172750653,2.0,526.3078946776307,6.26778461831441,REMISSION1,RR
S6_T1_0@15|9_22,S6_T1_0@15,RR_R1_6,6.0,8.0,0.0,0.0,0.0,0.0,-0.1732980945952823,-0.5996970537800337,2.0,424.6095720930302,6.05352242859461,REMISSION1,RR
S6_T1_0@15|9_23,S6_T1_0@15,RR_R1_6,10.0,8.0,0.3,0.0,0.0,0.0,-0.3489797315370494,-1.0034342218091303,3.0,403.2674958099484,6.002076777198967,REMISSION1,RR
S6_T1_0@17|22_22,S6_T1_0@17,RR_R1_6,5.0,6.0,0.0,0.0,0.0,0.0,1.4346987704555625,,,80.62257748298549,4.402105908540379,REMISSION1,RR
S6_T1_0@18|13_22,S6_T1_0@18,RR_R1_6,6.0,9.0,0.0,0.0,0.0,0.0,-0.01135615792216311,,,684.7627326307996,6.530531697098201,REMISSION1,RR
S6_T1_0@18|14_21,S6_T1_0@18,RR_R1_6,6.0,5.0,0.0,0.2,,0.0,-0.15212387812389488,-0.18556081343497688,1.0,657.3431371817918,6.489726280477938,REMISSION1,RR
S6_T1_0@18|14_22,S6_T1_0@18,RR_R1_6,11.0,10.0,0.18181818181818182,0.0,0.0,0.0,0.002826690470098553,0.43790558661396917,3.0,746.2573282722253,6.616409608104551,REMISSION1,RR
S6_T1_0@18|14_23,S6_T1_0@18,RR_R1_6,10.0,6.0,0.0,0.16666666666666666,0.0,0.0,0.018018755421869294,-0.007907154581989543,6.0,733.5189151197111,6.599215747657718,REMISSION1,RR
S6_T1_0@18|16_23,S6_T1_0@18,RR_R1_6,9.0,6.0,0.1111111111111111,0.0,,0.0,-0.18037541489317305,0.2691256549597007,1.0,567.9788728465171,6.343843303114518,REMISSION1,RR
S6_T1_0@18|17_23,S6_T1_0@18,RR_R1_6,10.0,18.0,0.1,0.05555555555555555,0.0,0.0,-0.20810990129249138,-0.13242740357613259,1.0,483.5286519208479,6.183176566673826,REMISSION1,RR
S6_T1_0@18|17_28,S6_T1_0@18,RR_R1_6,8.0,12.0,0.125,0.0,0.0,0.0,-0.08679420595949956,-0.0791879868574174,1.0,304.138126514911,5.720764547910394,REMISSION1,RR
S6_T1_0@18|18_25,S6_T1_0@18,RR_R1_6,7.0,5.0,0.0,0.0,0.0,0.0,-0.04799245962391163,-0.02166307037335934,3.0,310.16124838541646,5.740311261367472,REMISSION1,RR
S6_T1_0@18|18_30,S6_T1_0@18,RR_R1_6,10.0,7.0,0.0,0.0,0.0,0.0,-0.03861839154444407,-0.11942487724509859,4.0,113.13708498984761,4.737400225881506,REMISSION1,RR
S6_T1_0@18|18_31,S6_T1_0@18,RR_R1_6,12.0,6.0,0.0,0.0,,0.0,-0.03595879519086123,-0.01200628885805976,4.0,41.21320343559643,3.7427330497267386,REMISSION1,RR
S6_T1_0@18|19_26,S6_T1_0@18,RR_R1_6,10.0,12.0,0.0,0.0,0.0,0.0,0.31939805924112036,0.03160868774553585,5.0,241.2464055238687,5.4899554127820265,REMISSION1,RR
S6_T1_0@18|19_27,S6_T1_0@18,RR_R1_6,12.0,15.0,0.0,0.0,0.0,0.0,-0.18113729898064598,-0.2774125452466932,4.0,202.48456731316588,5.315590165707993,REMISSION1,RR
S6_T1_0@18|20_30,S6_T1_0@18,RR_R1_6,6.0,7.0,0.0,0.0,0.0,0.0,0.7683978452889882,,1.0,22.360679774997898,3.1510542574937324,REMISSION1,RR
S6_T1_0@18|21_26,S6_T1_0@18,RR_R1_6,16.0,18.0,0.0,0.0,0.0,0.0,-1.2538021469440095,-0.675143614875116,5.0,40.0,3.713572066704308,REMISSION1,RR
S6_T1_0@22|19_24,S6_T1_0@22,RR_R1_6,8.0,12.0,0.125,0.0,0.0,0.0,-1.3993403397363848,2.087879901529021,3.0,250.69900290126122,5.528233940676376,REMISSION1,RR
S6_T1_0@22|19_25,S6_T1_0@22,RR_R1_6,7.0,7.0,0.0,0.0,0.0,0.0,-2.4114071640940002,,,203.22267392843864,5.319210937413717,REMISSION1,RR
S6_T1_0@22|20_23,S6_T1_0@22,RR_R1_6,7.0,5.0,0.0,0.0,,0.0,-0.321689757059862,1.665276466155997,1.0,224.60854060177428,5.418801376184703,REMISSION1,RR
S6_T1_0@22|20_24,S6_T1_0@22,RR_R1_6,10.0,7.0,0.2,0.0,,0.0,-0.6049124898116098,4.601519990338723,2.0,172.04650534085255,5.153560375372111,REMISSION1,RR
S6_T1_0@24|5_24,S6_T1_0@24,RR_R1_6,7.0,7.0,0.0,0.14285714285714285,0.0,0.0,0.5087574721822115,5.380260142123563,1.0,21.18033988749895,3.0992063058579626,REMISSION1,RR
S6_T1_0@24|5_25,S6_T1_0@24,RR_R1_6,24.0,7.0,0.16666666666666666,0.42857142857142855,1.0,0.0,1.3046849903370945,6.328559906534131,2.0,14.142135623730951,2.7174812964321107,REMISSION1,RR
S6_T1_0@27|11_29,S6_T1_0@27,RR_R1_6,9.0,8.0,0.0,0.0,0.0,0.0,-0.6988259513306455,0.8186453927304772,3.0,104.40306508910551,4.657791716226229,REMISSION1,RR
S6_T1_0@27|11_30,S6_T1_0@27,RR_R1_6,15.0,7.0,0.2,0.0,,0.0,17.22219931087613,3.2727312785816984,6.0,17.071067811865476,2.8943121959332228,REMISSION1,RR
S6_T1_0@27|7_28,S6_T1_0@27,RR_R1_6,6.0,12.0,0.0,0.08333333333333333,,0.0,1.5889691573954234,,,10.0,2.3978952727983707,REMISSION1,RR
S6_T1_0@27|8_28,S6_T1_0@27,RR_R1_6,9.0,6.0,0.1111111111111111,0.5,,0.1111111111111111,0.23870771661935788,5.688467212698353,3.0,28.284271247461902,3.377050554392157,REMISSION1,RR
S6_T1_0@27|9_28,S6_T1_0@27,RR_R1_6,6.0,7.0,0.3333333333333333,0.14285714285714285,0.0,0.0,-1.734565322938342,-1.736463106941023,1.0,106.3014581273465,4.675642238801976,REMISSION1,RR
S6_T1_0@29|12_29,S6_T1_0@29,RR_R1_6,7.0,14.0,0.14285714285714285,0.07142857142857142,0.0,0.0,0.2914946263865763,1.9977388660191568,1.0,161.24515496597098,5.089108493603487,REMISSION1,RR
S6_T1_0@2|14_7,S6_T1_0@2,RR_R1_6,9.0,5.0,0.0,0.0,,0.0,-0.5367537976117754,1.2614013919930211,1.0,70.0,4.2626798770413155,REMISSION1,RR
S6_T1_0@2|15_7,S6_T1_0@2,RR_R1_6,8.0,10.0,0.125,0.0,0.0,0.0,-0.09268530952901377,2.6880362101208393,6.0,42.976207903086205,3.7836487581960427,REMISSION1,RR
S6_T1_0@32|17_32,S6_T1_0@32,RR_R1_6,19.0,5.0,0.0,0.2,,0.0,-0.06706100821094654,2.4230363524894467,3.0,25.3224755112299,3.2704231564123165,REMISSION1,RR
S6_T1_0@3|10_8,S6_T1_0@3,RR_R1_6,9.0,7.0,0.0,0.14285714285714285,0.0,0.0,5.7233695424838285,14.370969623535542,3.0,30.0,3.4339872044851463,REMISSION1,RR
S6_T1_0@4|16_7,S6_T1_0@4,RR_R1_6,22.0,9.0,0.13636363636363635,0.0,0.0,0.09090909090909091,6.18585493853181,24.293700848957357,2.0,14.142135623730951,2.7174812964321107,REMISSION1,RR
S6_T1_0@4|20_8,S6_T1_0@4,RR_R1_6,7.0,6.0,0.0,0.0,0.0,0.0,-0.36695577260422896,1.0627493436182436,2.0,50.0,3.9318256327243257,REMISSION1,RR
S6_T1_0@9|11_17,S6_T1_0@9,RR_R1_6,10.0,6.0,0.2,0.0,,0.1,0.7922988154201268,6.012890217783028,2.0,169.70562748477138,5.139940596361686,REMISSION1,RR
S6_T1_1@11|55_23,S6_T1_1@11,RR_R1_6,12.0,8.0,0.16666666666666666,0.25,,0.0,-0.02516410159896581,2.4509927421963402,3.0,214.11463876600516,5.3711710895879685,REMISSION1,RR
S6_T1_1@11|56_24,S6_T1_1@11,RR_R1_6,12.0,5.0,0.08333333333333333,0.0,1.0,0.16666666666666666,0.18312037516027815,2.7825716426234455,1.0,230.8679276123039,5.446167932033159,REMISSION1,RR
S6_T1_1@11|57_23,S6_T1_1@11,RR_R1_6,7.0,7.0,0.0,0.0,0.0,0.0,0.8630644691674231,1.9968082395529498,7.0,165.30302953903902,5.11381160334527,REMISSION1,RR
S6_T1_1@11|57_24,S6_T1_1@11,RR_R1_6,7.0,11.0,0.0,0.0,0.05555555555555555,0.0,-0.5449510536187046,,,200.62367818371285,5.306402980608448,REMISSION1,RR
S6_T1_1@11|59_23,S6_T1_1@11,RR_R1_6,34.0,8.0,0.38235294117647056,0.125,,0.5882352941176471,0.6940681519868563,4.428222648228878,6.0,60.82762530298219,4.124350275958941,REMISSION1,RR
S6_T1_1@11|60_23,S6_T1_1@11,RR_R1_6,33.0,20.0,0.30303030303030304,0.15,0.0,0.30303030303030304,-0.601176331890065,-0.0753165005030467,1.0,36.05551275463989,3.6124171329715926,REMISSION1,RR
S6_T1_1@11|60_24,S6_T1_1@11,RR_R1_6,21.0,22.0,0.09523809523809523,0.0,0.0,0.047619047619047616,0.5525036114170844,-0.1665905786997413,1.0,63.24555320336759,4.16271251053762,REMISSION1,RR
S6_T1_1@11|61_25,S6_T1_1@11,RR_R1_6,19.0,12.0,0.10526315789473684,0.0,0.0,0.0,0.06716202598075222,3.6377476673672007,6.0,50.0,3.9318256327243257,REMISSION1,RR
S6_T1_1@11|61_26,S6_T1_1@11,RR_R1_6,7.0,12.0,0.0,0.0,0.0,0.0,-0.2121107554330305,3.8939537005997793,2.0,31.622776601683796,3.485010713180571,REMISSION1,RR
S6_T1_1@12|48_22,S6_T1_1@12,RR_R1_6,11.0,13.0,0.09090909090909091,0.0,0.0,0.0,0.027630859551686208,-0.09400330702402532,7.0,219.3171219946131,5.395067972052855,REMISSION1,RR
S6_T1_1@12|49_22,S6_T1_1@12,RR_R1_6,9.0,7.0,0.0,0.0,0.0,0.0,-0.0975862748049275,-0.10851549928206586,1.0,261.72504656604804,5.571108034994191,REMISSION1,RR
S6_T1_1@15|46_22,S6_T1_1@15,RR_R1_6,9.0,8.0,0.2222222222222222,0.0,0.0,0.0,-0.7167515051115413,-0.7831903156253683,3.0,120.0,4.795790545596741,REMISSION1,RR
S6_T1_1@16|44_23,S6_T1_1@16,RR_R1_6,7.0,11.0,0.14285714285714285,0.0,0.125,0.0,0.5665392333368399,1.0967915737055525,5.0,45.6155281280883,3.841933707258398,REMISSION1,RR
S6_T1_1@16|44_24,S6_T1_1@16,RR_R1_6,5.0,5.0,0.2,0.0,0.0,0.4,0.1794568215109251,,,96.34710039206888,4.57828294598241,REMISSION1,RR
S6_T1_1@16|44_27,S6_T1_1@16,RR_R1_6,8.0,9.0,0.0,0.0,,0.125,0.04739736830079338,0.6049177871731349,2.0,192.35384061671343,5.2645218814025165,REMISSION1,RR
S6_T1_1@16|44_29,S6_T1_1@16,RR_R1_6,6.0,11.0,0.16666666666666666,0.0,0.0,0.5,-0.24576114061653323,1.0465059114460145,2.0,176.91806012954132,5.1813231079538875,REMISSION1,RR
S6_T1_1@16|44_30,S6_T1_1@16,RR_R1_6,5.0,9.0,0.0,0.0,0.0,0.0,-0.22402348405548783,-0.11686323854083751,3.0,103.15072906367325,4.645839167813764,REMISSION1,RR
S6_T1_1@16|45_25,S6_T1_1@16,RR_R1_6,13.0,5.0,0.07692307692307693,0.0,,0.07692307692307693,-0.11162848327498785,0.050592159634929496,1.0,208.80613017821102,5.346183914687904,REMISSION1,RR
S6_T1_1@16|45_27,S6_T1_1@16,RR_R1_6,22.0,9.0,0.22727272727272727,0.1111111111111111,0.0,0.09090909090909091,-0.044440280796451875,0.20820389111395757,3.0,272.02941017470886,5.609579518960234,REMISSION1,RR
S6_T1_1@16|45_28,S6_T1_1@16,RR_R1_6,7.0,6.0,0.14285714285714285,0.0,0.0,0.7142857142857143,0.008788610768951582,-0.07739428046189983,1.0,271.6615541441225,5.608231297676172,REMISSION1,RR
S6_T1_1@16|46_25,S6_T1_1@16,RR_R1_6,15.0,13.0,0.13333333333333333,0.0,,0.06666666666666667,-0.02278735870345929,,,263.34249562029595,5.57724559423348,REMISSION1,RR
S6_T1_1@16|46_29,S6_T1_1@16,RR_R1_6,9.0,12.0,0.0,0.16666666666666666,0.25,0.0,0.11223242180387152,0.02843410625970869,3.0,331.20990323358393,5.805767007793204,REMISSION1,RR
S6_T1_1@16|50_29,S6_T1_1@16,RR_R1_6,12.0,7.0,0.0,0.0,0.0,0.0,-0.0023868078519841303,,,531.6013544000805,6.27777321637337,REMISSION1,RR
S6_T1_1@16|51_28,S6_T1_1@16,RR_R1_6,12.0,13.0,0.0,0.0,0.0,0.0,0.003173475840564877,-0.04391329412770472,7.0,626.0990336999412,6.441104476645127,REMISSION1,RR
S6_T1_1@16|52_27,S6_T1_1@16,RR_R1_6,8.0,7.0,0.0,0.0,0.0,0.0,0.029028225295915016,-0.06398498150552948,1.0,685.9300255857006,6.532232431992124,REMISSION1,RR
S6_T1_1@16|53_26,S6_T1_1@16,RR_R1_6,21.0,16.0,0.09523809523809523,0.0,0.0,0.0,-0.05004617974393024,0.18126208944314173,5.0,572.4508712544684,6.3516722681301,REMISSION1,RR
S6_T1_1@16|53_28,S6_T1_1@16,RR_R1_6,7.0,9.0,0.0,0.0,0.0,0.0,-1.2860046758989898,-0.5954462552309929,4.0,706.8592071318641,6.562245213935209,REMISSION1,RR
S6_T1_1@16|53_29,S6_T1_1@16,RR_R1_6,5.0,5.0,0.0,0.0,0.0,0.0,0.11684088623853295,,,634.2938867278891,6.45408770557215,REMISSION1,RR
S6_T1_1@16|53_35,S6_T1_1@16,RR_R1_6,12.0,12.0,0.16666666666666666,0.0,0.0,0.0,1.1162372119088944,0.6978473636411938,7.0,33.839144678161844,3.5507416016875912,REMISSION1,RR
S6_T1_1@16|54_34,S6_T1_1@16,RR_R1_6,9.0,15.0,0.0,0.13333333333333333,0.14285714285714285,0.1111111111111111,0.15091703162880796,2.1717516520460163,4.0,169.25531052437637,5.137299137050496,REMISSION1,RR
S6_T1_1@16|55_34,S6_T1_1@16,RR_R1_6,15.0,14.0,0.0,0.14285714285714285,0.0,0.2,-0.281009823609786,0.7967203693227976,4.0,202.48456731316588,5.315590165707993,REMISSION1,RR
S6_T1_1@16|56_31,S6_T1_1@16,RR_R1_6,5.0,17.0,0.0,0.0,0.0,0.0,-0.07211420878197478,-0.046208458475795335,6.0,465.22876051746323,6.144676416070473,REMISSION1,RR
S6_T1_1@16|57_36,S6_T1_1@16,RR_R1_6,32.0,12.0,0.125,0.08333333333333333,0.4,0.21875,2.798987810807165,7.961799161521483,5.0,22.360679774997898,3.1510542574937324,REMISSION1,RR
S6_T1_1@16|62_32,S6_T1_1@16,RR_R1_6,21.0,20.0,0.23809523809523808,0.1,,0.0,-0.08115763697296924,2.0139694284414915,4.0,20.0,3.044522437723423,REMISSION1,RR
S6_T1_1@17|49_23,S6_T1_1@17,RR_R1_6,11.0,6.0,0.09090909090909091,0.0,0.0,0.0,-0.0036754976856880964,-0.023002564005321788,2.0,368.78177829171545,5.912913043243906,REMISSION1,RR
S6_T1_1@17|50_23,S6_T1_1@17,RR_R1_6,17.0,11.0,0.0,0.0,0.0,0.0,-0.07192769133589849,-0.1842524260940003,3.0,382.4916289361945,5.949317792501786,REMISSION1,RR
S6_T1_1@25|49_26,S6_T1_1@25,RR_R1_6,9.0,9.0,0.0,0.0,0.0,0.0,-0.010735364242374552,-0.07048671627229625,1.0,531.5060918352378,6.2775943375843175,REMISSION1,RR
S6_T1_1@25|50_25,S6_T1_1@25,RR_R1_6,8.0,12.0,0.0,0.0,0.0,0.0,-0.011294838414172571,0.07148910472867614,1.0,536.2361563263992,6.286437767533856,REMISSION1,RR
S6_T1_1@31|47_27,S6_T1_1@31,RR_R1_6,11.0,10.0,0.09090909090909091,0.0,0.0,0.0,0.024892669182091785,0.12902946589511077,2.0,477.07441767506253,6.169766405886407,REMISSION1,RR
S6_T1_1@31|48_27,S6_T1_1@31,RR_R1_6,5.0,8.0,0.0,0.0,0.0,0.0,0.024841844545948535,,,512.2499389946279,6.240762937038106,REMISSION1,RR
S6_T1_1@32|51_27,S6_T1_1@32,RR_R1_6,18.0,12.0,0.1111111111111111,0.0,0.0,0.0,0.00030108989209477586,-0.0288858479423578,4.0,691.8445648098109,6.540805680828685,REMISSION1,RR
S6_T1_1@33|56_27,S6_T1_1@33,RR_R1_6,8.0,7.0,0.125,0.0,0.125,0.0,-0.0384117524134579,,,544.5181356024793,6.301736050554554,REMISSION1,RR
S6_T1_1@33|56_28,S6_T1_1@33,RR_R1_6,6.0,8.0,0.16666666666666666,0.0,0.0,0.0,0.00791738007276476,0.2758152969691679,2.0,556.6782500964588,6.323782183345898,REMISSION1,RR
S6_T1_1@4|49_20,S6_T1_1@4,RR_R1_6,20.0,14.0,0.0,0.07142857142857142,,0.0,-0.5308358582723436,0.3506399701135842,2.0,129.223266426355,4.8692504114010084,REMISSION1,RR
S6_T1_1@4|50_19,S6_T1_1@4,RR_R1_6,13.0,6.0,0.07692307692307693,0.16666666666666666,0.0,0.0,0.46302904871707157,1.0755115353334315,3.0,72.80109889280519,4.301373621641981,REMISSION1,RR
S6_T1_1@4|50_20,S6_T1_1@4,RR_R1_6,5.0,12.0,0.0,0.0,0.0,0.0,-0.4140804542254849,-0.001077867409034483,2.0,114.0175425099138,4.745084660294132,REMISSION1,RR
S6_T1_1@4|51_20,S6_T1_1@4,RR_R1_6,7.0,5.0,0.0,0.0,0.0,0.14285714285714285,0.4903373059110325,1.2444642219718252,4.0,81.77126710612092,4.4160809855408,REMISSION1,RR
S6_T1_2@10|88_21,S6_T1_2@10,RR_R2_5,14.0,6.0,0.14285714285714285,0.16666666666666666,0.5,0.35714285714285715,4.019143613566445,14.22120945302144,3.0,10.0,2.3978952727983707,REMISSION2,RR
S6_T1_2@10|89_23,S6_T1_2@10,RR_R2_5,25.0,7.0,0.28,0.14285714285714285,,0.12,-1.349217720422623,12.478245366289336,1.0,22.360679774997898,3.1510542574937324,REMISSION2,RR
S6_T1_2@13|80_25,S6_T1_2@13,RR_R2_5,9.0,13.0,0.0,0.0,0.0,0.0,-0.6194123133660252,0.42909285679663334,2.0,621.2889826803627,6.433404587224915,REMISSION2,RR
S6_T1_2@14|72_26,S6_T1_2@14,RR_R2_5,11.0,10.0,0.18181818181818182,0.1,0.0,0.0,-22.036183695737858,0.5926946480969901,1.0,36.05551275463989,3.6124171329715926,REMISSION2,RR
S6_T1_2@14|73_25,S6_T1_2@14,RR_R2_5,6.0,11.0,0.0,0.0,0.0,0.0,-2.6205245823403827,-5.965699583514943,2.0,50.99019513592785,3.951055145724373,REMISSION2,RR
S6_T1_2@14|73_26,S6_T1_2@14,RR_R2_5,6.0,11.0,0.0,0.0,0.1,0.0,-4.153010009303368,-12.802486023027619,4.0,64.03124237432849,4.174867806332253,REMISSION2,RR
S6_T1_2@16|74_28,S6_T1_2@16,RR_R2_5,22.0,7.0,0.09090909090909091,0.0,0.0,0.0,-3.6421028954769223,12.01937132700791,4.0,22.360679774997898,3.1510542574937324,REMISSION2,RR
S6_T1_2@16|75_29,S6_T1_2@16,RR_R2_5,27.0,7.0,0.07407407407407407,0.0,0.2,0.0,-3.065239638455,9.546780470012319,2.0,20.0,3.044522437723423,REMISSION2,RR
S6_T1_2@16|76_29,S6_T1_2@16,RR_R2_5,26.0,22.0,0.11538461538461539,0.22727272727272727,0.0,0.0,4.9821737889481215,5.803509058954515,4.0,55.21009528313442,4.029096372140361,REMISSION2,RR
S6_T1_2@16|77_28,S6_T1_2@16,RR_R2_5,5.0,7.0,0.0,0.0,0.0,0.0,-0.04776043697301258,0.6895185877168866,4.0,194.53544157945376,5.2757416498463705,REMISSION2,RR
S6_T1_2@16|77_30,S6_T1_2@16,RR_R2_5,14.0,12.0,0.0,0.16666666666666666,0.0,0.0,5.675267994406125,7.326101460385289,2.0,25.3224755112299,3.2704231564123165,REMISSION2,RR
S6_T1_2@16|77_31,S6_T1_2@16,RR_R2_5,7.0,5.0,0.14285714285714285,0.0,0.0,0.0,-0.1777929770348846,,,14.142135623730951,2.7174812964321107,REMISSION2,RR
S6_T1_2@16|78_27,S6_T1_2@16,RR_R2_5,6.0,9.0,0.0,0.1111111111111111,0.0,0.0,0.46933749108893963,1.2464621234347857,1.0,358.05027579936313,5.8834624226924,REMISSION2,RR
S6_T1_2@16|78_29,S6_T1_2@16,RR_R2_5,5.0,9.0,0.2,0.0,0.0,0.0,-0.0005969457188396005,0.37705863361911013,2.0,180.81026782725337,5.20296365884628,REMISSION2,RR
S6_T1_2@16|79_28,S6_T1_2@16,RR_R2_5,5.0,8.0,0.0,0.125,0.0,0.0,0.28306534361472546,1.1865442083545557,1.0,325.2691193458119,5.7877225602786035,REMISSION2,RR
S6_T1_2@19|82_31,S6_T1_2@19,RR_R2_5,21.0,33.0,0.0,0.06060606060606061,0.0,0.0,5.525636316138631,1.3361250049196225,13.0,28.284271247461902,3.377050554392157,REMISSION2,RR
S6_T1_2@19|83_31,S6_T1_2@19,RR_R2_5,14.0,20.0,0.0,0.05,0.0,0.0,6.336949234141189,7.126850362591422,5.0,41.82873156368473,3.7572091755848236,REMISSION2,RR
S6_T1_2@3|80_16,S6_T1_2@3,RR_R2_5,5.0,5.0,0.0,0.0,,0.0,9.259302917199333,16.24426483594643,1.0,10.0,2.3978952727983707,REMISSION2,RR
S6_T1_2@5|73_18,S6_T1_2@5,RR_R2_5,5.0,6.0,0.0,0.0,0.0,0.0,-0.5506901317082606,14.309638824205834,1.0,36.05551275463989,3.6124171329715926,REMISSION2,RR
S6_T1_2@5|74_17,S6_T1_2@5,RR_R2_5,13.0,5.0,0.07692307692307693,0.0,,0.0,5.031789560668161,7.982361637907818,1.0,10.0,2.3978952727983707,REMISSION2,RR
S6_T1_2@5|74_18,S6_T1_2@5,RR_R2_5,5.0,6.0,0.0,0.0,,0.0,1.5987192594895745,,,113.13708498984761,4.737400225881506,REMISSION2,RR
S6_T1_2@5|76_18,S6_T1_2@5,RR_R2_5,7.0,12.0,0.0,0.0,0.0,0.0,0.545927230976353,3.3736911446146403,4.0,180.27756377319946,5.200029358162469,REMISSION2,RR
S6_T1_2@8|83_17,S6_T1_2@8,RR_R2_5,6.0,10.0,0.3333333333333333,0.2,0.0,0.0,1.0836451014625574,,,14.142135623730951,2.7174812964321107,REMISSION2,RR
S6_T1_2@8|83_18,S6_T1_2@8,RR_R2_5,12.0,11.0,0.16666666666666666,0.09090909090909091,0.0,0.25,-1.751467505350458,5.354947631759925,3.0,44.721359549995796,3.822565574923594,REMISSION2,RR
S6_T1_2@9|72_20,S6_T1_2@9,RR_R2_5,12.0,7.0,0.08333333333333333,0.0,0.0,0.0,5.105757187062595,15.302983954304679,2.0,22.360679774997898,3.1510542574937324,REMISSION2,RR
S6_T2_0@13|10_20,S6_T2_0@13,RR_R2_5,7.0,7.0,0.0,0.0,0.0,0.0,-0.1854075344537272,,,360.1388621073821,5.889262543947588,REMISSION2,RR
S6_T2_0@13|9_21,S6_T2_0@13,RR_R2_5,11.0,9.0,0.0,0.1111111111111111,0.0,0.0,-0.04186748746521205,1.0816369641747114,4.0,271.6615541441225,5.608231297676172,REMISSION2,RR
S6_T2_0@13|9_22,S6_T2_0@13,RR_R2_5,5.0,9.0,0.0,0.0,0.0,0.0,-0.0635737813553325,1.699202025924612,1.0,293.26548781894405,5.6844823796539234,REMISSION2,RR
S6_T2_0@14|11_21,S6_T2_0@14,RR_R2_5,8.0,8.0,0.0,0.0,0.0,0.0,-0.016745332438442843,0.8679811651618352,2.0,478.64022435588356,6.173036290270033,REMISSION2,RR
S6_T2_0@14|12_20,S6_T2_0@14,RR_R2_5,9.0,9.0,0.0,0.0,0.0,0.0,-0.1359821504160333,0.05971704437712819,2.0,570.8762771752171,6.348922669339147,REMISSION2,RR
S6_T2_0@14|12_22,S6_T2_0@14,RR_R2_5,6.0,6.0,0.0,0.0,0.0,0.0,0.029581606786137363,,,485.42968255494714,6.18709235377962,REMISSION2,RR
S6_T2_0@14|13_21,S6_T2_0@14,RR_R2_5,9.0,8.0,0.0,0.0,0.0,0.0,-0.02950081304702324,0.20516110798492196,3.0,626.0990336999412,6.441104476645127,REMISSION2,RR
S6_T2_0@15|20_23,S6_T2_0@15,RR_R2_5,9.0,9.0,0.0,0.0,0.0,0.0,0.5050005769490082,-0.3202546743701815,1.0,28.284271247461902,3.377050554392157,REMISSION2,RR
S6_T2_0@15|21_22,S6_T2_0@15,RR_R2_5,11.0,30.0,0.09090909090909091,0.0,0.0,0.0,1.9449847380968586,-0.2878141896127716,5.0,28.284271247461902,3.377050554392157,REMISSION2,RR
S6_T2_0@19|13_28,S6_T2_0@19,RR_R2_5,26.0,7.0,0.23076923076923078,0.14285714285714285,0.0,0.0,-4.497089510513764,2.5273888124977706,3.0,20.0,3.044522437723423,REMISSION2,RR
S6_T2_0@19|14_28,S6_T2_0@19,RR_R2_5,14.0,7.0,0.14285714285714285,0.0,,0.0,0.9708459450676615,1.4374312439374344,2.0,10.0,2.3978952727983707,REMISSION2,RR
S6_T2_0@3|11_7,S6_T2_0@3,RR_R2_5,21.0,6.0,0.19047619047619047,0.0,,0.0,-0.5264925103699398,,1.0,36.05551275463989,3.6124171329715926,REMISSION2,RR
S6_T2_0@3|12_7,S6_T2_0@3,RR_R2_5,10.0,21.0,0.0,0.0,0.0,0.0,-0.535104768175939,5.237421507638776,1.0,22.360679774997898,3.1510542574937324,REMISSION2,RR
S6_T2_0@3|12_8,S6_T2_0@3,RR_R2_5,13.0,6.0,0.07692307692307693,0.0,,0.0,2.113362000515308,0.6742786248741792,2.0,98.48857801796103,4.600042843785899,REMISSION2,RR
S6_T2_0@3|14_8,S6_T2_0@3,RR_R2_5,9.0,7.0,0.0,0.2857142857142857,,0.1111111111111111,0.16886288839258734,4.347608355902099,3.0,25.3224755112299,3.2704231564123165,REMISSION2,RR
S6_T2_0@3|14_9,S6_T2_0@3,RR_R2_5,6.0,5.0,0.0,0.0,0.0,0.0,0.39958255556435385,4.251292400178414,3.0,140.356688476182,4.951286401564024,REMISSION2,RR
S6_T2_0@3|15_7,S6_T2_0@3,RR_R2_5,11.0,7.0,0.09090909090909091,0.0,0.0,0.0,-1.3355281601851676,,,41.23105625617661,3.743155880619243,REMISSION2,RR
S6_T2_0@3|15_8,S6_T2_0@3,RR_R2_5,12.0,8.0,0.0,0.25,1.0,0.0,-0.04017156581176463,1.5421515955924558,3.0,61.170380661390745,4.129878691173724,REMISSION2,RR
S6_T2_0@7|10_12,S6_T2_0@7,RR_R2_5,7.0,6.0,0.0,0.0,0.0,0.0,-0.0022457793357325987,,,412.31056256176606,6.0241992778370586,REMISSION2,RR
S6_T2_0@7|10_16,S6_T2_0@7,RR_R2_5,5.0,6.0,0.0,0.0,0.0,0.0,0.22601491346872754,0.5504489158426425,3.0,380.78865529319546,5.9448671971079,REMISSION2,RR
S6_T2_0@7|10_17,S6_T2_0@7,RR_R2_5,21.0,7.0,0.047619047619047616,0.0,,0.0,0.01070703589926044,1.336728628546405,5.0,344.73797726333476,5.845681197021504,REMISSION2,RR
S6_T2_0@7|10_18,S6_T2_0@7,RR_R2_5,8.0,22.0,0.125,0.0,0.0,0.0,0.7271638046874763,0.8918301310798633,4.0,336.2077013859466,5.820699065089744,REMISSION2,RR
S6_T2_0@7|10_26,S6_T2_0@7,RR_R2_5,21.0,5.0,0.0,0.0,,0.0,4.657442130730442,2.546960301119308,2.0,14.142135623730951,2.7174812964321107,REMISSION2,RR
S6_T2_0@7|11_13,S6_T2_0@7,RR_R2_5,16.0,6.0,0.0,0.16666666666666666,,0.0,0.010125747807987803,0.13295230258831386,3.0,529.8082528489219,6.2744008502816495,REMISSION2,RR
S6_T2_0@7|11_16,S6_T2_0@7,RR_R2_5,9.0,7.0,0.1111111111111111,0.0,0.0,0.0,-0.14503107304208587,1.4668081625058875,1.0,499.8884223893606,6.216383366479679,REMISSION2,RR
S6_T2_0@7|11_17,S6_T2_0@7,RR_R2_5,10.0,9.0,0.0,0.1111111111111111,0.0,0.0,-0.15841254853775838,0.299416342152803,3.0,453.9823785126467,6.120258689657347,REMISSION2,RR
S6_T2_0@7|11_26,S6_T2_0@7,RR_R2_5,5.0,5.0,0.0,0.0,0.0,0.0,-1.120808117937068,0.3304742682287073,2.0,85.43803320640598,4.459427778099006,REMISSION2,RR
S6_T2_0@7|11_27,S6_T2_0@7,RR_R2_5,28.0,28.0,0.10714285714285714,0.14285714285714285,0.0,0.07142857142857142,0.2927043111064258,2.4920933709667548,4.0,22.360679774997898,3.1510542574937324,REMISSION2,RR
S6_T2_0@7|12_15,S6_T2_0@7,RR_R2_5,12.0,9.0,0.08333333333333333,0.0,0.0,0.0,-0.006943623658625213,0.3427883773184224,2.0,624.3396511515186,6.438294943967789,REMISSION2,RR
S6_T2_0@7|12_27,S6_T2_0@7,RR_R2_5,6.0,7.0,0.16666666666666666,0.0,,0.0,1.33207766773127,1.9514182750430589,2.0,92.19544457292886,4.534698842524112,REMISSION2,RR
S6_T2_0@7|12_28,S6_T2_0@7,RR_R2_5,10.0,13.0,0.2,0.23076923076923078,0.14285714285714285,0.0,5.555145343929612,6.12777594145974,6.0,14.142135623730951,2.7174812964321107,REMISSION2,RR
S6_T2_0@7|5_12,S6_T2_0@7,RR_R2_5,28.0,12.0,0.2857142857142857,0.0,0.0,0.03571428571428571,-0.8621119458087023,,,22.360679774997898,3.1510542574937324,REMISSION2,RR
S6_T2_0@7|6_11,S6_T2_0@7,RR_R2_5,31.0,12.0,0.06451612903225806,0.0,,0.0,8.704103746418493,4.396384171099912,11.0,28.284271247461902,3.377050554392157,REMISSION2,RR
S6_T2_0@7|6_12,S6_T2_0@7,RR_R2_5,20.0,11.0,0.05,0.09090909090909091,,0.0,2.4570325804712088,0.4878577503605698,7.0,28.284271247461902,3.377050554392157,REMISSION2,RR
S6_T2_0@7|6_16,S6_T2_0@7,RR_R2_5,17.0,10.0,0.11764705882352941,0.2,0.0,0.11764705882352941,3.054384031670153,10.49107602051036,2.0,31.622776601683796,3.485010713180571,REMISSION2,RR
S6_T2_0@7|6_17,S6_T2_0@7,RR_R2_5,14.0,24.0,0.35714285714285715,0.125,0.5,0.0,8.894372766134394,,,28.284271247461902,3.377050554392157,REMISSION2,RR
S6_T2_0@7|6_21,S6_T2_0@7,RR_R2_5,21.0,9.0,0.047619047619047616,0.0,,0.0,10.950662262145533,8.097819682715372,7.0,14.142135623730951,2.7174812964321107,REMISSION2,RR
S6_T2_0@7|6_22,S6_T2_0@7,RR_R2_5,13.0,26.0,0.07692307692307693,0.11538461538461539,,0.0,6.698806394782219,2.670114049151405,3.0,20.0,3.044522437723423,REMISSION2,RR
S6_T2_0@7|7_23,S6_T2_0@7,RR_R2_5,19.0,34.0,0.0,0.08823529411764706,0.15789473684210525,0.0,7.0895801870695845,1.502885021718282,10.0,36.05551275463989,3.6124171329715926,REMISSION2,RR
S6_T2_0@7|8_13,S6_T2_0@7,RR_R2_5,9.0,6.0,0.1111111111111111,0.0,,0.0,-0.20541119594987656,,,284.2534080710379,5.653377936334398,REMISSION2,RR
S6_T2_0@7|9_13,S6_T2_0@7,RR_R2_5,5.0,5.0,0.0,0.0,0.0,0.0,0.01458871216737275,-0.1841360976090564,3.0,343.0728191057233,5.840853318418489,REMISSION2,RR
S6_T2_0@7|9_15,S6_T2_0@7,RR_R2_5,9.0,5.0,0.0,0.0,1.0,0.0,-0.14291997626736344,-0.14392831701579903,3.0,363.6931507463164,5.899056317123653,REMISSION2,RR
S6_T2_0@7|9_18,S6_T2_0@7,RR_R2_5,17.0,12.0,0.0,0.0,,0.0,3.727829966318356,3.85948297202713,10.0,270.1851217221259,5.602801693654711,REMISSION2,RR
S6_T2_0@7|9_23,S6_T2_0@7,RR_R2_5,7.0,9.0,0.0,0.0,0.0,0.0,-0.5960871272454846,3.137659281572555,1.0,216.66323379247,5.382949069239559,REMISSION2,RR
S6_T2_0@8|19_10,S6_T2_0@8,RR_R2_5,33.0,17.0,0.09090909090909091,0.11764705882352941,0.0,0.0,1.5379478715200297,-0.8403681670838952,7.0,92.19544457292886,4.534698842524112,REMISSION2,RR
S6_T2_0@8|19_9,S6_T2_0@8,RR_R2_5,12.0,6.0,0.25,0.0,0.0,0.0,1.035517412810496,-1.7044830769518915,2.0,65.5566408496611,4.1980533272355105,REMISSION2,RR
S6_T2_0@8|20_10,S6_T2_0@8,RR_R2_5,40.0,41.0,0.075,0.17073170731707318,0.0,0.0,2.1907987955797257,1.114882416467113,6.0,36.05551275463989,3.6124171329715926,REMISSION2,RR
S6_T2_0@8|20_11,S6_T2_0@8,RR_R2_5,25.0,44.0,0.04,0.11363636363636363,0.07142857142857142,0.0,1.8422527706587764,-2.319400172746786,18.0,72.80109889280519,4.301373621641981,REMISSION2,RR
S6_T2_0@8|20_12,S6_T2_0@8,RR_R2_5,6.0,11.0,0.16666666666666666,0.0,0.0,0.0,1.0938586696755763,-2.3240339090207085,2.0,104.40306508910551,4.657791716226229,REMISSION2,RR
S6_T2_0@9|21_15,S6_T2_0@9,RR_R2_5,34.0,6.0,0.11764705882352941,0.0,,0.0,1.3993480383620183,2.2019197448515975,1.0,22.360679774997898,3.1510542574937324,REMISSION2,RR
S6_T2_0@9|21_16,S6_T2_0@9,RR_R2_5,20.0,18.0,0.05,0.05555555555555555,0.0,0.0,0.047315237667340054,,,31.622776601683796,3.485010713180571,REMISSION2,RR
S6_T2_0@9|21_18,S6_T2_0@9,RR_R2_5,6.0,10.0,0.0,0.0,0.2857142857142857,0.0,0.017967023283034,1.6446031703905264,2.0,30.811388300841898,3.4598243483434987,REMISSION2,RR
S6_T2_1@20|44_19,S6_T2_1@20,RR_R1_6,7.0,6.0,0.2857142857142857,0.16666666666666666,0.0,0.0,-0.07765910793145056,0.4092177533538004,2.0,78.10249675906654,4.370744438865426,REMISSION1,RR
S6_T2_1@24|58_22,S6_T2_1@24,RR_R1_6,8.0,5.0,0.0,0.2,0.25,0.0,0.6283786519846604,2.9358011936673925,3.0,10.0,2.3978952727983707,REMISSION1,RR
S6_T2_1@25|48_20,S6_T2_1@25,RR_R1_6,9.0,10.0,0.0,0.0,0.0,0.0,-0.0685258054078644,0.05649655085868388,2.0,343.6568055487916,5.842549155397526,REMISSION1,RR
S6_T2_1@25|48_21,S6_T2_1@25,RR_R1_6,5.0,15.0,0.0,0.0,0.0,0.0,-0.0392209715326363,-0.08091741913892841,2.0,406.2412699401557,6.0094058106413515,REMISSION1,RR
S6_T2_1@25|49_21,S6_T2_1@25,RR_R1_6,9.0,12.0,0.0,0.08333333333333333,0.0,0.0,-0.04997579420638959,0.09235923399528422,4.0,453.54161881794266,6.1192894799817354,REMISSION1,RR
S6_T2_1@31|52_21,S6_T2_1@31,RR_R1_6,10.0,5.0,0.0,0.0,0.0,0.0,-0.01116739797521521,-0.03783444646465341,5.0,431.740662898458,6.070138617621256,REMISSION1,RR
S6_T2_1@43|38_24,S6_T2_1@43,RR_R1_6,21.0,10.0,0.23809523809523808,0.0,0.0,0.0,-0.6013885168780853,4.058921738995649,8.0,14.142135623730951,2.7174812964321107,REMISSION1,RR
S6_T2_1@54|45_26,S6_T2_1@54,RR_R1_6,6.0,10.0,0.0,0.0,0.0,0.0,-0.05546791875442182,0.03437486827500569,2.0,230.8679276123039,5.446167932033159,REMISSION1,RR
S6_T2_1@54|45_27,S6_T2_1@54,RR_R1_6,11.0,7.0,0.0,0.14285714285714285,,0.0,0.13336141547938044,0.14363283561722828,3.0,144.39020420918695,4.979421191503782,REMISSION1,RR
S6_T2_1@55|48_27,S6_T2_1@55,RR_R1_6,14.0,5.0,0.0,0.0,0.0,0.0,-0.02112430747305727,-0.764787398135154,1.0,286.53097563788805,5.661330595782899,REMISSION1,RR
S6_T2_1@56|55_28,S6_T2_1@56,RR_R1_6,6.0,5.0,0.0,0.0,0.0,0.0,0.6264132566280484,,,156.20499351813308,5.057550644873123,REMISSION1,RR
S6_T2_1@59|43_29,S6_T2_1@59,RR_R1_6,5.0,8.0,0.0,0.0,0.1111111111111111,0.0,0.8067004006811463,1.5887191782009351,6.0,22.360679774997898,3.1510542574937324,REMISSION1,RR
S6_T2_1@59|44_28,S6_T2_1@59,RR_R1_6,9.0,11.0,0.2222222222222222,0.0,0.0,0.0,0.16896836965163042,1.820508007238161,5.0,50.0,3.9318256327243257,REMISSION1,RR
S6_T2_1@5|50_16,S6_T2_1@5,RR_R1_6,7.0,7.0,0.14285714285714285,0.0,,0.0,0.0005671968135981991,0.9647742788328006,1.0,25.3224755112299,3.2704231564123165,REMISSION1,RR
S6_T2_1@5|51_16,S6_T2_1@5,RR_R1_6,13.0,7.0,0.07692307692307693,0.14285714285714285,,0.0,0.12714019792842532,1.5195745332078565,5.0,14.142135623730951,2.7174812964321107,REMISSION1,RR
S6_T2_1@60|55_29,S6_T2_1@60,RR_R1_6,16.0,7.0,0.0,0.0,0.0,0.0,0.5799772758538665,4.53761749900873,3.0,31.622776601683796,3.485010713180571,REMISSION1,RR
S6_T2_1@60|55_30,S6_T2_1@60,RR_R1_6,7.0,5.0,0.0,0.0,,0.0,-0.015249800160933233,1.9981616285094042,4.0,14.142135623730951,2.7174812964321107,REMISSION1,RR
S6_T2_1@63|49_30,S6_T2_1@63,RR_R1_6,11.0,9.0,0.18181818181818182,0.0,0.0,0.0,-0.7564505255246083,0.058036817004146514,1.0,46.21320343559643,3.8546735872783127,REMISSION1,RR
S6_T2_1@65|51_31,S6_T2_1@65,RR_R1_6,16.0,9.0,0.125,0.1111111111111111,0.0,0.0625,0.4094647307430713,3.040751123585749,6.0,40.0,3.713572066704308,REMISSION1,RR
S6_T2_1@65|51_32,S6_T2_1@65,RR_R1_6,11.0,8.0,0.18181818181818182,0.125,,0.0,0.3494204037529758,,,10.0,2.3978952727983707,REMISSION1,RR
S6_T2_1@7|48_17,S6_T2_1@7,RR_R1_6,9.0,5.0,0.1111111111111111,0.0,0.0,0.0,-0.051836500307598996,0.2819337182557834,3.0,56.622776601683796,4.053917916653715,REMISSION1,RR
S6_T2_2@24|90_28,S6_T2_2@24,RR_P3_4,5.0,8.0,0.0,0.0,0.0,0.0,-0.15323078040984228,1.1060364206801576,3.0,380.1315561749642,5.943144607325014,PEAK3,RR
S6_T2_2@24|91_29,S6_T2_2@24,RR_P3_4,5.0,11.0,0.0,0.09090909090909091,0.0,0.0,-0.07631911952697013,-0.25921432872183914,3.0,354.0474489804049,5.872251439643566,PEAK3,RR
S6_T2_2@24|91_30,S6_T2_2@24,RR_P3_4,9.0,15.0,0.0,0.06666666666666667,0.5,0.0,-0.06943718528738707,,,387.8755000997842,5.963259241233777,PEAK3,RR
S6_T2_2@24|91_31,S6_T2_2@24,RR_P3_4,6.0,9.0,0.0,0.0,0.0,0.0,-0.0033048983395063273,-0.04708110555344684,3.0,364.0054944640259,5.8999124067952895,PEAK3,RR
S6_T2_2@24|92_30,S6_T2_2@24,RR_P3_4,6.0,7.0,0.0,0.0,0.0,0.0,-0.03851899113498295,-0.048563959475242266,2.0,319.06112267087633,5.768511985900489,PEAK3,RR
S6_T2_2@25|83_29,S6_T2_2@25,RR_P3_4,12.0,10.0,0.08333333333333333,0.0,0.0,0.0,-0.05887422932781615,0.12744004376448428,1.0,838.7488567108711,6.733102867027791,PEAK3,RR
S6_T2_2@4|70_22,S6_T2_2@4,RR_P3_4,17.0,17.0,0.058823529411764705,0.29411764705882354,0.15384615384615385,0.0,2.379042139094188,,,50.0,3.9318256327243257,PEAK3,RR
S6_T2_2@4|70_24,S6_T2_2@4,RR_P3_4,36.0,12.0,0.16666666666666666,0.16666666666666666,,0.0,2.557433543233429,,,50.495097567963924,3.941486610283494,PEAK3,RR
S6_T2_2@4|70_25,S6_T2_2@4,RR_P3_4,13.0,36.0,0.3076923076923077,0.08333333333333333,0.15384615384615385,0.23076923076923078,2.185039958270252,,,56.568542494923804,4.0529762812736765,PEAK3,RR
S6_T2_2@4|71_21,S6_T2_2@4,RR_P3_4,9.0,22.0,0.0,0.045454545454545456,0.07692307692307693,0.0,2.0162237248534067,-0.09557167098486084,3.0,36.05551275463989,3.6124171329715926,PEAK3,RR
S6_T2_2@4|71_27,S6_T2_2@4,RR_P3_4,10.0,13.0,0.1,0.0,0.0,0.0,-0.08935339595575818,5.687295629842284,2.0,42.426406871192846,3.771067709327022,PEAK3,RR
S6_T2_2@4|71_28,S6_T2_2@4,RR_P3_4,33.0,20.0,0.06060606060606061,0.25,0.0,0.06060606060606061,0.8868793473951534,,,28.284271247461902,3.377050554392157,PEAK3,RR
S6_T2_2@4|71_29,S6_T2_2@4,RR_P3_4,14.0,14.0,0.14285714285714285,0.0,,0.0,0.5203809674392383,,,20.0,3.044522437723423,PEAK3,RR
S6_T2_2@4|72_19,S6_T2_2@4,RR_P3_4,20.0,7.0,0.1,0.0,,0.4,8.674308222003912,,,14.142135623730951,2.7174812964321107,PEAK3,RR
S6_T2_2@4|72_20,S6_T2_2@4,RR_P3_4,10.0,9.0,0.1,0.0,,0.2,0.15435743539501603,,,14.142135623730951,2.7174812964321107,PEAK3,RR
S6_T2_2@4|72_30,S6_T2_2@4,RR_P3_4,5.0,5.0,0.0,0.0,,0.0,0.05713635873316136,,,10.0,2.3978952727983707,PEAK3,RR
S6_T2_2@4|73_21,S6_T2_2@4,RR_P3_4,9.0,9.0,0.0,0.1111111111111111,0.0,0.0,-0.2601534588268518,,,157.31932071670212,5.064614010713492,PEAK3,RR
S6_T2_2@4|73_22,S6_T2_2@4,RR_P3_4,6.0,6.0,0.16666666666666666,0.0,0.3333333333333333,0.0,-0.2001937825484379,0.9192634211727077,1.0,255.53797258847658,5.547276694934405,PEAK3,RR
S6_T2_2@4|74_19,S6_T2_2@4,RR_P3_4,15.0,6.0,0.06666666666666667,0.0,,0.0,-0.8722207055644101,0.5786003379421398,2.0,145.60219778561037,4.9877227810564815,PEAK3,RR
S6_T2_2@4|74_31,S6_T2_2@4,RR_P3_4,7.0,13.0,0.0,0.15384615384615385,0.0,0.0,-0.03140747154010012,8.221138673435485,2.0,22.360679774997898,3.1510542574937324,PEAK3,RR
S6_T2_2@4|75_17,S6_T2_2@4,RR_P3_4,16.0,14.0,0.0625,0.07142857142857142,0.25,0.125,2.82198829403296,4.1567794737423895,8.0,30.811388300841898,3.4598243483434987,PEAK3,RR
S6_T2_2@4|75_20,S6_T2_2@4,RR_P3_4,6.0,7.0,0.16666666666666666,0.0,0.0,0.16666666666666666,-0.4281851623924078,2.3503822216318073,1.0,275.86228448267445,5.623520214625801,PEAK3,RR
S6_T2_2@4|75_23,S6_T2_2@4,RR_P3_4,5.0,5.0,0.2,0.0,0.0,1.0,-0.09430904108299905,2.532981632964789,1.0,450.7053932623136,6.113030182510274,PEAK3,RR
S6_T2_2@4|75_32,S6_T2_2@4,RR_P3_4,10.0,20.0,0.3,0.2,0.0,0.3,0.7908564036212175,,,28.284271247461902,3.377050554392157,PEAK3,RR
S6_T2_2@4|76_34,S6_T2_2@4,RR_P3_4,20.0,11.0,0.15,0.18181818181818182,,0.0,2.9014225324980742,2.4496745872131505,1.0,14.142135623730951,2.7174812964321107,PEAK3,RR
S6_T2_2@4|77_25,S6_T2_2@4,RR_P3_4,8.0,10.0,0.0,0.0,,0.0,-0.008649584171119952,2.3170975730505434,4.0,692.3500416005436,6.541534982199213,PEAK3,RR
S6_T2_2@4|77_26,S6_T2_2@4,RR_P3_4,7.0,9.0,0.0,0.1111111111111111,0.0,0.0,-0.1194941675314774,0.10959469379401009,3.0,597.8661333281566,6.395038089546877,PEAK3,RR
S6_T2_2@4|77_35,S6_T2_2@4,RR_P3_4,13.0,13.0,0.07692307692307693,0.0,0.0,0.3076923076923077,3.6259768129326866,5.356744810007381,2.0,33.839144678161844,3.5507416016875912,PEAK3,RR
S6_T2_2@4|79_23,S6_T2_2@4,RR_P3_4,17.0,5.0,0.0,0.0,0.0,0.0,-0.016132030713727725,0.21448209629918216,3.0,764.523132518157,6.640559433476112,PEAK3,RR
S6_T2_2@4|79_32,S6_T2_2@4,RR_P3_4,6.0,7.0,0.0,0.2857142857142857,0.0,0.0,0.083438382341316,2.700489277365721,2.0,344.38350715445125,5.844655414585398,PEAK3,RR
S6_T2_2@4|79_37,S6_T2_2@4,RR_P3_4,27.0,9.0,0.2222222222222222,0.0,,0.25925925925925924,-0.7609506595516196,,,14.142135623730951,2.7174812964321107,PEAK3,RR
S6_T2_2@4|80_27,S6_T2_2@4,RR_P3_4,6.0,8.0,0.0,0.125,,0.16666666666666666,-0.028752173309091605,-0.05721435340434301,2.0,700.0714249274856,6.552609771897625,PEAK3,RR
S6_T2_2@4|81_31,S6_T2_2@4,RR_P3_4,5.0,5.0,0.2,0.0,0.0,0.0,-0.01529045453812555,,,564.533199166883,6.337769001466695,PEAK3,RR
S6_T2_2@4|82_38,S6_T2_2@4,RR_P3_4,25.0,11.0,0.28,0.09090909090909091,0.0,0.0,0.671792469499586,,,53.2842712474619,3.9942345210282064,PEAK3,RR
S6_T2_2@4|83_38,S6_T2_2@4,RR_P3_4,19.0,5.0,0.3157894736842105,0.0,,0.0,0.46403666344356764,,,36.05551275463989,3.6124171329715926,PEAK3,RR
S6_T2_2@4|84_32,S6_T2_2@4,RR_P3_4,6.0,5.0,0.0,0.0,0.0,0.0,-0.4188809693284766,,,650.0769185258002,6.4786277896463975,PEAK3,RR
S6_T2_2@4|84_38,S6_T2_2@4,RR_P3_4,18.0,6.0,0.3888888888888889,0.0,,0.16666666666666666,9.873595302789319,2.547160423838186,1.0,20.0,3.044522437723423,PEAK3,RR
S6_T2_2@4|85_30,S6_T2_2@4,RR_P3_4,7.0,7.0,0.0,0.0,0.0,0.0,-0.2864327664080106,3.2358686163628376,3.0,826.1155729015821,6.7179444348383255,PEAK3,RR
S6_T2_2@4|85_31,S6_T2_2@4,RR_P3_4,11.0,6.0,0.0,0.0,,0.0,-0.125044368940011,0.3407547781946442,1.0,751.3321502504734,6.6231779155967585,PEAK3,RR
S6_T2_2@4|85_32,S6_T2_2@4,RR_P3_4,14.0,9.0,0.0,0.0,,0.0,-0.17775182628326266,0.8774265156597117,3.0,637.8871373526824,6.459727814916487,PEAK3,RR
S6_T2_2@4|86_32,S6_T2_2@4,RR_P3_4,9.0,11.0,0.0,0.0,0.0,0.0,-0.10412192531095933,-0.014137013578906565,1.0,635.3344978275627,6.4557243650626095,PEAK3,RR
S6_T2_2@4|86_33,S6_T2_2@4,RR_P3_4,5.0,8.0,0.0,0.0,0.0,0.0,0.057969515904742606,,,559.4640292279746,6.328765064231557,PEAK3,RR
S6_T2_2@4|87_34,S6_T2_2@4,RR_P3_4,6.0,10.0,0.16666666666666666,0.1,0.0,0.0,-0.14197752940633027,-0.19910681975172956,1.0,440.78946789811414,6.090833451630142,PEAK3,RR
S6_T2_2@4|88_31,S6_T2_2@4,RR_P3_4,7.0,9.0,0.0,0.0,0.0,0.0,-0.014790340432876147,-0.052031551017507095,4.0,617.2924632928521,6.426961587088408,PEAK3,RR
S6_T2_2@4|88_33,S6_T2_2@4,RR_P3_4,7.0,9.0,0.14285714285714285,0.0,,0.0,0.03177031821439338,,,465.0770470365844,6.144350957447371,PEAK3,RR
S6_T2_2@4|88_34,S6_T2_2@4,RR_P3_4,6.0,6.0,0.0,0.0,0.0,0.0,-0.05738660292858175,0.09622278069140867,1.0,367.1856434220323,5.908587276789565,PEAK3,RR
S6_T2_2@4|88_38,S6_T2_2@4,RR_P3_4,18.0,10.0,0.1111111111111111,0.1,,0.3888888888888889,-0.03808166237316801,,,22.360679774997898,3.1510542574937324,PEAK3,RR
S6_T2_2@4|89_33,S6_T2_2@4,RR_P3_4,8.0,9.0,0.0,0.0,,0.0,0.12140930727644196,0.03035690963623483,3.0,453.9823785126467,6.120258689657347,PEAK3,RR
S6_T2_2@4|89_34,S6_T2_2@4,RR_P3_4,11.0,8.0,0.0,0.0,0.5,0.0,-0.0037716260848421586,0.23681698890428815,4.0,374.43290453698114,5.928079772247752,PEAK3,RR
S6_T2_2@4|90_31,S6_T2_2@4,RR_P3_4,10.0,7.0,0.0,0.0,0.0,0.0,-0.00506263119320085,-0.0499029836230355,2.0,483.01138702933287,6.182108433359987,PEAK3,RR
S6_T2_2@4|90_33,S6_T2_2@4,RR_P3_4,7.0,9.0,0.2857142857142857,0.1111111111111111,0.0,0.0,0.16106797153063068,0.4064431795944621,1.0,388.5786628122672,5.9650658033596535,PEAK3,RR
S6_T2_2@4|90_35,S6_T2_2@4,RR_P3_4,6.0,5.0,0.16666666666666666,0.0,0.0,0.0,-0.528628501607478,,,256.12496949731394,5.549562229343319,PEAK3,RR
S6_T2_2@4|91_37,S6_T2_2@4,RR_P3_4,8.0,8.0,0.125,0.125,1.0,0.0,-0.12695472259845997,,,36.05551275463989,3.6124171329715926,PEAK3,RR
S6_T2_2@4|92_34,S6_T2_2@4,RR_P3_4,10.0,8.0,0.0,0.0,0.0,0.0,0.3659960963568225,-2.1464922771462143,3.0,152.31546211727817,5.0324976426133325,PEAK3,RR
S6_T2_2@4|92_36,S6_T2_2@4,RR_P3_4,11.0,14.0,0.09090909090909091,0.0,0.0,0.09090909090909091,3.0549734322632314,0.6326378174611156,7.0,28.284271247461902,3.377050554392157,PEAK3,RR
S6_T2_2@4|93_34,S6_T2_2@4,RR_P3_4,18.0,11.0,0.05555555555555555,0.0,0.0,0.16666666666666666,0.7868585327544952,0.9871305121256856,5.0,67.0820393249937,4.220713438648939,PEAK3,RR
S6_T2_2@4|93_35,S6_T2_2@4,RR_P3_4,21.0,10.0,0.2857142857142857,0.1,0.0,0.047619047619047616,-2.3615532679960998,-0.3653767771712473,3.0,14.142135623730951,2.7174812964321107,PEAK3,RR
S6_T2_2@8|78_19,S6_T2_2@8,RR_P3_4,8.0,7.0,0.0,0.0,0.0,0.0,0.3546073633370127,1.6207895000890127,2.0,349.2849839314596,5.858747062974234,PEAK3,RR
S6_T2_2@8|78_20,S6_T2_2@8,RR_P3_4,6.0,6.0,0.16666666666666666,0.0,0.0,0.0,-0.16012223061574654,-0.12266867937547501,2.0,415.08110543864484,6.030880206254801,PEAK3,RR
S6_T2_2@9|83_25,S6_T2_2@9,RR_P3_4,6.0,6.0,0.0,0.0,0.0,0.0,-0.39882743715148145,1.004128996965568,5.0,688.8028042476707,6.536405765799886,PEAK3,RR
S6_T2_2@9|83_26,S6_T2_2@9,RR_P3_4,7.0,5.0,0.0,0.0,0.0,0.0,0.01564708281286789,-0.647469289246464,1.0,734.1406049304608,6.60006178014259,PEAK3,RR
S6_T2_2@9|84_23,S6_T2_2@9,RR_P3_4,9.0,8.0,0.0,0.0,0.0,0.0,-0.41329688378999946,1.703432833681481,4.0,516.2363799656123,6.248499984651347,PEAK3,RR
S6_T2_2@9|84_28,S6_T2_2@9,RR_P3_4,11.0,5.0,0.0,0.0,0.0,0.0,-0.1405072810998783,-0.18509076347048353,1.0,834.4459218005643,6.727965620387774,PEAK3,RR
S6_T2_2@9|84_29,S6_T2_2@9,RR_P3_4,11.0,5.0,0.09090909090909091,0.0,0.0,0.0,-0.06974755873983957,,,877.5533709363211,6.778276658128212,PEAK3,RR
S6_T2_2@9|84_30,S6_T2_2@9,RR_P3_4,11.0,9.0,0.09090909090909091,0.0,0.0,0.0,-0.12417734467082259,-0.09430318327385236,1.0,867.1498498664573,6.766364337855106,PEAK3,RR
S6_T2_2@9|85_22,S6_T2_2@9,RR_P3_4,13.0,6.0,0.07692307692307693,0.0,,0.0,0.5751408008743968,1.5429646852751024,1.0,381.8376618407357,5.947611039903182,PEAK3,RR
S6_T2_2@9|85_28,S6_T2_2@9,RR_P3_4,10.0,5.0,0.1,0.0,,0.0,-0.015962333248624772,0.38800537582218264,4.0,742.4957912338629,6.6113631051361885,PEAK3,RR
S6_T2_2@9|85_29,S6_T2_2@9,RR_P3_4,15.0,8.0,0.0,0.0,0.0,0.0,0.02935645122216706,1.0091567266650259,1.0,827.3451516749221,6.719429917376438,PEAK3,RR
S6_T2_2@9|86_28,S6_T2_2@9,RR_P3_4,6.0,17.0,0.0,0.0,0.0,0.0,-0.4428719688945467,-0.20045001536328905,2.0,664.6803743153546,6.50080963689726,PEAK3,RR
S6_T2_2@9|86_29,S6_T2_2@9,RR_P3_4,19.0,9.0,0.0,0.0,,0.0,-0.11432752752471131,-0.07734689911773536,2.0,742.4957912338629,6.6113631051361885,PEAK3,RR
S6_T2_2@9|87_29,S6_T2_2@9,RR_P3_4,12.0,12.0,0.0,0.0,0.0,0.0,-0.15704338714757005,-0.13897976367402334,2.0,678.8225099390855,6.5218317493044,PEAK3,RR
S6_T2_2@9|88_28,S6_T2_2@9,RR_P3_4,5.0,15.0,0.0,0.0,0.0,0.0,-0.130897258810834,-0.2036446359407803,1.0,544.5181356024793,6.301736050554554,PEAK3,RR
S6_T2_2@9|90_27,S6_T2_2@9,RR_P3_4,13.0,11.0,0.07692307692307693,0.0,0.0,0.0,-0.7045665407664868,0.8710996396936903,1.0,327.5206799345133,5.794599788559712,PEAK3,RR
S6_T2_2@9|91_26,S6_T2_2@9,RR_P3_4,17.0,10.0,0.0,0.0,0.0,0.0,-2.376243262951604,-2.1323132529615743,2.0,197.9898987322333,5.293254063296621,PEAK3,RR
S6_T2_2@9|91_27,S6_T2_2@9,RR_P3_4,6.0,8.0,0.0,0.0,0.0,0.0,2.125086842847802,,,212.13203435596427,5.361911853268888,PEAK3,RR
S6_T3_0@13|4_16,S6_T3_0@13,RR_P3_4,11.0,5.0,0.09090909090909091,0.0,0.0,0.0,-0.25319831613488974,11.0516494511015,1.0,20.0,3.044522437723423,PEAK3,RR
S6_T3_0@13|4_17,S6_T3_0@13,RR_P3_4,37.0,12.0,0.1891891891891892,0.25,,0.05405405405405406,-2.1921755779258594,10.745069891170676,2.0,22.360679774997898,3.1510542574937324,PEAK3,RR
S6_T3_0@13|6_16,S6_T3_0@13,RR_P3_4,10.0,12.0,0.0,0.0,0.0,0.0,-1.4966424676030265,6.414292029676685,3.0,210.1189802081432,5.352421861793781,PEAK3,RR
S6_T3_0@13|7_15,S6_T3_0@13,RR_P3_4,9.0,11.0,0.0,0.09090909090909091,0.0,0.0,-0.8087138809688762,-0.25406311213855226,1.0,319.8178814454859,5.7708736146056605,PEAK3,RR
S6_T3_0@13|7_21,S6_T3_0@13,RR_P3_4,19.0,16.0,0.05263157894736842,0.125,0.0,0.0,2.918721543106591,0.7692120755619469,10.0,28.284271247461902,3.377050554392157,PEAK3,RR
S6_T3_0@13|8_20,S6_T3_0@13,RR_P3_4,11.0,8.0,0.0,0.0,0.0,0.0,-2.060237082397021,-1.7749831000972036,1.0,162.78820596099706,5.098574166146536,PEAK3,RR
S6_T3_0@13|8_21,S6_T3_0@13,RR_P3_4,11.0,13.0,0.0,0.0,0.0,0.0,2.733433588548472,3.807142974405438,2.0,64.03124237432849,4.174867806332253,PEAK3,RR
S6_T3_0@13|9_19,S6_T3_0@13,RR_P3_4,7.0,13.0,0.0,0.0,0.0,0.0,-0.375197431928305,-0.3061452420507826,2.0,293.8368425866613,5.686422127359465,PEAK3,RR
S6_T3_0@15|11_17,S6_T3_0@15,RR_P3_4,5.0,9.0,0.0,0.0,0.0,0.0,0.0378802604131062,1.8913552295821883,4.0,583.0448067251357,6.369977703729514,PEAK3,RR
S6_T3_0@17|11_22,S6_T3_0@17,RR_P3_4,8.0,10.0,0.0,0.0,0.0,0.0,-1.399919471620815,,,90.81908183646023,4.519820139168163,PEAK3,RR
S6_T3_0@17|13_23,S6_T3_0@17,RR_P3_4,11.0,14.0,0.18181818181818182,0.07142857142857142,0.0625,0.09090909090909091,8.563503992421213,9.39899700185403,2.0,28.284271247461902,3.377050554392157,PEAK3,RR
S6_T3_0@17|14_22,S6_T3_0@17,RR_P3_4,7.0,5.0,0.14285714285714285,0.0,0.0,0.0,0.3732600237237526,,,82.46211251235322,4.424392786517565,PEAK3,RR
S6_T3_0@17|14_23,S6_T3_0@17,RR_P3_4,21.0,10.0,0.2857142857142857,0.0,,0.0,4.8988274746687415,4.257798014744427,2.0,14.142135623730951,2.7174812964321107,PEAK3,RR
S6_T3_0@17|15_21,S6_T3_0@17,RR_P3_4,8.0,10.0,0.125,0.0,0.0,0.0,0.16667030790432832,1.6015232902900953,3.0,220.56718789959882,5.400725874864694,PEAK3,RR
S6_T3_0@17|16_22,S6_T3_0@17,RR_P3_4,9.0,7.0,0.1111111111111111,0.0,0.0,0.0,2.5203083160044217,12.596309547526252,1.0,95.24937810560445,4.5669425119065465,PEAK3,RR
S6_T3_0@17|8_22,S6_T3_0@17,RR_P3_4,8.0,9.0,0.125,0.0,0.0,0.0,5.273619351388307,11.14604525916759,2.0,36.05551275463989,3.6124171329715926,PEAK3,RR
S6_T3_0@17|9_22,S6_T3_0@17,RR_P3_4,11.0,18.0,0.0,0.0,0.0,0.0,6.7727300583051875,3.2259745832313893,5.0,84.85281374238569,4.452634361906983,PEAK3,RR
S6_T3_0@17|9_23,S6_T3_0@17,RR_P3_4,29.0,9.0,0.13793103448275862,0.2222222222222222,0.5,0.034482758620689655,1.2159616389142083,4.072786567789986,9.0,28.284271247461902,3.377050554392157,PEAK3,RR
S6_T3_0@1|10_4,S6_T3_0@1,RR_P3_4,10.0,7.0,0.2,0.0,,0.0,-3.687888198562523,3.8985076448589253,2.0,10.0,2.3978952727983707,PEAK3,RR
S6_T3_0@1|11_10,S6_T3_0@1,RR_P3_4,13.0,13.0,0.0,0.07692307692307693,0.2,0.0,-0.0739249717910796,0.2816278902914094,3.0,486.7573244129446,6.18981799612639,PEAK3,RR
S6_T3_0@1|11_11,S6_T3_0@1,RR_P3_4,11.0,7.0,0.0,0.0,,0.0,-0.02670268053380722,0.0067411030762530915,1.0,573.8814223926756,6.354163797604904,PEAK3,RR
S6_T3_0@1|11_8,S6_T3_0@1,RR_P3_4,5.0,9.0,0.0,0.1111111111111111,,0.0,-0.12806249156810812,1.9838107394097502,2.0,271.9244223558224,5.6091949156699,PEAK3,RR
S6_T3_0@1|12_12,S6_T3_0@1,RR_P3_4,11.0,8.0,0.0,0.0,0.0,0.0,-0.0027007358629925907,0.06276660711298959,2.0,660.0,6.493753839851686,PEAK3,RR
S6_T3_0@1|17_18,S6_T3_0@1,RR_P3_4,6.0,5.0,0.0,0.0,0.0,0.0,0.08764333140261321,1.9798933566243249,1.0,270.0,5.602118820879701,PEAK3,RR
S6_T3_0@1|18_14,S6_T3_0@1,RR_P3_4,7.0,5.0,0.0,0.2,,0.0,-0.2700984846778841,2.771252725044352,2.0,287.48690752938165,5.664649703737744,PEAK3,RR
S6_T3_0@1|19_21,S6_T3_0@1,RR_P3_4,9.0,6.0,0.3333333333333333,0.16666666666666666,,0.0,-1.317588928269165,,,10.0,2.3978952727983707,PEAK3,RR
S6_T3_0@1|20_17,S6_T3_0@1,RR_P3_4,45.0,9.0,0.3333333333333333,0.1111111111111111,,0.13333333333333333,5.608379644587418,23.81829899308169,1.0,20.0,3.044522437723423,PEAK3,RR
S6_T3_0@1|3_10,S6_T3_0@1,RR_P3_4,15.0,6.0,0.13333333333333333,0.0,,0.0,0.025171827463908475,8.159137715244855,9.0,10.0,2.3978952727983707,PEAK3,RR
S6_T3_0@1|3_11,S6_T3_0@1,RR_P3_4,10.0,5.0,0.0,0.0,0.0,0.0,3.395985315255349,6.114566673572039,5.0,14.142135623730951,2.7174812964321107,PEAK3,RR
S6_T3_0@1|4_10,S6_T3_0@1,RR_P3_4,10.0,7.0,0.0,0.14285714285714285,0.0,0.0,5.5097764364607595,3.65797943945143,5.0,58.309518948453004,4.08276981501776,PEAK3,RR
S6_T3_0@1|5_10,S6_T3_0@1,RR_P3_4,6.0,5.0,0.0,0.0,,0.0,2.3260406306389436,4.850382843643997,3.0,148.66068747318505,5.008370648208314,PEAK3,RR
S6_T3_0@1|5_7,S6_T3_0@1,RR_P3_4,21.0,11.0,0.23809523809523808,0.18181818181818182,0.1111111111111111,0.0,-3.174521761027376,6.588991088832408,2.0,22.360679774997898,3.1510542574937324,PEAK3,RR
S6_T3_0@1|6_10,S6_T3_0@1,RR_P3_4,8.0,6.0,0.0,0.0,0.0,0.0,-0.9930470529546831,8.354021957000304,1.0,262.0932406594658,5.5725084965701415,PEAK3,RR
S6_T3_0@1|9_8,S6_T3_0@1,RR_P3_4,5.0,11.0,0.0,0.09090909090909091,0.0,0.0,0.5415773294805891,1.8792059110390722,3.0,252.57886147499522,5.535674865283726,PEAK3,RR
S6_T3_0@1|9_9,S6_T3_0@1,RR_P3_4,5.0,7.0,0.0,0.0,0.0,0.0,-0.1138083339777471,1.1289107937942902,1.0,333.7523585880449,5.813391030365862,PEAK3,RR
S6_T3_0@5|4_12,S6_T3_0@5,RR_P3_4,7.0,8.0,0.0,0.0,0.0,0.0,-1.9505401556385757,,1.0,145.60219778561037,4.9877227810564815,PEAK3,RR
S6_T3_0@6|3_12,S6_T3_0@6,RR_P3_4,29.0,7.0,0.13793103448275862,0.0,,0.0,3.147452605040138,12.366464899026685,4.0,20.0,3.044522437723423,PEAK3,RR
S6_T3_0@6|3_13,S6_T3_0@6,RR_P3_4,20.0,5.0,0.05,0.0,,0.0,2.263245223669624,5.161013964928127,3.0,22.360679774997898,3.1510542574937324,PEAK3,RR
S6_T3_1@11|45_10,S6_T3_1@11,RR_R2_5,10.0,17.0,0.1,0.0,0.0,0.0,-0.06530854094644117,0.05029421942188497,4.0,240.20824298928628,5.4856606391832035,REMISSION2,RR
S6_T3_1@11|45_11,S6_T3_1@11,RR_R2_5,6.0,11.0,0.16666666666666666,0.0,0.0,0.0,-0.004851216143732608,,,351.28336140500596,5.864435855747662,REMISSION2,RR
S6_T3_1@13|47_10,S6_T3_1@13,RR_R2_5,9.0,15.0,0.1111111111111111,0.0,0.0,0.0,-0.0651591223819247,-0.06693839677517567,4.0,273.86030501493644,5.616262986836257,REMISSION2,RR
S6_T3_1@15|52_11,S6_T3_1@15,RR_R2_5,14.0,15.0,0.0,0.06666666666666667,0.25,0.0,-0.010555455459585108,0.13193998446438066,5.0,22.360679774997898,3.1510542574937324,REMISSION2,RR
S6_T3_1@19|49_14,S6_T3_1@19,RR_R2_5,11.0,8.0,0.0,0.0,0.2,0.0,-0.330875271291492,-0.1763525980008794,5.0,120.83045973594572,4.802630403944895,REMISSION2,RR
S6_T3_1@26|45_15,S6_T3_1@26,RR_R2_5,9.0,10.0,0.1111111111111111,0.0,0.0,0.0,-0.005964181337102374,-0.013622513019582927,3.0,512.6402247190518,6.241523068465999,REMISSION2,RR
S6_T3_1@26|46_15,S6_T3_1@26,RR_R2_5,9.0,6.0,0.1111111111111111,0.0,,0.0,-0.0011337812236798638,,,433.82023926967724,6.074932702622028,REMISSION2,RR
S6_T3_1@2|36_11,S6_T3_1@2,RR_R2_5,6.0,19.0,0.0,0.0,0.0,0.0,-0.31982579658935506,-1.429470916681043,1.0,141.4213562373095,4.9587899613095745,REMISSION2,RR
S6_T3_1@2|37_13,S6_T3_1@2,RR_R2_5,12.0,20.0,0.0,0.0,0.0,0.25,-0.03569309707215629,-0.055430792686533746,1.0,323.8773966300695,5.7834478700181515,REMISSION2,RR
S6_T3_1@2|38_13,S6_T3_1@2,RR_R2_5,6.0,8.0,0.0,0.0,0.0,0.0,0.00047761390555163877,0.4476997920591307,2.0,398.03280451652535,5.989043630343642,REMISSION2,RR
S6_T3_1@2|40_15,S6_T3_1@2,RR_R2_5,10.0,5.0,0.0,0.2,0.0,0.0,0.10832766782154647,0.053714126664718656,1.0,607.4537019394976,6.410920823977461,REMISSION2,RR
S6_T3_1@2|40_8,S6_T3_1@2,RR_R2_5,17.0,6.0,0.0,0.0,,0.0,0.09032175097415132,1.4926199919482708,2.0,14.142135623730951,2.7174812964321107,REMISSION2,RR
S6_T3_1@2|41_8,S6_T3_1@2,RR_R2_5,15.0,22.0,0.13333333333333333,0.09090909090909091,0.0,0.0,-0.0005585341944930049,1.406755734975783,6.0,22.360679774997898,3.1510542574937324,REMISSION2,RR
S6_T3_1@2|43_12,S6_T3_1@2,RR_R2_5,9.0,6.0,0.0,0.16666666666666666,,0.0,-0.15694413426345807,0.49547172763466674,2.0,474.23622805517505,6.163812002632352,REMISSION2,RR
S6_T3_1@2|43_14,S6_T3_1@2,RR_R2_5,14.0,20.0,0.0,0.1,0.0,0.0,-0.009959851785262389,0.01664054932056425,6.0,616.8468205316454,6.4262405635171245,REMISSION2,RR
S6_T3_1@2|44_13,S6_T3_1@2,RR_R2_5,9.0,10.0,0.0,0.0,0.0,0.0,-0.029643945857842403,0.012691959568220706,1.0,526.1178575186362,6.267424162093275,REMISSION2,RR
S6_T3_1@30|40_17,S6_T3_1@30,RR_R2_5,22.0,11.0,0.0,0.0,0.0,0.0,0.011083240163921603,0.01831234180461321,3.0,822.1921916437786,6.713189699105294,REMISSION2,RR
S6_T3_1@36|38_17,S6_T3_1@36,RR_R2_5,5.0,9.0,0.0,0.0,0.0,0.0,-0.06634895827596568,-0.06360121638466079,2.0,766.2212979670437,6.642775283829169,REMISSION2,RR
S6_T3_1@36|38_18,S6_T3_1@36,RR_R2_5,12.0,7.0,0.08333333333333333,0.2857142857142857,0.0,0.0,-0.043849901509499786,0.023703917267725732,2.0,801.5609770940699,6.687807836035383,REMISSION2,RR
S6_T3_1@37|51_18,S6_T3_1@37,RR_R2_5,11.0,5.0,0.18181818181818182,0.0,0.0,0.18181818181818182,0.60658841145352,4.2476698972196845,1.0,195.3670860162603,5.27998579540093,REMISSION2,RR
S6_T3_1@37|52_22,S6_T3_1@37,RR_R2_5,26.0,18.0,0.5769230769230769,0.05555555555555555,0.0,0.46153846153846156,0.19888643697557068,1.729887697449205,3.0,38.643284505408246,3.679921564389673,REMISSION2,RR
S6_T3_1@39|47_20,S6_T3_1@39,RR_R2_5,7.0,10.0,0.14285714285714285,0.1,0.0,0.0,-0.00442152869468934,,,508.0354318352215,6.2325176248060465,REMISSION2,RR
S6_T3_1@39|47_22,S6_T3_1@39,RR_R2_5,10.0,7.0,0.1,0.0,,0.0,-0.014713689440253763,-0.059837367320525185,2.0,323.8826948140329,5.783464178141822,REMISSION2,RR
S6_T3_1@40|31_23,S6_T3_1@40,RR_R2_5,11.0,5.0,0.09090909090909091,0.0,0.0,0.09090909090909091,2.8583189774633793,11.695173277074343,2.0,70.71067811865476,4.272639664252711,REMISSION2,RR
S6_T3_1@40|32_22,S6_T3_1@40,RR_R2_5,5.0,6.0,0.0,0.16666666666666666,,0.2,-0.5786402051830828,13.059461824944762,1.0,202.23748416156684,5.314375167991007,REMISSION2,RR
S6_T3_1@41|32_24,S6_T3_1@41,RR_R2_5,5.0,5.0,0.0,0.0,0.0,0.0,1.1520465174377355,11.070911981600009,2.0,39.14213562373095,3.6924265463308403,REMISSION2,RR
S6_T3_1@41|33_24,S6_T3_1@41,RR_R2_5,8.0,6.0,0.0,0.0,0.0,0.0,-1.475866309245685,7.335074546374084,2.0,91.09772228646443,4.522850212081012,REMISSION2,RR
S6_T3_1@41|34_23,S6_T3_1@41,RR_R2_5,9.0,8.0,0.0,0.0,0.0,0.0,0.4804462757420785,-0.847259393164881,1.0,252.38858928247924,5.534924236417254,REMISSION2,RR
S6_T3_1@41|34_24,S6_T3_1@41,RR_R2_5,13.0,6.0,0.0,0.0,0.0,0.0,0.2831315190422887,-0.6283757909269903,1.0,187.88294228055935,5.24112747016842,REMISSION2,RR
S6_T3_1@41|34_25,S6_T3_1@41,RR_R2_5,12.0,7.0,0.16666666666666666,0.0,0.0,0.0,-1.6673517018719939,9.232294839011686,2.0,94.33981132056603,4.557447470758213,REMISSION2,RR
S6_T3_1@41|34_26,S6_T3_1@41,RR_R2_5,25.0,5.0,0.08,0.0,,0.0,0.15576611730013967,,,14.142135623730951,2.7174812964321107,REMISSION2,RR
S6_T3_1@41|36_27,S6_T3_1@41,RR_R2_5,13.0,15.0,0.15384615384615385,0.06666666666666667,0.0,0.0,1.4379229150143462,7.837609066746429,4.0,20.0,3.044522437723423,REMISSION2,RR
S6_T3_1@42|48_25,S6_T3_1@42,RR_R2_5,19.0,7.0,0.15789473684210525,0.0,,0.0,2.0926967637879894,3.4720579954278223,4.0,10.0,2.3978952727983707,REMISSION2,RR
S6_T3_1@43|43_24,S6_T3_1@43,RR_R2_5,5.0,8.0,0.4,0.25,,0.0,0.133730746208343,,,259.6150997149434,5.5630446051263,REMISSION2,RR
S6_T3_1@47|39_27,S6_T3_1@47,RR_R2_5,7.0,6.0,0.0,0.0,0.0,0.0,2.8868346547196326,12.830854822320632,3.0,28.284271247461902,3.377050554392157,REMISSION2,RR
S6_T3_1@47|41_27,S6_T3_1@47,RR_R2_5,10.0,7.0,0.0,0.0,0.0,0.0,1.940861413330809,,,14.142135623730951,2.7174812964321107,REMISSION2,RR
S6_T3_1@7|44_9,S6_T3_1@7,RR_R2_5,6.0,5.0,0.0,0.0,0.0,0.0,-0.43263761988767485,-0.3756194372371158,1.0,186.01075237738274,5.2311661145458555,REMISSION2,RR
S6_T3_2@15|78_28,S6_T3_2@15,RR_P3_4,7.0,10.0,0.0,0.0,0.14285714285714285,0.0,4.358769820381842,5.615734684975236,4.0,36.05551275463989,3.6124171329715926,PEAK3,RR
S6_T3_2@15|79_28,S6_T3_2@15,RR_P3_4,10.0,5.0,0.0,0.0,,0.0,6.596228562202614,,,10.0,2.3978952727983707,PEAK3,RR
S6_T3_2@15|80_23,S6_T3_2@15,RR_P3_4,6.0,6.0,0.0,0.0,0.0,0.0,0.7337582357279726,,,246.03382625644628,5.509525275658065,PEAK3,RR
S6_T3_2@15|80_24,S6_T3_2@15,RR_P3_4,6.0,6.0,0.0,0.0,0.0,0.0,-0.30832476934188335,,,241.86207811350235,5.492493702426345,PEAK3,RR
S6_T3_2@15|82_25,S6_T3_2@15,RR_P3_4,20.0,10.0,0.15,0.0,,0.0,-2.010486606155662,9.13335254131525,4.0,10.0,2.3978952727983707,PEAK3,RR
S6_T3_2@18|69_23,S6_T3_2@18,RR_P3_4,13.0,9.0,0.0,0.0,0.0,0.0,-0.20444794449878648,-0.09286107485490462,4.0,535.6093105218658,6.285270288794903,PEAK3,RR
S6_T3_2@19|67_24,S6_T3_2@19,RR_P3_4,10.0,7.0,0.0,0.0,0.0,0.0,-0.045386847947738826,0.23413627163600553,2.0,411.0960958218893,6.021256564438913,PEAK3,RR
S6_T3_2@19|67_25,S6_T3_2@19,RR_P3_4,15.0,5.0,0.0,0.0,0.0,0.0,-0.09713742618491672,-0.15385036574805697,3.0,339.41125496954277,5.830154460105447,PEAK3,RR
S6_T3_2@19|68_24,S6_T3_2@19,RR_P3_4,5.0,11.0,0.0,0.0,0.0,0.0,-0.01306789533325688,-0.024720620036077105,2.0,419.81560863830293,6.0421947535072125,PEAK3,RR
S6_T3_2@22|63_26,S6_T3_2@22,RR_P3_4,9.0,7.0,0.1111111111111111,0.0,0.0,0.5555555555555556,0.9618706212365251,7.516318018507152,5.0,37.024591736438325,3.6382331013734066,PEAK3,RR
S6_T3_2@22|64_27,S6_T3_2@22,RR_P3_4,16.0,8.0,0.0,0.125,,0.0,0.8384847131813032,6.841212001883538,3.0,21.18033988749895,3.0992063058579626,PEAK3,RR
S6_T3_2@23|74_26,S6_T3_2@23,RR_P3_4,5.0,5.0,0.0,0.0,0.0,0.0,-0.2758204315425193,,,98.74176369203884,4.602584482857554,PEAK3,RR
S6_T3_2@2|69_16,S6_T3_2@2,RR_P3_4,5.0,19.0,0.0,0.0,0.0,0.0,4.9252640446137645,9.350777590137493,6.0,28.284271247461902,3.377050554392157,PEAK3,RR
S6_T3_2@2|73_18,S6_T3_2@2,RR_P3_4,6.0,7.0,0.16666666666666666,0.0,0.0,0.0,0.4624909835876122,4.0877018373426,2.0,200.24984394500788,5.30454714086984,PEAK3,RR
S6_T3_2@3|77_16,S6_T3_2@3,RR_P3_4,14.0,7.0,0.0,0.0,0.0,0.0,1.1257684346332777,6.1683887687716314,4.0,22.360679774997898,3.1510542574937324,PEAK3,RR
S6_T3_2@4|78_16,S6_T3_2@4,RR_P3_4,6.0,6.0,0.0,0.0,0.0,0.0,2.9137684149306393,4.054105897780123,1.0,17.071067811865476,2.8943121959332228,PEAK3,RR
S6_T3_2@4|79_17,S6_T3_2@4,RR_P3_4,23.0,16.0,0.0,0.0,0.0,0.0,1.406637763131014,0.53092112806906,2.0,50.0,3.9318256327243257,PEAK3,RR
S6_T3_2@7|74_18,S6_T3_2@7,RR_P3_4,6.0,8.0,0.0,0.0,0.0,0.0,-0.00770670003490001,0.39792635443173435,2.0,196.25023003298566,5.2844731259254845,PEAK3,RR
S6_T3_2@7|75_19,S6_T3_2@7,RR_P3_4,5.0,8.0,0.0,0.0,0.0,0.0,-0.05209656674984016,0.0146809657921271,1.0,310.0,5.739792912179234,PEAK3,RR
S6_T3_2@8|62_24,S6_T3_2@8,RR_P3_4,19.0,8.0,0.10526315789473684,0.0,,0.0,-1.3641752845141841,-2.5608401039392126,1.0,20.0,3.044522437723423,PEAK3,RR
S6_T3_2@8|63_20,S6_T3_2@8,RR_P3_4,18.0,6.0,0.1111111111111111,0.0,,0.05555555555555555,-0.4563483158471159,2.303445401125269,6.0,59.568572125717594,4.103776146762825,PEAK3,RR
S6_T3_2@8|63_24,S6_T3_2@8,RR_P3_4,8.0,5.0,0.125,0.0,,0.0,-0.763159263619685,,,128.06248474865697,4.860296664985133,PEAK3,RR
S6_T3_2@8|64_19,S6_T3_2@8,RR_P3_4,8.0,5.0,0.0,0.0,,0.0,-1.0042654741862471,4.303951675394,1.0,60.0,4.110873864173311,PEAK3,RR
S6_T3_2@9|77_19,S6_T3_2@9,RR_P3_4,5.0,7.0,0.0,0.0,0.0,0.0,-0.003956657702034093,-0.029715533833947358,3.0,288.952008003896,5.66971541964386,PEAK3,RR
S6_T3_2@9|77_20,S6_T3_2@9,RR_P3_4,13.0,7.0,0.0,0.0,,0.0,-0.008633700600094553,0.01685086259026797,1.0,375.6983519775405,5.931444739794718,PEAK3,RR
S6_T3_2@9|78_20,S6_T3_2@9,RR_P3_4,6.0,5.0,0.0,0.0,0.0,0.0,-0.009783449739721391,0.7446398513160026,2.0,280.178514522438,5.6389897506249245,PEAK3,RR
